date,restaurant_zone,hour,order_count,predicted_demand
2026-02-20,Ajah,0,1,1.0575447971705987
2026-02-21,Ajah,0,0,1.0814909401786246
2026-02-22,Ajah,0,1,0.9308052641980292
2026-02-23,Ajah,0,0,1.0486998843954811
2026-02-24,Ajah,0,0,1.075809955122584
2026-02-25,Ajah,0,0,1.0369836950186837
2026-02-26,Ajah,0,2,1.1710373785718178
2026-02-27,Ajah,0,2,1.066602346740522
2026-02-28,Ajah,0,2,1.1088519909756536
2026-03-01,Ajah,0,1,0.9760943422223067
2026-03-02,Ajah,0,1,1.2868374575528168
2026-03-03,Ajah,0,1,1.1341688468837783
2026-03-04,Ajah,0,2,1.2054080830044267
2026-03-05,Ajah,0,3,1.3727382513861681
2026-02-20,Ajah,1,1,1.455711830903861
2026-02-21,Ajah,1,0,1.2866234433405304
2026-02-22,Ajah,1,0,1.1413348951135631
2026-02-23,Ajah,1,0,1.3611754435154637
2026-02-24,Ajah,1,1,1.1399421401244125
2026-02-25,Ajah,1,0,1.1776290383110488
2026-02-26,Ajah,1,0,1.1908449189344914
2026-02-27,Ajah,1,5,1.1911929734445452
2026-02-28,Ajah,1,3,1.4428316240140786
2026-03-01,Ajah,1,3,1.5308560788780865
2026-03-02,Ajah,1,5,1.793440500935033
2026-03-03,Ajah,1,0,2.1397013114615246
2026-03-04,Ajah,1,1,2.1676558010250813
2026-03-05,Ajah,1,0,2.169029716581884
2026-02-20,Ajah,2,2,1.1938648422920242
2026-02-21,Ajah,2,1,1.225201649566501
2026-02-22,Ajah,2,0,0.9498435627766957
2026-02-23,Ajah,2,1,1.4375940701566605
2026-02-24,Ajah,2,0,1.0563706622810949
2026-02-25,Ajah,2,0,1.1931612451790616
2026-02-26,Ajah,2,2,1.190173932395964
2026-02-27,Ajah,2,1,1.138452920560997
2026-02-28,Ajah,2,1,1.1300827110353555
2026-03-01,Ajah,2,1,1.016386727034039
2026-03-02,Ajah,2,2,1.089258020816331
2026-03-03,Ajah,2,3,1.106189979898168
2026-03-04,Ajah,2,1,1.4437004699193063
2026-03-05,Ajah,2,0,1.2003007593657837
2026-02-20,Ajah,3,2,1.2612323368382317
2026-02-21,Ajah,3,1,1.4216689262106819
2026-02-22,Ajah,3,0,1.1376832079290056
2026-02-23,Ajah,3,1,1.1878911990510457
2026-02-24,Ajah,3,1,1.0942463157318523
2026-02-25,Ajah,3,0,1.1554050914779965
2026-02-26,Ajah,3,2,1.1474587421957414
2026-02-27,Ajah,3,2,1.1128186573128909
2026-02-28,Ajah,3,1,1.073744865827229
2026-03-01,Ajah,3,4,1.023165134586615
2026-03-02,Ajah,3,1,1.5069542721768652
2026-03-03,Ajah,3,4,1.1346454485691184
2026-03-04,Ajah,3,0,1.3231990061989891
2026-03-05,Ajah,3,0,1.3163616956022555
2026-02-20,Ajah,4,1,1.1882888336590791
2026-02-21,Ajah,4,1,1.0947600976912835
2026-02-22,Ajah,4,1,0.9426652722805269
2026-02-23,Ajah,4,2,1.089867057153311
2026-02-24,Ajah,4,0,1.0944220446951065
2026-02-25,Ajah,4,2,1.16208108215319
2026-02-26,Ajah,4,3,1.1365342604848547
2026-02-27,Ajah,4,1,1.4252538500795842
2026-02-28,Ajah,4,0,1.1504151432103822
2026-03-01,Ajah,4,0,1.0507748064714457
2026-03-02,Ajah,4,0,1.277545427183277
2026-03-03,Ajah,4,2,1.1364786651903036
2026-03-04,Ajah,4,2,1.1359227851761018
2026-03-05,Ajah,4,1,1.0460512880406259
2026-02-20,Ajah,5,1,1.2363886087238654
2026-02-21,Ajah,5,3,1.2268966842389992
2026-02-22,Ajah,5,2,1.3692779646365838
2026-02-23,Ajah,5,1,1.4580350273202234
2026-02-24,Ajah,5,0,1.068447863648675
2026-02-25,Ajah,5,0,1.2205966874361498
2026-02-26,Ajah,5,2,1.2725836782358824
2026-02-27,Ajah,5,2,1.1994005620056842
2026-02-28,Ajah,5,2,1.0466216131998238
2026-03-01,Ajah,5,1,1.1006865536244228
2026-03-02,Ajah,5,1,1.3769573981493928
2026-03-03,Ajah,5,1,1.1170957918819198
2026-03-04,Ajah,5,0,1.1853871267474303
2026-03-05,Ajah,5,1,1.2152395644304068
2026-02-20,Ajah,6,1,1.144969521226472
2026-02-21,Ajah,6,2,1.2115820747770985
2026-02-22,Ajah,6,3,1.169974991830354
2026-02-23,Ajah,6,1,1.2586069979668522
2026-02-24,Ajah,6,3,1.244330522361036
2026-02-25,Ajah,6,1,1.1770914782802324
2026-02-26,Ajah,6,5,1.223277129953512
2026-02-27,Ajah,6,1,1.7030285790521076
2026-02-28,Ajah,6,0,1.4283957355017605
2026-03-01,Ajah,6,0,1.1598895803795457
2026-03-02,Ajah,6,1,1.318553441633837
2026-03-03,Ajah,6,2,1.0720884710561904
2026-03-04,Ajah,6,0,1.2553575523499307
2026-03-05,Ajah,6,0,1.168516952060787
2026-02-20,Ajah,7,0,1.1633705897545277
2026-02-21,Ajah,7,0,1.209295205209463
2026-02-22,Ajah,7,1,1.0602103694042688
2026-02-23,Ajah,7,0,1.2757797076807078
2026-02-24,Ajah,7,2,1.099396013202786
2026-02-25,Ajah,7,2,1.0726456319114337
2026-02-26,Ajah,7,0,1.1205120006984448
2026-02-27,Ajah,7,0,1.2623618635288294
2026-02-28,Ajah,7,0,1.2222134471188044
2026-03-01,Ajah,7,1,1.1236316420577006
2026-03-02,Ajah,7,0,1.3335590005536049
2026-03-03,Ajah,7,4,1.1707631873675592
2026-03-04,Ajah,7,0,1.2978218496173184
2026-03-05,Ajah,7,0,1.389841933271823
2026-02-20,Ajah,8,2,1.131099444916736
2026-02-21,Ajah,8,0,1.0580092242024064
2026-02-22,Ajah,8,2,1.0232388668425587
2026-02-23,Ajah,8,0,1.290820845912139
2026-02-24,Ajah,8,3,1.250455895194409
2026-02-25,Ajah,8,1,1.2851904877823452
2026-02-26,Ajah,8,0,1.2614218705605316
2026-02-27,Ajah,8,1,1.2188457953088179
2026-02-28,Ajah,8,1,1.2005259393745462
2026-03-01,Ajah,8,1,1.0109586868997982
2026-03-02,Ajah,8,2,1.4001407592227753
2026-03-03,Ajah,8,0,1.0629003921193578
2026-03-04,Ajah,8,2,1.1554723871642893
2026-03-05,Ajah,8,1,1.1563187360949034
2026-02-20,Ajah,9,0,1.3372815848402173
2026-02-21,Ajah,9,2,1.4546933707555245
2026-02-22,Ajah,9,3,1.2064583985171948
2026-02-23,Ajah,9,2,1.2896303539676153
2026-02-24,Ajah,9,3,1.2244835018234477
2026-02-25,Ajah,9,4,1.2402713865056996
2026-02-26,Ajah,9,1,1.3758757669177863
2026-02-27,Ajah,9,0,1.3113933451258863
2026-02-28,Ajah,9,2,1.1594028607718334
2026-03-01,Ajah,9,0,1.1409846930426004
2026-03-02,Ajah,9,3,1.5820503742870358
2026-03-03,Ajah,9,1,1.2186310431691973
2026-03-04,Ajah,9,1,1.3645168466658613
2026-03-05,Ajah,9,0,1.296606653493902
2026-02-20,Ajah,10,3,1.4470359428263462
2026-02-21,Ajah,10,4,1.7838253788051086
2026-02-22,Ajah,10,0,1.496320134357715
2026-02-23,Ajah,10,1,2.0945577279156247
2026-02-24,Ajah,10,1,1.9610831302725893
2026-02-25,Ajah,10,5,1.5340634305247973
2026-02-26,Ajah,10,0,1.7488864766473329
2026-02-27,Ajah,10,1,1.7608903607480708
2026-02-28,Ajah,10,4,1.5972952216031884
2026-03-01,Ajah,10,1,1.8894016264057325
2026-03-02,Ajah,10,1,1.7153365105170761
2026-03-03,Ajah,10,3,1.672567875084602
2026-03-04,Ajah,10,2,1.5648574165835967
2026-03-05,Ajah,10,2,1.9039583979495294
2026-02-20,Ajah,11,5,3.8083770736411617
2026-02-21,Ajah,11,4,3.5217167545808397
2026-02-22,Ajah,11,4,3.1963341276145667
2026-02-23,Ajah,11,7,3.796323318153058
2026-02-24,Ajah,11,6,3.126216549534378
2026-02-25,Ajah,11,3,4.129747498755779
2026-02-26,Ajah,11,5,4.135360579972794
2026-02-27,Ajah,11,4,4.089941051974976
2026-02-28,Ajah,11,5,3.748339227558182
2026-03-01,Ajah,11,4,4.057744882403339
2026-03-02,Ajah,11,3,3.895862802199584
2026-03-03,Ajah,11,5,3.916180241107712
2026-03-04,Ajah,11,4,3.879324816847712
2026-03-05,Ajah,11,4,4.056435974446682
2026-02-20,Ajah,12,7,9.243722308396618
2026-02-21,Ajah,12,7,10.547490145859264
2026-02-22,Ajah,12,8,8.257255225584084
2026-02-23,Ajah,12,11,10.443937915155468
2026-02-24,Ajah,12,10,8.786035300931273
2026-02-25,Ajah,12,9,10.988059804135125
2026-02-26,Ajah,12,12,10.229278158872777
2026-02-27,Ajah,12,6,7.410550801812057
2026-02-28,Ajah,12,11,7.9220472860198345
2026-03-01,Ajah,12,5,8.167995274830073
2026-03-02,Ajah,12,7,9.62928594983345
2026-03-03,Ajah,12,9,9.300797853286586
2026-03-04,Ajah,12,11,8.207953792352216
2026-03-05,Ajah,12,4,8.074440112193054
2026-02-20,Ajah,13,6,10.875634496408791
2026-02-21,Ajah,13,13,11.978411267336288
2026-02-22,Ajah,13,13,9.9992344553601
2026-02-23,Ajah,13,17,10.814535847286551
2026-02-24,Ajah,13,13,10.514126885539918
2026-02-25,Ajah,13,8,11.734333074660123
2026-02-26,Ajah,13,9,10.823615414217054
2026-02-27,Ajah,13,10,10.620542792865189
2026-02-28,Ajah,13,8,11.087020581508654
2026-03-01,Ajah,13,16,10.721125406019395
2026-03-02,Ajah,13,5,11.474371188558314
2026-03-03,Ajah,13,11,11.285177303922005
2026-03-04,Ajah,13,17,10.029137198127886
2026-03-05,Ajah,13,12,10.24807052784431
2026-02-20,Ajah,14,7,10.695248615561763
2026-02-21,Ajah,14,9,9.696222750286026
2026-02-22,Ajah,14,7,9.494223728180794
2026-02-23,Ajah,14,7,10.390014239635697
2026-02-24,Ajah,14,10,8.33598406094837
2026-02-25,Ajah,14,10,9.917765117336856
2026-02-26,Ajah,14,11,8.964952150402267
2026-02-27,Ajah,14,8,8.552602259627855
2026-02-28,Ajah,14,11,8.489047985858035
2026-03-01,Ajah,14,11,8.120158518201478
2026-03-02,Ajah,14,12,9.579640048342316
2026-03-03,Ajah,14,11,10.456994334096668
2026-03-04,Ajah,14,9,9.141447716853081
2026-03-05,Ajah,14,14,9.016136968291034
2026-02-20,Ajah,15,5,3.699393989135223
2026-02-21,Ajah,15,5,3.8271167984480563
2026-02-22,Ajah,15,4,3.7376606309235134
2026-02-23,Ajah,15,5,5.78510066593975
2026-02-24,Ajah,15,7,5.966268157752583
2026-02-25,Ajah,15,7,5.539803031752093
2026-02-26,Ajah,15,3,6.177435524576694
2026-02-27,Ajah,15,8,5.560745474354175
2026-02-28,Ajah,15,2,4.146750073232617
2026-03-01,Ajah,15,3,3.58527530170137
2026-03-02,Ajah,15,3,5.318026729596955
2026-03-03,Ajah,15,2,5.450003054688006
2026-03-04,Ajah,15,11,4.718879799096032
2026-03-05,Ajah,15,7,5.377770204834188
2026-02-20,Ajah,16,5,3.4823445717892763
2026-02-21,Ajah,16,2,3.5604035870696005
2026-02-22,Ajah,16,2,3.142751020578373
2026-02-23,Ajah,16,7,4.541515264241245
2026-02-24,Ajah,16,8,4.791799355232748
2026-02-25,Ajah,16,2,5.555957469695763
2026-02-26,Ajah,16,2,4.989402880970313
2026-02-27,Ajah,16,7,4.746515600288857
2026-02-28,Ajah,16,2,3.662944403803879
2026-03-01,Ajah,16,1,3.418731220030394
2026-03-02,Ajah,16,5,5.000496879777673
2026-03-03,Ajah,16,9,4.264568890310015
2026-03-04,Ajah,16,8,4.898642698437394
2026-03-05,Ajah,16,7,5.666331423022542
2026-02-20,Ajah,17,9,7.903575873283648
2026-02-21,Ajah,17,6,5.640460449947121
2026-02-22,Ajah,17,6,5.657069954265558
2026-02-23,Ajah,17,5,9.635939037408898
2026-02-24,Ajah,17,8,9.354009303228798
2026-02-25,Ajah,17,8,9.473323954246565
2026-02-26,Ajah,17,7,9.286241012920497
2026-02-27,Ajah,17,3,7.719856303130972
2026-02-28,Ajah,17,3,3.7789729899269773
2026-03-01,Ajah,17,4,3.802078202448087
2026-03-02,Ajah,17,14,6.239657989280293
2026-03-03,Ajah,17,12,7.004087201839091
2026-03-04,Ajah,17,5,6.981693336131554
2026-03-05,Ajah,17,6,7.715178296129611
2026-02-20,Ajah,18,9,11.556737405805684
2026-02-21,Ajah,18,7,7.90845061982574
2026-02-22,Ajah,18,9,6.7539304951923045
2026-02-23,Ajah,18,8,11.885264691242824
2026-02-24,Ajah,18,14,10.338976833676881
2026-02-25,Ajah,18,17,9.66759892399242
2026-02-26,Ajah,18,8,11.449308990538288
2026-02-27,Ajah,18,7,11.701720815893896
2026-02-28,Ajah,18,4,8.485265340560948
2026-03-01,Ajah,18,7,8.058016456883278
2026-03-02,Ajah,18,15,10.196446780042852
2026-03-03,Ajah,18,10,11.575830109405043
2026-03-04,Ajah,18,12,11.904727312565466
2026-03-05,Ajah,18,7,9.69082196447418
2026-02-20,Ajah,19,11,12.130872896474823
2026-02-21,Ajah,19,10,11.342704600366458
2026-02-22,Ajah,19,10,12.21690128454038
2026-02-23,Ajah,19,12,14.109717615724982
2026-02-24,Ajah,19,10,13.337471463518423
2026-02-25,Ajah,19,10,13.159670123490846
2026-02-26,Ajah,19,25,14.09920984261088
2026-02-27,Ajah,19,8,11.49124665427687
2026-02-28,Ajah,19,10,11.155876178912633
2026-03-01,Ajah,19,15,11.738524731931626
2026-03-02,Ajah,19,15,12.764860281742545
2026-03-03,Ajah,19,15,13.868896295467113
2026-03-04,Ajah,19,11,13.498601529453067
2026-03-05,Ajah,19,14,14.944819539982518
2026-02-20,Ajah,20,11,11.952367340258968
2026-02-21,Ajah,20,11,12.305442445302232
2026-02-22,Ajah,20,18,12.727252961289201
2026-02-23,Ajah,20,15,10.343953924759951
2026-02-24,Ajah,20,15,12.1211354374764
2026-02-25,Ajah,20,12,11.823722147624782
2026-02-26,Ajah,20,14,13.046117819380132
2026-02-27,Ajah,20,13,12.340440293428065
2026-02-28,Ajah,20,12,11.183463807820097
2026-03-01,Ajah,20,12,11.988704707217494
2026-03-02,Ajah,20,13,10.829541508429465
2026-03-03,Ajah,20,13,10.244249031017544
2026-03-04,Ajah,20,14,10.644605268683671
2026-03-05,Ajah,20,12,10.60962023292497
2026-02-20,Ajah,21,6,7.119185412125984
2026-02-21,Ajah,21,13,10.59975631958599
2026-02-22,Ajah,21,13,9.809463197492786
2026-02-23,Ajah,21,6,6.780406749512515
2026-02-24,Ajah,21,7,6.904786735360098
2026-02-25,Ajah,21,7,8.796815957969866
2026-02-26,Ajah,21,7,7.373376300185817
2026-02-27,Ajah,21,4,7.95950532709892
2026-02-28,Ajah,21,10,10.199483242102048
2026-03-01,Ajah,21,16,9.904534964656355
2026-03-02,Ajah,21,17,6.821737881468185
2026-03-03,Ajah,21,8,8.839906537380784
2026-03-04,Ajah,21,9,8.571115276329124
2026-03-05,Ajah,21,5,8.84118784589003
2026-02-20,Ajah,22,5,7.747812505687465
2026-02-21,Ajah,22,13,9.727063302937205
2026-02-22,Ajah,22,7,8.495851872316718
2026-02-23,Ajah,22,3,6.993113085499438
2026-02-24,Ajah,22,8,4.787097609118851
2026-02-25,Ajah,22,7,5.564787005501147
2026-02-26,Ajah,22,8,7.495155161783186
2026-02-27,Ajah,22,5,6.479278044977547
2026-02-28,Ajah,22,11,9.606979508104327
2026-03-01,Ajah,22,15,9.005702824073742
2026-03-02,Ajah,22,10,5.839499895777798
2026-03-03,Ajah,22,6,8.013423104802639
2026-03-04,Ajah,22,11,6.85508084359225
2026-03-05,Ajah,22,5,8.271742990402577
2026-02-20,Ajah,23,2,5.051175360094036
2026-02-21,Ajah,23,13,9.06606426546963
2026-02-22,Ajah,23,11,8.910857297652806
2026-02-23,Ajah,23,6,4.800370749669886
2026-02-24,Ajah,23,4,4.9503799345653885
2026-02-25,Ajah,23,8,4.547591189896739
2026-02-26,Ajah,23,4,6.4932932136789
2026-02-27,Ajah,23,7,5.12142515899897
2026-02-28,Ajah,23,9,9.700911992883324
2026-03-01,Ajah,23,19,10.611081864890595
2026-03-02,Ajah,23,4,5.325442931999416
2026-03-03,Ajah,23,6,5.518253316891887
2026-03-04,Ajah,23,10,5.89936790507715
2026-03-05,Ajah,23,3,5.837338613673163
2026-02-20,Apapa,0,0,0.7469452002796657
2026-02-21,Apapa,0,0,0.8714148780697386
2026-02-22,Apapa,0,0,0.8751080470214939
2026-02-23,Apapa,0,2,0.9307540396454541
2026-02-24,Apapa,0,0,0.873851538816335
2026-02-25,Apapa,0,1,0.7695802524467198
2026-02-26,Apapa,0,0,0.8147651129358511
2026-02-27,Apapa,0,0,0.8939084152458034
2026-02-28,Apapa,0,0,0.8332812964671089
2026-03-01,Apapa,0,2,0.7635904678906684
2026-03-02,Apapa,0,0,0.8959238587002296
2026-03-03,Apapa,0,1,0.7620845572356417
2026-03-04,Apapa,0,0,0.8348763267890292
2026-03-05,Apapa,0,2,0.9491373570607246
2026-02-20,Apapa,1,0,1.1985831206673045
2026-02-21,Apapa,1,0,1.0646561612773873
2026-02-22,Apapa,1,1,0.9217351972506207
2026-02-23,Apapa,1,1,1.1238937014110129
2026-02-24,Apapa,1,0,0.8318700719640748
2026-02-25,Apapa,1,1,0.8582717963021843
2026-02-26,Apapa,1,1,0.9212057090873981
2026-02-27,Apapa,1,0,0.7796458358704548
2026-02-28,Apapa,1,1,0.7567872231542889
2026-03-01,Apapa,1,0,0.7500828982342362
2026-03-02,Apapa,1,0,0.8314126252440623
2026-03-03,Apapa,1,1,0.7361974793672126
2026-03-04,Apapa,1,1,0.8660648383103761
2026-03-05,Apapa,1,1,0.8860570215106627
2026-02-20,Apapa,2,2,0.7419083627039063
2026-02-21,Apapa,2,2,0.800643617018144
2026-02-22,Apapa,2,2,0.9154835322520053
2026-02-23,Apapa,2,1,0.941722713451402
2026-02-24,Apapa,2,1,0.7253337955665046
2026-02-25,Apapa,2,2,0.7552932121380656
2026-02-26,Apapa,2,0,0.8590622341350331
2026-02-27,Apapa,2,0,0.9123940078095542
2026-02-28,Apapa,2,1,0.7922119198514299
2026-03-01,Apapa,2,1,0.754777131325635
2026-03-02,Apapa,2,0,0.7549476229783377
2026-03-03,Apapa,2,1,0.781695581787644
2026-03-04,Apapa,2,1,0.7651890897714072
2026-03-05,Apapa,2,3,0.792733704003462
2026-02-20,Apapa,3,2,0.8309018108800649
2026-02-21,Apapa,3,1,0.7823195920664471
2026-02-22,Apapa,3,1,0.7299750524381933
2026-02-23,Apapa,3,0,0.882980425703469
2026-02-24,Apapa,3,1,0.7752032676739814
2026-02-25,Apapa,3,0,0.7749233591720484
2026-02-26,Apapa,3,2,0.8432055326990227
2026-02-27,Apapa,3,0,0.7645471774343132
2026-02-28,Apapa,3,2,0.8181421277619308
2026-03-01,Apapa,3,1,0.7539136819951309
2026-03-02,Apapa,3,0,0.9924122702746704
2026-03-03,Apapa,3,1,0.7595314235711231
2026-03-04,Apapa,3,3,0.7684520106349422
2026-03-05,Apapa,3,1,0.7943051280312684
2026-02-20,Apapa,4,1,0.7840758967744071
2026-02-21,Apapa,4,1,0.7778191927500124
2026-02-22,Apapa,4,0,0.722659964048387
2026-02-23,Apapa,4,1,0.8731958357301244
2026-02-24,Apapa,4,3,0.7319015760968869
2026-02-25,Apapa,4,1,0.7478507700446443
2026-02-26,Apapa,4,2,0.7553663626741307
2026-02-27,Apapa,4,1,0.7721307310086442
2026-02-28,Apapa,4,1,0.7626141096377691
2026-03-01,Apapa,4,0,0.7888523101207517
2026-03-02,Apapa,4,0,0.9058617646187347
2026-03-03,Apapa,4,1,0.7276690184114074
2026-03-04,Apapa,4,1,0.7040559765353676
2026-03-05,Apapa,4,0,0.7180414423688443
2026-02-20,Apapa,5,2,0.7597456594743782
2026-02-21,Apapa,5,0,0.7560072253194792
2026-02-22,Apapa,5,1,0.7746746447181362
2026-02-23,Apapa,5,2,0.880635102326092
2026-02-24,Apapa,5,0,0.7504759331958726
2026-02-25,Apapa,5,1,0.7387050157278482
2026-02-26,Apapa,5,2,0.751685825076501
2026-02-27,Apapa,5,0,0.7994033823940921
2026-02-28,Apapa,5,0,0.7500494046506495
2026-03-01,Apapa,5,0,0.811845188830526
2026-03-02,Apapa,5,0,0.9268066226694555
2026-03-03,Apapa,5,0,0.7530667105923047
2026-03-04,Apapa,5,1,0.7634363023044474
2026-03-05,Apapa,5,0,0.7633880065858408
2026-02-20,Apapa,6,1,0.8077379357001221
2026-02-21,Apapa,6,1,0.7753611190603917
2026-02-22,Apapa,6,2,0.7597475155131183
2026-02-23,Apapa,6,1,0.7337622997228209
2026-02-24,Apapa,6,0,0.7037214905244232
2026-02-25,Apapa,6,0,0.7716097911916133
2026-02-26,Apapa,6,0,0.8593463969353924
2026-02-27,Apapa,6,0,0.9015815015006466
2026-02-28,Apapa,6,0,0.8056278016855102
2026-03-01,Apapa,6,0,0.7805850236476983
2026-03-02,Apapa,6,0,0.9477317041737351
2026-03-03,Apapa,6,2,0.7887752392915245
2026-03-04,Apapa,6,0,0.8645164635194131
2026-03-05,Apapa,6,1,0.7493628209413944
2026-02-20,Apapa,7,0,0.7867042714440007
2026-02-21,Apapa,7,0,0.8080586815052933
2026-02-22,Apapa,7,1,0.7487742549978955
2026-02-23,Apapa,7,1,0.7267750408249343
2026-02-24,Apapa,7,2,0.7092040348608639
2026-02-25,Apapa,7,0,0.7082985747044814
2026-02-26,Apapa,7,2,0.7931020642391006
2026-02-27,Apapa,7,2,0.819841519234308
2026-02-28,Apapa,7,1,0.7341379809145697
2026-03-01,Apapa,7,1,0.7271498214968699
2026-03-02,Apapa,7,0,0.7483190991737859
2026-03-03,Apapa,7,0,0.7667519434641372
2026-03-04,Apapa,7,1,0.8791613195757301
2026-03-05,Apapa,7,2,0.7909981489383946
2026-02-20,Apapa,8,2,0.7264681750610611
2026-02-21,Apapa,8,0,0.7152046644430508
2026-02-22,Apapa,8,0,0.7544022075057101
2026-02-23,Apapa,8,1,0.9363794879503682
2026-02-24,Apapa,8,3,0.7337584586718251
2026-02-25,Apapa,8,0,0.7088419583203533
2026-02-26,Apapa,8,1,0.8017942721251391
2026-02-27,Apapa,8,1,0.7950203919868029
2026-02-28,Apapa,8,0,0.7414090126903139
2026-03-01,Apapa,8,1,0.7742936268725745
2026-03-02,Apapa,8,2,0.8953482631728115
2026-03-03,Apapa,8,1,0.7185703362276354
2026-03-04,Apapa,8,0,0.6862133293497493
2026-03-05,Apapa,8,0,0.8054509234411024
2026-02-20,Apapa,9,0,0.8144984665682465
2026-02-21,Apapa,9,1,0.8209990041368069
2026-02-22,Apapa,9,1,0.713360821825105
2026-02-23,Apapa,9,0,0.8046584350531287
2026-02-24,Apapa,9,2,0.8048210302602467
2026-02-25,Apapa,9,2,0.7480917551295208
2026-02-26,Apapa,9,2,0.8196706295087433
2026-02-27,Apapa,9,0,0.8337500392308776
2026-02-28,Apapa,9,3,0.7798153477159537
2026-03-01,Apapa,9,1,0.8012379266429275
2026-03-02,Apapa,9,1,0.887620794541055
2026-03-03,Apapa,9,0,0.8418864505636953
2026-03-04,Apapa,9,0,0.8964889608372599
2026-03-05,Apapa,9,2,0.8446308645745858
2026-02-20,Apapa,10,2,1.1408155481705249
2026-02-21,Apapa,10,2,1.062707222827133
2026-02-22,Apapa,10,2,1.0771228348968487
2026-02-23,Apapa,10,4,1.3429574659739727
2026-02-24,Apapa,10,1,1.1924024493690293
2026-02-25,Apapa,10,1,1.3540952041900531
2026-02-26,Apapa,10,1,1.4284831077091504
2026-02-27,Apapa,10,0,1.4634002314216783
2026-02-28,Apapa,10,4,1.1145060732299732
2026-03-01,Apapa,10,0,1.5626394357135875
2026-03-02,Apapa,10,1,1.4594080111159218
2026-03-03,Apapa,10,1,1.1020934816000367
2026-03-04,Apapa,10,0,1.2313046390056344
2026-03-05,Apapa,10,0,1.3233127615580067
2026-02-20,Apapa,11,2,3.4718459803825086
2026-02-21,Apapa,11,5,2.911134405809717
2026-02-22,Apapa,11,4,3.3967273933306457
2026-02-23,Apapa,11,3,3.512220498067163
2026-02-24,Apapa,11,3,3.1932704413214106
2026-02-25,Apapa,11,4,3.354177597289258
2026-02-26,Apapa,11,1,3.3425981870971015
2026-02-27,Apapa,11,2,3.2019316784158534
2026-02-28,Apapa,11,3,2.7652440416406034
2026-03-01,Apapa,11,5,2.8314156982318925
2026-03-02,Apapa,11,1,3.3740384461868396
2026-03-03,Apapa,11,5,3.5943000941404275
2026-03-04,Apapa,11,1,3.180316201681455
2026-03-05,Apapa,11,1,3.2614905969776578
2026-02-20,Apapa,12,4,5.382065514238029
2026-02-21,Apapa,12,7,5.618034168750623
2026-02-22,Apapa,12,7,4.744459511774401
2026-02-23,Apapa,12,10,5.543910274114141
2026-02-24,Apapa,12,7,5.962313241283216
2026-02-25,Apapa,12,7,6.1829380851027125
2026-02-26,Apapa,12,4,6.680713678459842
2026-02-27,Apapa,12,6,6.657922889460325
2026-02-28,Apapa,12,6,6.473456185049548
2026-03-01,Apapa,12,2,7.282207418703962
2026-03-02,Apapa,12,5,6.439871901772115
2026-03-03,Apapa,12,4,6.018273518422252
2026-03-04,Apapa,12,6,5.379813534470796
2026-03-05,Apapa,12,3,6.458298221031692
2026-02-20,Apapa,13,5,7.252965010839936
2026-02-21,Apapa,13,7,7.357645078624958
2026-02-22,Apapa,13,5,6.926110768779684
2026-02-23,Apapa,13,10,7.917963163291651
2026-02-24,Apapa,13,10,7.483824411139291
2026-02-25,Apapa,13,7,7.485666958964998
2026-02-26,Apapa,13,11,7.430755889398477
2026-02-27,Apapa,13,14,7.550645615500553
2026-02-28,Apapa,13,8,8.003708136228344
2026-03-01,Apapa,13,10,7.593048801318003
2026-03-02,Apapa,13,8,8.746479519438846
2026-03-03,Apapa,13,12,10.205341611920748
2026-03-04,Apapa,13,9,8.928124243193915
2026-03-05,Apapa,13,7,9.354788237212672
2026-02-20,Apapa,14,9,5.546582982128735
2026-02-21,Apapa,14,3,4.768020947382603
2026-02-22,Apapa,14,6,4.508527159826891
2026-02-23,Apapa,14,5,6.068400801088802
2026-02-24,Apapa,14,4,6.108101261204863
2026-02-25,Apapa,14,9,6.304184546949572
2026-02-26,Apapa,14,2,6.727115541394965
2026-02-27,Apapa,14,6,5.765262738901926
2026-02-28,Apapa,14,5,4.448597945479246
2026-03-01,Apapa,14,7,4.685352248229252
2026-03-02,Apapa,14,10,6.203475400229254
2026-03-03,Apapa,14,9,6.094715575058986
2026-03-04,Apapa,14,7,6.859616069263783
2026-03-05,Apapa,14,6,6.467188963872732
2026-02-20,Apapa,15,2,3.159227305583341
2026-02-21,Apapa,15,4,2.27053912477667
2026-02-22,Apapa,15,2,2.3864033038848107
2026-02-23,Apapa,15,5,3.4678905085462777
2026-02-24,Apapa,15,5,4.38924536633026
2026-02-25,Apapa,15,2,4.4673009300891815
2026-02-26,Apapa,15,3,4.446024271278155
2026-02-27,Apapa,15,3,3.5698425974186954
2026-02-28,Apapa,15,3,2.9476765128343616
2026-03-01,Apapa,15,2,2.8238603496643297
2026-03-02,Apapa,15,0,3.537077045716784
2026-03-03,Apapa,15,5,3.209431935124095
2026-03-04,Apapa,15,6,3.0632643136778896
2026-03-05,Apapa,15,4,3.7193443281425784
2026-02-20,Apapa,16,4,2.700996709419751
2026-02-21,Apapa,16,3,2.2001050347775597
2026-02-22,Apapa,16,1,2.1735010154548635
2026-02-23,Apapa,16,2,2.6962137671407076
2026-02-24,Apapa,16,9,2.990229175591501
2026-02-25,Apapa,16,3,3.2913406861322207
2026-02-26,Apapa,16,2,3.5401301081944165
2026-02-27,Apapa,16,7,3.258073400290829
2026-02-28,Apapa,16,1,2.6261043220225417
2026-03-01,Apapa,16,1,2.146958875209497
2026-03-02,Apapa,16,4,3.660531628389906
2026-03-03,Apapa,16,2,3.7890840026387735
2026-03-04,Apapa,16,1,3.3351428117519233
2026-03-05,Apapa,16,1,3.30204268649452
2026-02-20,Apapa,17,2,3.654129580871613
2026-02-21,Apapa,17,1,2.874574719647792
2026-02-22,Apapa,17,2,2.632340760178212
2026-02-23,Apapa,17,4,3.511718518970461
2026-02-24,Apapa,17,3,3.8921096626976697
2026-02-25,Apapa,17,6,3.9333144257593236
2026-02-26,Apapa,17,3,4.3749594895326895
2026-02-27,Apapa,17,6,4.32201934852437
2026-02-28,Apapa,17,5,2.8698312127118766
2026-03-01,Apapa,17,3,3.425522566131116
2026-03-02,Apapa,17,5,5.473518790580076
2026-03-03,Apapa,17,5,5.744208448396838
2026-03-04,Apapa,17,2,5.507331771922145
2026-03-05,Apapa,17,2,5.785890198661238
2026-02-20,Apapa,18,11,7.4314668151209045
2026-02-21,Apapa,18,3,5.378522590319481
2026-02-22,Apapa,18,0,5.584256001816544
2026-02-23,Apapa,18,6,7.396478999465623
2026-02-24,Apapa,18,8,7.218749299609282
2026-02-25,Apapa,18,9,7.58103103866902
2026-02-26,Apapa,18,7,9.06816372438851
2026-02-27,Apapa,18,10,7.727714495770043
2026-02-28,Apapa,18,7,5.592195108188313
2026-03-01,Apapa,18,7,5.450313581702185
2026-03-02,Apapa,18,8,8.124517127115254
2026-03-03,Apapa,18,7,9.090174577235809
2026-03-04,Apapa,18,9,7.74452948956047
2026-03-05,Apapa,18,8,8.311634093418713
2026-02-20,Apapa,19,8,8.537240855623919
2026-02-21,Apapa,19,10,7.254632573054434
2026-02-22,Apapa,19,4,7.167264626704931
2026-02-23,Apapa,19,11,8.451452101880427
2026-02-24,Apapa,19,12,8.381558552347645
2026-02-25,Apapa,19,4,9.31997832463426
2026-02-26,Apapa,19,9,9.132951163434157
2026-02-27,Apapa,19,10,8.644983404697616
2026-02-28,Apapa,19,8,7.88047528224379
2026-03-01,Apapa,19,8,7.594894123418197
2026-03-02,Apapa,19,4,9.105153478278842
2026-03-03,Apapa,19,13,9.559446486440653
2026-03-04,Apapa,19,9,8.592590255899829
2026-03-05,Apapa,19,8,8.964504626606074
2026-02-20,Apapa,20,6,9.035363728363349
2026-02-21,Apapa,20,13,9.369318295116122
2026-02-22,Apapa,20,7,9.056316924872611
2026-02-23,Apapa,20,7,8.836815063304403
2026-02-24,Apapa,20,13,8.479278225289955
2026-02-25,Apapa,20,5,9.343202017179399
2026-02-26,Apapa,20,8,8.623753147034458
2026-02-27,Apapa,20,5,8.031711550325099
2026-02-28,Apapa,20,6,8.20269787939409
2026-03-01,Apapa,20,10,8.05711719371823
2026-03-02,Apapa,20,4,7.968157716931261
2026-03-03,Apapa,20,14,8.28629723287371
2026-03-04,Apapa,20,8,7.460000377618499
2026-03-05,Apapa,20,8,8.308462797703024
2026-02-20,Apapa,21,3,6.870764764427118
2026-02-21,Apapa,21,15,8.181574792636995
2026-02-22,Apapa,21,7,8.445614979994676
2026-02-23,Apapa,21,9,6.156929697308329
2026-02-24,Apapa,21,8,5.984527448080543
2026-02-25,Apapa,21,8,5.5183394916629895
2026-02-26,Apapa,21,5,6.55041195995526
2026-02-27,Apapa,21,5,6.895525752622892
2026-02-28,Apapa,21,10,8.414497766255367
2026-03-01,Apapa,21,11,8.149827348978537
2026-03-02,Apapa,21,6,6.892169455878871
2026-03-03,Apapa,21,8,6.967983087617619
2026-03-04,Apapa,21,4,6.472046103258609
2026-03-05,Apapa,21,2,6.712522285580535
2026-02-20,Apapa,22,2,4.014806417597851
2026-02-21,Apapa,22,13,7.583550055700825
2026-02-22,Apapa,22,9,6.7474470107864475
2026-02-23,Apapa,22,6,4.632393912012894
2026-02-24,Apapa,22,7,4.604216265095904
2026-02-25,Apapa,22,4,4.326132024044312
2026-02-26,Apapa,22,0,4.641238167698027
2026-02-27,Apapa,22,3,4.621930447433214
2026-02-28,Apapa,22,10,7.57755620082123
2026-03-01,Apapa,22,10,8.688155546498992
2026-03-02,Apapa,22,5,4.398081938927673
2026-03-03,Apapa,22,4,4.650716055029592
2026-03-04,Apapa,22,6,3.9058571723591804
2026-03-05,Apapa,22,2,4.933455265931647
2026-02-20,Apapa,23,3,4.386930213528709
2026-02-21,Apapa,23,7,6.051097001104651
2026-02-22,Apapa,23,4,5.692806932518943
2026-02-23,Apapa,23,3,3.962223300796279
2026-02-24,Apapa,23,5,3.3625267792194684
2026-02-25,Apapa,23,1,3.1077048996971595
2026-02-26,Apapa,23,5,3.2151185316326294
2026-02-27,Apapa,23,1,3.9539098179724865
2026-02-28,Apapa,23,4,5.299283623107753
2026-03-01,Apapa,23,9,5.863609889573112
2026-03-02,Apapa,23,4,3.646976607701107
2026-03-03,Apapa,23,2,3.5020972203808416
2026-03-04,Apapa,23,2,3.1156803988017847
2026-03-05,Apapa,23,3,4.057090529315964
2026-02-20,Gbagada,0,0,0.5334258176410429
2026-02-21,Gbagada,0,1,0.7267491905697558
2026-02-22,Gbagada,0,2,0.5926057499471911
2026-02-23,Gbagada,0,0,0.6507429327772795
2026-02-24,Gbagada,0,0,0.5921701724408139
2026-02-25,Gbagada,0,0,0.5159333738510498
2026-02-26,Gbagada,0,2,0.5857342589894161
2026-02-27,Gbagada,0,0,0.6794945888018852
2026-02-28,Gbagada,0,1,0.5541810182315783
2026-03-01,Gbagada,0,0,0.5868597235348542
2026-03-02,Gbagada,0,0,0.6789720697343236
2026-03-03,Gbagada,0,0,0.5547764490981116
2026-03-04,Gbagada,0,0,0.61173352393041
2026-03-05,Gbagada,0,0,0.6282268235822049
2026-02-20,Gbagada,1,0,0.5390033231070255
2026-02-21,Gbagada,1,0,0.6054404812728064
2026-02-22,Gbagada,1,0,0.6070934345443785
2026-02-23,Gbagada,1,1,0.6449756278865446
2026-02-24,Gbagada,1,0,0.5611325859927503
2026-02-25,Gbagada,1,0,0.5377419284524694
2026-02-26,Gbagada,1,0,0.5801695462296196
2026-02-27,Gbagada,1,0,0.5909624176919844
2026-02-28,Gbagada,1,1,0.5271849067609969
2026-03-01,Gbagada,1,1,0.576265760447898
2026-03-02,Gbagada,1,0,0.5794012061733984
2026-03-03,Gbagada,1,1,0.5367818131608042
2026-03-04,Gbagada,1,0,0.5477113715187908
2026-03-05,Gbagada,1,0,0.7289722723817226
2026-02-20,Gbagada,2,0,0.5383636616896629
2026-02-21,Gbagada,2,0,0.5429274739138525
2026-02-22,Gbagada,2,1,0.575917928356965
2026-02-23,Gbagada,2,1,0.6644014710466314
2026-02-24,Gbagada,2,0,0.5773379096388082
2026-02-25,Gbagada,2,1,0.5340013984735389
2026-02-26,Gbagada,2,1,0.5753454292467698
2026-02-27,Gbagada,2,0,0.5516944015395563
2026-02-28,Gbagada,2,0,0.5239289418794145
2026-03-01,Gbagada,2,1,0.5514583495423235
2026-03-02,Gbagada,2,0,0.6055446931000131
2026-03-03,Gbagada,2,1,0.5579844118786371
2026-03-04,Gbagada,2,0,0.5644993834213964
2026-03-05,Gbagada,2,1,0.5814320607458332
2026-02-20,Gbagada,3,0,0.5436793659271855
2026-02-21,Gbagada,3,1,0.5747039696594385
2026-02-22,Gbagada,3,0,0.5638632192684712
2026-02-23,Gbagada,3,3,0.7037444743501164
2026-02-24,Gbagada,3,2,0.5759980190717532
2026-02-25,Gbagada,3,0,0.5721780782403322
2026-02-26,Gbagada,3,0,0.5668475263521493
2026-02-27,Gbagada,3,2,0.5676114099710083
2026-02-28,Gbagada,3,0,0.5798335657220162
2026-03-01,Gbagada,3,0,0.6947789045334396
2026-03-02,Gbagada,3,0,0.6040570796948673
2026-03-03,Gbagada,3,2,0.5505573404438715
2026-03-04,Gbagada,3,0,0.5696272507172545
2026-03-05,Gbagada,3,0,0.601580862543986
2026-02-20,Gbagada,4,1,0.5386974369313939
2026-02-21,Gbagada,4,2,0.5436558169521333
2026-02-22,Gbagada,4,1,0.5303373258796301
2026-02-23,Gbagada,4,1,0.6430202303517525
2026-02-24,Gbagada,4,0,0.5140519542106374
2026-02-25,Gbagada,4,1,0.5000259057653134
2026-02-26,Gbagada,4,1,0.5099226251848734
2026-02-27,Gbagada,4,0,0.549273098470189
2026-02-28,Gbagada,4,0,0.5297012468830106
2026-03-01,Gbagada,4,2,0.4970016442890966
2026-03-02,Gbagada,4,1,0.6027495766689153
2026-03-03,Gbagada,4,0,0.5069307502655679
2026-03-04,Gbagada,4,2,0.5646463642809675
2026-03-05,Gbagada,4,0,0.5385653987931622
2026-02-20,Gbagada,5,0,0.5038803198546618
2026-02-21,Gbagada,5,0,0.548926667033084
2026-02-22,Gbagada,5,1,0.4982031906182043
2026-02-23,Gbagada,5,1,0.5753465199354761
2026-02-24,Gbagada,5,2,0.5573853990780856
2026-02-25,Gbagada,5,1,0.5121543405854961
2026-02-26,Gbagada,5,2,0.5109954790563684
2026-02-27,Gbagada,5,2,0.5438241876842268
2026-02-28,Gbagada,5,0,0.5827319880089905
2026-03-01,Gbagada,5,0,0.6059106218568743
2026-03-02,Gbagada,5,1,0.7021165102184166
2026-03-03,Gbagada,5,0,0.5375880992476333
2026-03-04,Gbagada,5,1,0.5332561765975016
2026-03-05,Gbagada,5,0,0.5257893842646666
2026-02-20,Gbagada,6,0,0.49309805677385965
2026-02-21,Gbagada,6,0,0.5482444755009137
2026-02-22,Gbagada,6,1,0.5248169894473134
2026-02-23,Gbagada,6,1,0.6057551390692537
2026-02-24,Gbagada,6,1,0.5065048358260825
2026-02-25,Gbagada,6,0,0.495927330795031
2026-02-26,Gbagada,6,1,0.5387679544390673
2026-02-27,Gbagada,6,1,0.4828583421242424
2026-02-28,Gbagada,6,0,0.5038287354884265
2026-03-01,Gbagada,6,0,0.49788732230348437
2026-03-02,Gbagada,6,1,0.6300857320466768
2026-03-03,Gbagada,6,0,0.49688015191048074
2026-03-04,Gbagada,6,0,0.49913410633800015
2026-03-05,Gbagada,6,0,0.562955465089411
2026-02-20,Gbagada,7,0,0.5088191225759653
2026-02-21,Gbagada,7,1,0.5573082843279791
2026-02-22,Gbagada,7,0,0.5276174163134004
2026-02-23,Gbagada,7,1,0.608793922946257
2026-02-24,Gbagada,7,0,0.5289822855454197
2026-02-25,Gbagada,7,0,0.5116812087606968
2026-02-26,Gbagada,7,1,0.560802608000497
2026-02-27,Gbagada,7,0,0.5705134646042063
2026-02-28,Gbagada,7,1,0.4918372808378739
2026-03-01,Gbagada,7,0,0.5428223899201837
2026-03-02,Gbagada,7,1,0.5961998381963609
2026-03-03,Gbagada,7,1,0.497648280518762
2026-03-04,Gbagada,7,0,0.4943308572253561
2026-03-05,Gbagada,7,0,0.5196833076959353
2026-02-20,Gbagada,8,0,0.542941630951902
2026-02-21,Gbagada,8,0,0.558814215991729
2026-02-22,Gbagada,8,1,0.5543983865569095
2026-02-23,Gbagada,8,2,0.6177193808208543
2026-02-24,Gbagada,8,1,0.5113740882965891
2026-02-25,Gbagada,8,0,0.518203994019808
2026-02-26,Gbagada,8,2,0.5383816177008388
2026-02-27,Gbagada,8,0,0.5140521911147651
2026-02-28,Gbagada,8,0,0.49981575373182496
2026-03-01,Gbagada,8,3,0.5534751955131819
2026-03-02,Gbagada,8,0,0.6334297390080158
2026-03-03,Gbagada,8,1,0.5083508832610938
2026-03-04,Gbagada,8,0,0.516639754908036
2026-03-05,Gbagada,8,1,0.5220820843833077
2026-02-20,Gbagada,9,0,0.584170183354241
2026-02-21,Gbagada,9,0,0.6124659173941226
2026-02-22,Gbagada,9,2,0.6463591112560974
2026-02-23,Gbagada,9,1,0.710899768367118
2026-02-24,Gbagada,9,0,0.5853592354945945
2026-02-25,Gbagada,9,0,0.5870075957017153
2026-02-26,Gbagada,9,0,0.5925695937862789
2026-02-27,Gbagada,9,1,0.61528088823316
2026-02-28,Gbagada,9,0,0.580131346516569
2026-03-01,Gbagada,9,0,0.5779273715708408
2026-03-02,Gbagada,9,2,0.7226341241146252
2026-03-03,Gbagada,9,0,0.5709162820197705
2026-03-04,Gbagada,9,2,0.616547160589389
2026-03-05,Gbagada,9,1,0.5927276698083617
2026-02-20,Gbagada,10,2,0.8590133652904044
2026-02-21,Gbagada,10,1,0.9269968117317622
2026-02-22,Gbagada,10,0,0.8708633963351998
2026-02-23,Gbagada,10,1,1.0153754195339504
2026-02-24,Gbagada,10,0,0.8826284672423397
2026-02-25,Gbagada,10,0,0.8380320662485559
2026-02-26,Gbagada,10,0,0.9700302882490539
2026-02-27,Gbagada,10,0,0.9686201490179727
2026-02-28,Gbagada,10,0,0.8204930408821871
2026-03-01,Gbagada,10,0,0.9037554235396567
2026-03-02,Gbagada,10,0,1.1036239207957974
2026-03-03,Gbagada,10,1,0.8882090041146766
2026-03-04,Gbagada,10,2,0.9147868608655046
2026-03-05,Gbagada,10,1,0.8728212565542887
2026-02-20,Gbagada,11,0,2.9208602932871144
2026-02-21,Gbagada,11,1,2.5408449895565806
2026-02-22,Gbagada,11,3,2.005161247873436
2026-02-23,Gbagada,11,2,1.405867173155629
2026-02-24,Gbagada,11,1,1.4718817813868468
2026-02-25,Gbagada,11,3,1.5691757662620027
2026-02-26,Gbagada,11,6,1.3830433327976535
2026-02-27,Gbagada,11,2,2.6152988039439626
2026-02-28,Gbagada,11,5,2.5289112141970467
2026-03-01,Gbagada,11,3,2.6883395517937374
2026-03-02,Gbagada,11,4,2.938640409724447
2026-03-03,Gbagada,11,1,2.8971626518524713
2026-03-04,Gbagada,11,3,3.20248563898824
2026-03-05,Gbagada,11,4,3.0611243257952054
2026-02-20,Gbagada,12,5,4.567123394924142
2026-02-21,Gbagada,12,7,4.650219289179957
2026-02-22,Gbagada,12,3,3.853823293017416
2026-02-23,Gbagada,12,5,4.710318767687665
2026-02-24,Gbagada,12,5,5.546711683410419
2026-02-25,Gbagada,12,8,4.652082017084452
2026-02-26,Gbagada,12,4,4.955248493951712
2026-02-27,Gbagada,12,2,5.054583821818363
2026-02-28,Gbagada,12,4,4.3882817698401695
2026-03-01,Gbagada,12,3,4.131920972736136
2026-03-02,Gbagada,12,6,4.534812277434182
2026-03-03,Gbagada,12,13,4.994856523151818
2026-03-04,Gbagada,12,4,4.204839882756681
2026-03-05,Gbagada,12,2,4.968090333629938
2026-02-20,Gbagada,13,4,5.4637234294029735
2026-02-21,Gbagada,13,2,5.014181382695372
2026-02-22,Gbagada,13,5,4.0589334447103935
2026-02-23,Gbagada,13,6,5.37414414772979
2026-02-24,Gbagada,13,3,5.834937204747151
2026-02-25,Gbagada,13,12,5.061017548617431
2026-02-26,Gbagada,13,8,5.3741803297046316
2026-02-27,Gbagada,13,2,4.842203344733824
2026-02-28,Gbagada,13,8,4.350367332530252
2026-03-01,Gbagada,13,6,3.92844287977326
2026-03-02,Gbagada,13,3,5.32209373716952
2026-03-03,Gbagada,13,0,5.377711872288079
2026-03-04,Gbagada,13,6,5.118181102534244
2026-03-05,Gbagada,13,6,5.752269720464588
2026-02-20,Gbagada,14,4,3.4638445043938964
2026-02-21,Gbagada,14,4,3.10230336671572
2026-02-22,Gbagada,14,3,3.116542189418937
2026-02-23,Gbagada,14,8,4.305396583025467
2026-02-24,Gbagada,14,6,4.454900247175866
2026-02-25,Gbagada,14,3,5.180086915245451
2026-02-26,Gbagada,14,4,4.896528324479054
2026-02-27,Gbagada,14,1,4.596270628595034
2026-02-28,Gbagada,14,0,3.703476197995417
2026-03-01,Gbagada,14,1,2.596952537682817
2026-03-02,Gbagada,14,3,3.3542231758729
2026-03-03,Gbagada,14,5,3.1635999143334845
2026-03-04,Gbagada,14,3,2.85402533916601
2026-03-05,Gbagada,14,3,3.26363292545013
2026-02-20,Gbagada,15,3,2.627557434857892
2026-02-21,Gbagada,15,2,2.377615610649655
2026-02-22,Gbagada,15,3,1.9314813881361879
2026-02-23,Gbagada,15,3,2.628373829076366
2026-02-24,Gbagada,15,3,2.42940014277744
2026-02-25,Gbagada,15,2,3.352659888989842
2026-02-26,Gbagada,15,3,3.7421356997680117
2026-02-27,Gbagada,15,1,3.5152152753131367
2026-02-28,Gbagada,15,6,2.5282241130467926
2026-03-01,Gbagada,15,1,2.4164701231353374
2026-03-02,Gbagada,15,3,2.9890138462956095
2026-03-03,Gbagada,15,2,2.9935594269515327
2026-03-04,Gbagada,15,6,2.5021337288255445
2026-03-05,Gbagada,15,3,3.205696157855534
2026-02-20,Gbagada,16,2,2.9860596321512594
2026-02-21,Gbagada,16,1,2.203175313129281
2026-02-22,Gbagada,16,2,1.9119690336424207
2026-02-23,Gbagada,16,3,2.714602416996793
2026-02-24,Gbagada,16,5,2.38547007964153
2026-02-25,Gbagada,16,3,2.435308175952962
2026-02-26,Gbagada,16,1,2.7674962288410385
2026-02-27,Gbagada,16,1,2.467757034944818
2026-02-28,Gbagada,16,0,2.1515036226404147
2026-03-01,Gbagada,16,3,1.8776719946379659
2026-03-02,Gbagada,16,0,2.551757480158657
2026-03-03,Gbagada,16,2,2.483346218767179
2026-03-04,Gbagada,16,5,2.001456103716277
2026-03-05,Gbagada,16,3,2.320551544845227
2026-02-20,Gbagada,17,2,3.2925174951010048
2026-02-21,Gbagada,17,3,2.5411199615577806
2026-02-22,Gbagada,17,2,2.781555477795278
2026-02-23,Gbagada,17,4,3.259330999549226
2026-02-24,Gbagada,17,6,4.107196753076683
2026-02-25,Gbagada,17,4,3.478005832711635
2026-02-26,Gbagada,17,5,3.799785656617397
2026-02-27,Gbagada,17,2,3.9140403863654436
2026-02-28,Gbagada,17,2,2.635361256325346
2026-03-01,Gbagada,17,4,2.3342948182000405
2026-03-02,Gbagada,17,1,3.538427294409124
2026-03-03,Gbagada,17,4,3.739037058474453
2026-03-04,Gbagada,17,3,3.091776860394284
2026-03-05,Gbagada,17,2,3.643296180920505
2026-02-20,Gbagada,18,3,5.103977732369207
2026-02-21,Gbagada,18,2,4.15284180678491
2026-02-22,Gbagada,18,3,3.3836374676574015
2026-02-23,Gbagada,18,8,4.214033257109855
2026-02-24,Gbagada,18,4,5.014020230402584
2026-02-25,Gbagada,18,2,5.908087867671782
2026-02-26,Gbagada,18,10,4.778046045858778
2026-02-27,Gbagada,18,6,5.08575006330644
2026-02-28,Gbagada,18,1,4.291252884273666
2026-03-01,Gbagada,18,4,3.156681160268674
2026-03-02,Gbagada,18,5,5.079981577217256
2026-03-03,Gbagada,18,6,5.51762089638025
2026-03-04,Gbagada,18,7,5.143882853624976
2026-03-05,Gbagada,18,2,5.886398755321201
2026-02-20,Gbagada,19,5,5.740420108588198
2026-02-21,Gbagada,19,6,5.062408722940891
2026-02-22,Gbagada,19,4,4.4016737645010355
2026-02-23,Gbagada,19,7,5.117984745314541
2026-02-24,Gbagada,19,5,4.980032636377116
2026-02-25,Gbagada,19,8,5.67567555262785
2026-02-26,Gbagada,19,13,5.748607869962236
2026-02-27,Gbagada,19,3,5.4175105845255445
2026-02-28,Gbagada,19,10,5.123789355660743
2026-03-01,Gbagada,19,8,4.6587276155015935
2026-03-02,Gbagada,19,5,5.57328824110879
2026-03-03,Gbagada,19,2,6.537590637348189
2026-03-04,Gbagada,19,8,5.05228086778495
2026-03-05,Gbagada,19,6,5.836277600928019
2026-02-20,Gbagada,20,6,5.86623926708307
2026-02-21,Gbagada,20,8,5.9347875204084835
2026-02-22,Gbagada,20,9,5.062217060529309
2026-02-23,Gbagada,20,5,5.006108563589444
2026-02-24,Gbagada,20,7,5.325152281057504
2026-02-25,Gbagada,20,2,4.962531987231658
2026-02-26,Gbagada,20,6,5.213028750196964
2026-02-27,Gbagada,20,6,5.163191994270811
2026-02-28,Gbagada,20,4,5.226267167043205
2026-03-01,Gbagada,20,4,5.136848848573178
2026-03-02,Gbagada,20,5,5.922495603362088
2026-03-03,Gbagada,20,5,6.167671822716924
2026-03-04,Gbagada,20,8,5.221343805831753
2026-03-05,Gbagada,20,8,6.024601838291514
2026-02-20,Gbagada,21,4,3.8209803785664325
2026-02-21,Gbagada,21,8,5.150668041232516
2026-02-22,Gbagada,21,7,4.209841217372896
2026-02-23,Gbagada,21,8,4.426771020832305
2026-02-24,Gbagada,21,2,4.402005304214524
2026-02-25,Gbagada,21,5,3.7819655791036455
2026-02-26,Gbagada,21,1,4.382884503205814
2026-02-27,Gbagada,21,2,4.347080163675811
2026-02-28,Gbagada,21,2,5.495504958538025
2026-03-01,Gbagada,21,8,4.185833860521571
2026-03-02,Gbagada,21,2,3.847634416047045
2026-03-03,Gbagada,21,3,3.4142445407768762
2026-03-04,Gbagada,21,4,3.1968547137291554
2026-03-05,Gbagada,21,2,3.577971973371628
2026-02-20,Gbagada,22,3,3.373662073433728
2026-02-21,Gbagada,22,6,5.590765898877539
2026-02-22,Gbagada,22,8,4.523438567562988
2026-02-23,Gbagada,22,4,3.5694392950387246
2026-02-24,Gbagada,22,6,3.3975519201333055
2026-02-25,Gbagada,22,2,3.353026234057633
2026-02-26,Gbagada,22,0,3.4030339413086983
2026-02-27,Gbagada,22,2,3.3304453875895224
2026-02-28,Gbagada,22,4,4.761671488384442
2026-03-01,Gbagada,22,5,3.883358119858697
2026-03-02,Gbagada,22,2,2.7611753480342487
2026-03-03,Gbagada,22,2,2.6176833450196315
2026-03-04,Gbagada,22,3,2.3992228639800643
2026-03-05,Gbagada,22,3,2.6306296785319785
2026-02-20,Gbagada,23,1,2.6049704251911443
2026-02-21,Gbagada,23,4,4.005479944556735
2026-02-22,Gbagada,23,3,4.104075057163844
2026-02-23,Gbagada,23,0,1.8480091155082234
2026-02-24,Gbagada,23,7,1.920921519285105
2026-02-25,Gbagada,23,2,2.1796356713337617
2026-02-26,Gbagada,23,1,2.682691010938925
2026-02-27,Gbagada,23,1,2.436187742773168
2026-02-28,Gbagada,23,5,3.298994388355217
2026-03-01,Gbagada,23,6,4.330292378917416
2026-03-02,Gbagada,23,3,2.358910907210841
2026-03-03,Gbagada,23,1,2.2488275099788555
2026-03-04,Gbagada,23,3,2.2178142823411733
2026-03-05,Gbagada,23,0,2.6095141770374495
2026-02-20,Ikeja,0,0,0.5358795460437804
2026-02-21,Ikeja,0,0,0.6164314435080426
2026-02-22,Ikeja,0,0,0.6049610752646685
2026-02-23,Ikeja,0,2,0.5748760728366895
2026-02-24,Ikeja,0,0,0.5569553791554783
2026-02-25,Ikeja,0,1,0.5044010232110826
2026-02-26,Ikeja,0,0,0.563561240323771
2026-02-27,Ikeja,0,0,0.5727856843652868
2026-02-28,Ikeja,0,0,0.5450730725689066
2026-03-01,Ikeja,0,1,0.5816468311446351
2026-03-02,Ikeja,0,0,0.5551109626727174
2026-03-03,Ikeja,0,0,0.516171245216597
2026-03-04,Ikeja,0,1,0.5555974546414937
2026-03-05,Ikeja,0,1,0.5384545764934214
2026-02-20,Ikeja,1,0,0.5145313260370499
2026-02-21,Ikeja,1,1,0.5817092672678505
2026-02-22,Ikeja,1,1,0.513046824922338
2026-02-23,Ikeja,1,1,0.5486019347425636
2026-02-24,Ikeja,1,1,0.5322240135161982
2026-02-25,Ikeja,1,1,0.4844225018779571
2026-02-26,Ikeja,1,0,0.5413007718476817
2026-02-27,Ikeja,1,1,0.543467964098745
2026-02-28,Ikeja,1,0,0.4909310000429621
2026-03-01,Ikeja,1,0,0.7274543227858439
2026-03-02,Ikeja,1,1,0.5830664929312036
2026-03-03,Ikeja,1,2,0.492369711470732
2026-03-04,Ikeja,1,1,0.5188100054369005
2026-03-05,Ikeja,1,1,0.637432339237921
2026-02-20,Ikeja,2,0,0.5055849632803373
2026-02-21,Ikeja,2,1,0.6227903086742771
2026-02-22,Ikeja,2,1,0.6142924697291319
2026-02-23,Ikeja,2,1,0.6367102601957805
2026-02-24,Ikeja,2,1,0.5224828826994363
2026-02-25,Ikeja,2,1,0.49674035148851037
2026-02-26,Ikeja,2,0,0.5502151426840873
2026-02-27,Ikeja,2,3,0.5629315731342327
2026-02-28,Ikeja,2,0,0.5011202771986193
2026-03-01,Ikeja,2,1,0.5630198413114968
2026-03-02,Ikeja,2,0,0.5636880553623438
2026-03-03,Ikeja,2,1,0.49039420770335773
2026-03-04,Ikeja,2,1,0.4959559669612346
2026-03-05,Ikeja,2,0,0.5538597513327936
2026-02-20,Ikeja,3,1,0.5076544423200884
2026-02-21,Ikeja,3,0,0.6539694179186955
2026-02-22,Ikeja,3,0,0.5786149284134388
2026-02-23,Ikeja,3,1,0.6163804844517278
2026-02-24,Ikeja,3,0,0.5130106557217294
2026-02-25,Ikeja,3,0,0.516437229040902
2026-02-26,Ikeja,3,0,0.6483312479662441
2026-02-27,Ikeja,3,1,0.5683342428461604
2026-02-28,Ikeja,3,1,0.5100614482776469
2026-03-01,Ikeja,3,0,0.623183664613231
2026-03-02,Ikeja,3,0,0.6110983206812295
2026-03-03,Ikeja,3,0,0.5123428885590844
2026-03-04,Ikeja,3,0,0.6186483365011086
2026-03-05,Ikeja,3,0,0.5858062460467394
2026-02-20,Ikeja,4,0,0.477406713828565
2026-02-21,Ikeja,4,0,0.49429380767497244
2026-02-22,Ikeja,4,0,0.5126094894374998
2026-02-23,Ikeja,4,0,0.5985457493214597
2026-02-24,Ikeja,4,0,0.5257702090414114
2026-02-25,Ikeja,4,1,0.49820883694713325
2026-02-26,Ikeja,4,1,0.5014025863033411
2026-02-27,Ikeja,4,1,0.5151136093702269
2026-02-28,Ikeja,4,0,0.477406713828565
2026-03-01,Ikeja,4,1,0.5084212372134342
2026-03-02,Ikeja,4,1,0.5534621374722819
2026-03-03,Ikeja,4,0,0.46422449044374076
2026-03-04,Ikeja,4,2,0.499966896171041
2026-03-05,Ikeja,4,0,0.5371474273245697
2026-02-20,Ikeja,5,0,0.5407784842096804
2026-02-21,Ikeja,5,1,0.5319581599646964
2026-02-22,Ikeja,5,1,0.5122533170354111
2026-02-23,Ikeja,5,0,0.5591245684536043
2026-02-24,Ikeja,5,2,0.5255893719967314
2026-02-25,Ikeja,5,0,0.470451909695362
2026-02-26,Ikeja,5,0,0.5205778277035138
2026-02-27,Ikeja,5,0,0.5074438204628365
2026-02-28,Ikeja,5,0,0.48703199899974864
2026-03-01,Ikeja,5,1,0.5171938705410003
2026-03-02,Ikeja,5,0,0.5695031138949103
2026-03-03,Ikeja,5,0,0.4841287548886594
2026-03-04,Ikeja,5,1,0.5146705174380338
2026-03-05,Ikeja,5,1,0.5005834487474428
2026-02-20,Ikeja,6,0,0.5085655891939568
2026-02-21,Ikeja,6,1,0.5201499698588381
2026-02-22,Ikeja,6,0,0.48626622424562976
2026-02-23,Ikeja,6,0,0.5763884625964127
2026-02-24,Ikeja,6,1,0.5026250568949178
2026-02-25,Ikeja,6,2,0.464632257603052
2026-02-26,Ikeja,6,1,0.4953962726375924
2026-02-27,Ikeja,6,0,0.4598647550938434
2026-02-28,Ikeja,6,1,0.49755792704799656
2026-03-01,Ikeja,6,0,0.46507607464157186
2026-03-02,Ikeja,6,1,0.5084514985572178
2026-03-03,Ikeja,6,0,0.45394517134281354
2026-03-04,Ikeja,6,0,0.5476719825241273
2026-03-05,Ikeja,6,0,0.5524849421888255
2026-02-20,Ikeja,7,0,0.5171724746057622
2026-02-21,Ikeja,7,0,0.5654936642363364
2026-02-22,Ikeja,7,3,0.5412934469800432
2026-02-23,Ikeja,7,1,0.5474993770703058
2026-02-24,Ikeja,7,2,0.4829075602386786
2026-02-25,Ikeja,7,1,0.4658502432128591
2026-02-26,Ikeja,7,0,0.4926033408320682
2026-02-27,Ikeja,7,0,0.5144193271945134
2026-02-28,Ikeja,7,0,0.47343577732363723
2026-03-01,Ikeja,7,0,0.5158088553426281
2026-03-02,Ikeja,7,0,0.5436688340694849
2026-03-03,Ikeja,7,0,0.4961522130413278
2026-03-04,Ikeja,7,2,0.5455071146758115
2026-03-05,Ikeja,7,0,0.47332453789871265
2026-02-20,Ikeja,8,1,0.4919766936157174
2026-02-21,Ikeja,8,0,0.5118260329688857
2026-02-22,Ikeja,8,0,0.5034638135311036
2026-02-23,Ikeja,8,0,0.5688150909589529
2026-02-24,Ikeja,8,0,0.5380956540727284
2026-02-25,Ikeja,8,1,0.47296800608584083
2026-02-26,Ikeja,8,0,0.4987965954236134
2026-02-27,Ikeja,8,0,0.5687770976604769
2026-02-28,Ikeja,8,0,0.5251195707026445
2026-03-01,Ikeja,8,1,0.5180971511795484
2026-03-02,Ikeja,8,0,0.5554972414790863
2026-03-03,Ikeja,8,0,0.47875657615373113
2026-03-04,Ikeja,8,0,0.47852722186555624
2026-03-05,Ikeja,8,1,0.5184836583383691
2026-02-20,Ikeja,9,1,0.6428287889684166
2026-02-21,Ikeja,9,0,0.7369109047489245
2026-02-22,Ikeja,9,0,0.658437753888615
2026-02-23,Ikeja,9,0,0.5783807958053491
2026-02-24,Ikeja,9,0,0.5999115095140533
2026-02-25,Ikeja,9,1,0.573771199730142
2026-02-26,Ikeja,9,1,0.5784638589213548
2026-02-27,Ikeja,9,1,0.5485505369392009
2026-02-28,Ikeja,9,0,0.5564395960853459
2026-03-01,Ikeja,9,1,0.5891667788643086
2026-03-02,Ikeja,9,2,0.5984293595504699
2026-03-03,Ikeja,9,1,0.5572604364131535
2026-03-04,Ikeja,9,0,0.652578371988246
2026-03-05,Ikeja,9,0,0.6614476002088252
2026-02-20,Ikeja,10,1,0.7948902086795095
2026-02-21,Ikeja,10,2,0.8137357008978952
2026-02-22,Ikeja,10,0,0.8480159197885634
2026-02-23,Ikeja,10,1,0.9015341779594271
2026-02-24,Ikeja,10,3,0.9980658879779805
2026-02-25,Ikeja,10,1,0.7710128544754902
2026-02-26,Ikeja,10,2,0.9046438050442941
2026-02-27,Ikeja,10,1,0.7898401794592437
2026-02-28,Ikeja,10,0,0.8098044995410011
2026-03-01,Ikeja,10,0,0.8253710674995327
2026-03-02,Ikeja,10,0,0.8441807807382866
2026-03-03,Ikeja,10,1,0.811352029059908
2026-03-04,Ikeja,10,3,0.8692675358407229
2026-03-05,Ikeja,10,1,0.7298647253436767
2026-02-20,Ikeja,11,0,1.7761746016864164
2026-02-21,Ikeja,11,0,1.8478410515577368
2026-02-22,Ikeja,11,5,1.8182018059514695
2026-02-23,Ikeja,11,3,2.2788726663549785
2026-02-24,Ikeja,11,4,2.5120391661138552
2026-02-25,Ikeja,11,0,2.50307181144825
2026-02-26,Ikeja,11,0,2.6796674229848447
2026-02-27,Ikeja,11,1,1.9010877403990571
2026-02-28,Ikeja,11,1,2.175395909940503
2026-03-01,Ikeja,11,3,2.4696549040674083
2026-03-02,Ikeja,11,1,1.6644171303457478
2026-03-03,Ikeja,11,1,1.8007827904209368
2026-03-04,Ikeja,11,2,1.3453279863185428
2026-03-05,Ikeja,11,2,1.4032152549077426
2026-02-20,Ikeja,12,5,4.284024993070317
2026-02-21,Ikeja,12,7,4.010913563951696
2026-02-22,Ikeja,12,4,4.064450214544158
2026-02-23,Ikeja,12,5,5.025338359785138
2026-02-24,Ikeja,12,4,4.823935750848066
2026-02-25,Ikeja,12,5,4.384155379937957
2026-02-26,Ikeja,12,2,4.667436671049181
2026-02-27,Ikeja,12,3,4.554387652161389
2026-02-28,Ikeja,12,2,4.0969643356699335
2026-03-01,Ikeja,12,5,3.2748549849300894
2026-03-02,Ikeja,12,1,3.82094628383051
2026-03-03,Ikeja,12,6,4.131743165977605
2026-03-04,Ikeja,12,4,3.655603506235385
2026-03-05,Ikeja,12,0,4.163302168754737
2026-02-20,Ikeja,13,5,4.69425795784683
2026-02-21,Ikeja,13,2,4.2249365606979605
2026-02-22,Ikeja,13,5,3.7668455741502864
2026-02-23,Ikeja,13,7,5.099384904063356
2026-02-24,Ikeja,13,6,5.2954524373299146
2026-02-25,Ikeja,13,3,5.079870349318543
2026-02-26,Ikeja,13,4,4.888706946889016
2026-02-27,Ikeja,13,2,4.69425795784683
2026-02-28,Ikeja,13,5,4.1226568016255944
2026-03-01,Ikeja,13,1,3.8482894881210283
2026-03-02,Ikeja,13,7,4.690495819977176
2026-03-03,Ikeja,13,9,4.6908188569293845
2026-03-04,Ikeja,13,4,4.558991093648053
2026-03-05,Ikeja,13,3,4.754352680679865
2026-02-20,Ikeja,14,2,4.017971401849722
2026-02-21,Ikeja,14,7,3.0329772855912083
2026-02-22,Ikeja,14,2,3.3856778449224536
2026-02-23,Ikeja,14,6,4.307273364242193
2026-02-24,Ikeja,14,6,4.340183163901868
2026-02-25,Ikeja,14,4,4.4217045031051105
2026-02-26,Ikeja,14,2,4.138138126409449
2026-02-27,Ikeja,14,4,4.386563329124133
2026-02-28,Ikeja,14,9,3.6772156228155475
2026-03-01,Ikeja,14,6,3.149104758306513
2026-03-02,Ikeja,14,6,4.5085957093756
2026-03-03,Ikeja,14,4,4.828491577360257
2026-03-04,Ikeja,14,5,4.295189358636105
2026-03-05,Ikeja,14,4,5.0116806469126525
2026-02-20,Ikeja,15,1,1.8139258119393844
2026-02-21,Ikeja,15,3,1.9026508383848344
2026-02-22,Ikeja,15,3,1.9183340227248575
2026-02-23,Ikeja,15,2,2.010020936642891
2026-02-24,Ikeja,15,1,2.108031696091437
2026-02-25,Ikeja,15,2,1.9335502656315615
2026-02-26,Ikeja,15,0,2.067803780896137
2026-02-27,Ikeja,15,1,2.2261423107160563
2026-02-28,Ikeja,15,3,1.6640074987895006
2026-03-01,Ikeja,15,3,1.7683510928845092
2026-03-02,Ikeja,15,3,1.8648849456186307
2026-03-03,Ikeja,15,2,1.998093088844173
2026-03-04,Ikeja,15,4,2.083510825072778
2026-03-05,Ikeja,15,1,2.579742181068022
2026-02-20,Ikeja,16,1,1.755323580032298
2026-02-21,Ikeja,16,0,1.8202154729655442
2026-02-22,Ikeja,16,0,1.9216918931243572
2026-02-23,Ikeja,16,3,1.844537052228949
2026-02-24,Ikeja,16,3,1.764560199775057
2026-02-25,Ikeja,16,2,1.8787839172388383
2026-02-26,Ikeja,16,2,1.9845529867328522
2026-02-27,Ikeja,16,2,2.098027924068839
2026-02-28,Ikeja,16,0,1.6198960641054645
2026-03-01,Ikeja,16,2,1.6603676703484698
2026-03-02,Ikeja,16,1,2.289498945844904
2026-03-03,Ikeja,16,5,2.0420660149851373
2026-03-04,Ikeja,16,1,2.1956520168507647
2026-03-05,Ikeja,16,0,2.610470132810493
2026-02-20,Ikeja,17,2,3.342125869517491
2026-02-21,Ikeja,17,0,2.8174566476377465
2026-02-22,Ikeja,17,0,2.3741166606017274
2026-02-23,Ikeja,17,3,3.7946503197168595
2026-02-24,Ikeja,17,7,3.706763362418257
2026-02-25,Ikeja,17,3,3.5661335412802724
2026-02-26,Ikeja,17,2,3.2868614616588707
2026-02-27,Ikeja,17,2,3.411510220693214
2026-02-28,Ikeja,17,1,2.377604382391193
2026-03-01,Ikeja,17,1,1.9641947166758003
2026-03-02,Ikeja,17,4,3.9657666756258956
2026-03-03,Ikeja,17,1,3.5988850145075206
2026-03-04,Ikeja,17,4,2.4219718865090756
2026-03-05,Ikeja,17,7,2.9773637998476334
2026-02-20,Ikeja,18,3,4.718981485739856
2026-02-21,Ikeja,18,4,3.6134705733956385
2026-02-22,Ikeja,18,3,3.185596543364943
2026-02-23,Ikeja,18,8,5.074038866241232
2026-02-24,Ikeja,18,4,4.7528590998174955
2026-02-25,Ikeja,18,6,5.575389011073618
2026-02-26,Ikeja,18,3,5.511822910095744
2026-02-27,Ikeja,18,0,4.870379433360676
2026-02-28,Ikeja,18,6,3.2610085184245516
2026-03-01,Ikeja,18,4,3.0275436028054314
2026-03-02,Ikeja,18,4,4.739528783022605
2026-03-03,Ikeja,18,5,4.475553411009731
2026-03-04,Ikeja,18,8,4.924888299878802
2026-03-05,Ikeja,18,3,5.065627527241611
2026-02-20,Ikeja,19,6,5.411038024114677
2026-02-21,Ikeja,19,1,4.542764223374025
2026-02-22,Ikeja,19,6,4.260731879632687
2026-02-23,Ikeja,19,5,5.433192579981638
2026-02-24,Ikeja,19,5,5.56394901169923
2026-02-25,Ikeja,19,5,5.23398783729981
2026-02-26,Ikeja,19,6,6.357588865174866
2026-02-27,Ikeja,19,4,5.750731310250521
2026-02-28,Ikeja,19,3,4.740127607957619
2026-03-01,Ikeja,19,3,4.285273087965693
2026-03-02,Ikeja,19,2,5.0837350399853936
2026-03-03,Ikeja,19,8,6.243932194189593
2026-03-04,Ikeja,19,10,4.9335290110115455
2026-03-05,Ikeja,19,4,5.692191721656437
2026-02-20,Ikeja,20,4,5.034145338373013
2026-02-21,Ikeja,20,9,5.640031328997655
2026-02-22,Ikeja,20,9,4.290958318302174
2026-02-23,Ikeja,20,2,5.156158382966269
2026-02-24,Ikeja,20,4,5.265159260669184
2026-02-25,Ikeja,20,3,4.850842806477603
2026-02-26,Ikeja,20,5,5.5274487222971125
2026-02-27,Ikeja,20,6,5.0928100203085815
2026-02-28,Ikeja,20,5,5.573791119061791
2026-03-01,Ikeja,20,4,4.714696072795551
2026-03-02,Ikeja,20,7,5.259050843969393
2026-03-03,Ikeja,20,6,5.205221702987425
2026-03-04,Ikeja,20,3,5.230087420317633
2026-03-05,Ikeja,20,5,5.383409413562294
2026-02-20,Ikeja,21,2,3.1623644596358913
2026-02-21,Ikeja,21,8,4.386849818972926
2026-02-22,Ikeja,21,4,3.606350892332828
2026-02-23,Ikeja,21,3,3.221338294296332
2026-02-24,Ikeja,21,5,3.082851771938621
2026-02-25,Ikeja,21,7,3.3691217864337744
2026-02-26,Ikeja,21,4,3.741611278796826
2026-02-27,Ikeja,21,2,3.7974161469927195
2026-02-28,Ikeja,21,5,4.858510547855808
2026-03-01,Ikeja,21,9,4.781906865591583
2026-03-02,Ikeja,21,2,4.4375045566257985
2026-03-03,Ikeja,21,2,3.8092209300197184
2026-03-04,Ikeja,21,6,3.6805539873453648
2026-03-05,Ikeja,21,4,3.732658387787245
2026-02-20,Ikeja,22,2,2.216459022263294
2026-02-21,Ikeja,22,7,3.402892558329863
2026-02-22,Ikeja,22,1,4.193646005662506
2026-02-23,Ikeja,22,4,2.803545394980619
2026-02-24,Ikeja,22,4,2.8350293878256982
2026-02-25,Ikeja,22,2,2.696800336012617
2026-02-26,Ikeja,22,1,2.7621576822701406
2026-02-27,Ikeja,22,0,2.891274973310541
2026-02-28,Ikeja,22,3,4.131422923532692
2026-03-01,Ikeja,22,9,3.0815932836477398
2026-03-02,Ikeja,22,3,2.854852053006904
2026-03-03,Ikeja,22,3,2.7587749778032222
2026-03-04,Ikeja,22,4,2.6688221199084112
2026-03-05,Ikeja,22,3,2.6783262737006313
2026-02-20,Ikeja,23,1,2.105536688175564
2026-02-21,Ikeja,23,4,2.742977253443983
2026-02-22,Ikeja,23,4,3.357800246905304
2026-02-23,Ikeja,23,1,2.1743049187450927
2026-02-24,Ikeja,23,3,2.111727565444313
2026-02-25,Ikeja,23,0,1.7914759191399252
2026-02-26,Ikeja,23,0,2.2275037968471025
2026-02-27,Ikeja,23,3,2.1974647155044216
2026-02-28,Ikeja,23,2,2.728292271333505
2026-03-01,Ikeja,23,3,2.8236742412261213
2026-03-02,Ikeja,23,1,1.7756049109509244
2026-03-03,Ikeja,23,6,1.6733482494069276
2026-03-04,Ikeja,23,1,1.9364667494981358
2026-03-05,Ikeja,23,1,2.1763718620483896
2026-02-20,Ikoyi,0,0,0.5802031918513172
2026-02-21,Ikoyi,0,0,0.7074206264293047
2026-02-22,Ikoyi,0,0,0.6688105727681969
2026-02-23,Ikoyi,0,1,0.7384176743221389
2026-02-24,Ikoyi,0,3,0.6855656572650338
2026-02-25,Ikoyi,0,1,0.5594073369137096
2026-02-26,Ikoyi,0,0,0.6311927637235191
2026-02-27,Ikoyi,0,0,0.6800808671781885
2026-02-28,Ikoyi,0,0,0.7226758452445833
2026-03-01,Ikoyi,0,0,0.8026089049825467
2026-03-02,Ikoyi,0,0,0.6561547672454053
2026-03-03,Ikoyi,0,0,0.5651562669738736
2026-03-04,Ikoyi,0,1,0.6638549361819527
2026-03-05,Ikoyi,0,1,0.6506630084403511
2026-02-20,Ikoyi,1,0,0.5594683075546605
2026-02-21,Ikoyi,1,0,0.6096516306812916
2026-02-22,Ikoyi,1,0,0.622933455620118
2026-02-23,Ikoyi,1,0,0.6760628659472881
2026-02-24,Ikoyi,1,0,0.6060497080729691
2026-02-25,Ikoyi,1,2,0.5468744655311989
2026-02-26,Ikoyi,1,0,0.5857866151099368
2026-02-27,Ikoyi,1,0,0.6111259266646749
2026-02-28,Ikoyi,1,0,0.5639656998918177
2026-03-01,Ikoyi,1,1,0.5649325287338596
2026-03-02,Ikoyi,1,0,0.662254320814585
2026-03-03,Ikoyi,1,0,0.585432353407812
2026-03-04,Ikoyi,1,0,0.6410883399717517
2026-03-05,Ikoyi,1,0,0.6615013137370033
2026-02-20,Ikoyi,2,1,0.5609861987082622
2026-02-21,Ikoyi,2,2,0.5694064341711577
2026-02-22,Ikoyi,2,0,0.5742943703106674
2026-02-23,Ikoyi,2,0,0.7047575897057564
2026-02-24,Ikoyi,2,0,0.5914482681963236
2026-02-25,Ikoyi,2,1,0.5737466495330786
2026-02-26,Ikoyi,2,0,0.6011795045412859
2026-02-27,Ikoyi,2,0,0.6010124760657451
2026-02-28,Ikoyi,2,0,0.575975248078385
2026-03-01,Ikoyi,2,0,0.6427027478673896
2026-03-02,Ikoyi,2,0,0.7166987223929874
2026-03-03,Ikoyi,2,0,0.5795750351417237
2026-03-04,Ikoyi,2,0,0.6244485775722518
2026-03-05,Ikoyi,2,0,0.5764113380365002
2026-02-20,Ikoyi,3,0,0.5975121609088058
2026-02-21,Ikoyi,3,0,0.5874669827450336
2026-02-22,Ikoyi,3,1,0.6108892947467552
2026-02-23,Ikoyi,3,0,0.7171108070488745
2026-02-24,Ikoyi,3,0,0.6115317345420933
2026-02-25,Ikoyi,3,1,0.5740625605422442
2026-02-26,Ikoyi,3,1,0.5655441748322894
2026-02-27,Ikoyi,3,0,0.5558601199932809
2026-02-28,Ikoyi,3,2,0.5855510612412532
2026-03-01,Ikoyi,3,1,0.5861986183557568
2026-03-02,Ikoyi,3,0,0.6519095519350464
2026-03-03,Ikoyi,3,1,0.6349989294886625
2026-03-04,Ikoyi,3,0,0.5946128034228136
2026-03-05,Ikoyi,3,0,0.5938390142463824
2026-02-20,Ikoyi,4,0,0.5508939738050543
2026-02-21,Ikoyi,4,0,0.5773512127653904
2026-02-22,Ikoyi,4,0,0.5977088938534568
2026-02-23,Ikoyi,4,0,0.5852009009331507
2026-02-24,Ikoyi,4,1,0.651045620786457
2026-02-25,Ikoyi,4,0,0.5436962294398647
2026-02-26,Ikoyi,4,1,0.5996044994987688
2026-02-27,Ikoyi,4,0,0.5466706067445488
2026-02-28,Ikoyi,4,1,0.5650359097547845
2026-03-01,Ikoyi,4,1,0.5495352588366161
2026-03-02,Ikoyi,4,1,0.6017525186295607
2026-03-03,Ikoyi,4,0,0.5374900253157314
2026-03-04,Ikoyi,4,0,0.5741756639827611
2026-03-05,Ikoyi,4,1,0.5843132189197866
2026-02-20,Ikoyi,5,1,0.5590612382986675
2026-02-21,Ikoyi,5,2,0.550335936298955
2026-02-22,Ikoyi,5,0,0.599302023704997
2026-02-23,Ikoyi,5,1,0.7335526221755557
2026-02-24,Ikoyi,5,3,0.5694509848720128
2026-02-25,Ikoyi,5,0,0.5699688257783128
2026-02-26,Ikoyi,5,0,0.583714857636981
2026-02-27,Ikoyi,5,0,0.5984459460398469
2026-02-28,Ikoyi,5,1,0.5620659805950907
2026-03-01,Ikoyi,5,0,0.6014603241071035
2026-03-02,Ikoyi,5,2,0.6741794693275818
2026-03-03,Ikoyi,5,2,0.5434637515071971
2026-03-04,Ikoyi,5,2,0.6048555457574385
2026-03-05,Ikoyi,5,0,0.5997695050310121
2026-02-20,Ikoyi,6,0,0.6100541428724441
2026-02-21,Ikoyi,6,0,0.5735806574748311
2026-02-22,Ikoyi,6,2,0.6424959964741941
2026-02-23,Ikoyi,6,1,0.5515417335122555
2026-02-24,Ikoyi,6,0,0.5304466584741696
2026-02-25,Ikoyi,6,0,0.5601760724958883
2026-02-26,Ikoyi,6,1,0.5903801709738645
2026-02-27,Ikoyi,6,0,0.5551108063514146
2026-02-28,Ikoyi,6,0,0.5545696559569915
2026-03-01,Ikoyi,6,0,0.6032526655177869
2026-03-02,Ikoyi,6,1,0.661055711861436
2026-03-03,Ikoyi,6,0,0.5312534318591156
2026-03-04,Ikoyi,6,2,0.5752505334061161
2026-03-05,Ikoyi,6,1,0.5467800381520836
2026-02-20,Ikoyi,7,0,0.5566378314096373
2026-02-21,Ikoyi,7,0,0.5335014656341033
2026-02-22,Ikoyi,7,0,0.5799548214865831
2026-02-23,Ikoyi,7,0,0.5944848648343184
2026-02-24,Ikoyi,7,1,0.5310893976435102
2026-02-25,Ikoyi,7,0,0.5570960129138604
2026-02-26,Ikoyi,7,1,0.6317926618931319
2026-02-27,Ikoyi,7,0,0.5374747798763267
2026-02-28,Ikoyi,7,1,0.5502254368283473
2026-03-01,Ikoyi,7,0,0.5185643525786249
2026-03-02,Ikoyi,7,0,0.6161252012540018
2026-03-03,Ikoyi,7,1,0.5476350247270734
2026-03-04,Ikoyi,7,0,0.5266116549356398
2026-03-05,Ikoyi,7,0,0.5713916579250415
2026-02-20,Ikoyi,8,0,0.6121400660907269
2026-02-21,Ikoyi,8,1,0.5953101861564203
2026-02-22,Ikoyi,8,0,0.5223623258360884
2026-02-23,Ikoyi,8,0,0.6507085645226289
2026-02-24,Ikoyi,8,1,0.6188330063156662
2026-02-25,Ikoyi,8,1,0.5378663011933839
2026-02-26,Ikoyi,8,1,0.5386038045576118
2026-02-27,Ikoyi,8,0,0.5345434262620641
2026-02-28,Ikoyi,8,0,0.5246516553911117
2026-03-01,Ikoyi,8,0,0.5430121193959315
2026-03-02,Ikoyi,8,1,0.6287459484518925
2026-03-03,Ikoyi,8,0,0.5235233558927816
2026-03-04,Ikoyi,8,0,0.5876029952557599
2026-03-05,Ikoyi,8,0,0.5522399536828476
2026-02-20,Ikoyi,9,2,0.5835394864054448
2026-02-21,Ikoyi,9,0,0.5998467174796513
2026-02-22,Ikoyi,9,0,0.6145651498270749
2026-02-23,Ikoyi,9,0,0.789048592280304
2026-02-24,Ikoyi,9,1,0.6138929747165367
2026-02-25,Ikoyi,9,1,0.5987086518547141
2026-02-26,Ikoyi,9,1,0.6799069832857199
2026-02-27,Ikoyi,9,0,0.621280436933905
2026-02-28,Ikoyi,9,0,0.6035959018765471
2026-03-01,Ikoyi,9,1,0.6144825892073313
2026-03-02,Ikoyi,9,0,0.6545424844033468
2026-03-03,Ikoyi,9,2,0.601715525676749
2026-03-04,Ikoyi,9,2,0.6683662624922887
2026-03-05,Ikoyi,9,0,0.638403194962459
2026-02-20,Ikoyi,10,0,0.852558031646187
2026-02-21,Ikoyi,10,1,0.88932237180098
2026-02-22,Ikoyi,10,3,0.8501860334439224
2026-02-23,Ikoyi,10,1,0.9134443139996579
2026-02-24,Ikoyi,10,0,0.8909078700359674
2026-02-25,Ikoyi,10,0,0.8932690218893362
2026-02-26,Ikoyi,10,0,0.9871778837730294
2026-02-27,Ikoyi,10,2,0.8636564814367474
2026-02-28,Ikoyi,10,0,0.7993439075912091
2026-03-01,Ikoyi,10,2,1.0429953131952747
2026-03-02,Ikoyi,10,0,1.0558439896424763
2026-03-03,Ikoyi,10,0,0.8925676446997937
2026-03-04,Ikoyi,10,0,1.1674815772574698
2026-03-05,Ikoyi,10,0,0.9905856633448442
2026-02-20,Ikoyi,11,3,2.097785849837941
2026-02-21,Ikoyi,11,2,2.6390187039246666
2026-02-22,Ikoyi,11,2,2.787487509993526
2026-02-23,Ikoyi,11,1,3.0509174575433575
2026-02-24,Ikoyi,11,0,2.644778327722024
2026-02-25,Ikoyi,11,0,2.1943386297154603
2026-02-26,Ikoyi,11,3,1.7662505332498806
2026-02-27,Ikoyi,11,4,1.3902921235068948
2026-02-28,Ikoyi,11,1,1.73331456533273
2026-03-01,Ikoyi,11,1,1.9811278731026873
2026-03-02,Ikoyi,11,3,2.1816629178778904
2026-03-03,Ikoyi,11,1,1.7895531027200646
2026-03-04,Ikoyi,11,4,2.2196809636602515
2026-03-05,Ikoyi,11,2,2.6565981815081385
2026-02-20,Ikoyi,12,1,4.588663793696126
2026-02-21,Ikoyi,12,6,4.378783343012801
2026-02-22,Ikoyi,12,2,4.070031898574343
2026-02-23,Ikoyi,12,4,5.001090646089887
2026-02-24,Ikoyi,12,7,4.75979790716485
2026-02-25,Ikoyi,12,4,4.368470854626257
2026-02-26,Ikoyi,12,2,4.6188790202838055
2026-02-27,Ikoyi,12,1,4.367479837817263
2026-02-28,Ikoyi,12,3,3.7791662505835366
2026-03-01,Ikoyi,12,3,3.7379330304845793
2026-03-02,Ikoyi,12,4,4.2181918047777485
2026-03-03,Ikoyi,12,6,4.143361364928994
2026-03-04,Ikoyi,12,4,3.927705932444145
2026-03-05,Ikoyi,12,7,4.2967415058095595
2026-02-20,Ikoyi,13,6,5.054559029558905
2026-02-21,Ikoyi,13,5,4.804998474515069
2026-02-22,Ikoyi,13,1,3.8898305027420226
2026-02-23,Ikoyi,13,7,5.788475080905584
2026-02-24,Ikoyi,13,7,5.658092963598554
2026-02-25,Ikoyi,13,3,5.291496228506203
2026-02-26,Ikoyi,13,6,5.63594073232455
2026-02-27,Ikoyi,13,4,5.512451174823232
2026-02-28,Ikoyi,13,4,4.496657215302219
2026-03-01,Ikoyi,13,5,4.348339602680234
2026-03-02,Ikoyi,13,9,5.704400672263965
2026-03-03,Ikoyi,13,1,5.4008624854726195
2026-03-04,Ikoyi,13,5,5.05894374522594
2026-03-05,Ikoyi,13,5,5.65578184961636
2026-02-20,Ikoyi,14,3,4.611075390039988
2026-02-21,Ikoyi,14,4,4.14164890192118
2026-02-22,Ikoyi,14,3,3.9330820613556803
2026-02-23,Ikoyi,14,0,4.380144587245734
2026-02-24,Ikoyi,14,5,3.426860784120145
2026-02-25,Ikoyi,14,4,3.3187856790018015
2026-02-26,Ikoyi,14,8,3.585120838225036
2026-02-27,Ikoyi,14,0,3.7929245624409567
2026-02-28,Ikoyi,14,5,2.7987342876939802
2026-03-01,Ikoyi,14,7,2.8936299068032865
2026-03-02,Ikoyi,14,1,4.888021119208605
2026-03-03,Ikoyi,14,8,4.696475954282362
2026-03-04,Ikoyi,14,3,4.409628178911174
2026-03-05,Ikoyi,14,1,4.589262395625351
2026-02-20,Ikoyi,15,1,2.0196588486097213
2026-02-21,Ikoyi,15,2,2.1713314987548475
2026-02-22,Ikoyi,15,2,2.020807864863607
2026-02-23,Ikoyi,15,2,2.6739796070450135
2026-02-24,Ikoyi,15,3,2.628693802292309
2026-02-25,Ikoyi,15,2,2.9026322796524915
2026-02-26,Ikoyi,15,4,2.9647198466120273
2026-02-27,Ikoyi,15,2,3.180164311536704
2026-02-28,Ikoyi,15,2,2.5572509177093474
2026-03-01,Ikoyi,15,1,2.4788640316869848
2026-03-02,Ikoyi,15,1,3.4271995273812896
2026-03-03,Ikoyi,15,3,2.4641723334640733
2026-03-04,Ikoyi,15,4,2.4297888196198745
2026-03-05,Ikoyi,15,2,2.887017522450972
2026-02-20,Ikoyi,16,2,2.606835276727276
2026-02-21,Ikoyi,16,1,2.113037024971704
2026-02-22,Ikoyi,16,3,1.8367398275701088
2026-02-23,Ikoyi,16,1,2.3026061578236368
2026-02-24,Ikoyi,16,4,2.4626308482361905
2026-02-25,Ikoyi,16,3,2.101520419326834
2026-02-26,Ikoyi,16,3,3.0145581920878195
2026-02-27,Ikoyi,16,1,2.792954061796571
2026-02-28,Ikoyi,16,2,1.9899652452734218
2026-03-01,Ikoyi,16,3,2.0671789017456645
2026-03-02,Ikoyi,16,3,2.775174458557941
2026-03-03,Ikoyi,16,3,3.4696874687653767
2026-03-04,Ikoyi,16,2,3.1791440835455096
2026-03-05,Ikoyi,16,5,3.562800201634463
2026-02-20,Ikoyi,17,10,3.4331719380494725
2026-02-21,Ikoyi,17,2,3.2626183811153346
2026-02-22,Ikoyi,17,3,2.6492653248146
2026-02-23,Ikoyi,17,4,5.7411192748717195
2026-02-24,Ikoyi,17,4,5.2372909253691295
2026-02-25,Ikoyi,17,3,4.839794548728055
2026-02-26,Ikoyi,17,3,5.315314608560548
2026-02-27,Ikoyi,17,4,4.643187619027009
2026-02-28,Ikoyi,17,1,3.2902458175479445
2026-03-01,Ikoyi,17,4,2.3418162415460073
2026-03-02,Ikoyi,17,2,3.4930717144068866
2026-03-03,Ikoyi,17,4,3.4877222399998637
2026-03-04,Ikoyi,17,3,3.523382884753548
2026-03-05,Ikoyi,17,3,3.7712794456568095
2026-02-20,Ikoyi,18,4,5.23245211396747
2026-02-21,Ikoyi,18,7,4.34237705515588
2026-02-22,Ikoyi,18,2,3.4008124825221007
2026-02-23,Ikoyi,18,9,5.631794939284099
2026-02-24,Ikoyi,18,2,5.351518433185035
2026-02-25,Ikoyi,18,6,5.46743186585603
2026-02-26,Ikoyi,18,9,5.754886292886342
2026-02-27,Ikoyi,18,7,5.3719731136641125
2026-02-28,Ikoyi,18,2,3.9166967017247027
2026-03-01,Ikoyi,18,3,3.5214924345296197
2026-03-02,Ikoyi,18,4,5.258853046263556
2026-03-03,Ikoyi,18,6,5.768001189811075
2026-03-04,Ikoyi,18,8,5.393646808675518
2026-03-05,Ikoyi,18,2,5.764664109567574
2026-02-20,Ikoyi,19,7,6.147214460169464
2026-02-21,Ikoyi,19,4,6.132664109228497
2026-02-22,Ikoyi,19,1,4.535523244201328
2026-02-23,Ikoyi,19,6,6.566725302012564
2026-02-24,Ikoyi,19,4,6.3896567562347855
2026-02-25,Ikoyi,19,8,5.8741857084004305
2026-02-26,Ikoyi,19,4,6.4065764787972626
2026-02-27,Ikoyi,19,5,5.97400864845553
2026-02-28,Ikoyi,19,4,4.867472758083768
2026-03-01,Ikoyi,19,4,4.467773421281851
2026-03-02,Ikoyi,19,4,6.382876788516568
2026-03-03,Ikoyi,19,2,6.514119917101965
2026-03-04,Ikoyi,19,9,6.155536580800216
2026-03-05,Ikoyi,19,11,6.0634382246045915
2026-02-20,Ikoyi,20,4,5.2883520895992415
2026-02-21,Ikoyi,20,9,5.674919146736709
2026-02-22,Ikoyi,20,6,5.30029456976305
2026-02-23,Ikoyi,20,8,5.249090977342356
2026-02-24,Ikoyi,20,7,5.268295572914133
2026-02-25,Ikoyi,20,3,5.76026351752799
2026-02-26,Ikoyi,20,6,5.493178554324877
2026-02-27,Ikoyi,20,3,5.49525355735153
2026-02-28,Ikoyi,20,8,5.444314667558343
2026-03-01,Ikoyi,20,6,5.382568326931017
2026-03-02,Ikoyi,20,7,5.130447626214194
2026-03-03,Ikoyi,20,8,5.577182481687795
2026-03-04,Ikoyi,20,6,5.176139165099196
2026-03-05,Ikoyi,20,11,5.623502672331781
2026-02-20,Ikoyi,21,5,4.212976783714968
2026-02-21,Ikoyi,21,11,6.502258737880213
2026-02-22,Ikoyi,21,5,5.639660815526951
2026-02-23,Ikoyi,21,5,4.346415389002228
2026-02-24,Ikoyi,21,7,4.302311400207049
2026-02-25,Ikoyi,21,1,4.145852553095321
2026-02-26,Ikoyi,21,4,4.5180200125315
2026-02-27,Ikoyi,21,6,4.385918622274095
2026-02-28,Ikoyi,21,8,6.048976550119007
2026-03-01,Ikoyi,21,8,5.434303401355964
2026-03-02,Ikoyi,21,6,4.445366089500038
2026-03-03,Ikoyi,21,3,4.355923074114463
2026-03-04,Ikoyi,21,3,4.097032398629029
2026-03-05,Ikoyi,21,4,4.091038158588278
2026-02-20,Ikoyi,22,3,2.993202465834396
2026-02-21,Ikoyi,22,3,5.959618430496071
2026-02-22,Ikoyi,22,8,5.129801616100604
2026-02-23,Ikoyi,22,2,2.8430314661649967
2026-02-24,Ikoyi,22,3,2.752722747859614
2026-02-25,Ikoyi,22,5,2.7646809836350137
2026-02-26,Ikoyi,22,1,2.863986985607856
2026-02-27,Ikoyi,22,2,3.016754018923494
2026-02-28,Ikoyi,22,5,4.833787918720893
2026-03-01,Ikoyi,22,6,4.854749792225922
2026-03-02,Ikoyi,22,3,3.073488522325573
2026-03-03,Ikoyi,22,4,2.959304632396279
2026-03-04,Ikoyi,22,0,2.7331626829877176
2026-03-05,Ikoyi,22,2,2.7962701353825827
2026-02-20,Ikoyi,23,3,2.7347931319254273
2026-02-21,Ikoyi,23,0,4.453433794698688
2026-02-22,Ikoyi,23,2,3.8134986976705134
2026-02-23,Ikoyi,23,2,2.34096291541429
2026-02-24,Ikoyi,23,3,2.2288073524335834
2026-02-25,Ikoyi,23,2,2.057472201540172
2026-02-26,Ikoyi,23,5,2.5661312447603515
2026-02-27,Ikoyi,23,3,2.6986049347566645
2026-02-28,Ikoyi,23,8,2.9970684317852316
2026-03-01,Ikoyi,23,14,4.628904197004546
2026-03-02,Ikoyi,23,3,3.4507107228995775
2026-03-03,Ikoyi,23,3,3.301009261747353
2026-03-04,Ikoyi,23,4,2.98572442292931
2026-03-05,Ikoyi,23,1,3.428700073642341
2026-02-20,Lekki,0,1,1.016165746901705
2026-02-21,Lekki,0,2,1.0865321126820753
2026-02-22,Lekki,0,1,1.0689994652405261
2026-02-23,Lekki,0,2,1.231348425305715
2026-02-24,Lekki,0,2,1.2588581704849042
2026-02-25,Lekki,0,0,1.1966893638091447
2026-02-26,Lekki,0,1,1.2324303444830271
2026-02-27,Lekki,0,0,1.097260933142995
2026-02-28,Lekki,0,4,1.1125101049452595
2026-03-01,Lekki,0,0,1.4265396821828438
2026-03-02,Lekki,0,0,1.3209709934396623
2026-03-03,Lekki,0,1,1.1966853079460216
2026-03-04,Lekki,0,1,1.3130012461539649
2026-03-05,Lekki,0,0,1.2806549920847825
2026-02-20,Lekki,1,0,1.1787254499989976
2026-02-21,Lekki,1,0,1.1648942254656034
2026-02-22,Lekki,1,1,1.101644449559208
2026-02-23,Lekki,1,2,1.1684774832036675
2026-02-24,Lekki,1,2,1.0499761254085755
2026-02-25,Lekki,1,0,1.0584330385027152
2026-02-26,Lekki,1,2,1.287898010993802
2026-02-27,Lekki,1,2,1.1944202314128791
2026-02-28,Lekki,1,2,1.1758761708572834
2026-03-01,Lekki,1,0,1.1887398811628882
2026-03-02,Lekki,1,1,1.3449889932091017
2026-03-03,Lekki,1,3,1.088609434491351
2026-03-04,Lekki,1,0,1.383357144556292
2026-03-05,Lekki,1,1,1.2244093148217772
2026-02-20,Lekki,2,0,1.2081768570901266
2026-02-21,Lekki,2,1,1.0271956342892583
2026-02-22,Lekki,2,0,1.0485874337493528
2026-02-23,Lekki,2,1,1.2352089751771584
2026-02-24,Lekki,2,0,1.1437103600129974
2026-02-25,Lekki,2,1,1.185755623270598
2026-02-26,Lekki,2,1,1.1556169054149703
2026-02-27,Lekki,2,0,1.163615485415229
2026-02-28,Lekki,2,1,1.1062477447580013
2026-03-01,Lekki,2,2,0.9463769694068812
2026-03-02,Lekki,2,3,1.2252027250810569
2026-03-03,Lekki,2,2,1.2428540659229879
2026-03-04,Lekki,2,0,1.220557660493304
2026-03-05,Lekki,2,1,1.253313949501869
2026-02-20,Lekki,3,0,1.2621037838769495
2026-02-21,Lekki,3,3,1.1756162273596595
2026-02-22,Lekki,3,1,1.1490646758829675
2026-02-23,Lekki,3,1,1.4724021934025535
2026-02-24,Lekki,3,0,1.1569429326880087
2026-02-25,Lekki,3,1,1.1761544325095499
2026-02-26,Lekki,3,1,1.209930582803239
2026-02-27,Lekki,3,2,1.175480475770668
2026-02-28,Lekki,3,0,1.1645924153092315
2026-03-01,Lekki,3,1,0.9260822060873559
2026-03-02,Lekki,3,1,1.2206062114961653
2026-03-03,Lekki,3,1,1.1602936298144315
2026-03-04,Lekki,3,1,1.0379312545403114
2026-03-05,Lekki,3,1,1.0903492191116362
2026-02-20,Lekki,4,0,1.2663077521146866
2026-02-21,Lekki,4,1,1.1613173047672027
2026-02-22,Lekki,4,1,1.0302111419837858
2026-02-23,Lekki,4,1,1.137519837583053
2026-02-24,Lekki,4,1,1.189743992410444
2026-02-25,Lekki,4,1,1.2058443227397067
2026-02-26,Lekki,4,1,1.2372288382881917
2026-02-27,Lekki,4,0,1.2793143378494964
2026-02-28,Lekki,4,0,1.1423160231237908
2026-03-01,Lekki,4,0,0.9878569205252088
2026-03-02,Lekki,4,0,1.2120313416870714
2026-03-03,Lekki,4,3,1.1591309163846435
2026-03-04,Lekki,4,1,1.4081878522255453
2026-03-05,Lekki,4,0,1.3473699537605326
2026-02-20,Lekki,5,1,1.2641720573326813
2026-02-21,Lekki,5,2,1.4997330948235241
2026-02-22,Lekki,5,1,1.2100157383711434
2026-02-23,Lekki,5,1,1.2323604283631353
2026-02-24,Lekki,5,3,1.0655357789875552
2026-02-25,Lekki,5,0,1.3795273983938292
2026-02-26,Lekki,5,1,1.3130253573703006
2026-02-27,Lekki,5,1,1.3161430882712561
2026-02-28,Lekki,5,1,1.234741169622004
2026-03-01,Lekki,5,1,0.9936732292640473
2026-03-02,Lekki,5,4,1.2490531381949863
2026-03-03,Lekki,5,3,1.1638935495108187
2026-03-04,Lekki,5,1,1.582393971122324
2026-03-05,Lekki,5,1,1.3656554648414756
2026-02-20,Lekki,6,2,1.3650660955908815
2026-02-21,Lekki,6,0,1.2009857343656773
2026-02-22,Lekki,6,3,1.0469966605609646
2026-02-23,Lekki,6,0,1.5663294425467427
2026-02-24,Lekki,6,1,1.1980911460220292
2026-02-25,Lekki,6,1,1.258244628788112
2026-02-26,Lekki,6,0,1.1152980390211538
2026-02-27,Lekki,6,1,1.269013111662187
2026-02-28,Lekki,6,0,1.218053862691712
2026-03-01,Lekki,6,1,1.0380418047258135
2026-03-02,Lekki,6,2,1.1030755418233888
2026-03-03,Lekki,6,0,1.1081497558441251
2026-03-04,Lekki,6,1,1.1078171611487824
2026-03-05,Lekki,6,1,1.157852622385168
2026-02-20,Lekki,7,0,1.502345551607591
2026-02-21,Lekki,7,2,1.1570392529093527
2026-02-22,Lekki,7,1,1.0654222706553542
2026-02-23,Lekki,7,0,1.3344074906590955
2026-02-24,Lekki,7,0,1.1481486051005518
2026-02-25,Lekki,7,0,1.2349159412665156
2026-02-26,Lekki,7,3,1.1154034656607936
2026-02-27,Lekki,7,2,1.415756036003697
2026-02-28,Lekki,7,4,1.1527458056200024
2026-03-01,Lekki,7,1,1.5316087956309266
2026-03-02,Lekki,7,3,1.4290800702952058
2026-03-03,Lekki,7,0,1.1929937666940549
2026-03-04,Lekki,7,0,1.3814466727964987
2026-03-05,Lekki,7,4,1.3596421399936227
2026-02-20,Lekki,8,0,1.2278439290360865
2026-02-21,Lekki,8,1,1.163191146204267
2026-02-22,Lekki,8,1,0.9399339707797406
2026-02-23,Lekki,8,2,1.0886553992200356
2026-02-24,Lekki,8,2,1.0744969419475545
2026-02-25,Lekki,8,2,1.1206536068171835
2026-02-26,Lekki,8,3,1.184135920004915
2026-02-27,Lekki,8,2,1.4721507408706391
2026-02-28,Lekki,8,2,1.0516532368104856
2026-03-01,Lekki,8,1,1.0392797296354561
2026-03-02,Lekki,8,0,1.1926723239057906
2026-03-03,Lekki,8,1,1.1509912661955943
2026-03-04,Lekki,8,1,1.150999325189684
2026-03-05,Lekki,8,3,1.1976895649628458
2026-02-20,Lekki,9,2,1.1639252893077219
2026-02-21,Lekki,9,0,1.1358101165829275
2026-02-22,Lekki,9,1,1.078288036346884
2026-02-23,Lekki,9,0,1.0970306133064358
2026-02-24,Lekki,9,2,1.236465397167854
2026-02-25,Lekki,9,0,1.1740542424260805
2026-02-26,Lekki,9,1,1.2837364730283107
2026-02-27,Lekki,9,1,1.21460647971029
2026-02-28,Lekki,9,1,1.2459982479397067
2026-03-01,Lekki,9,2,1.0030596652468866
2026-03-02,Lekki,9,0,1.2467678102083
2026-03-03,Lekki,9,0,1.1940575966075886
2026-03-04,Lekki,9,0,1.2279105002281652
2026-03-05,Lekki,9,2,1.2742485867807347
2026-02-20,Lekki,10,1,2.3247624897098382
2026-02-21,Lekki,10,1,1.8039599908875155
2026-02-22,Lekki,10,2,1.5758679110187022
2026-02-23,Lekki,10,3,1.5287927131448464
2026-02-24,Lekki,10,1,1.6666805732159602
2026-02-25,Lekki,10,1,1.6706118709565134
2026-02-26,Lekki,10,1,1.663468930790235
2026-02-27,Lekki,10,0,1.4761636991051776
2026-02-28,Lekki,10,4,1.5479632993254289
2026-03-01,Lekki,10,2,1.710965376404663
2026-03-02,Lekki,10,1,1.574891635630843
2026-03-03,Lekki,10,1,1.4115361035182623
2026-03-04,Lekki,10,0,1.752674922879277
2026-03-05,Lekki,10,4,1.736465313132442
2026-02-20,Lekki,11,11,4.23969621297531
2026-02-21,Lekki,11,4,4.278012423455476
2026-02-22,Lekki,11,5,4.3738570308308535
2026-02-23,Lekki,11,4,5.16839969165579
2026-02-24,Lekki,11,7,4.958833706248225
2026-02-25,Lekki,11,7,4.964338322264364
2026-02-26,Lekki,11,4,6.101207128921841
2026-02-27,Lekki,11,3,5.400418215430776
2026-02-28,Lekki,11,3,3.92368444130875
2026-03-01,Lekki,11,3,4.297696540429434
2026-03-02,Lekki,11,3,4.200770070402467
2026-03-03,Lekki,11,8,4.215934991948661
2026-03-04,Lekki,11,3,4.189119490995782
2026-03-05,Lekki,11,8,4.0809061218116955
2026-02-20,Lekki,12,11,7.7461070347268395
2026-02-21,Lekki,12,13,7.042877223706728
2026-02-22,Lekki,12,11,7.861789542002287
2026-02-23,Lekki,12,15,9.805589603088288
2026-02-24,Lekki,12,14,9.131388469517114
2026-02-25,Lekki,12,7,9.294890569890162
2026-02-26,Lekki,12,9,10.830446305850055
2026-02-27,Lekki,12,10,9.956086697388024
2026-02-28,Lekki,12,10,9.98610614031495
2026-03-01,Lekki,12,10,9.38109674288577
2026-03-02,Lekki,12,7,10.26845666598311
2026-03-03,Lekki,12,11,11.573577776512412
2026-03-04,Lekki,12,9,8.331228888930559
2026-03-05,Lekki,12,8,9.215692979905205
2026-02-20,Lekki,13,16,11.709668860571233
2026-02-21,Lekki,13,17,11.713502425914387
2026-02-22,Lekki,13,11,11.51799594598243
2026-02-23,Lekki,13,12,13.111556033660007
2026-02-24,Lekki,13,18,12.667004895132981
2026-02-25,Lekki,13,14,12.128406109480865
2026-02-26,Lekki,13,6,11.706610290345091
2026-02-27,Lekki,13,14,11.771556541062822
2026-02-28,Lekki,13,5,11.267115679822737
2026-03-01,Lekki,13,11,10.172796904613943
2026-03-02,Lekki,13,6,11.059016918919593
2026-03-03,Lekki,13,11,12.339537389034273
2026-03-04,Lekki,13,19,10.913266991644136
2026-03-05,Lekki,13,15,9.839320983890785
2026-02-20,Lekki,14,7,9.700375942577333
2026-02-21,Lekki,14,6,9.212645707183947
2026-02-22,Lekki,14,7,9.9346816783847
2026-02-23,Lekki,14,11,9.986709519171452
2026-02-24,Lekki,14,11,9.923078949771572
2026-02-25,Lekki,14,6,10.563703904901228
2026-02-26,Lekki,14,9,8.359256216966566
2026-02-27,Lekki,14,8,7.789786846788183
2026-02-28,Lekki,14,11,7.627970004141112
2026-03-01,Lekki,14,12,7.79859798268332
2026-03-02,Lekki,14,14,9.987108272989238
2026-03-03,Lekki,14,8,11.78970836509627
2026-03-04,Lekki,14,4,9.95601436781262
2026-03-05,Lekki,14,12,10.226917853139444
2026-02-20,Lekki,15,3,5.746236269602752
2026-02-21,Lekki,15,6,5.440317359236598
2026-02-22,Lekki,15,7,4.475419846765549
2026-02-23,Lekki,15,3,6.819704377207658
2026-02-24,Lekki,15,8,5.354247834086602
2026-02-25,Lekki,15,3,5.9780753161969145
2026-02-26,Lekki,15,4,6.273292529931728
2026-02-27,Lekki,15,6,5.27856412937391
2026-02-28,Lekki,15,1,3.9791453893170177
2026-03-01,Lekki,15,6,3.449556412953874
2026-03-02,Lekki,15,6,4.895496896266782
2026-03-03,Lekki,15,2,5.770874776140831
2026-03-04,Lekki,15,4,4.643495351032606
2026-03-05,Lekki,15,5,4.701288219723281
2026-02-20,Lekki,16,5,3.515954725602337
2026-02-21,Lekki,16,3,2.711926835724769
2026-02-22,Lekki,16,2,3.005289259182389
2026-02-23,Lekki,16,7,3.736489974504249
2026-02-24,Lekki,16,8,4.025342363038477
2026-02-25,Lekki,16,4,5.108678060163759
2026-02-26,Lekki,16,3,5.372537371357296
2026-02-27,Lekki,16,8,4.553191251844102
2026-02-28,Lekki,16,1,3.908263661758926
2026-03-01,Lekki,16,2,3.3987923287015533
2026-03-02,Lekki,16,5,5.517008471627868
2026-03-03,Lekki,16,3,5.356905928822893
2026-03-04,Lekki,16,7,3.6462838452970447
2026-03-05,Lekki,16,7,4.992572170483173
2026-02-20,Lekki,17,10,6.8654072725564
2026-02-21,Lekki,17,6,4.964477817737706
2026-02-22,Lekki,17,4,5.096904612050377
2026-02-23,Lekki,17,10,8.51388464814111
2026-02-24,Lekki,17,4,7.207187908378254
2026-02-25,Lekki,17,10,6.899648450080939
2026-02-26,Lekki,17,11,8.041161948354015
2026-02-27,Lekki,17,3,8.821321299457281
2026-02-28,Lekki,17,3,4.854412131263268
2026-03-01,Lekki,17,7,4.381295823773728
2026-03-02,Lekki,17,9,8.111733880355926
2026-03-03,Lekki,17,7,7.509368172848152
2026-03-04,Lekki,17,15,8.549836539740568
2026-03-05,Lekki,17,6,9.216004073802189
2026-02-20,Lekki,18,9,10.692288378948895
2026-02-21,Lekki,18,4,9.3280474186185
2026-02-22,Lekki,18,9,8.477166616103423
2026-02-23,Lekki,18,16,13.253878639265828
2026-02-24,Lekki,18,11,11.888376434277824
2026-02-25,Lekki,18,12,13.133509080669809
2026-02-26,Lekki,18,9,13.033435429631963
2026-02-27,Lekki,18,10,10.963051846713736
2026-02-28,Lekki,18,7,9.025466154919046
2026-03-01,Lekki,18,6,8.549406897167795
2026-03-02,Lekki,18,13,12.795430007307543
2026-03-03,Lekki,18,15,11.990657367357057
2026-03-04,Lekki,18,15,11.446296599580752
2026-03-05,Lekki,18,7,11.654646264039947
2026-02-20,Lekki,19,15,11.74048679904784
2026-02-21,Lekki,19,11,10.562287773353656
2026-02-22,Lekki,19,14,10.522769138482635
2026-02-23,Lekki,19,9,11.468068521060825
2026-02-24,Lekki,19,12,12.489561770928002
2026-02-25,Lekki,19,22,12.14869600217396
2026-02-26,Lekki,19,15,13.362003975426719
2026-02-27,Lekki,19,18,13.06320964599234
2026-02-28,Lekki,19,12,10.83065218381793
2026-03-01,Lekki,19,17,11.639926878542811
2026-03-02,Lekki,19,20,13.2572177392072
2026-03-03,Lekki,19,19,13.04338634212605
2026-03-04,Lekki,19,17,12.77689781649415
2026-03-05,Lekki,19,13,12.813507089229846
2026-02-20,Lekki,20,12,10.638817224320679
2026-02-21,Lekki,20,15,12.236903712156115
2026-02-22,Lekki,20,10,11.098336324649194
2026-02-23,Lekki,20,12,11.282971605994588
2026-02-24,Lekki,20,10,10.881554781254444
2026-02-25,Lekki,20,11,10.729756375268215
2026-02-26,Lekki,20,13,10.882834224664933
2026-02-27,Lekki,20,10,10.545968637403488
2026-02-28,Lekki,20,11,10.341415428496697
2026-03-01,Lekki,20,11,10.385760052177512
2026-03-02,Lekki,20,14,10.003670749081554
2026-03-03,Lekki,20,14,11.077351315419131
2026-03-04,Lekki,20,11,10.718828612562175
2026-03-05,Lekki,20,8,11.812783859068512
2026-02-20,Lekki,21,6,9.769349443267894
2026-02-21,Lekki,21,17,11.74187139989363
2026-02-22,Lekki,21,18,11.400096930052564
2026-02-23,Lekki,21,9,8.999585614660386
2026-02-24,Lekki,21,10,9.370187554105321
2026-02-25,Lekki,21,6,9.610454303602802
2026-02-26,Lekki,21,2,9.354886207263315
2026-02-27,Lekki,21,12,8.826391893674016
2026-02-28,Lekki,21,10,11.561448886374691
2026-03-01,Lekki,21,14,11.560753717135023
2026-03-02,Lekki,21,7,7.487836662069054
2026-03-03,Lekki,21,13,8.356219518869969
2026-03-04,Lekki,21,4,7.880838782474921
2026-03-05,Lekki,21,9,7.039051723652668
2026-02-20,Lekki,22,6,8.215778809215891
2026-02-21,Lekki,22,15,10.83297530324071
2026-02-22,Lekki,22,11,11.235776138496783
2026-02-23,Lekki,22,3,8.04849101329214
2026-02-24,Lekki,22,10,6.032530859435098
2026-02-25,Lekki,22,8,6.551742228816323
2026-02-26,Lekki,22,3,6.588396458726066
2026-02-27,Lekki,22,9,5.971494126077902
2026-02-28,Lekki,22,13,9.300210825178132
2026-03-01,Lekki,22,15,9.576329545465736
2026-03-02,Lekki,22,10,6.0364890574110905
2026-03-03,Lekki,22,9,8.780013732344578
2026-03-04,Lekki,22,1,7.6733108126380545
2026-03-05,Lekki,22,7,6.0919999913282386
2026-02-20,Lekki,23,1,4.505403188112551
2026-02-21,Lekki,23,8,7.605706294776293
2026-02-22,Lekki,23,10,7.82852716345347
2026-02-23,Lekki,23,6,4.93076072814505
2026-02-24,Lekki,23,5,4.8070527166862576
2026-02-25,Lekki,23,6,4.421242132244753
2026-02-26,Lekki,23,1,5.394551772923395
2026-02-27,Lekki,23,4,4.7537742413104995
2026-02-28,Lekki,23,7,6.744165581033459
2026-03-01,Lekki,23,7,8.579726814135258
2026-03-02,Lekki,23,9,4.773713093297852
2026-03-03,Lekki,23,5,4.431060762603502
2026-03-04,Lekki,23,5,4.743738986304552
2026-03-05,Lekki,23,4,4.840238486100299
2026-02-20,Ojota,0,0,0.7822833251625435
2026-02-21,Ojota,0,0,0.8662156123693573
2026-02-22,Ojota,0,2,0.8650415269713393
2026-02-23,Ojota,0,0,0.845735520567756
2026-02-24,Ojota,0,1,0.840700993270416
2026-02-25,Ojota,0,0,0.7221893675520862
2026-02-26,Ojota,0,1,0.8420073461442639
2026-02-27,Ojota,0,0,0.8879973224897688
2026-02-28,Ojota,0,1,0.8047819490585052
2026-03-01,Ojota,0,2,0.7678520226518616
2026-03-02,Ojota,0,0,0.8413044799617724
2026-03-03,Ojota,0,0,0.741057059830304
2026-03-04,Ojota,0,1,0.9025753890725395
2026-03-05,Ojota,0,0,0.7968657376476683
2026-02-20,Ojota,1,0,0.7484851990088525
2026-02-21,Ojota,1,2,0.7526866045998674
2026-02-22,Ojota,1,1,0.8405362554819368
2026-02-23,Ojota,1,1,0.7970284425845852
2026-02-24,Ojota,1,0,0.7351439506847065
2026-02-25,Ojota,1,1,0.7368703400187838
2026-02-26,Ojota,1,1,0.7113049774779568
2026-02-27,Ojota,1,1,0.7855363894159159
2026-02-28,Ojota,1,1,0.6991986453970898
2026-03-01,Ojota,1,1,0.7280900076667816
2026-03-02,Ojota,1,4,0.7666320133171651
2026-03-03,Ojota,1,1,0.7148986496924058
2026-03-04,Ojota,1,1,0.7750258950648117
2026-03-05,Ojota,1,0,0.7830533140464833
2026-02-20,Ojota,2,0,0.7689142543456985
2026-02-21,Ojota,2,1,0.7112700480255342
2026-02-22,Ojota,2,1,0.699700640442992
2026-02-23,Ojota,2,1,0.8946071924446821
2026-02-24,Ojota,2,0,0.7693856545801873
2026-02-25,Ojota,2,3,0.7513340691657305
2026-02-26,Ojota,2,0,0.7167156728276947
2026-02-27,Ojota,2,0,0.7152140657907927
2026-02-28,Ojota,2,0,0.6913416499864602
2026-03-01,Ojota,2,2,0.7886153844137997
2026-03-02,Ojota,2,0,0.8935763076895475
2026-03-03,Ojota,2,0,0.7291418364733779
2026-03-04,Ojota,2,2,0.6899925384966558
2026-03-05,Ojota,2,2,0.7467252434932017
2026-02-20,Ojota,3,1,0.7300188058560682
2026-02-21,Ojota,3,1,0.7244721092179451
2026-02-22,Ojota,3,1,0.7617387423106584
2026-02-23,Ojota,3,1,0.7585916363699396
2026-02-24,Ojota,3,0,0.7509054434064711
2026-02-25,Ojota,3,1,0.7578645536547698
2026-02-26,Ojota,3,0,0.7014330493561282
2026-02-27,Ojota,3,0,0.7968005936125212
2026-02-28,Ojota,3,1,0.7200625924569103
2026-03-01,Ojota,3,0,0.6999921315066776
2026-03-02,Ojota,3,1,0.8369146465962767
2026-03-03,Ojota,3,1,0.7489386761507427
2026-03-04,Ojota,3,0,0.7467173565265823
2026-03-05,Ojota,3,1,0.7987947513094852
2026-02-20,Ojota,4,2,0.740534224854032
2026-02-21,Ojota,4,1,0.7213861657679719
2026-02-22,Ojota,4,2,0.709243411342548
2026-02-23,Ojota,4,2,0.8866561958334804
2026-02-24,Ojota,4,2,0.7354598664518328
2026-02-25,Ojota,4,1,0.7851652292043576
2026-02-26,Ojota,4,1,0.898297792333059
2026-02-27,Ojota,4,1,0.8589347302954509
2026-02-28,Ojota,4,1,0.7410738460017076
2026-03-01,Ojota,4,0,0.734900334255095
2026-03-02,Ojota,4,0,0.838747155267847
2026-03-03,Ojota,4,1,0.7505009356392475
2026-03-04,Ojota,4,1,0.7408291617885301
2026-03-05,Ojota,4,0,0.7599699081297225
2026-02-20,Ojota,5,0,0.7375583655250069
2026-02-21,Ojota,5,0,0.7451943989034276
2026-02-22,Ojota,5,0,0.7211625327003418
2026-02-23,Ojota,5,1,0.8607275469589579
2026-02-24,Ojota,5,2,0.7693514729272968
2026-02-25,Ojota,5,0,0.7462761733243852
2026-02-26,Ojota,5,2,0.801581965558523
2026-02-27,Ojota,5,0,0.7556759711080423
2026-02-28,Ojota,5,1,0.753116815391842
2026-03-01,Ojota,5,2,0.7363616973396255
2026-03-02,Ojota,5,0,0.9439198217128418
2026-03-03,Ojota,5,1,0.763378346143989
2026-03-04,Ojota,5,1,0.7364996958955244
2026-03-05,Ojota,5,0,0.7477711920557124
2026-02-20,Ojota,6,3,0.7130328889841352
2026-02-21,Ojota,6,2,0.7186090454368737
2026-02-22,Ojota,6,0,0.8085650415941354
2026-02-23,Ojota,6,0,0.8091491727055239
2026-02-24,Ojota,6,0,0.7819319075832581
2026-02-25,Ojota,6,1,0.7634833892744595
2026-02-26,Ojota,6,4,0.7114544833846347
2026-02-27,Ojota,6,0,0.7707879657361559
2026-02-28,Ojota,6,0,0.7561272739817279
2026-03-01,Ojota,6,0,0.7670410167448194
2026-03-02,Ojota,6,4,0.9294355719515106
2026-03-03,Ojota,6,0,0.7937991991475756
2026-03-04,Ojota,6,0,0.8268706123995976
2026-03-05,Ojota,6,0,0.7829318416288077
2026-02-20,Ojota,7,0,0.7291545543365855
2026-02-21,Ojota,7,1,0.8054308631055882
2026-02-22,Ojota,7,2,0.7226562074337591
2026-02-23,Ojota,7,1,0.8950095598581941
2026-02-24,Ojota,7,0,0.7692854720395691
2026-02-25,Ojota,7,1,0.8066449958371167
2026-02-26,Ojota,7,0,0.782880180519624
2026-02-27,Ojota,7,0,0.7338030224621336
2026-02-28,Ojota,7,1,0.7072324911784941
2026-03-01,Ojota,7,1,0.7285970191940457
2026-03-02,Ojota,7,0,0.7618287772023851
2026-03-03,Ojota,7,1,0.7698214039158572
2026-03-04,Ojota,7,0,0.8059785791754441
2026-03-05,Ojota,7,0,0.7997071117427428
2026-02-20,Ojota,8,1,1.026267233687946
2026-02-21,Ojota,8,0,1.080852648377144
2026-02-22,Ojota,8,0,0.8536574513155611
2026-02-23,Ojota,8,0,0.8565845440842639
2026-02-24,Ojota,8,1,0.772858986419681
2026-02-25,Ojota,8,4,0.739096487717384
2026-02-26,Ojota,8,0,0.7553750242713981
2026-02-27,Ojota,8,1,0.7647961490702205
2026-02-28,Ojota,8,1,0.7574892478920005
2026-03-01,Ojota,8,3,0.7602461059576459
2026-03-02,Ojota,8,3,1.00827254630071
2026-03-03,Ojota,8,0,0.9885458038694227
2026-03-04,Ojota,8,2,0.9133932326867297
2026-03-05,Ojota,8,1,0.7956081121316093
2026-02-20,Ojota,9,0,0.7312034863534194
2026-02-21,Ojota,9,1,0.8373341676265694
2026-02-22,Ojota,9,3,0.731851206973914
2026-02-23,Ojota,9,0,0.8235054883564276
2026-02-24,Ojota,9,0,0.7518482576384392
2026-02-25,Ojota,9,0,0.7246924998574598
2026-02-26,Ojota,9,1,0.7994655926684765
2026-02-27,Ojota,9,0,0.8311367685761225
2026-02-28,Ojota,9,2,0.731146588975617
2026-03-01,Ojota,9,1,0.7207595205852295
2026-03-02,Ojota,9,0,0.8383567631056971
2026-03-03,Ojota,9,1,0.8346564611340651
2026-03-04,Ojota,9,1,0.794534850396312
2026-03-05,Ojota,9,0,0.7520985536320052
2026-02-20,Ojota,10,1,1.109625300995839
2026-02-21,Ojota,10,0,1.1064597234810927
2026-02-22,Ojota,10,1,1.008584381553326
2026-02-23,Ojota,10,1,1.3129865038696207
2026-02-24,Ojota,10,1,1.136131127594983
2026-02-25,Ojota,10,2,1.1316871276396112
2026-02-26,Ojota,10,0,1.1093335039659993
2026-02-27,Ojota,10,1,0.9915340223245874
2026-02-28,Ojota,10,0,0.9739850946034647
2026-03-01,Ojota,10,1,1.1244049399080303
2026-03-02,Ojota,10,1,1.3564356406407763
2026-03-03,Ojota,10,0,1.1195540750472137
2026-03-04,Ojota,10,2,1.1693456558128323
2026-03-05,Ojota,10,0,1.145312738293939
2026-02-20,Ojota,11,2,2.8530573465730975
2026-02-21,Ojota,11,3,2.8319121305954402
2026-02-22,Ojota,11,5,2.703656590671504
2026-02-23,Ojota,11,3,3.1715169430232875
2026-02-24,Ojota,11,2,2.855029534410983
2026-02-25,Ojota,11,2,2.9555817605809587
2026-02-26,Ojota,11,5,2.940185604778237
2026-02-27,Ojota,11,0,2.655277412253228
2026-02-28,Ojota,11,3,2.8364821175892603
2026-03-01,Ojota,11,4,2.6575247316795263
2026-03-02,Ojota,11,2,3.064235504336744
2026-03-03,Ojota,11,4,2.9323936651770928
2026-03-04,Ojota,11,2,2.9883018064855666
2026-03-05,Ojota,11,2,3.289660247906696
2026-02-20,Ojota,12,3,5.9744074513936845
2026-02-21,Ojota,12,7,6.355365406493484
2026-02-22,Ojota,12,4,6.008674686042771
2026-02-23,Ojota,12,6,6.012474549681623
2026-02-24,Ojota,12,3,5.872489827189751
2026-02-25,Ojota,12,5,5.1293330543497095
2026-02-26,Ojota,12,6,5.81441782169429
2026-02-27,Ojota,12,4,6.03868859135554
2026-02-28,Ojota,12,11,5.132594166964636
2026-03-01,Ojota,12,1,4.612295097228607
2026-03-02,Ojota,12,5,5.654162531864232
2026-03-03,Ojota,12,3,5.4224812555580995
2026-03-04,Ojota,12,6,5.065515340473538
2026-03-05,Ojota,12,6,5.7649263879302
2026-02-20,Ojota,13,9,6.545934186173094
2026-02-21,Ojota,13,8,7.053772078655198
2026-02-22,Ojota,13,7,6.983133656265203
2026-02-23,Ojota,13,6,7.087277181932497
2026-02-24,Ojota,13,13,7.591534424284823
2026-02-25,Ojota,13,7,7.918715112453386
2026-02-26,Ojota,13,7,7.792772746358691
2026-02-27,Ojota,13,8,7.467065932147511
2026-02-28,Ojota,13,5,6.722125658816913
2026-03-01,Ojota,13,5,6.5445577871428995
2026-03-02,Ojota,13,4,7.508395075072072
2026-03-03,Ojota,13,8,7.565323512772819
2026-03-04,Ojota,13,5,6.4633184367887235
2026-03-05,Ojota,13,1,7.439615817016499
2026-02-20,Ojota,14,9,4.923753363948363
2026-02-21,Ojota,14,9,4.92472874071599
2026-02-22,Ojota,14,3,4.503920777613377
2026-02-23,Ojota,14,4,6.409116507901241
2026-02-24,Ojota,14,4,6.166043843522311
2026-02-25,Ojota,14,7,5.32208977897821
2026-02-26,Ojota,14,6,6.2242666862450395
2026-02-27,Ojota,14,5,6.156548145739466
2026-02-28,Ojota,14,7,4.735700692986441
2026-03-01,Ojota,14,7,4.57201880578581
2026-03-02,Ojota,14,4,6.163686642690335
2026-03-03,Ojota,14,2,6.259164790711425
2026-03-04,Ojota,14,7,5.877736467421438
2026-03-05,Ojota,14,2,6.321755355316502
2026-02-20,Ojota,15,2,3.9716907601927947
2026-02-21,Ojota,15,5,2.6028660762799616
2026-02-22,Ojota,15,3,2.777707332859221
2026-02-23,Ojota,15,1,3.0843215267552964
2026-02-24,Ojota,15,5,3.3022031133482233
2026-02-25,Ojota,15,5,3.0143326142206908
2026-02-26,Ojota,15,4,3.7278041499981702
2026-02-27,Ojota,15,4,3.4093456397477793
2026-02-28,Ojota,15,1,2.686443997658225
2026-03-01,Ojota,15,4,2.5494939661054783
2026-03-02,Ojota,15,5,3.1444810637247236
2026-03-03,Ojota,15,3,4.50751267745476
2026-03-04,Ojota,15,6,2.962158820193222
2026-03-05,Ojota,15,3,3.8064537719213707
2026-02-20,Ojota,16,2,3.8535265940446477
2026-02-21,Ojota,16,1,2.6088868620482457
2026-02-22,Ojota,16,2,2.211782261616678
2026-02-23,Ojota,16,3,3.2247817170931308
2026-02-24,Ojota,16,5,3.0344537508643143
2026-02-25,Ojota,16,1,3.0435934496382213
2026-02-26,Ojota,16,4,3.4809553875076418
2026-02-27,Ojota,16,0,3.0579245288663985
2026-02-28,Ojota,16,1,2.0925734568888825
2026-03-01,Ojota,16,2,2.357690739231514
2026-03-02,Ojota,16,0,3.104768648299786
2026-03-03,Ojota,16,1,2.577702822188274
2026-03-04,Ojota,16,2,2.41886324016685
2026-03-05,Ojota,16,4,2.440931398376446
2026-02-20,Ojota,17,4,3.6554913495157066
2026-02-21,Ojota,17,2,3.047128174245151
2026-02-22,Ojota,17,1,2.6034463622910073
2026-02-23,Ojota,17,8,3.894558521822351
2026-02-24,Ojota,17,5,4.80534332991832
2026-02-25,Ojota,17,5,4.882120831351549
2026-02-26,Ojota,17,9,4.902609814476685
2026-02-27,Ojota,17,7,5.788227390277191
2026-02-28,Ojota,17,0,3.4711186293505176
2026-03-01,Ojota,17,1,3.077334964802424
2026-03-02,Ojota,17,6,5.565354910320918
2026-03-03,Ojota,17,5,5.755283083817189
2026-03-04,Ojota,17,6,5.460795209177238
2026-03-05,Ojota,17,1,6.264838920035796
2026-02-20,Ojota,18,4,5.569331185131244
2026-02-21,Ojota,18,5,4.061175049697157
2026-02-22,Ojota,18,2,4.315129841799554
2026-02-23,Ojota,18,5,6.446102300764522
2026-02-24,Ojota,18,8,5.6016319810155535
2026-02-25,Ojota,18,6,6.562654664071604
2026-02-26,Ojota,18,6,7.395608826043395
2026-02-27,Ojota,18,6,7.037025752145299
2026-02-28,Ojota,18,5,4.990096568190911
2026-03-01,Ojota,18,7,5.657126693091432
2026-03-02,Ojota,18,4,6.603540012162779
2026-03-03,Ojota,18,11,6.809991898720627
2026-03-04,Ojota,18,13,6.684736673306718
2026-03-05,Ojota,18,8,8.414297288584002
2026-02-20,Ojota,19,10,9.085835420694814
2026-02-21,Ojota,19,6,7.43131414849939
2026-02-22,Ojota,19,5,7.593926393679752
2026-02-23,Ojota,19,10,8.306608177188343
2026-02-24,Ojota,19,13,8.379315230221975
2026-02-25,Ojota,19,7,9.024054976726207
2026-02-26,Ojota,19,9,8.761742115665337
2026-02-27,Ojota,19,7,8.488252295614211
2026-02-28,Ojota,19,8,7.090614158601587
2026-03-01,Ojota,19,3,6.595302065495694
2026-03-02,Ojota,19,2,8.465911377929263
2026-03-03,Ojota,19,10,8.550113802219464
2026-03-04,Ojota,19,11,7.239791919678897
2026-03-05,Ojota,19,9,9.065220265951197
2026-02-20,Ojota,20,5,8.568831661215127
2026-02-21,Ojota,20,8,8.376692694746165
2026-02-22,Ojota,20,11,7.598138298981503
2026-02-23,Ojota,20,7,7.770508613354524
2026-02-24,Ojota,20,8,7.052694793578598
2026-02-25,Ojota,20,5,7.921199495965871
2026-02-26,Ojota,20,9,8.51246656677153
2026-02-27,Ojota,20,9,7.3727143374771185
2026-02-28,Ojota,20,7,7.522856195070827
2026-03-01,Ojota,20,10,7.5528168362191925
2026-03-02,Ojota,20,9,8.515056807343136
2026-03-03,Ojota,20,6,8.668271437421458
2026-03-04,Ojota,20,10,7.135415682468365
2026-03-05,Ojota,20,7,8.583441746807589
2026-02-20,Ojota,21,1,6.157431055612916
2026-02-21,Ojota,21,12,8.552835421383556
2026-02-22,Ojota,21,12,8.125428865027688
2026-02-23,Ojota,21,8,5.683648322522941
2026-02-24,Ojota,21,5,5.675784267537574
2026-02-25,Ojota,21,5,5.692655669239434
2026-02-26,Ojota,21,5,7.024921567178856
2026-02-27,Ojota,21,2,6.01904119525807
2026-02-28,Ojota,21,13,8.403768416790312
2026-03-01,Ojota,21,18,7.971066212678834
2026-03-02,Ojota,21,6,6.373724858277536
2026-03-03,Ojota,21,4,6.498203811875642
2026-03-04,Ojota,21,7,5.491646059410603
2026-03-05,Ojota,21,3,6.3303975906568635
2026-02-20,Ojota,22,5,4.891614494970888
2026-02-21,Ojota,22,11,7.334447429233905
2026-02-22,Ojota,22,6,7.7165810948987685
2026-02-23,Ojota,22,1,4.118009813373615
2026-02-24,Ojota,22,3,3.867416702302385
2026-02-25,Ojota,22,7,3.539545323881607
2026-02-26,Ojota,22,2,4.7729485977422215
2026-02-27,Ojota,22,4,4.1480209735538915
2026-02-28,Ojota,22,4,6.901256221169003
2026-03-01,Ojota,22,9,5.3455164159596436
2026-03-02,Ojota,22,2,4.09238209578019
2026-03-03,Ojota,22,4,3.915159218798751
2026-03-04,Ojota,22,6,3.7484720411499053
2026-03-05,Ojota,22,3,3.62553283340387
2026-02-20,Ojota,23,3,2.7838337052412303
2026-02-21,Ojota,23,9,5.2330278321401416
2026-02-22,Ojota,23,2,5.445083020693929
2026-02-23,Ojota,23,1,2.534701321485424
2026-02-24,Ojota,23,1,2.6231933652530373
2026-02-25,Ojota,23,3,2.516361054996269
2026-02-26,Ojota,23,3,3.1255908313598253
2026-02-27,Ojota,23,1,3.1206778559096424
2026-02-28,Ojota,23,6,4.643542455364847
2026-03-01,Ojota,23,5,4.888235136905264
2026-03-02,Ojota,23,5,2.763071518822844
2026-03-03,Ojota,23,6,2.6974208226316945
2026-03-04,Ojota,23,2,3.1361842150307306
2026-03-05,Ojota,23,2,3.5485974164639096
2026-02-20,Surulere,0,0,0.67054189715383
2026-02-21,Surulere,0,1,0.9571831539843032
2026-02-22,Surulere,0,1,0.7586803435789162
2026-02-23,Surulere,0,0,0.8081003247208997
2026-02-24,Surulere,0,0,0.7069490881734782
2026-02-25,Surulere,0,0,0.7625740021148967
2026-02-26,Surulere,0,0,0.7641226337907038
2026-02-27,Surulere,0,0,0.7606360760616526
2026-02-28,Surulere,0,2,0.6694213392399125
2026-03-01,Surulere,0,1,0.6957843102102339
2026-03-02,Surulere,0,1,0.7757881915134545
2026-03-03,Surulere,0,0,0.7066604986725552
2026-03-04,Surulere,0,0,0.7790600540163561
2026-03-05,Surulere,0,1,0.8311253785400756
2026-02-20,Surulere,1,0,0.7078776730992334
2026-02-21,Surulere,1,0,0.7930047440085213
2026-02-22,Surulere,1,0,0.7213159395350827
2026-02-23,Surulere,1,1,0.7281852417903519
2026-02-24,Surulere,1,0,0.6917950763014363
2026-02-25,Surulere,1,1,0.7092394851498897
2026-02-26,Surulere,1,0,0.6907774015206443
2026-02-27,Surulere,1,1,0.8429313395490929
2026-02-28,Surulere,1,1,0.6383652581538716
2026-03-01,Surulere,1,2,0.631158318469717
2026-03-02,Surulere,1,0,0.7848653469996962
2026-03-03,Surulere,1,3,0.6768438293102026
2026-03-04,Surulere,1,0,0.6717038040907898
2026-03-05,Surulere,1,1,0.7394136947524902
2026-02-20,Surulere,2,0,0.7357383561624082
2026-02-21,Surulere,2,1,0.7258389081928851
2026-02-22,Surulere,2,1,0.6531658966730607
2026-02-23,Surulere,2,2,0.7469079322981274
2026-02-24,Surulere,2,2,0.6611482260889617
2026-02-25,Surulere,2,1,0.658998441779161
2026-02-26,Surulere,2,0,0.6843505765222934
2026-02-27,Surulere,2,3,0.7192443783712876
2026-02-28,Surulere,2,0,0.6635142452705414
2026-03-01,Surulere,2,0,0.7399510303178743
2026-03-02,Surulere,2,2,0.7855880218725282
2026-03-03,Surulere,2,0,0.6427562352543246
2026-03-04,Surulere,2,1,0.7163383506533314
2026-03-05,Surulere,2,0,0.6641694584235117
2026-02-20,Surulere,3,0,0.6529046981089168
2026-02-21,Surulere,3,1,0.8438789441808682
2026-02-22,Surulere,3,1,0.6705984033102625
2026-02-23,Surulere,3,1,0.7121536721662654
2026-02-24,Surulere,3,0,0.7224305294127301
2026-02-25,Surulere,3,0,0.7335890115834084
2026-02-26,Surulere,3,0,0.7460490942757302
2026-02-27,Surulere,3,0,0.7172872298890967
2026-02-28,Surulere,3,2,0.7056163544027256
2026-03-01,Surulere,3,2,0.64460045148647
2026-03-02,Surulere,3,0,0.7932978457735874
2026-03-03,Surulere,3,0,0.7200968256021699
2026-03-04,Surulere,3,0,0.7208458837454889
2026-03-05,Surulere,3,2,0.7289438221270534
2026-02-20,Surulere,4,2,0.6692678725303491
2026-02-21,Surulere,4,1,0.7432624389375992
2026-02-22,Surulere,4,0,0.6441605827233636
2026-02-23,Surulere,4,1,0.7440513695656746
2026-02-24,Surulere,4,2,0.6213789862391857
2026-02-25,Surulere,4,0,0.6397997478261696
2026-02-26,Surulere,4,0,0.7183126010934799
2026-02-27,Surulere,4,1,0.7071295591473271
2026-02-28,Surulere,4,2,0.6241321845809131
2026-03-01,Surulere,4,2,0.6773844050932718
2026-03-02,Surulere,4,1,0.8024892552955945
2026-03-03,Surulere,4,1,0.676796659540384
2026-03-04,Surulere,4,2,0.6735128108829932
2026-03-05,Surulere,4,1,0.6936765543141338
2026-02-20,Surulere,5,2,0.7010659169463007
2026-02-21,Surulere,5,0,0.6263540498349307
2026-02-22,Surulere,5,0,0.6718006997790997
2026-02-23,Surulere,5,1,0.7544521193899832
2026-02-24,Surulere,5,0,0.6756935383836151
2026-02-25,Surulere,5,0,0.6831004307671219
2026-02-26,Surulere,5,0,0.6653530949087758
2026-02-27,Surulere,5,0,0.6999240532768163
2026-02-28,Surulere,5,1,0.7354500454113293
2026-03-01,Surulere,5,0,0.6341668773847455
2026-03-02,Surulere,5,0,0.7657146330772285
2026-03-03,Surulere,5,0,0.7428920539544689
2026-03-04,Surulere,5,1,0.6664419286679075
2026-03-05,Surulere,5,2,0.5953183716663335
2026-02-20,Surulere,6,0,0.6188341935048082
2026-02-21,Surulere,6,0,0.6279763894249056
2026-02-22,Surulere,6,0,0.6393362636574973
2026-02-23,Surulere,6,1,0.7540984852496534
2026-02-24,Surulere,6,1,0.6422331344383142
2026-02-25,Surulere,6,2,0.6411332973251271
2026-02-26,Surulere,6,1,0.6034271404698647
2026-02-27,Surulere,6,0,0.6605170376797863
2026-02-28,Surulere,6,0,0.6849239818851788
2026-03-01,Surulere,6,1,0.6518696541285325
2026-03-02,Surulere,6,0,0.6735491903715861
2026-03-03,Surulere,6,0,0.6584891768963791
2026-03-04,Surulere,6,0,0.6639931036717637
2026-03-05,Surulere,6,0,0.6866464638132619
2026-02-20,Surulere,7,1,0.6903408483557955
2026-02-21,Surulere,7,0,0.6340983957530026
2026-02-22,Surulere,7,2,0.6688130492072853
2026-02-23,Surulere,7,1,0.782605964311942
2026-02-24,Surulere,7,0,0.6935306236252488
2026-02-25,Surulere,7,1,0.6671384359934497
2026-02-26,Surulere,7,1,0.6178040477692214
2026-02-27,Surulere,7,1,0.6370317645752581
2026-02-28,Surulere,7,0,0.6497780107409079
2026-03-01,Surulere,7,2,0.6793397061626727
2026-03-02,Surulere,7,0,0.7024002219223213
2026-03-03,Surulere,7,2,0.681852906573952
2026-03-04,Surulere,7,2,0.6200866036418065
2026-03-05,Surulere,7,0,0.6802544605920612
2026-02-20,Surulere,8,1,0.8305952844335409
2026-02-21,Surulere,8,2,0.805067902278637
2026-02-22,Surulere,8,2,0.9959842730568599
2026-02-23,Surulere,8,1,1.123646893770803
2026-02-24,Surulere,8,1,1.0313157100096186
2026-02-25,Surulere,8,1,0.9997333983536256
2026-02-26,Surulere,8,1,0.8606338442483625
2026-02-27,Surulere,8,0,0.6653467482493689
2026-02-28,Surulere,8,0,0.6554523212125357
2026-03-01,Surulere,8,1,0.6505034741752014
2026-03-02,Surulere,8,2,0.6424607567497338
2026-03-03,Surulere,8,1,0.610023280801911
2026-03-04,Surulere,8,1,0.6184994828075325
2026-03-05,Surulere,8,1,0.6000536556403319
2026-02-20,Surulere,9,1,0.7236722984367463
2026-02-21,Surulere,9,0,0.6650563859658316
2026-02-22,Surulere,9,0,0.7825321297079104
2026-02-23,Surulere,9,0,0.770548368514641
2026-02-24,Surulere,9,0,0.7092446180462941
2026-02-25,Surulere,9,0,0.7187099615976874
2026-02-26,Surulere,9,0,0.7152174915025029
2026-02-27,Surulere,9,1,0.7667201728833882
2026-02-28,Surulere,9,1,0.6783174143123499
2026-03-01,Surulere,9,0,0.6604810798875906
2026-03-02,Surulere,9,1,0.8087521633217493
2026-03-03,Surulere,9,1,0.6679893484089813
2026-03-04,Surulere,9,0,0.6551850196286212
2026-03-05,Surulere,9,0,0.7059454021803188
2026-02-20,Surulere,10,0,0.9159055465949669
2026-02-21,Surulere,10,0,0.8792393996114627
2026-02-22,Surulere,10,0,0.8588269197230332
2026-02-23,Surulere,10,1,1.0227950597653084
2026-02-24,Surulere,10,0,1.0150829681913969
2026-02-25,Surulere,10,2,0.9543704385655973
2026-02-26,Surulere,10,0,0.9103148665559828
2026-02-27,Surulere,10,3,0.9403169315232524
2026-02-28,Surulere,10,0,0.746157770231656
2026-03-01,Surulere,10,0,0.8723145198618427
2026-03-02,Surulere,10,0,1.007147442401242
2026-03-03,Surulere,10,5,0.8979202163088463
2026-03-04,Surulere,10,0,1.0604529931302045
2026-03-05,Surulere,10,1,1.118021699783544
2026-02-20,Surulere,11,1,2.9735026753943816
2026-02-21,Surulere,11,3,2.7110853842424576
2026-02-22,Surulere,11,2,2.7387161332461636
2026-02-23,Surulere,11,3,2.6347440666680915
2026-02-24,Surulere,11,4,2.7486079410780127
2026-02-25,Surulere,11,6,2.8888869452521715
2026-02-26,Surulere,11,2,3.0223447276689654
2026-02-27,Surulere,11,2,2.9961463067717604
2026-02-28,Surulere,11,3,2.637675092229459
2026-03-01,Surulere,11,0,2.6129740721874373
2026-03-02,Surulere,11,1,3.316254317735741
2026-03-03,Surulere,11,3,3.148356567897262
2026-03-04,Surulere,11,8,2.898091341120592
2026-03-05,Surulere,11,2,2.7562457845159285
2026-02-20,Surulere,12,2,5.246199608046777
2026-02-21,Surulere,12,2,4.60723386372626
2026-02-22,Surulere,12,5,4.006779819726581
2026-02-23,Surulere,12,11,4.160307385993332
2026-02-24,Surulere,12,4,5.073217336255287
2026-02-25,Surulere,12,1,4.930563594420216
2026-02-26,Surulere,12,6,5.750897518740057
2026-02-27,Surulere,12,4,5.366350758513172
2026-02-28,Surulere,12,4,4.637298090140709
2026-03-01,Surulere,12,4,4.597449562728573
2026-03-02,Surulere,12,6,6.129554792808067
2026-03-03,Surulere,12,6,4.950317749542166
2026-03-04,Surulere,12,6,4.663164460754405
2026-03-05,Surulere,12,6,5.660616466420798
2026-02-20,Surulere,13,4,6.738658089445356
2026-02-21,Surulere,13,10,6.2036911456427255
2026-02-22,Surulere,13,5,6.215002385860041
2026-02-23,Surulere,13,7,7.022316816093937
2026-02-24,Surulere,13,7,6.338666347977234
2026-02-25,Surulere,13,7,6.011630176260579
2026-02-26,Surulere,13,11,6.961306837229373
2026-02-27,Surulere,13,8,7.016256708196236
2026-02-28,Surulere,13,6,6.489865436756953
2026-03-01,Surulere,13,6,6.273832941181146
2026-03-02,Surulere,13,7,6.517085206624525
2026-03-03,Surulere,13,9,6.705426986131309
2026-03-04,Surulere,13,6,6.255211961139475
2026-03-05,Surulere,13,5,6.40544603990783
2026-02-20,Surulere,14,0,5.464873797593404
2026-02-21,Surulere,14,9,4.017382631429004
2026-02-22,Surulere,14,4,4.372219020496286
2026-02-23,Surulere,14,12,5.996967968497788
2026-02-24,Surulere,14,9,6.010821921580532
2026-02-25,Surulere,14,3,5.403857591623222
2026-02-26,Surulere,14,8,5.913796352558637
2026-02-27,Surulere,14,3,5.836211394905385
2026-02-28,Surulere,14,5,5.087826104861324
2026-03-01,Surulere,14,5,4.573755054300404
2026-03-02,Surulere,14,7,5.757144401906097
2026-03-03,Surulere,14,2,6.500090984715731
2026-03-04,Surulere,14,7,5.30187353648423
2026-03-05,Surulere,14,7,5.733522331270687
2026-02-20,Surulere,15,2,3.3137651512747723
2026-02-21,Surulere,15,3,2.55951465683084
2026-02-22,Surulere,15,2,2.489778439945028
2026-02-23,Surulere,15,2,3.405630307321465
2026-02-24,Surulere,15,0,3.1894729238876156
2026-02-25,Surulere,15,2,3.0368799326144407
2026-02-26,Surulere,15,2,3.4289251727355174
2026-02-27,Surulere,15,3,3.2784756092031393
2026-02-28,Surulere,15,2,3.010608174227712
2026-03-01,Surulere,15,2,2.5179419990421135
2026-03-02,Surulere,15,5,3.3291197045633893
2026-03-03,Surulere,15,2,3.0507608134807134
2026-03-04,Surulere,15,6,3.300724776158153
2026-03-05,Surulere,15,4,3.611345695156548
2026-02-20,Surulere,16,4,3.1895836247059397
2026-02-21,Surulere,16,3,2.6689916439063297
2026-02-22,Surulere,16,1,2.703054899641642
2026-02-23,Surulere,16,4,3.6200129940001373
2026-02-24,Surulere,16,2,3.3211401098993556
2026-02-25,Surulere,16,6,3.15535444394636
2026-02-26,Surulere,16,4,3.542297775872413
2026-02-27,Surulere,16,2,3.6572950443916223
2026-02-28,Surulere,16,2,2.2277881950393605
2026-03-01,Surulere,16,2,2.1824130689764027
2026-03-02,Surulere,16,3,3.3985261043380084
2026-03-03,Surulere,16,3,3.2265189790472806
2026-03-04,Surulere,16,2,3.176379536171946
2026-03-05,Surulere,16,7,4.623411302375841
2026-02-20,Surulere,17,2,3.885235416911763
2026-02-21,Surulere,17,1,2.4360557256218964
2026-02-22,Surulere,17,3,2.4041407371080563
2026-02-23,Surulere,17,2,3.5277882873125845
2026-02-24,Surulere,17,4,3.4310630429420885
2026-02-25,Surulere,17,5,4.0057542863796405
2026-02-26,Surulere,17,5,3.9977461488566455
2026-02-27,Surulere,17,2,4.241321117851382
2026-02-28,Surulere,17,0,2.5719734408280286
2026-03-01,Surulere,17,4,2.371466949254775
2026-03-02,Surulere,17,2,4.077693196932812
2026-03-03,Surulere,17,6,3.7995950046125744
2026-03-04,Surulere,17,6,3.5603632764419935
2026-03-05,Surulere,17,6,4.11959424033025
2026-02-20,Surulere,18,8,6.266348651492359
2026-02-21,Surulere,18,5,5.005455379766199
2026-02-22,Surulere,18,3,4.782895859510521
2026-02-23,Surulere,18,6,6.145823444866364
2026-02-24,Surulere,18,7,6.520190127835369
2026-02-25,Surulere,18,4,7.032538720858461
2026-02-26,Surulere,18,12,7.259525592565146
2026-02-27,Surulere,18,12,6.4226134555890875
2026-02-28,Surulere,18,4,4.893294985433247
2026-03-01,Surulere,18,8,4.714626560674998
2026-03-02,Surulere,18,4,6.299141286690362
2026-03-03,Surulere,18,4,7.100139323638366
2026-03-04,Surulere,18,4,6.155040657260468
2026-03-05,Surulere,18,7,7.452218706754749
2026-02-20,Surulere,19,6,7.756471732064909
2026-02-21,Surulere,19,7,6.785074064074301
2026-02-22,Surulere,19,8,6.5762037247307745
2026-02-23,Surulere,19,11,7.311506545628553
2026-02-24,Surulere,19,4,7.3848983406138915
2026-02-25,Surulere,19,6,7.690471525455416
2026-02-26,Surulere,19,11,7.709460019161785
2026-02-27,Surulere,19,12,7.145671770505814
2026-02-28,Surulere,19,6,7.2182701334904555
2026-03-01,Surulere,19,8,6.6438996077699635
2026-03-02,Surulere,19,3,7.162197936123108
2026-03-03,Surulere,19,9,6.784856708341959
2026-03-04,Surulere,19,6,7.152328440453221
2026-03-05,Surulere,19,6,7.677306548421345
2026-02-20,Surulere,20,3,6.1180525035018745
2026-02-21,Surulere,20,7,6.791289042014155
2026-02-22,Surulere,20,6,7.183918765242126
2026-02-23,Surulere,20,7,6.338581554600091
2026-02-24,Surulere,20,8,6.28323437573003
2026-02-25,Surulere,20,3,6.797292747045304
2026-02-26,Surulere,20,9,7.136701694340093
2026-02-27,Surulere,20,5,7.005341454843433
2026-02-28,Surulere,20,9,6.204952129040305
2026-03-01,Surulere,20,7,6.337448407695908
2026-03-02,Surulere,20,6,6.3582885137956495
2026-03-03,Surulere,20,7,6.370332443812234
2026-03-04,Surulere,20,8,6.254822387207753
2026-03-05,Surulere,20,2,7.710183379776432
2026-02-20,Surulere,21,3,5.9896922980734235
2026-02-21,Surulere,21,8,7.646503724130029
2026-02-22,Surulere,21,11,7.42612764239698
2026-02-23,Surulere,21,2,5.567519950573063
2026-02-24,Surulere,21,7,5.5702805134368525
2026-02-25,Surulere,21,2,5.719666447800682
2026-02-26,Surulere,21,3,5.293027408638826
2026-02-27,Surulere,21,1,5.484337384119905
2026-02-28,Surulere,21,9,6.599305592617188
2026-03-01,Surulere,21,11,6.938088418860112
2026-03-02,Surulere,21,6,5.68804080998703
2026-03-03,Surulere,21,3,5.898481188793847
2026-03-04,Surulere,21,8,4.733134323358186
2026-03-05,Surulere,21,5,5.896289143938715
2026-02-20,Surulere,22,4,4.640664784228487
2026-02-21,Surulere,22,9,7.275302329254553
2026-02-22,Surulere,22,11,7.231363933864998
2026-02-23,Surulere,22,4,4.731004059807939
2026-02-24,Surulere,22,3,4.417873857860972
2026-02-25,Surulere,22,7,3.9783285561476007
2026-02-26,Surulere,22,2,5.119733991609407
2026-02-27,Surulere,22,4,4.527608410024599
2026-02-28,Surulere,22,6,6.550985049517499
2026-03-01,Surulere,22,7,7.4236033204483185
2026-03-02,Surulere,22,4,3.9981884614277665
2026-03-03,Surulere,22,5,3.8053050729313354
2026-03-04,Surulere,22,3,4.104128780655502
2026-03-05,Surulere,22,5,4.0187072881393595
2026-02-20,Surulere,23,1,2.563854684245059
2026-02-21,Surulere,23,8,4.738586170814327
2026-02-22,Surulere,23,9,4.5955100866156675
2026-02-23,Surulere,23,3,3.0609593290458523
2026-02-24,Surulere,23,3,3.0394367349783242
2026-02-25,Surulere,23,3,3.243850400425556
2026-02-26,Surulere,23,5,4.257467124333541
2026-02-27,Surulere,23,2,4.0338575337083
2026-02-28,Surulere,23,5,5.955563762065037
2026-03-01,Surulere,23,6,5.997087662146228
2026-03-02,Surulere,23,1,3.0515802919292017
2026-03-03,Surulere,23,5,2.8339807931909595
2026-03-04,Surulere,23,1,3.205741051516781
2026-03-05,Surulere,23,1,3.1439677500637466
2026-02-20,Victoria Island,0,0,0.7504102997446009
2026-02-21,Victoria Island,0,2,0.816510970786381
2026-02-22,Victoria Island,0,2,0.8295559720770215
2026-02-23,Victoria Island,0,1,1.0219481210834696
2026-02-24,Victoria Island,0,1,0.9235867127648926
2026-02-25,Victoria Island,0,1,0.7910796204249364
2026-02-26,Victoria Island,0,0,0.8315750396551702
2026-02-27,Victoria Island,0,0,0.8452256656225343
2026-02-28,Victoria Island,0,1,0.7776652153524977
2026-03-01,Victoria Island,0,0,0.7464493162361495
2026-03-02,Victoria Island,0,0,0.8235654898354252
2026-03-03,Victoria Island,0,2,0.7450834349841029
2026-03-04,Victoria Island,0,1,0.7413548854361436
2026-03-05,Victoria Island,0,0,0.8906125364451118
2026-02-20,Victoria Island,1,0,0.8633175545847532
2026-02-21,Victoria Island,1,0,0.8470595918423325
2026-02-22,Victoria Island,1,1,0.7903765338969343
2026-02-23,Victoria Island,1,0,0.8234581753621805
2026-02-24,Victoria Island,1,0,0.8563000965516487
2026-02-25,Victoria Island,1,0,0.8192381439399583
2026-02-26,Victoria Island,1,1,0.871095497464331
2026-02-27,Victoria Island,1,0,0.7539838008359836
2026-02-28,Victoria Island,1,2,0.7890291698515411
2026-03-01,Victoria Island,1,0,0.7588776739445142
2026-03-02,Victoria Island,1,2,0.8970796207713445
2026-03-03,Victoria Island,1,0,0.7984732784103229
2026-03-04,Victoria Island,1,1,0.8592791608059545
2026-03-05,Victoria Island,1,1,0.7850272074331244
2026-02-20,Victoria Island,2,0,0.7601870860032949
2026-02-21,Victoria Island,2,1,0.8627858131356719
2026-02-22,Victoria Island,2,1,0.7770350141672151
2026-02-23,Victoria Island,2,1,0.7802355730524753
2026-02-24,Victoria Island,2,1,0.7617717649966473
2026-02-25,Victoria Island,2,3,0.7781772699382606
2026-02-26,Victoria Island,2,0,0.767825140853304
2026-02-27,Victoria Island,2,2,0.7984845595298307
2026-02-28,Victoria Island,2,2,0.7807867757587243
2026-03-01,Victoria Island,2,0,0.7433024584459219
2026-03-02,Victoria Island,2,1,0.9083104528775132
2026-03-03,Victoria Island,2,0,0.74401751598902
2026-03-04,Victoria Island,2,0,0.7403162564019761
2026-03-05,Victoria Island,2,0,0.8910446259504993
2026-02-20,Victoria Island,3,0,0.7763203459791148
2026-02-21,Victoria Island,3,0,0.8959597311068428
2026-02-22,Victoria Island,3,0,0.8088870247361066
2026-02-23,Victoria Island,3,3,0.9105234048660185
2026-02-24,Victoria Island,3,0,0.7468436249669602
2026-02-25,Victoria Island,3,1,0.7830415472582433
2026-02-26,Victoria Island,3,0,0.7572662251262751
2026-02-27,Victoria Island,3,0,0.888476382004779
2026-02-28,Victoria Island,3,0,0.8214263843475013
2026-03-01,Victoria Island,3,1,0.8297450011469661
2026-03-02,Victoria Island,3,0,0.91992231718552
2026-03-03,Victoria Island,3,1,0.7666823450628816
2026-03-04,Victoria Island,3,0,0.7522025014808319
2026-03-05,Victoria Island,3,1,0.8720615385717274
2026-02-20,Victoria Island,4,2,0.7500028346073856
2026-02-21,Victoria Island,4,2,0.7539309977314492
2026-02-22,Victoria Island,4,4,0.7090969925594627
2026-02-23,Victoria Island,4,0,0.9961792462889054
2026-02-24,Victoria Island,4,1,1.0147617737228425
2026-02-25,Victoria Island,4,0,0.874535856558486
2026-02-26,Victoria Island,4,0,0.9692900863925469
2026-02-27,Victoria Island,4,4,0.8593655603517942
2026-02-28,Victoria Island,4,0,0.889929600925152
2026-03-01,Victoria Island,4,0,0.8570350529168976
2026-03-02,Victoria Island,4,0,0.9686124081875305
2026-03-03,Victoria Island,4,1,0.7912453337458892
2026-03-04,Victoria Island,4,1,0.7663195319879714
2026-03-05,Victoria Island,4,0,0.8222925418594853
2026-02-20,Victoria Island,5,0,0.7718537792540252
2026-02-21,Victoria Island,5,0,0.7841194001464533
2026-02-22,Victoria Island,5,1,0.7821074100744054
2026-02-23,Victoria Island,5,0,0.7537158445303793
2026-02-24,Victoria Island,5,0,0.7733208888109648
2026-02-25,Victoria Island,5,1,0.7670123306572426
2026-02-26,Victoria Island,5,1,0.837070733662549
2026-02-27,Victoria Island,5,0,0.7234293971688194
2026-02-28,Victoria Island,5,0,0.7766683222831116
2026-03-01,Victoria Island,5,0,0.7943302333030342
2026-03-02,Victoria Island,5,1,0.8637994634277452
2026-03-03,Victoria Island,5,1,0.7445614037080354
2026-03-04,Victoria Island,5,1,0.758759015355532
2026-03-05,Victoria Island,5,0,0.7488521249508128
2026-02-20,Victoria Island,6,0,0.7326527507597108
2026-02-21,Victoria Island,6,1,0.8127273042600069
2026-02-22,Victoria Island,6,1,0.7263465454334002
2026-02-23,Victoria Island,6,0,0.7282366951674181
2026-02-24,Victoria Island,6,4,0.7589772100771701
2026-02-25,Victoria Island,6,0,0.7281149243310788
2026-02-26,Victoria Island,6,2,0.8503354737312564
2026-02-27,Victoria Island,6,3,0.817911728882914
2026-02-28,Victoria Island,6,1,0.848508648030148
2026-03-01,Victoria Island,6,2,0.8804237795989769
2026-03-02,Victoria Island,6,0,0.9969098145570915
2026-03-03,Victoria Island,6,3,0.8323091991329123
2026-03-04,Victoria Island,6,1,0.8028357223555986
2026-03-05,Victoria Island,6,0,0.8950659298540203
2026-02-20,Victoria Island,7,2,0.7849812417838745
2026-02-21,Victoria Island,7,1,0.7624760791144173
2026-02-22,Victoria Island,7,0,0.7750072939724441
2026-02-23,Victoria Island,7,0,0.8231155669452336
2026-02-24,Victoria Island,7,3,0.8094417352737917
2026-02-25,Victoria Island,7,0,0.7743929699353213
2026-02-26,Victoria Island,7,1,0.7802715837349623
2026-02-27,Victoria Island,7,0,0.7753339940135031
2026-02-28,Victoria Island,7,1,0.828023672361741
2026-03-01,Victoria Island,7,1,0.8572284818696538
2026-03-02,Victoria Island,7,0,0.870454780187282
2026-03-03,Victoria Island,7,1,0.741817176485854
2026-03-04,Victoria Island,7,0,0.7515649727122361
2026-03-05,Victoria Island,7,1,0.7734250507198218
2026-02-20,Victoria Island,8,1,0.782442100258601
2026-02-21,Victoria Island,8,1,0.71707681737976
2026-02-22,Victoria Island,8,0,0.7038466717700894
2026-02-23,Victoria Island,8,1,0.8846716486476653
2026-02-24,Victoria Island,8,1,0.6951792803332799
2026-02-25,Victoria Island,8,2,0.7744734891387297
2026-02-26,Victoria Island,8,1,0.7150730508442004
2026-02-27,Victoria Island,8,0,0.7064179413848334
2026-02-28,Victoria Island,8,1,0.7545670703085614
2026-03-01,Victoria Island,8,3,0.7246706971530972
2026-03-02,Victoria Island,8,0,0.8828312678868744
2026-03-03,Victoria Island,8,0,0.7344155892946299
2026-03-04,Victoria Island,8,0,0.8133466980321213
2026-03-05,Victoria Island,8,0,0.8382733946704738
2026-02-20,Victoria Island,9,0,0.7708421237995595
2026-02-21,Victoria Island,9,2,0.7984661834983261
2026-02-22,Victoria Island,9,1,0.7870603291997846
2026-02-23,Victoria Island,9,2,0.9121129712500413
2026-02-24,Victoria Island,9,1,0.7527705666647212
2026-02-25,Victoria Island,9,1,0.9319547076979064
2026-02-26,Victoria Island,9,2,0.8175410171214267
2026-02-27,Victoria Island,9,1,0.7856412485271542
2026-02-28,Victoria Island,9,0,0.798121274702902
2026-03-01,Victoria Island,9,0,0.8142220420918522
2026-03-02,Victoria Island,9,1,0.9115772299994017
2026-03-03,Victoria Island,9,2,0.7407634698399802
2026-03-04,Victoria Island,9,1,0.7488440389294064
2026-03-05,Victoria Island,9,0,0.7698641044809783
2026-02-20,Victoria Island,10,0,1.7509287354797733
2026-02-21,Victoria Island,10,3,1.6875347812568369
2026-02-22,Victoria Island,10,2,1.5599173531135546
2026-02-23,Victoria Island,10,1,1.5944789081913786
2026-02-24,Victoria Island,10,2,1.5256268352404132
2026-02-25,Victoria Island,10,0,1.6240848597084656
2026-02-26,Victoria Island,10,0,1.2650840262516982
2026-02-27,Victoria Island,10,1,1.1733957973534874
2026-02-28,Victoria Island,10,1,1.0974168860470555
2026-03-01,Victoria Island,10,3,1.1149694753013173
2026-03-02,Victoria Island,10,3,1.144749245732245
2026-03-03,Victoria Island,10,1,0.9484407313156766
2026-03-04,Victoria Island,10,0,1.1906365163594004
2026-03-05,Victoria Island,10,2,1.2340629205970775
2026-02-20,Victoria Island,11,4,3.19564684653041
2026-02-21,Victoria Island,11,6,2.5213457014658984
2026-02-22,Victoria Island,11,4,2.8921154058469565
2026-02-23,Victoria Island,11,4,3.0504681783658176
2026-02-24,Victoria Island,11,0,3.0536447074276296
2026-02-25,Victoria Island,11,1,3.159587497654717
2026-02-26,Victoria Island,11,0,3.223113255275775
2026-02-27,Victoria Island,11,1,3.4018355468921713
2026-02-28,Victoria Island,11,0,3.3958538382840735
2026-03-01,Victoria Island,11,3,1.9762741067605138
2026-03-02,Victoria Island,11,2,1.842397890924893
2026-03-03,Victoria Island,11,5,1.5234492792623338
2026-03-04,Victoria Island,11,4,2.1258943501321776
2026-03-05,Victoria Island,11,2,2.738574299615705
2026-02-20,Victoria Island,12,4,5.866388446623683
2026-02-21,Victoria Island,12,5,5.649463615974564
2026-02-22,Victoria Island,12,5,5.847465351719492
2026-02-23,Victoria Island,12,7,5.9190830638247025
2026-02-24,Victoria Island,12,9,5.89700543035166
2026-02-25,Victoria Island,12,5,5.849061074310476
2026-02-26,Victoria Island,12,4,6.113838190055389
2026-02-27,Victoria Island,12,6,6.180281611522239
2026-02-28,Victoria Island,12,5,5.904521504167182
2026-03-01,Victoria Island,12,5,6.157181149071272
2026-03-02,Victoria Island,12,6,6.333702098045318
2026-03-03,Victoria Island,12,11,6.56548177437845
2026-03-04,Victoria Island,12,6,5.61184962956162
2026-03-05,Victoria Island,12,12,6.633100745264179
2026-02-20,Victoria Island,13,6,6.263185472355056
2026-02-21,Victoria Island,13,9,6.370000562151958
2026-02-22,Victoria Island,13,12,6.15222653750517
2026-02-23,Victoria Island,13,8,8.209004606322223
2026-02-24,Victoria Island,13,9,7.609194960726885
2026-02-25,Victoria Island,13,8,7.0649271646686636
2026-02-26,Victoria Island,13,8,7.76388392472377
2026-02-27,Victoria Island,13,6,7.584471518693047
2026-02-28,Victoria Island,13,6,7.731883256970819
2026-03-01,Victoria Island,13,9,6.968383009692952
2026-03-02,Victoria Island,13,14,7.314373214512236
2026-03-03,Victoria Island,13,7,8.623533354209947
2026-03-04,Victoria Island,13,2,7.745098931025939
2026-03-05,Victoria Island,13,5,7.311542852197316
2026-02-20,Victoria Island,14,7,5.899586974777219
2026-02-21,Victoria Island,14,3,5.720626714422863
2026-02-22,Victoria Island,14,4,5.002491277242246
2026-02-23,Victoria Island,14,4,6.094754494750325
2026-02-24,Victoria Island,14,9,5.812421104500155
2026-02-25,Victoria Island,14,7,6.114185053230561
2026-02-26,Victoria Island,14,8,6.501365395343762
2026-02-27,Victoria Island,14,5,6.438835161727935
2026-02-28,Victoria Island,14,4,4.798749640526116
2026-03-01,Victoria Island,14,7,4.871139935097318
2026-03-02,Victoria Island,14,6,5.933967377067174
2026-03-03,Victoria Island,14,4,6.56468712683091
2026-03-04,Victoria Island,14,11,6.064129275917951
2026-03-05,Victoria Island,14,3,6.369241157494949
2026-02-20,Victoria Island,15,1,2.7479875836174794
2026-02-21,Victoria Island,15,6,2.616845922040797
2026-02-22,Victoria Island,15,4,2.7300937011697948
2026-02-23,Victoria Island,15,6,3.665787677478644
2026-02-24,Victoria Island,15,9,4.683918482866217
2026-02-25,Victoria Island,15,3,5.1951405310922745
2026-02-26,Victoria Island,15,6,5.075300469480889
2026-02-27,Victoria Island,15,1,5.187162206523496
2026-02-28,Victoria Island,15,4,3.2723320732054444
2026-03-01,Victoria Island,15,3,3.0905405129991745
2026-03-02,Victoria Island,15,7,4.272582144812448
2026-03-03,Victoria Island,15,8,5.851441423807449
2026-03-04,Victoria Island,15,7,4.32981593181471
2026-03-05,Victoria Island,15,4,5.5496021173759615
2026-02-20,Victoria Island,16,2,3.2091151713675443
2026-02-21,Victoria Island,16,4,2.260985488703351
2026-02-22,Victoria Island,16,0,2.1151240030850715
2026-02-23,Victoria Island,16,2,3.383271406681715
2026-02-24,Victoria Island,16,2,3.1966407069671416
2026-02-25,Victoria Island,16,2,2.9657541534080436
2026-02-26,Victoria Island,16,1,3.2578626940090514
2026-02-27,Victoria Island,16,0,2.8314089594623604
2026-02-28,Victoria Island,16,4,2.0277109358875847
2026-03-01,Victoria Island,16,4,2.360839070796864
2026-03-02,Victoria Island,16,5,2.9289222702329885
2026-03-03,Victoria Island,16,8,3.203961573611789
2026-03-04,Victoria Island,16,6,3.1368012463816886
2026-03-05,Victoria Island,16,4,4.663881531457253
2026-02-20,Victoria Island,17,4,4.577488151248677
2026-02-21,Victoria Island,17,4,3.200056586338983
2026-02-22,Victoria Island,17,2,3.308765768882349
2026-02-23,Victoria Island,17,6,5.614765450832455
2026-02-24,Victoria Island,17,8,5.736463628687087
2026-02-25,Victoria Island,17,4,5.8810148206457
2026-02-26,Victoria Island,17,0,5.633117353381469
2026-02-27,Victoria Island,17,1,4.993776129575895
2026-02-28,Victoria Island,17,2,2.560937171156115
2026-03-01,Victoria Island,17,4,2.405293114067296
2026-03-02,Victoria Island,17,6,3.585735301692985
2026-03-03,Victoria Island,17,5,3.707700972361753
2026-03-04,Victoria Island,17,3,3.605549106387659
2026-03-05,Victoria Island,17,8,3.75962229311961
2026-02-20,Victoria Island,18,9,7.806766449274853
2026-02-21,Victoria Island,18,8,6.019387410131225
2026-02-22,Victoria Island,18,4,5.370090651980248
2026-02-23,Victoria Island,18,4,7.7949680650084385
2026-02-24,Victoria Island,18,8,7.78536664690975
2026-02-25,Victoria Island,18,7,7.334604458411498
2026-02-26,Victoria Island,18,8,8.881739820542803
2026-02-27,Victoria Island,18,5,7.817811021430311
2026-02-28,Victoria Island,18,5,5.609646315015632
2026-03-01,Victoria Island,18,7,5.612768576653966
2026-03-02,Victoria Island,18,10,8.332339042485447
2026-03-03,Victoria Island,18,10,8.026543162254866
2026-03-04,Victoria Island,18,12,7.579843401984103
2026-03-05,Victoria Island,18,4,8.959336632942238
2026-02-20,Victoria Island,19,13,8.658234353007208
2026-02-21,Victoria Island,19,9,7.674981810487639
2026-02-22,Victoria Island,19,7,8.287778062433118
2026-02-23,Victoria Island,19,10,8.98603458805925
2026-02-24,Victoria Island,19,12,8.937586737630287
2026-02-25,Victoria Island,19,7,10.127723351158409
2026-02-26,Victoria Island,19,9,9.915797982520564
2026-02-27,Victoria Island,19,10,9.113940641971073
2026-02-28,Victoria Island,19,6,8.475770700769754
2026-03-01,Victoria Island,19,8,7.301241376086594
2026-03-02,Victoria Island,19,11,8.694480812751536
2026-03-03,Victoria Island,19,13,9.127234806437825
2026-03-04,Victoria Island,19,4,8.953663539419683
2026-03-05,Victoria Island,19,8,9.174334377694368
2026-02-20,Victoria Island,20,9,7.752026821402806
2026-02-21,Victoria Island,20,10,9.904584286150358
2026-02-22,Victoria Island,20,8,9.45082593253498
2026-02-23,Victoria Island,20,10,9.150089605384965
2026-02-24,Victoria Island,20,5,9.287338302932346
2026-02-25,Victoria Island,20,10,9.38972985669941
2026-02-26,Victoria Island,20,5,9.166101724590037
2026-02-27,Victoria Island,20,8,8.365676109410105
2026-02-28,Victoria Island,20,11,8.054726305361307
2026-03-01,Victoria Island,20,10,8.374733296534732
2026-03-02,Victoria Island,20,7,8.50783717549694
2026-03-03,Victoria Island,20,16,9.440274108887458
2026-03-04,Victoria Island,20,13,9.333529580220244
2026-03-05,Victoria Island,20,5,9.457887387580406
2026-02-20,Victoria Island,21,4,6.285550825535045
2026-02-21,Victoria Island,21,10,8.449615087229507
2026-02-22,Victoria Island,21,12,9.170931406645966
2026-02-23,Victoria Island,21,4,6.336088779114278
2026-02-24,Victoria Island,21,7,5.989950135493636
2026-02-25,Victoria Island,21,5,6.371590672968471
2026-02-26,Victoria Island,21,9,6.464381283140774
2026-02-27,Victoria Island,21,5,7.275431273145068
2026-02-28,Victoria Island,21,6,8.549586022316365
2026-03-01,Victoria Island,21,15,9.21294186382279
2026-03-02,Victoria Island,21,5,6.4293711346183775
2026-03-03,Victoria Island,21,8,6.633983687293075
2026-03-04,Victoria Island,21,5,6.214256578885468
2026-03-05,Victoria Island,21,4,7.088126891921535
2026-02-20,Victoria Island,22,3,4.030162410236823
2026-02-21,Victoria Island,22,7,6.494138805699408
2026-02-22,Victoria Island,22,10,5.233300510640548
2026-02-23,Victoria Island,22,3,4.34031358326067
2026-02-24,Victoria Island,22,3,4.315027011667735
2026-02-25,Victoria Island,22,3,3.9514677435867074
2026-02-26,Victoria Island,22,3,4.4562080869584335
2026-02-27,Victoria Island,22,2,4.7049936369824925
2026-02-28,Victoria Island,22,7,5.770755125344706
2026-03-01,Victoria Island,22,9,6.579697918971401
2026-03-02,Victoria Island,22,5,4.597421419875988
2026-03-03,Victoria Island,22,2,4.179020957514341
2026-03-04,Victoria Island,22,3,4.303474904968456
2026-03-05,Victoria Island,22,2,4.321035248310829
2026-02-20,Victoria Island,23,1,4.3502877221129825
2026-02-21,Victoria Island,23,8,5.168928767851871
2026-02-22,Victoria Island,23,3,5.670005314231188
2026-02-23,Victoria Island,23,3,3.2784909864737246
2026-02-24,Victoria Island,23,5,2.9147215008024134
2026-02-25,Victoria Island,23,3,2.9933502898432685
2026-02-26,Victoria Island,23,2,4.079280371521118
2026-02-27,Victoria Island,23,3,3.205915419665622
2026-02-28,Victoria Island,23,7,5.333955951784205
2026-03-01,Victoria Island,23,9,5.788590448256239
2026-03-02,Victoria Island,23,1,3.4008748949240877
2026-03-03,Victoria Island,23,1,3.460030621937425
2026-03-04,Victoria Island,23,7,3.1726696897603284
2026-03-05,Victoria Island,23,1,4.056247908973417
2026-02-20,Yaba,0,1,0.7901395249084491
2026-02-21,Yaba,0,1,0.8022265114621344
2026-02-22,Yaba,0,1,0.9716777825734348
2026-02-23,Yaba,0,0,0.8244289387582548
2026-02-24,Yaba,0,0,0.8850052669401127
2026-02-25,Yaba,0,0,0.7803635924223247
2026-02-26,Yaba,0,1,0.8703305587807171
2026-02-27,Yaba,0,0,0.8937924904902711
2026-02-28,Yaba,0,1,0.7922637396457736
2026-03-01,Yaba,0,0,0.7618740727928018
2026-03-02,Yaba,0,2,0.8823998106759767
2026-03-03,Yaba,0,1,0.8165023849960598
2026-03-04,Yaba,0,1,0.8672057716539657
2026-03-05,Yaba,0,0,0.8442709813931043
2026-02-20,Yaba,1,1,0.6941116982328395
2026-02-21,Yaba,1,1,0.726007160168721
2026-02-22,Yaba,1,0,0.7114865150290481
2026-02-23,Yaba,1,1,0.8908566383987186
2026-02-24,Yaba,1,2,0.7243602663549747
2026-02-25,Yaba,1,1,0.7049683727466044
2026-02-26,Yaba,1,1,0.7198140107137789
2026-02-27,Yaba,1,0,0.7009421508824595
2026-02-28,Yaba,1,0,0.7554194314402963
2026-03-01,Yaba,1,1,0.8182356728436955
2026-03-02,Yaba,1,0,0.8261210337611062
2026-03-03,Yaba,1,1,0.765906505489939
2026-03-04,Yaba,1,1,0.7000230855804976
2026-03-05,Yaba,1,0,0.861706014464386
2026-02-20,Yaba,2,0,0.758716912447295
2026-02-21,Yaba,2,2,0.887308034589386
2026-02-22,Yaba,2,2,0.7082375622708442
2026-02-23,Yaba,2,1,0.9409747791867336
2026-02-24,Yaba,2,0,0.7109689183125715
2026-02-25,Yaba,2,0,0.8090467436102264
2026-02-26,Yaba,2,1,0.8363021065954256
2026-02-27,Yaba,2,2,0.797999292794299
2026-02-28,Yaba,2,0,0.7123685283365006
2026-03-01,Yaba,2,1,0.9383873409361543
2026-03-02,Yaba,2,0,0.8197371833525877
2026-03-03,Yaba,2,0,0.7681137248418054
2026-03-04,Yaba,2,2,0.8486176434752029
2026-03-05,Yaba,2,1,0.7392178777638654
2026-02-20,Yaba,3,1,0.7092208032541095
2026-02-21,Yaba,3,0,0.6851270416764949
2026-02-22,Yaba,3,0,0.7829770270892132
2026-02-23,Yaba,3,0,0.8862923770200792
2026-02-24,Yaba,3,2,0.8182123777071725
2026-02-25,Yaba,3,0,0.7306874597670489
2026-02-26,Yaba,3,0,0.8515931399795307
2026-02-27,Yaba,3,1,0.8455887087815607
2026-02-28,Yaba,3,0,0.7006280112458174
2026-03-01,Yaba,3,2,0.7834245930295359
2026-03-02,Yaba,3,0,0.9068421669752061
2026-03-03,Yaba,3,2,0.7942689464476788
2026-03-04,Yaba,3,2,0.7319554078705413
2026-03-05,Yaba,3,0,0.7228750081389007
2026-02-20,Yaba,4,1,0.7674570578882439
2026-02-21,Yaba,4,0,0.7016508755479587
2026-02-22,Yaba,4,0,0.772061243788515
2026-02-23,Yaba,4,1,0.8114059842819042
2026-02-24,Yaba,4,2,0.7167345096041751
2026-02-25,Yaba,4,0,0.7077799643855328
2026-02-26,Yaba,4,0,0.801115695372938
2026-02-27,Yaba,4,1,0.8023103224740641
2026-02-28,Yaba,4,1,0.6973683335056339
2026-03-01,Yaba,4,2,0.7322160242261236
2026-03-02,Yaba,4,0,0.8633828830340308
2026-03-03,Yaba,4,0,0.7722280779288662
2026-03-04,Yaba,4,2,0.8904019870978003
2026-03-05,Yaba,4,0,0.7093325341162565
2026-02-20,Yaba,5,1,0.7087331010343825
2026-02-21,Yaba,5,0,0.6948561747578568
2026-02-22,Yaba,5,2,0.7592054290579117
2026-02-23,Yaba,5,0,0.8637600290222655
2026-02-24,Yaba,5,0,0.7409800706823229
2026-02-25,Yaba,5,2,0.7775979125567752
2026-02-26,Yaba,5,3,0.7116326431542633
2026-02-27,Yaba,5,1,0.7138996131065165
2026-02-28,Yaba,5,0,0.6880721330219528
2026-03-01,Yaba,5,1,0.8925248029592833
2026-03-02,Yaba,5,0,0.836943976825471
2026-03-03,Yaba,5,0,0.7511455526922575
2026-03-04,Yaba,5,0,0.7665069096205281
2026-03-05,Yaba,5,1,0.7639563992758454
2026-02-20,Yaba,6,0,0.6926089901246998
2026-02-21,Yaba,6,0,0.7667601057533243
2026-02-22,Yaba,6,2,0.7841946521181753
2026-02-23,Yaba,6,1,0.7975621966799243
2026-02-24,Yaba,6,0,0.6841142362252998
2026-02-25,Yaba,6,0,0.7618204000914055
2026-02-26,Yaba,6,1,0.7864401606842785
2026-02-27,Yaba,6,0,0.7927581091285669
2026-02-28,Yaba,6,0,0.7561810541054735
2026-03-01,Yaba,6,0,0.8060890032622702
2026-03-02,Yaba,6,3,0.8538974527037677
2026-03-03,Yaba,6,1,0.6979149189072051
2026-03-04,Yaba,6,2,0.7095022185662594
2026-03-05,Yaba,6,0,0.6791797824183577
2026-02-20,Yaba,7,0,0.7593837625756021
2026-02-21,Yaba,7,2,0.8391997684028243
2026-02-22,Yaba,7,2,0.7188462517033669
2026-02-23,Yaba,7,0,0.8859454634601767
2026-02-24,Yaba,7,0,0.9419253851918915
2026-02-25,Yaba,7,0,0.7787299523060097
2026-02-26,Yaba,7,1,0.7803017630826102
2026-02-27,Yaba,7,0,0.794539087825932
2026-02-28,Yaba,7,2,0.7992553296702611
2026-03-01,Yaba,7,1,0.7288477710761515
2026-03-02,Yaba,7,2,0.8230581533812499
2026-03-03,Yaba,7,0,0.7151008941877521
2026-03-04,Yaba,7,0,0.7604867878967815
2026-03-05,Yaba,7,1,0.9516825192787857
2026-02-20,Yaba,8,1,0.7045388521980669
2026-02-21,Yaba,8,1,0.7201018069790746
2026-02-22,Yaba,8,0,0.7025322875902796
2026-02-23,Yaba,8,2,0.8096988957616275
2026-02-24,Yaba,8,1,0.7066630029392433
2026-02-25,Yaba,8,0,0.6690008995500742
2026-02-26,Yaba,8,3,0.8191385030897342
2026-02-27,Yaba,8,0,0.8060610952252946
2026-02-28,Yaba,8,0,0.7791957552654727
2026-03-01,Yaba,8,1,0.7471544828723662
2026-03-02,Yaba,8,0,0.7845334968872053
2026-03-03,Yaba,8,3,0.7651460875213749
2026-03-04,Yaba,8,2,0.661954248261151
2026-03-05,Yaba,8,1,0.741079472394202
2026-02-20,Yaba,9,0,0.7019817032598626
2026-02-21,Yaba,9,0,0.7774139063776624
2026-02-22,Yaba,9,0,0.8505181428849076
2026-02-23,Yaba,9,1,0.9252152134733787
2026-02-24,Yaba,9,1,0.7971181268227863
2026-02-25,Yaba,9,1,0.7083160266900097
2026-02-26,Yaba,9,0,0.7687200589795553
2026-02-27,Yaba,9,0,0.9237491583651365
2026-02-28,Yaba,9,0,0.7121013420676158
2026-03-01,Yaba,9,0,0.7652339843264039
2026-03-02,Yaba,9,0,0.8525816301909329
2026-03-03,Yaba,9,2,0.7353403751854941
2026-03-04,Yaba,9,1,0.737919323338128
2026-03-05,Yaba,9,1,0.8195377736392898
2026-02-20,Yaba,10,0,1.2726228450326291
2026-02-21,Yaba,10,0,1.3375457525593788
2026-02-22,Yaba,10,1,1.3073159735327575
2026-02-23,Yaba,10,1,1.2116339224749337
2026-02-24,Yaba,10,2,1.1369336233718508
2026-02-25,Yaba,10,0,0.9370291991562718
2026-02-26,Yaba,10,3,1.140016294373963
2026-02-27,Yaba,10,1,0.8938843933829781
2026-02-28,Yaba,10,0,0.9377643289477225
2026-03-01,Yaba,10,1,1.2035347087592163
2026-03-02,Yaba,10,3,1.1552279854937442
2026-03-03,Yaba,10,5,0.8732308175513954
2026-03-04,Yaba,10,1,1.4378281761736924
2026-03-05,Yaba,10,3,1.7457858487863813
2026-02-20,Yaba,11,6,2.385854629116104
2026-02-21,Yaba,11,7,2.9249794933637436
2026-02-22,Yaba,11,2,2.752165272289818
2026-02-23,Yaba,11,7,3.37324107274334
2026-02-24,Yaba,11,3,3.209851337272328
2026-02-25,Yaba,11,6,3.617105376237923
2026-02-26,Yaba,11,2,3.3905438897618114
2026-02-27,Yaba,11,2,3.896960500763408
2026-02-28,Yaba,11,6,3.4362638641738905
2026-03-01,Yaba,11,2,3.605524486756716
2026-03-02,Yaba,11,1,3.8914846194688844
2026-03-03,Yaba,11,5,3.578016370027206
2026-03-04,Yaba,11,4,3.290568738522968
2026-03-05,Yaba,11,0,3.3418721654459285
2026-02-20,Yaba,12,4,6.053122254083227
2026-02-21,Yaba,12,5,5.467534692661781
2026-02-22,Yaba,12,7,5.387911241331314
2026-02-23,Yaba,12,6,5.863268175466509
2026-02-24,Yaba,12,5,5.548950727580024
2026-02-25,Yaba,12,3,5.259482613771023
2026-02-26,Yaba,12,4,5.918518249655577
2026-02-27,Yaba,12,10,5.683316275468406
2026-02-28,Yaba,12,4,4.938587560265902
2026-03-01,Yaba,12,4,5.10645762611365
2026-03-02,Yaba,12,4,5.510632188768348
2026-03-03,Yaba,12,9,5.563094927056879
2026-03-04,Yaba,12,6,4.923331086745356
2026-03-05,Yaba,12,2,5.947008508514318
2026-02-20,Yaba,13,7,6.714033347337632
2026-02-21,Yaba,13,6,7.160584055261571
2026-02-22,Yaba,13,7,6.393043569158378
2026-02-23,Yaba,13,2,6.617230942683991
2026-02-24,Yaba,13,8,7.0775646196127555
2026-02-25,Yaba,13,2,6.193456539666103
2026-02-26,Yaba,13,9,6.5801347142648385
2026-02-27,Yaba,13,10,6.963439426969173
2026-02-28,Yaba,13,5,5.617479951899158
2026-03-01,Yaba,13,5,5.556374470272505
2026-03-02,Yaba,13,9,7.09129085942913
2026-03-03,Yaba,13,6,7.338325173192206
2026-03-04,Yaba,13,9,6.552881749055619
2026-03-05,Yaba,13,9,7.438008141021571
2026-02-20,Yaba,14,3,5.8350751917231065
2026-02-21,Yaba,14,5,4.583981981700222
2026-02-22,Yaba,14,2,4.702534146665616
2026-02-23,Yaba,14,5,5.76118696400311
2026-02-24,Yaba,14,3,4.769127424685287
2026-02-25,Yaba,14,5,5.023733829288091
2026-02-26,Yaba,14,4,5.22023282360278
2026-02-27,Yaba,14,5,4.07571888486736
2026-02-28,Yaba,14,1,4.396762033934617
2026-03-01,Yaba,14,7,3.678546861468386
2026-03-02,Yaba,14,5,4.668828892084036
2026-03-03,Yaba,14,8,4.84756356549902
2026-03-04,Yaba,14,4,5.2200436227012
2026-03-05,Yaba,14,5,5.639015501252479
2026-02-20,Yaba,15,4,3.4077636454885436
2026-02-21,Yaba,15,2,3.047007833218179
2026-02-22,Yaba,15,1,3.1869768986328046
2026-02-23,Yaba,15,7,3.682924775029782
2026-02-24,Yaba,15,4,4.3547738049321465
2026-02-25,Yaba,15,5,3.162799689302189
2026-02-26,Yaba,15,3,3.598920704304678
2026-02-27,Yaba,15,4,3.4919595969165536
2026-02-28,Yaba,15,5,2.6755663865262447
2026-03-01,Yaba,15,6,3.315683283384913
2026-03-02,Yaba,15,2,5.251087971952161
2026-03-03,Yaba,15,2,4.446794674746454
2026-03-04,Yaba,15,10,3.6364444790973764
2026-03-05,Yaba,15,5,4.637018200530688
2026-02-20,Yaba,16,4,3.1044743674945594
2026-02-21,Yaba,16,2,2.5138187689549487
2026-02-22,Yaba,16,3,2.3007964854710536
2026-02-23,Yaba,16,3,3.1386881648002882
2026-02-24,Yaba,16,3,2.930514837679145
2026-02-25,Yaba,16,2,2.9028157406246993
2026-02-26,Yaba,16,4,3.332690390954695
2026-02-27,Yaba,16,3,4.155631889712388
2026-02-28,Yaba,16,1,3.1754122790375736
2026-03-01,Yaba,16,2,2.7484468012451773
2026-03-02,Yaba,16,1,3.8721373759564335
2026-03-03,Yaba,16,2,3.4521492382413355
2026-03-04,Yaba,16,3,2.793621835008704
2026-03-05,Yaba,16,5,3.7210989883561325
2026-02-20,Yaba,17,5,3.778571759191254
2026-02-21,Yaba,17,3,3.7748353562896058
2026-02-22,Yaba,17,4,3.847918383168075
2026-02-23,Yaba,17,4,5.298366485846413
2026-02-24,Yaba,17,8,6.01287678633849
2026-02-25,Yaba,17,1,5.760508275618925
2026-02-26,Yaba,17,9,5.2483551239750925
2026-02-27,Yaba,17,4,5.767768507781929
2026-02-28,Yaba,17,3,3.227675447826801
2026-03-01,Yaba,17,3,3.281310912652197
2026-03-02,Yaba,17,10,5.244790225542276
2026-03-03,Yaba,17,5,5.972064322819468
2026-03-04,Yaba,17,5,5.245732004848781
2026-03-05,Yaba,17,3,6.2538421997902285
2026-02-20,Yaba,18,9,6.49818256566237
2026-02-21,Yaba,18,10,5.2066034322764905
2026-02-22,Yaba,18,3,5.243555808567674
2026-02-23,Yaba,18,8,6.703268590832842
2026-02-24,Yaba,18,10,6.876091731530602
2026-02-25,Yaba,18,6,7.829019697869942
2026-02-26,Yaba,18,11,7.911971281366074
2026-02-27,Yaba,18,8,7.612564076398915
2026-02-28,Yaba,18,7,5.626830510356703
2026-03-01,Yaba,18,6,5.155855119489475
2026-03-02,Yaba,18,15,7.620507501642492
2026-03-03,Yaba,18,11,9.485294748833082
2026-03-04,Yaba,18,13,8.253880261604841
2026-03-05,Yaba,18,5,9.525179939445401
2026-02-20,Yaba,19,9,8.604332396308587
2026-02-21,Yaba,19,6,7.05279409556216
2026-02-22,Yaba,19,8,7.1023733331749055
2026-02-23,Yaba,19,11,7.7901986117215225
2026-02-24,Yaba,19,7,9.323225161202842
2026-02-25,Yaba,19,9,9.966797926139698
2026-02-26,Yaba,19,8,10.442769360461726
2026-02-27,Yaba,19,8,8.026707364404283
2026-02-28,Yaba,19,7,6.851190815623939
2026-03-01,Yaba,19,3,6.811913688852759
2026-03-02,Yaba,19,11,7.403589611634549
2026-03-03,Yaba,19,7,8.202884926020237
2026-03-04,Yaba,19,9,7.579407347379383
2026-03-05,Yaba,19,7,8.452881360975628
2026-02-20,Yaba,20,10,9.3671127404337
2026-02-21,Yaba,20,11,9.458992093916981
2026-02-22,Yaba,20,13,8.786058700390214
2026-02-23,Yaba,20,15,9.646922347716133
2026-02-24,Yaba,20,11,8.748728234209832
2026-02-25,Yaba,20,5,9.38248575098652
2026-02-26,Yaba,20,7,9.170661386072272
2026-02-27,Yaba,20,10,9.425630674909709
2026-02-28,Yaba,20,6,9.387220143685651
2026-03-01,Yaba,20,11,8.628746515752415
2026-03-02,Yaba,20,4,8.277863653468117
2026-03-03,Yaba,20,11,7.734953678241893
2026-03-04,Yaba,20,7,6.630172686013798
2026-03-05,Yaba,20,8,8.448102477710911
2026-02-20,Yaba,21,6,6.1276837967134155
2026-02-21,Yaba,21,9,7.394130191650074
2026-02-22,Yaba,21,8,8.338275052236751
2026-02-23,Yaba,21,3,5.738415392590104
2026-02-24,Yaba,21,9,5.512673848220098
2026-02-25,Yaba,21,7,5.346894122602111
2026-02-26,Yaba,21,6,6.180863339440349
2026-02-27,Yaba,21,5,5.680125998934044
2026-02-28,Yaba,21,4,8.052084378798932
2026-03-01,Yaba,21,11,7.500749227434857
2026-03-02,Yaba,21,6,5.559931870562762
2026-03-03,Yaba,21,9,6.412145071227592
2026-03-04,Yaba,21,5,5.630906236999129
2026-03-05,Yaba,21,4,6.1161821909947385
2026-02-20,Yaba,22,4,4.403779931449366
2026-02-21,Yaba,22,6,7.4456110485307505
2026-02-22,Yaba,22,6,8.731116478694881
2026-02-23,Yaba,22,1,4.393185022146523
2026-02-24,Yaba,22,0,4.298964678639762
2026-02-25,Yaba,22,5,3.2328466499828905
2026-02-26,Yaba,22,5,3.728754323943853
2026-02-27,Yaba,22,2,3.7387092287818637
2026-02-28,Yaba,22,5,4.990262475454503
2026-03-01,Yaba,22,5,5.6402779140782835
2026-03-02,Yaba,22,2,3.5382206647526875
2026-03-03,Yaba,22,2,3.032967582561228
2026-03-04,Yaba,22,5,3.4780559048611313
2026-03-05,Yaba,22,6,3.6335990592977576
2026-02-20,Yaba,23,2,3.394744860833176
2026-02-21,Yaba,23,3,4.798398403836696
2026-02-22,Yaba,23,11,5.017474094013748
2026-02-23,Yaba,23,3,2.8536408577208014
2026-02-24,Yaba,23,6,2.9831029840873273
2026-02-25,Yaba,23,3,3.243881366836572
2026-02-26,Yaba,23,4,3.7806505768995797
2026-02-27,Yaba,23,5,3.909709930395699
2026-02-28,Yaba,23,4,5.676529887871099
2026-03-01,Yaba,23,4,7.213139764884372
2026-03-02,Yaba,23,3,4.114196271804175
2026-03-03,Yaba,23,7,3.7898054280003346
2026-03-04,Yaba,23,2,3.82806504542374
2026-03-05,Yaba,23,2,3.9401758247144074
