order_id,rider_id,assigned,predicted_eta
O0040988,D0042,True,32.6428236490702
O0041304,D0109,True,28.811466433783018
O0041031,D0088,True,31.596081453570633
O0041190,D0116,True,23.351921965765044
O0041416,D0263,True,18.22747286213142
O0041042,D0283,True,19.441934700142646
O0041107,D0205,True,22.659642148971322
O0041129,D0085,True,26.39131209367616
O0041365,D0274,True,47.954627999615745
O0041202,D0051,True,19.7147438938718
O0040905,D0266,True,37.56814432636246
O0040756,D0248,True,25.479881789437513
O0041072,D0000,True,26.57252153178102
O0041060,D0117,True,25.512896051845686
O0041233,D0021,True,19.348110766178944
O0040992,D0186,True,28.87071769006534
O0041199,D0226,True,17.433975350136716
O0041645,D0159,True,20.07728223673646
O0041178,D0188,True,40.00347131023569
O0040770,D0245,True,57.922649154183446
O0041180,D0225,True,27.313967509590814
O0041517,D0153,True,23.188389445047967
O0041336,D0094,True,19.460469092927564
O0041467,D0060,True,23.011028546036712
O0041073,D0220,True,20.50684443903893
O0041373,D0206,True,63.22353610614195
O0041370,D0134,True,29.122641987840392
O0041423,D0014,True,53.42119865621053
O0040747,D0066,True,24.03051964414236
O0040996,D0264,True,24.963069692460248
O0041153,D0263,True,22.256672159729597
O0040832,D0244,True,25.352840549498033
O0041620,D0195,True,19.242761735931772
O0041342,D0215,True,44.11552307799799
O0041622,D0233,True,23.405821222625278
O0041184,D0178,True,30.21798159627192
O0041630,D0079,True,22.588974509941288
O0041098,D0133,True,25.663381717028415
O0041219,D0209,True,19.918386860926837
O0041288,D0140,True,19.49828581003924
O0040986,D0002,True,21.634189287230633
O0040857,D0150,True,19.60114050470347
O0041652,D0115,True,21.534869795560777
O0041356,D0018,True,21.982867215556915
O0041257,D0019,True,26.318766847715423
O0040759,D0149,True,72.87303596595893
O0041596,D0247,True,22.265973751812197
O0041150,D0187,True,27.770525273226536
O0041551,D0198,True,16.11796966932521
O0041134,D0108,True,20.086688267365773
O0041437,D0255,True,19.73542622447365
O0040762,D0006,True,23.633698011100392
O0041521,D0152,True,25.546632981368
O0040793,D0131,True,58.50492195640161
O0040810,D0061,True,27.632313197293666
O0041003,D0211,True,25.562784205307004
O0040784,D0076,True,50.94265802015444
O0041143,D0122,True,24.577849512415654
O0041013,D0266,True,20.803598144886294
O0040841,D0166,True,35.66371322492697
O0041236,D0153,True,48.41584628865918
O0041208,D0002,True,23.127626681621653
O0041771,D0249,True,22.128188180365516
O0042338,D0055,True,26.687502301232993
O0041826,D0053,True,41.819894330727095
O0041898,D0241,True,35.03222692836726
O0041668,D0164,True,24.106453331409487
O0041927,D0033,True,18.17427453719368
O0041849,D0079,True,20.53465213817913
O0041809,D0097,True,31.509530938380184
O0042252,D0192,True,29.018338430883524
O0041903,D0204,True,30.27110456402941
O0042165,D0189,True,24.830067174933614
O0042095,D0163,True,37.2958102354721
O0042149,D0203,True,28.39929134707545
O0041965,D0120,True,39.523414155435034
O0042076,D0122,True,31.336014176658193
O0041995,D0160,True,37.99933683340633
O0042426,D0010,True,22.88860214628617
O0041981,D0215,True,39.94370354127476
O0042372,D0066,True,25.97586323273007
O0041910,D0131,True,41.89823098591691
O0041815,D0049,True,16.80179631776605
O0042322,D0278,True,26.438326671029923
O0042285,D0046,True,12.778786392339216
O0041823,D0088,True,28.53821757138005
O0041852,D0134,True,30.59529319711269
O0042009,D0085,True,27.80350318526869
O0042134,D0055,True,33.71562463339305
O0041689,D0062,True,25.238370088975785
O0042025,D0152,True,27.469527710513102
O0041832,D0142,True,23.795686897810306
O0042333,D0150,True,73.02241511841306
O0042070,D0021,True,23.21719008470016
O0042040,D0171,True,21.81195134669414
O0042329,D0214,True,19.478771631327742
O0042019,D0168,True,34.86173931380206
O0041909,D0195,True,35.1730716854248
O0042291,D0280,True,26.83069190121196
O0041866,D0192,True,17.659104876956462
O0042156,D0280,True,19.56827309990984
O0041678,D0159,True,18.48101021096855
O0041796,D0241,True,20.190246089936505
O0041973,D0162,True,35.177614731001306
O0041972,D0079,True,33.80587276574427
O0042098,D0185,True,18.958885499623353
O0042113,D0087,True,42.29186905431942
O0041912,D0266,True,17.83507689336781
O0041688,D0241,True,86.54054343956278
O0042371,D0002,True,80.30952440478893
O0042328,D0152,True,41.25100880571133
O0042349,D0168,True,30.477545601312265
O0042116,D0116,True,22.960370820702902
O0041845,D0252,True,26.99677465360262
O0042190,D0149,True,44.2282504731707
O0041767,D0260,True,36.61728777572102
O0041962,D0203,True,28.879217925970675
O0041713,D0242,True,36.79154370882095
O0042195,D0266,True,30.096900675244118
O0041963,D0099,True,24.727291717470163
O0042257,D0025,True,28.95774461114171
O0042273,D0028,True,27.727791789911002
O0041941,D0076,True,25.6454873786244
O0041954,D0030,True,44.101976701589095
O0041998,D0260,True,35.63380965320761
O0041814,D0224,True,33.56208020843978
O0042249,D0280,True,31.726054315546794
O0042068,D0024,True,30.5876518162947
O0041967,D0097,True,30.460736727735657
O0042400,D0168,True,111.63663963308005
O0041731,D0220,True,25.064813038649103
O0041836,D0076,True,31.003637312628047
O0042369,D0259,True,35.6167237193801
O0042192,D0200,True,25.945922216213702
O0042003,D0270,True,63.117465866067164
O0041732,D0087,True,27.6953835107337
O0042271,D0027,True,18.030363845323443
O0041867,D0243,True,37.308042362044205
O0042074,D0260,True,73.76399286363447
O0041791,D0293,True,20.206493719275848
O0042327,D0002,True,57.40155561066123
O0042288,D0028,True,23.09220374750453
O0041851,D0177,True,33.36042898889116
O0042041,D0247,True,26.23420789842728
O0041840,D0277,True,24.446936944632856
O0042407,D0220,True,53.82073830991949
O0042374,D0142,True,96.68435649829675
O0041770,D0118,True,15.958503042937972
O0041991,D0206,True,43.781426275588714
O0042235,D0272,True,31.23409956867546
O0041856,D0155,True,25.270758571788857
O0041709,D0243,True,30.732885065781943
O0041916,D0164,True,20.137727448548944
O0042002,D0117,True,25.694540910633886
O0041729,D0251,True,42.19024250783651
O0041978,D0134,True,21.45555195522621
O0042054,D0033,True,23.857512560694506
O0041862,D0197,True,30.181918660773952
O0042326,D0136,True,39.330535636270795
O0041919,D0004,True,18.5934011779811
O0042413,D0280,True,22.720633066462735
O0042347,D0203,True,25.35843622078315
O0042237,D0296,True,50.644297985285384
O0042267,D0247,True,18.751028315393523
O0041822,D0210,True,28.53257210680997
O0041931,D0155,True,18.408185923213548
O0042335,D0164,True,21.972744491758792
O0041720,D0120,True,27.73156799710251
O0042270,D0205,True,28.876046668445817
O0041846,D0280,True,28.304802866034553
O0042342,D0049,True,22.479363861690462
O0041870,D0066,True,22.794981906874483
O0041878,D0088,True,31.011813261436405
O0042159,D0106,True,16.537176115237894
O0041975,D0198,True,20.461405417132358
O0042376,D0228,True,22.476057907923117
O0042117,D0103,True,36.165860846781065
O0041715,D0279,True,30.716857250582287
O0041692,D0048,True,35.060635294020464
O0041712,D0024,True,71.92361094960073
O0041705,D0201,True,37.91946870465422
O0042412,D0116,True,86.72655648191255
O0041875,D0274,True,25.011007406565735
O0041877,D0209,True,31.986310618695736
O0042112,D0084,True,24.093285058631718
O0042189,D0204,True,41.66136208764233
O0041760,D0149,True,21.823236897433812
O0041834,D0085,True,33.71069985929727
O0041777,D0214,True,22.69463146581441
O0042397,D0172,True,29.386782082390237
O0041788,D0036,True,25.54324669956578
O0042388,D0178,True,26.456540365119444
O0042182,D0206,True,23.64219820841686
O0042062,D0078,True,26.416824379729928
O0042037,D0052,True,17.75263677647624
O0041918,D0287,True,34.143095799766044
O0041717,D0299,True,97.25545995461357
O0042268,D0079,True,49.33939229796457
O0042392,D0124,True,38.498865965632255
O0042080,D0098,True,30.004374711174343
O0042028,D0288,True,25.22783617177262
O0042153,D0167,True,30.030939100929146
O0041671,D0039,True,17.024644460376024
O0041783,D0272,True,82.37152791872745
O0042361,D0068,True,27.749559116320878
O0042302,D0295,True,15.334091378283611
O0042229,D0164,True,25.902018768127693
O0041803,D0097,True,39.780685946542114
O0042096,D0113,True,96.5846940375039
O0041893,D0229,True,32.62468782774522
O0042289,D0186,True,19.671160163264513
O0042307,D0220,True,21.565559873561284
O0042136,D0249,True,47.644080362669285
O0041923,D0127,True,26.093380850529673
O0042185,D0296,True,66.21589062160042
O0041697,D0072,True,18.728891127403955
O0042198,D0046,True,19.870819493905636
O0041914,D0295,True,25.807845464994205
O0041754,D0037,True,25.07894260237612
O0042145,D0133,True,22.58593203798659
O0042016,D0188,True,16.991729295275825
O0041756,D0189,True,23.648631028260585
O0042313,D0279,True,21.26868726203965
O0041837,D0255,True,22.546488754197437
O0042393,D0129,True,18.753956761327796
O0042364,D0157,True,22.496713624448965
O0042168,D0251,True,32.79813319278506
O0042422,D0002,True,23.70759743042509
O0042063,D0247,True,23.752839741629014
O0042132,D0177,True,22.34807051325641
O0041669,D0105,True,28.45097730168805
O0042005,D0159,True,36.9085660915185
O0042403,D0048,True,26.701760861793613
O0041772,D0000,True,38.12216226016178
O0042147,D0172,True,21.604156629458178
O0042262,D0205,True,35.267297627089086
O0041769,D0168,True,29.832233455974695
O0042128,D0188,True,28.252856701546445
O0041843,D0085,True,25.232890488054842
O0042094,D0211,True,43.677880997282315
O0041816,D0178,True,22.11557819966455
O0042212,D0107,True,17.288968439997973
O0042114,D0200,True,73.00100834948526
O0042000,D0087,True,50.405798120395
O0042014,D0094,True,21.286416829575803
O0041824,D0281,True,18.988197748092603
O0042050,D0255,True,24.926693676663927
O0042115,D0025,True,34.96691483055738
O0041924,D0155,True,33.16214211126742
O0042354,D0279,True,89.99706375320697
O0042246,D0052,True,33.60633956589401
O0042102,D0193,True,42.88055679509197
O0042303,D0039,True,41.40075443128458
O0042301,D0108,True,20.76616010055085
O0041913,D0028,True,26.115362209605482
O0042012,D0071,True,19.64572719960361
O0041997,D0022,True,34.75130458825731
O0041682,D0195,True,43.01164635419064
O0042006,D0062,True,21.090388278657297
O0042091,D0106,True,32.13905363387486
O0042073,D0006,True,20.085575495439162
O0042152,D0099,True,26.244217619950103
O0041906,D0219,True,43.26390027531584
O0042337,D0274,True,26.985313605112275
O0041745,D0162,True,26.179922447902594
O0042111,D0048,True,29.723895941369385
O0041859,D0172,True,26.149520168800006
O0041948,D0292,True,20.6749192358792
O0042085,D0088,True,39.21963306035502
O0042280,D0247,True,34.94119594847799
O0041876,D0220,True,23.130095700251132
O0042046,D0166,True,25.71902029584921
O0042208,D0232,True,18.100821426124245
O0041946,D0124,True,19.874747496224483
O0041751,D0217,True,40.24264899653496
O0042052,D0136,True,38.146473263905605
O0041865,D0251,True,30.100243502926777
O0041858,D0168,True,46.23742449361689
O0041737,D0024,True,33.18119500377599
O0042363,D0143,True,31.75347267259406
O0042411,D0146,True,33.798934704887444
O0042058,D0064,True,23.164437108525117
O0042324,D0116,True,28.03543195303197
O0041746,D0046,True,27.359213179359152
O0042013,D0296,True,27.090654072456232
O0041719,D0202,True,28.7948308613862
O0041950,D0149,True,35.369472816695904
O0041958,D0007,True,17.41103171079315
O0042163,D0062,True,30.89158844110641
O0042155,D0140,True,29.183945026370942
O0042048,D0070,True,45.725414153300164
O0042263,D0099,True,49.825276674374535
O0042044,D0223,True,17.898201569978546
O0042384,D0188,True,36.713937044196285
O0041695,D0207,True,20.308118080966718
O0042357,D0213,True,18.678596382759277
O0042045,D0263,True,36.03953426125507
O0042210,D0239,True,17.71123808302281
O0042138,D0171,True,30.686207587303496
O0042186,D0015,True,24.696323300095905
O0041747,D0022,True,19.52322387400193
O0042088,D0172,True,24.75611327859878
O0041820,D0035,True,24.12145643357463
O0042373,D0180,True,19.837656786914767
O0042386,D0253,True,23.988009976128662
O0041673,D0157,True,38.5284570615275
O0041883,D0197,True,34.58363945508098
O0042056,D0074,True,30.451394237981376
O0041785,D0242,True,25.385483844050505
O0041980,D0299,True,23.046442702328445
O0041985,D0072,True,20.996294766759352
O0042340,D0225,True,18.369388027674084
O0042018,D0298,True,26.87640999373825
O0041685,D0177,True,97.6414782304103
O0041733,D0117,True,24.988301672364376
O0042265,D0239,True,39.35854044653231
O0042293,D0266,True,28.724055984262705
O0042142,D0220,True,71.05116334959982
O0042089,D0007,True,23.918159191368016
O0042319,D0297,True,29.88514291994461
O0042205,D0077,True,19.642222550206544
O0042092,D0166,True,14.351168885970376
O0041930,D0024,True,36.38406303014592
O0042072,D0006,True,40.1751872218694
O0042266,D0111,True,22.297728993249553
O0042306,D0268,True,19.83913115385784
O0041993,D0093,True,28.122227675589123
O0042418,D0167,True,30.241037229172022
O0042055,D0169,True,25.83860462666438
O0042409,D0022,True,34.79021781213917
O0042251,D0143,True,21.037765747689118
O0041680,D0234,True,31.336452414443954
O0042294,D0035,True,34.83779191922905
O0041691,D0115,True,19.57210523663525
O0041802,D0097,True,35.72003220024165
O0042065,D0299,True,28.646666739706166
O0042222,D0002,True,25.634455868117364
O0042394,D0166,True,86.50362124001404
O0041949,D0000,True,39.23557536930545
O0042026,D0296,True,34.04422628254637
O0042047,D0146,True,26.992173386440445
O0041861,D0053,True,22.86761926502276
O0041989,D0017,True,34.64052068203248
O0042424,D0015,True,25.953573944720628
O0041716,D0251,True,50.91696307098841
O0041728,D0247,True,38.77067950655072
O0041872,D0163,True,29.703884354964337
O0041724,D0225,True,37.2889898439593
O0042429,D0298,True,30.329212316901828
O0041964,D0104,True,28.914829267022704
O0042346,D0269,True,17.91097165944226
O0042236,D0165,True,36.47810363519737
O0041687,D0294,True,27.34625289264304
O0041848,D0126,True,25.09993365671617
O0041897,D0280,True,55.484947586673044
O0042290,D0058,True,27.331355604896086
O0042120,D0204,True,31.466834919500233
O0042231,D0258,True,25.96776146258384
O0042308,D0272,True,87.1247280015608
O0042421,D0232,True,22.375301004596782
O0041693,D0140,True,39.57030933455061
O0042272,D0070,True,29.784228840890098
O0041768,D0108,True,21.97772323671298
O0041665,D0221,True,22.842442731053154
O0041792,D0093,True,56.59412289419063
O0042402,D0193,True,36.332992269403256
O0042318,D0115,True,33.58346328102855
O0042176,D0113,True,40.31083194148113
O0042254,D0097,True,63.89382011418471
O0042124,D0253,True,27.688883524399596
O0042140,D0275,True,19.186696892663264
O0041797,D0192,True,68.54575021053503
O0042269,D0062,True,100.96429811404046
O0041996,D0278,True,24.309117721302737
O0042141,D0119,True,31.69484947092355
O0041696,D0296,True,40.7943007131931
O0041935,D0294,True,25.441384053616286
O0041821,D0013,True,18.966921096841062
O0041976,D0028,True,111.02169059918718
O0042344,D0269,True,22.904152455228473
O0041703,D0037,True,31.27334404292464
O0042126,D0102,True,24.874307711009735
O0042067,D0252,True,50.12707857507203
O0041968,D0236,True,25.604828443066946
O0041881,D0007,True,33.13135843808275
O0041915,D0186,True,18.742015025090154
O0042029,D0172,True,76.43127045658959
O0042020,D0297,True,58.33115637002199
O0042391,D0100,True,22.024763740773526
O0042258,D0104,True,36.69476551525769
O0042216,D0032,True,35.83687612128122
O0041880,D0073,True,31.76880487430585
O0041721,D0084,True,27.92722999232098
O0042017,D0217,True,47.20930062989644
O0042023,D0240,True,22.722584318959097
O0041864,D0051,True,51.168574729285154
O0041723,D0178,True,27.255624364692498
O0042064,D0123,True,27.121945684929166
O0042158,D0160,True,25.96356331606603
O0041681,D0052,True,34.40605872102942
O0041749,D0115,True,32.2814725151121
O0042188,D0247,True,106.61546670352276
O0042174,D0066,True,28.171077348172265
O0041863,D0281,True,35.22018766312384
O0041992,D0060,True,25.133275595484218
O0041808,D0288,True,43.56109035319799
O0041748,D0175,True,26.0917186099372
O0041868,D0055,True,24.364569684438617
O0042078,D0187,True,25.353786816756397
O0042123,D0182,True,41.450930135645855
O0042060,D0209,True,24.09168686383711
O0042213,D0119,True,38.39166186305357
O0042175,D0037,True,30.894118137885318
O0042104,D0190,True,29.85607353041354
O0042131,D0060,True,44.88308204633697
O0041987,D0245,True,40.3229035076641
O0042362,D0003,True,27.361401824186025
O0042038,D0143,True,122.106675563789
O0042042,D0115,True,20.60459812309469
O0042217,D0029,True,28.09515404314499
O0042292,D0033,True,19.86971646583756
O0042314,D0073,True,33.593801302029924
O0042066,D0032,True,48.55177015442373
O0042010,D0144,True,34.2746243691472
O0042166,D0035,True,44.354071100508705
O0041959,D0062,True,52.64054802992689
O0041740,D0209,True,40.9733100390738
O0041759,D0263,True,29.924892978157494
O0041711,D0172,True,31.10916403865725
O0041744,D0058,True,50.59577606584563
O0042378,D0013,True,38.822830204940814
O0042083,D0087,True,53.83021200381311
O0041817,D0009,True,47.64836939718459
O0041677,D0115,True,28.211028006322103
O0042227,D0219,True,35.812890249188214
O0042130,D0049,True,84.9647774060192
O0042033,D0113,True,38.20773187455234
O0041986,D0192,True,71.44732086552523
O0042395,D0004,True,30.873483900156312
O0042077,D0201,True,32.96059115022215
O0041686,D0262,True,75.0977021860677
O0041926,D0065,True,39.47268408838368
O0041753,D0025,True,43.39880825278219
O0041743,D0110,True,33.224382453312
O0042277,D0212,True,28.25716318312953
O0041925,D0076,True,97.10531910316804
O0042248,D0042,True,29.9588318546363
O0041857,D0084,True,44.941184501017695
O0042360,D0134,True,27.010626396420438
O0041672,D0000,True,54.088463486115764
O0042247,D0108,True,73.42539278013774
O0042087,D0217,True,44.389560167170764
O0041734,D0148,True,31.443123997187325
O0042139,D0060,True,43.68777248951202
O0042184,D0215,True,31.42474135959518
O0042103,D0043,True,39.01256930714188
O0042287,D0182,True,48.83208317450417
O0041882,D0030,True,121.16853597638506
O0041990,D0127,True,33.790977760217224
O0042284,D0106,True,34.17374037671578
O0041979,D0140,True,37.86067945962347
O0042196,D0005,True,45.42494486348586
O0041757,D0013,True,26.38705624205614
O0041839,D0024,True,46.43644542445132
O0042167,D0015,True,25.437995608678474
O0041742,D0231,True,52.48909308866423
O0042311,D0198,True,98.27332770837924
O0041825,D0289,True,57.77727020877155
O0041971,D0039,True,35.7105787293636
O0041798,D0161,True,23.296882031563083
O0042250,D0152,True,108.63247830845644
O0042206,D0062,True,47.38535847592756
O0042181,D0172,True,90.27804794804989
O0042162,D0119,True,43.39405187956874
O0042015,D0157,True,46.55333185495936
O0042224,D0221,True,35.20908973826747
O0042199,D0254,True,66.34123457204832
O0042387,D0130,True,33.73313397000443
O0042051,D0269,True,26.428819683495103
O0041684,D0212,True,22.388808018552275
O0042187,D0110,True,27.741873843042562
O0041944,D0255,True,26.00771054561579
O0041804,D0104,True,55.58569497008547
O0042209,D0298,True,36.943183797501256
O0042299,D0086,True,37.57015335996703
O0042036,D0061,True,35.417543790339685
O0042043,D0046,True,56.43037688968558
O0041690,D0174,True,36.07509588261421
O0041699,D0027,True,56.40491598223793
O0042399,D0051,True,42.04395315606783
O0042049,D0084,True,37.097935384722525
O0041782,D0113,True,52.788934519270875
O0041773,D0017,True,46.507330554365424
O0041855,D0093,True,54.22526896571303
O0041667,D0290,True,33.507280012351586
O0041977,D0169,True,21.31456304927022
O0041795,D0259,True,27.07985161642412
O0041853,D0036,True,65.52825845266378
O0042144,D0150,True,89.05144523828768
O0042356,D0004,True,38.83540230362873
O0041707,D0140,True,63.87991681474407
O0041812,D0296,True,55.8416213286509
O0042255,D0065,True,35.950396252397205
O0041899,D0000,True,39.34790568948681
O0041725,D0015,True,138.43196631967157
O0041886,D0127,True,27.407614552999746
O0041776,D0135,True,32.6365558230435
O0041710,D0275,True,37.11872869343913
O0041847,D0264,True,64.5996701532014
O0042081,D0263,True,57.96477798663923
O0041831,D0039,True,39.07056979004036
O0041784,D0182,True,34.791166427229165
O0041920,D0234,True,33.27728371234507
O0041718,D0217,True,51.550541287349105
O0041842,D0215,True,103.3682084897855
O0042420,D0161,True,33.32008173745155
O0041982,D0110,True,32.41610693979758
O0042133,D0003,True,26.91545299627809
O0042151,D0098,True,51.90835386349163
O0042256,D0209,True,79.6880856157472
O0042053,D0266,True,47.34831166900202
O0041811,D0042,True,36.54597130914709
O0042160,D0203,True,27.075026576718606
O0041850,D0120,True,44.845751032351764
O0042183,D0142,True,62.581092262900384
O0042390,D0028,True,38.59615826337206
O0041905,D0062,True,35.54090862014022
O0042276,D0187,True,26.944658757834272
O0041969,D0195,True,43.73157860327026
O0042339,D0146,True,50.013424092881294
O0042383,D0056,True,34.761424855469016
O0041764,D0193,True,46.24659391665037
O0042150,D0200,True,47.313895052311096
O0041844,D0247,True,122.48778090373044
O0041752,D0214,True,77.16466885519418
O0042191,D0259,True,46.7660534248384
O0042325,D0298,True,50.685012076523265
O0042122,D0084,True,42.76321002373073
O0041955,D0221,True,58.40799067811926
O0042358,D0157,True,62.053560732935615
O0042200,D0189,True,34.935830740339206
O0041781,D0086,True,27.786040800913476
O0042283,D0260,True,30.802598945057923
O0041722,D0087,True,50.09831888664476
O0041704,D0077,True,40.49729992548288
O0041887,D0192,True,31.706840427997225
O0042401,D0106,True,37.025299117263636
O0041738,D0051,True,43.13510310559652
O0041874,D0130,True,29.76676456028881
O0042202,D0134,True,28.51664528173176
O0041988,D0005,True,32.439934991946274
O0041779,D0289,True,43.20504439039397
O0042316,D0286,True,25.911181909472628
O0042414,D0297,True,61.61447265169464
O0042427,D0127,True,32.624159522487886
O0041911,D0061,True,40.19821435732924
O0042135,D0002,True,52.15593171700547
O0041698,D0025,True,69.42832401264772
O0042178,D0210,True,36.105049827957
O0042211,D0160,True,78.80011730979629
O0042330,D0167,True,33.656572865573054
O0042099,D0269,True,35.79540088515691
O0042312,D0262,True,27.67146945620723
O0042137,D0058,True,33.15097922076693
O0041901,D0112,True,118.46860665082778
O0042007,D0055,True,52.9621031372576
O0041984,D0285,True,23.259862234413976
O0041700,D0227,True,27.85423871144751
O0042404,D0135,True,33.92732205496193
O0041679,D0017,True,45.93482562985539
O0041871,D0290,True,40.785919255020914
O0042323,D0000,True,45.68218176688636
O0041666,D0188,True,31.041103386769162
O0041922,D0073,True,31.48710542741173
O0042059,D0072,True,49.42974509523583
O0042148,D0099,True,30.206510160869136
O0041775,D0255,True,48.69573032704335
O0042310,D0062,True,62.352885085750756
O0042226,D0143,True,57.436304729833644
O0042069,D0171,True,38.86949945590289
O0042315,D0111,True,24.676016080938464
O0042345,D0022,True,19.63360319231765
O0041900,D0212,True,35.363999064179765
O0042297,D0278,True,38.487429336524656
O0042075,D0053,True,43.323204342409355
O0042309,D0027,True,61.15613863784026
O0042368,D0088,True,59.162837814014594
O0041943,D0013,True,34.15627061447333
O0041694,D0066,True,34.924810673201264
O0041947,D0012,True,31.94133097776408
O0041956,D0105,True,28.363228374561658
O0042408,D0108,True,37.663974046703814
O0042230,D0217,True,60.58169876298096
O0041761,D0127,True,30.321965107091764
O0042173,D0104,True,33.62127557823958
O0042011,D0249,True,70.91777320124429
O0042298,D0084,True,53.74452886627953
O0042241,D0106,True,39.96523741093728
O0041838,D0036,True,45.403997890516976
O0041739,D0120,True,36.89949729867308
O0041970,D0251,True,56.389668411423344
O0042110,D0042,True,30.691018239926702
O0042001,D0235,True,42.87089266744094
O0041953,D0146,True,23.183502978234067
O0041799,D0259,True,33.93363287341594
O0042031,D0004,True,30.9744857439001
O0042375,D0030,True,19.172217405434672
O0042405,D0009,True,25.745810291112786
O0041974,D0193,True,92.50703649653245
O0042024,D0204,True,55.6234725036433
O0041708,D0137,True,30.772098795732195
O0042232,D0130,True,26.649778430360783
O0041983,D0285,True,41.77747250594378
O0042079,D0093,True,44.62806285511262
O0042218,D0134,True,23.117113947203517
O0041929,D0051,True,35.30436711708415
O0041833,D0144,True,39.968326944813896
O0042317,D0182,True,25.314541095133503
O0041938,D0139,True,34.21125733185285
O0041921,D0226,True,34.67289451092925
O0041841,D0163,True,42.75369621994682
O0042027,D0086,True,19.61821901624481
O0042417,D0140,True,27.612346706863583
O0042238,D0298,True,48.202432395903664
O0042221,D0022,True,121.52113087380928
O0042101,D0188,True,41.366493087571776
O0041932,D0295,True,91.6561788909472
O0042177,D0292,True,45.244130345116375
O0041890,D0198,True,23.89270667491944
O0041960,D0288,True,36.745553245552045
O0042243,D0001,True,44.25907970437014
O0042032,D0290,True,40.87024979970097
O0041904,D0003,True,26.78586090868874
O0042261,D0150,True,53.08538146003079
O0041726,D0157,True,39.330748512131215
O0041762,D0211,True,25.958122633001004
O0041994,D0209,True,20.444710000258677
O0041892,D0238,True,19.51892699153147
O0041806,D0287,True,58.69735137029509
O0042197,D0000,True,45.68425249330284
O0041813,D0039,True,42.65799452263317
O0042264,D0038,True,35.768471956719786
O0042278,D0049,True,27.951696849166414
O0042259,D0262,True,34.1696817528679
O0042057,D0008,True,36.544679916560824
O0042332,D0104,True,34.947030221540295
O0042086,D0070,True,28.99612711756649
O0041894,D0243,True,78.31104070999106
O0042143,D0087,True,29.769757829284252
O0042082,D0004,True,19.31881367991283
O0041891,D0241,True,90.83590019306583
O0042008,D0254,True,27.586202952557432
O0041819,D0066,True,75.97508542376102
O0041873,D0221,True,34.498526896793074
O0042220,D0169,True,35.41944225628527
O0042406,D0297,True,25.05451737269282
O0041896,D0184,True,23.308867575016784
O0042416,D0142,True,37.54355610767667
O0042282,D0211,True,31.736546735673336
O0041879,D0260,True,36.38701596853191
O0042260,D0261,True,21.23614462386165
O0041702,D0042,True,32.62291376868161
O0041907,D0233,True,39.91887589925773
O0042352,D0077,True,25.320383376069497
O0042425,D0074,True,38.216332811948654
O0042169,D0232,True,27.653767748684594
O0042219,D0093,True,31.754123225162264
O0042030,D0160,True,40.67054239039569
O0042381,D0264,True,29.990712763394274
O0042109,D0002,True,61.02268698206759
O0041828,D0294,True,21.164322803514107
O0041807,D0167,True,49.525903630161395
O0042021,D0215,True,17.564368523177805
O0041869,D0238,True,17.658424218748923
O0042379,D0027,True,37.38133962610032
O0042146,D0136,True,34.146847756124274
O0042100,D0003,True,30.20502590715061
O0042304,D0010,True,39.958907379523936
O0042154,D0157,True,32.67700883473193
O0041787,D0051,True,37.632811884603605
O0042296,D0179,True,24.521837135133612
O0041818,D0259,True,36.971117174677374
O0042245,D0036,True,25.031151469365547
O0041999,D0274,True,108.2470984233823
O0041895,D0001,True,51.88140636177389
O0041736,D0087,True,26.6006944638236
O0042097,D0062,True,113.67573848591344
O0042119,D0108,True,29.684421392030057
O0042365,D0126,True,43.253576276818926
O0041793,D0134,True,76.97150819868361
O0041763,D0221,True,32.26256456886687
O0041889,D0285,True,23.074130350598324
O0042171,D0150,True,32.34112033948965
O0042334,D0017,True,40.36828476487759
O0042351,D0254,True,29.87398660789541
O0042341,D0226,True,27.11479327647194
O0041908,D0247,True,28.556068818068255
O0042367,D0030,True,38.009549241623766
O0041683,D0211,True,31.82533878472671
O0042129,D0000,True,27.304423257681016
O0041940,D0094,True,35.19693225397673
O0042382,D0073,True,45.08348014610433
O0042223,D0070,True,71.20249270340256
O0041778,D0018,True,28.435159148260396
O0042105,D0204,True,23.700543596433274
O0041936,D0014,True,36.1072472330557
O0042039,D0169,True,34.51199579560277
O0042225,D0028,True,41.452048518570834
O0041676,D0007,True,36.7065901633833
O0041727,D0249,True,34.615132410726524
O0042121,D0298,True,36.86501249211464
O0041888,D0008,True,32.8533245896346
O0041670,D0005,True,25.043659655687282
O0041758,D0021,True,33.04191055294543
O0041934,D0109,True,17.443663885568185
O0042305,D0193,True,24.963142409083144
O0041706,D0076,True,36.61660100916656
O0041902,D0177,True,32.05534771779139
O0042331,D0196,True,39.9419128265904
O0042385,D0287,True,32.2994708232354
O0042389,D0104,True,28.709972512853042
O0042125,D0139,True,27.808873933726094
O0042428,D0064,True,34.38384714410253
O0042215,D0226,True,32.877564858409514
O0042300,D0258,True,20.985289888383413
O0041750,D0233,True,28.158829059697226
O0042214,D0235,True,29.931704908252925
O0042004,D0246,True,31.450009136585173
O0042366,D0195,True,33.41983848324889
O0042253,D0200,True,41.08065238503881
O0041951,D0042,True,28.894154783493974
O0041952,D0051,True,90.37956022310719
O0041701,D0215,True,41.62543096237325
O0042355,D0186,True,55.875370830998754
O0041755,D0288,True,23.482773072530755
O0042118,D0247,True,41.9046536728096
O0042157,D0017,True,56.29136009535978
O0041766,D0211,True,86.58034999417394
O0042061,D0000,True,101.59394351031524
O0041885,D0013,True,22.00418093862052
O0042415,D0137,True,32.370728213231004
O0041735,D0165,True,27.3760984727731
O0041794,D0241,True,39.90459134112954
O0041860,D0290,True,41.47762507191206
O0042295,D0142,True,30.42440675286346
O0042321,D0263,True,38.743668840887686
O0041854,D0109,True,29.071604890700293
O0041966,D0198,True,20.549982062344704
O0042204,D0171,True,18.853044514531142
O0042274,D0012,True,16.375801037264097
O0042093,D0001,True,36.77810802227525
O0042244,D0295,True,31.06307303424749
O0042353,D0087,True,100.42599004184167
O0041957,D0069,True,25.03987935227228
O0042106,D0175,True,25.3157974457372
O0041801,D0055,True,20.247001662682937
O0042419,D0048,True,90.2099998127088
O0041945,D0287,True,42.28395508481237
O0042410,D0238,True,20.126162244396703
O0042281,D0251,True,52.13164801920319
O0042108,D0002,True,29.145694071808148
O0042164,D0018,True,37.9627498935836
O0041774,D0169,True,73.5880996223119
O0042207,D0144,True,29.640424178968388
O0042107,D0027,True,34.854961056807305
O0041789,D0103,True,24.728437079847126
O0042286,D0033,True,23.597056743328697
O0041835,D0254,True,80.92237981424977
O0042179,D0010,True,26.403279722558445
O0041805,D0203,True,20.241802949435574
O0041790,D0181,True,39.882196032774175
O0041714,D0136,True,36.0395337351792
O0041786,D0184,True,25.70701342649038
O0041674,D0298,True,28.934225754688057
O0042348,D0273,True,28.21818011598558
O0042359,D0281,True,30.81179763655764
O0042350,D0252,True,21.543018972172792
O0042320,D0084,True,34.21256208429978
O0042233,D0065,True,25.16072881175347
O0042240,D0157,True,34.55280463044317
O0041884,D0243,True,37.94792660339456
O0041942,D0111,True,32.135461832077304
O0042370,D0019,True,34.02948162147793
O0041917,D0274,True,91.48579404175678
O0041730,D0296,True,74.88226269602238
O0041780,D0295,True,37.58544361080491
O0042242,D0294,True,44.415601238575555
O0042396,D0221,True,31.98325120610533
O0041961,D0236,True,21.754223063120797
O0041827,D0283,True,28.21205415198406
O0042161,D0014,True,23.605616744660527
O0041741,D0093,True,30.726783245950617
O0042172,D0011,True,19.71610070616275
O0042090,D0103,True,39.54143040110884
O0042201,D0012,True,26.251015832298258
O0042423,D0088,True,29.46505641546696
O0042203,D0022,True,37.37476830756736
O0041829,D0287,True,21.544245770164327
O0042239,D0063,True,20.130367647855643
O0042193,D0298,True,21.969867469619214
O0042234,D0060,True,22.331301703860547
O0042127,D0099,True,22.484959720286895
O0041800,D0023,True,20.753319976312945
O0042228,D0163,True,26.917676593542815
O0042170,D0211,True,34.70386169622204
O0041933,D0137,True,24.010318367382684
O0042035,D0247,True,50.56467485308836
O0042022,D0011,True,19.89492892205132
O0042377,D0019,True,21.615851128348197
O0042336,D0038,True,31.098622098304254
O0042180,D0224,True,92.18510524904967
O0042380,D0157,True,23.470959054381673
O0042343,D0014,True,27.4868534999231
O0041765,D0286,True,20.34327208576042
O0041675,D0104,True,33.2787559518545
O0041928,D0164,True,25.24628556064075
O0042034,D0169,True,47.265663194829585
O0041810,D0106,True,28.00458512192749
O0041830,D0123,True,25.948533783656707
O0042279,D0070,True,23.79408275664243
O0042398,D0266,True,19.402283972326384
O0041937,D0018,True,29.365980808245748
O0042084,D0211,True,36.068789043364426
O0042194,D0295,True,38.06910955015217
O0041939,D0048,True,34.060194025263705
O0042275,D0040,True,19.360488364010262
O0042071,D0254,True,34.82372705033853
O0042432,D0298,True,21.553515242789054
O0042514,D0251,True,35.28348908382393
O0043164,D0241,True,21.267202263555376
O0043190,D0252,True,19.067534365522455
O0042918,D0001,True,18.354554481587712
O0042734,D0027,True,36.056923823217424
O0042742,D0164,True,24.222442663331748
O0043008,D0280,True,31.69268291560328
O0042489,D0274,True,22.877734640655916
O0042938,D0159,True,31.003282043314602
O0042941,D0139,True,28.901878901377668
O0042825,D0295,True,17.062098324669186
O0042835,D0022,True,23.703226545233306
O0042725,D0127,True,25.507982659283265
O0043053,D0274,True,28.539464199926005
O0042907,D0280,True,19.19863853028682
O0043025,D0048,True,57.681830619721026
O0042829,D0247,True,23.160009977290073
O0043032,D0157,True,18.30212318502935
O0042842,D0097,True,14.015331157632597
O0042915,D0204,True,16.602806674139643
O0042808,D0198,True,45.98794289177634
O0042444,D0204,True,15.274829676810882
O0042436,D0157,True,23.85724763446747
O0042885,D0171,True,25.17459841006734
O0043198,D0299,True,68.504151846951
O0042927,D0111,True,21.473939115993097
O0042946,D0036,True,32.11753594896043
O0042951,D0211,True,23.032820843338683
O0042826,D0247,True,24.5053017508137
O0042883,D0088,True,21.01212753176778
O0043175,D0104,True,23.608111763656144
O0042993,D0004,True,24.194429599061387
O0043011,D0236,True,18.11074313084171
O0043087,D0219,True,27.134564457338527
O0042906,D0251,True,25.280243957651678
O0043012,D0178,True,18.760832986197563
O0043222,D0004,True,19.423441430459864
O0042769,D0283,True,21.634798329855357
O0042609,D0160,True,15.426459824824445
O0043220,D0290,True,67.0240184139199
O0043047,D0298,True,23.244524754251508
O0042558,D0204,True,24.976358024796017
O0042785,D0130,True,32.42504560030388
O0043109,D0103,True,24.392428396879097
O0042569,D0186,True,23.019390822595625
O0042971,D0157,True,32.06074410153552
O0042756,D0028,True,26.720974030465953
O0042891,D0000,True,24.194234553867663
O0042880,D0169,True,59.126141678311924
O0042977,D0198,True,24.809689778592684
O0042741,D0255,True,23.806464159708405
O0042552,D0001,True,21.133965091898418
O0042501,D0299,True,21.69610853733608
O0042739,D0221,True,19.40851304737
O0042869,D0247,True,20.099451049958667
O0042548,D0272,True,18.08963718651296
O0043117,D0295,True,19.64974500408126
O0042624,D0203,True,25.155692114146316
O0043066,D0290,True,19.368578782080967
O0043145,D0287,True,33.39691325909684
O0042585,D0064,True,18.47358233932614
O0042729,D0152,True,26.103412061732815
O0043044,D0130,True,34.124043662825876
O0042507,D0270,True,17.039646047261346
O0042544,D0260,True,36.75586262186208
O0043213,D0070,True,18.945691019583712
O0042720,D0226,True,16.197235808575638
O0042689,D0017,True,26.865614144348893
O0042743,D0214,True,19.89213159657259
O0043211,D0204,True,35.11744539101383
O0042596,D0093,True,16.452747385251236
O0043073,D0270,True,28.07091913210138
O0042468,D0230,True,24.61508655104151
O0043039,D0106,True,33.850941777989775
O0042566,D0296,True,30.352221896692626
O0043146,D0243,True,54.069852964891275
O0043212,D0188,True,33.420869761459194
O0043065,D0039,True,27.758710495604078
O0042733,D0286,True,27.45582699941767
O0042705,D0160,True,58.715308752511675
O0042485,D0116,True,28.324094951081435
O0043037,D0015,True,29.961015918773626
O0042839,D0017,True,67.95675954560328
O0042678,D0038,True,29.47106244513022
O0043176,D0076,True,34.36627279533946
O0042724,D0103,True,30.291166934040866
O0042588,D0294,True,27.202885773006408
O0042848,D0093,True,60.318823802651785
O0042903,D0266,True,33.32912231696011
O0043001,D0241,True,18.97243877689403
O0042447,D0263,True,33.487103398611644
O0043094,D0224,True,33.28787633831413
O0043121,D0249,True,37.61711750404696
O0042439,D0160,True,29.649136929034423
O0043183,D0021,True,15.69326561405415
O0042783,D0038,True,20.538877208413457
O0042541,D0007,True,15.581067400223635
O0042528,D0226,True,17.47414875017015
O0042800,D0017,True,30.476819481120593
O0043140,D0087,True,18.497149222182173
O0043201,D0032,True,19.859294053677203
O0042520,D0255,True,20.90650461919304
O0042779,D0295,True,21.094872482562423
O0042732,D0217,True,36.436077222739456
O0042862,D0283,True,46.81812654108378
O0043171,D0224,True,20.743957299650546
O0042876,D0002,True,22.26244253892111
O0042813,D0221,True,19.687635536865834
O0042792,D0010,True,27.491557250420513
O0042465,D0140,True,23.53873739378382
O0042529,D0246,True,23.81895578582921
O0042823,D0243,True,21.9038903849871
O0042768,D0097,True,21.333912690505386
O0043160,D0290,True,24.40278784926339
O0043052,D0117,True,16.666373827943275
O0042511,D0294,True,25.963247728110076
O0042827,D0295,True,32.155281588810865
O0042749,D0014,True,23.618894776661556
O0042853,D0169,True,22.471297418323367
O0042704,D0286,True,18.284681070497474
O0043048,D0030,True,26.98376354984117
O0042723,D0188,True,30.561716098495364
O0042760,D0117,True,19.80044695673253
O0042990,D0042,True,18.483206949216736
O0042703,D0002,True,24.088073857350086
O0042712,D0001,True,34.24263657117037
O0043174,D0203,True,16.873003474777914
O0043082,D0211,True,20.41668746180634
O0043063,D0224,True,70.54084417904761
O0042715,D0233,True,51.453148288369626
O0042923,D0146,True,20.60253041225006
O0042912,D0208,True,23.123177105973394
O0042662,D0299,True,36.609941362938876
O0042921,D0000,True,22.8775197325332
O0042896,D0157,True,31.42311686299491
O0042737,D0259,True,32.99063133792592
O0043041,D0084,True,23.341606471094835
O0042486,D0103,True,29.970394739984847
O0042473,D0072,True,20.036764426416923
O0043102,D0252,True,28.27475084323096
O0043106,D0030,True,21.09446847799348
O0042972,D0078,True,22.216167113013316
O0042498,D0110,True,16.673495443247234
O0043150,D0290,True,25.036668281457196
O0042751,D0178,True,55.67549407868762
O0042851,D0169,True,41.97285667135677
O0042576,D0043,True,23.458895465919333
O0042466,D0266,True,25.25867107714149
O0042970,D0027,True,25.514239273132407
O0043104,D0017,True,47.91510008526066
O0042449,D0217,True,24.47062169063646
O0043129,D0032,True,64.7750130496726
O0042746,D0298,True,32.222669153675035
O0043136,D0285,True,34.16604706293745
O0042617,D0236,True,55.212412254851344
O0042762,D0051,True,41.23229935593651
O0042890,D0014,True,29.971829708883543
O0042582,D0225,True,29.92526115522954
O0042483,D0002,True,20.139316084827854
O0042782,D0160,True,47.701456410803935
O0042686,D0274,True,30.47885057974441
O0042735,D0188,True,32.52356439556128
O0042583,D0048,True,18.060304490888488
O0042913,D0077,True,20.034977887571873
O0043236,D0247,True,76.1375558557533
O0043046,D0036,True,24.60108097770098
O0043038,D0211,True,34.583394975292286
O0043035,D0232,True,42.720019768946685
O0043114,D0013,True,31.085999914718535
O0042819,D0200,True,25.186373810476372
O0042502,D0120,True,20.097148938380506
O0042886,D0243,True,43.08740827465357
O0043067,D0001,True,19.329873702657675
O0042847,D0136,True,31.34456713181422
O0042597,D0053,True,26.482403552943367
O0043178,D0065,True,26.535722538868285
O0042821,D0241,True,21.56878691102189
O0043217,D0283,True,27.456917641023807
O0043194,D0027,True,30.862831617257974
O0043125,D0019,True,25.215347098713835
O0042685,D0286,True,26.65694560347388
O0042508,D0066,True,40.41672917214731
O0042761,D0172,True,28.135825438924087
O0042904,D0204,True,27.408951837533877
O0043031,D0008,True,24.895161819520773
O0042517,D0060,True,20.366320080498383
O0042916,D0039,True,30.939092545574866
O0042980,D0214,True,29.410868225333846
O0042663,D0291,True,21.12553872382324
O0043229,D0249,True,35.53491407279345
O0042706,D0206,True,52.09425109142953
O0043230,D0087,True,23.73349832249707
O0042690,D0000,True,21.20873746402151
O0042604,D0196,True,26.938876866233628
O0042512,D0010,True,15.473981005137441
O0043216,D0014,True,21.966339006631216
O0043051,D0057,True,35.394279377473815
O0043113,D0203,True,30.81463871373775
O0042840,D0198,True,30.412318346521836
O0042457,D0037,True,23.395218433904066
O0042895,D0146,True,27.704378375621168
O0043024,D0056,True,31.248857340392902
O0043137,D0193,True,22.43386384654928
O0042572,D0297,True,21.99384045954494
O0042803,D0157,True,28.76806704899151
O0042455,D0290,True,24.461100606062004
O0042816,D0224,True,40.923204211955856
O0042930,D0018,True,28.08314568863964
O0042574,D0025,True,21.254683726553154
O0042553,D0077,True,19.61140031784323
O0043184,D0299,True,42.81965649315855
O0042656,D0055,True,23.031644959823385
O0043185,D0215,True,28.60119595072257
O0043232,D0108,True,21.77439854272957
O0042639,D0103,True,25.776721440277036
O0042538,D0119,True,28.55851437059988
O0043049,D0208,True,25.00716853944298
O0042661,D0259,True,24.550146457231087
O0042643,D0048,True,33.224610550706245
O0042894,D0298,True,27.254179308707606
O0042696,D0246,True,16.310793452700466
O0043004,D0065,True,26.09179711543542
O0043110,D0226,True,25.602489206407007
O0042557,D0076,True,27.078755286355413
O0042947,D0263,True,27.136610864207263
O0043195,D0294,True,29.648804587258322
O0043112,D0140,True,15.225293724811383
O0043138,D0240,True,29.244199976180923
O0042999,D0084,True,28.90277102490198
O0042484,D0204,True,29.532498286848377
O0042874,D0006,True,17.860861836929708
O0042978,D0152,True,23.680814388792584
O0042578,D0049,True,39.43971090278864
O0042456,D0079,True,36.06359282957485
O0042836,D0252,True,40.36729295123384
O0042521,D0172,True,32.51936324791157
O0042776,D0189,True,17.690211877581998
O0043093,D0060,True,20.460291027545583
O0042872,D0134,True,23.15169690081101
O0042560,D0023,True,21.57938380742511
O0042547,D0232,True,22.862739288574822
O0043132,D0111,True,26.442495249079364
O0043058,D0004,True,26.8361271329214
O0043228,D0032,True,52.94260828911557
O0042871,D0211,True,28.05471264675942
O0043018,D0120,True,24.21284943641912
O0042695,D0272,True,15.502911000180223
O0042881,D0253,True,24.228118592885526
O0042893,D0028,True,20.507722419874547
O0042619,D0030,True,20.521374695414416
O0042786,D0106,True,20.72632681264856
O0042765,D0215,True,30.00439809835185
O0042509,D0196,True,29.684076459238028
O0043200,D0290,True,33.14718722797099
O0042603,D0033,True,25.004427173311797
O0042713,D0263,True,27.053184633651483
O0042598,D0155,True,20.071343898450024
O0043238,D0208,True,27.57440089707963
O0043040,D0031,True,19.460543122860916
O0043069,D0235,True,27.00515654675545
O0042953,D0189,True,44.16137205921679
O0043098,D0171,True,16.940520699420496
O0043187,D0007,True,21.968655436324497
O0042522,D0066,True,15.301953396428353
O0042697,D0006,True,36.94256133359612
O0042467,D0241,True,19.00047346867675
O0042989,D0298,True,31.98006277593982
O0042976,D0233,True,29.49515307494437
O0042433,D0193,True,34.30650130035001
O0042561,D0134,True,25.713998794640435
O0042798,D0115,True,22.714776690288975
O0042716,D0097,True,16.77007859184796
O0042602,D0253,True,33.70207618316747
O0042633,D0013,True,32.126596031340426
O0042860,D0221,True,26.980211752610792
O0043191,D0099,True,18.326581881279907
O0042496,D0084,True,26.218342341505085
O0043085,D0211,True,27.84710086477262
O0043101,D0139,True,63.88448982354915
O0043107,D0018,True,27.017617597338585
O0043007,D0150,True,24.38880833252248
O0042579,D0252,True,30.597666010117145
O0042679,D0288,True,22.248600343189914
O0042722,D0297,True,29.995903611522237
O0042774,D0053,True,17.225567711331678
O0042856,D0299,True,64.50211060994211
O0042994,D0136,True,28.37215921052784
O0042731,D0106,True,47.18003641866397
O0042527,D0294,True,31.37979737232884
O0042640,D0076,True,20.76134098316308
O0042992,D0029,True,27.71895636027243
O0043189,D0149,True,28.277255621231312
O0042448,D0163,True,45.40910753754013
O0043103,D0110,True,28.721759306731833
O0042691,D0037,True,16.179130595106827
O0042788,D0206,True,40.893291201116476
O0042974,D0064,True,29.753614419561845
O0042460,D0217,True,26.019321210578212
O0042940,D0263,True,28.790230016958056
O0042621,D0039,True,33.97414129611213
O0042833,D0172,True,37.36473750957743
O0042787,D0060,True,22.678057583781502
O0043149,D0272,True,35.34429285764734
O0043204,D0055,True,27.274259709241612
O0042470,D0073,True,24.83503752692978
O0042865,D0154,True,17.292498857177776
O0043141,D0254,True,19.520493605042176
O0043068,D0134,True,31.121820146631084
O0042458,D0052,True,20.706571158668254
O0042937,D0192,True,24.049500767657253
O0042728,D0166,True,30.1805605175003
O0042571,D0066,True,24.481067788991805
O0042795,D0006,True,26.97927752252187
O0043036,D0178,True,26.278155157091774
O0043091,D0099,True,29.64121177254968
O0043170,D0252,True,33.319951092938446
O0042658,D0294,True,25.301283947189482
O0043206,D0084,True,28.22646079044085
O0042814,D0215,True,22.02834477165748
O0042850,D0233,True,30.035587786208048
O0042950,D0290,True,28.14022678937016
O0042898,D0274,True,24.902065680636298
O0042969,D0152,True,28.167530519034116
O0042506,D0232,True,30.00948770241165
O0043210,D0193,True,24.814355845046933
O0043116,D0104,True,30.171596351502906
O0042772,D0168,True,21.792030875315085
O0043135,D0079,True,35.365864212436996
O0042920,D0164,True,30.140546830429212
O0043224,D0055,True,29.082808009803635
O0042870,D0076,True,24.30929430866017
O0042650,D0211,True,21.461124689383603
O0043203,D0035,True,38.14194735999995
O0042794,D0033,True,30.419138117400202
O0043079,D0137,True,27.83797297527885
O0042796,D0139,True,24.673277996062676
O0042668,D0039,True,22.92846946023161
O0043078,D0210,True,28.211344819514295
O0042519,D0254,True,27.01268895427285
O0042630,D0062,True,27.89261962976535
O0042610,D0144,True,22.64396539597209
O0042614,D0077,True,26.484120431006808
O0042669,D0206,True,24.814269179000448
O0043223,D0106,True,26.250349720657788
O0043208,D0167,True,19.187896626390398
O0042542,D0262,True,36.62286267507005
O0042832,D0178,True,29.426426057475936
O0043095,D0110,True,22.137043484804273
O0042991,D0073,True,22.956002282262773
O0042593,D0136,True,24.626044023485008
O0042648,D0170,True,29.632036513819482
O0042925,D0189,True,27.542177353485442
O0042775,D0215,True,23.586443917803635
O0042495,D0287,True,22.55358369494337
O0043088,D0243,True,60.43864816764371
O0042910,D0163,True,44.891372970513544
O0042670,D0192,True,29.97620654682185
O0043026,D0037,True,29.500015382365543
O0042660,D0006,True,30.055523714499685
O0043010,D0276,True,28.177332459624346
O0042981,D0149,True,27.5709193670614
O0043158,D0021,True,14.040162046661267
O0042545,D0139,True,32.72623786512643
O0043134,D0156,True,24.53210154596838
O0042493,D0167,True,21.269088409493676
O0043167,D0170,True,24.347804215781665
O0042961,D0025,True,22.596216015449478
O0043002,D0280,True,21.28171318227451
O0042781,D0208,True,17.933560707627564
O0042683,D0246,True,24.206978800931893
O0042817,D0275,True,27.513571111375448
O0042616,D0172,True,27.797024182959156
O0042497,D0165,True,39.35041165009768
O0042570,D0176,True,33.21567067240304
O0042694,D0115,True,23.1502667555941
O0042565,D0006,True,37.001125232391665
O0043173,D0270,True,27.171805012514504
O0042675,D0000,True,27.28958413945631
O0042667,D0070,True,31.186615216002153
O0042767,D0035,True,29.093246694007824
O0042564,D0033,True,33.27113507324321
O0042562,D0146,True,20.92234510321093
O0042984,D0106,True,30.435591598834478
O0043057,D0076,True,76.44520210142022
O0042985,D0291,True,34.6175361636327
O0042605,D0290,True,39.84225434287362
O0042623,D0037,True,28.082286567155336
O0043100,D0008,True,86.84256257437248
O0043193,D0014,True,77.14321808806164
O0042854,D0104,True,55.94365010083319
O0042581,D0110,True,28.96634605342532
O0042664,D0214,True,23.58381688959838
O0043218,D0252,True,28.653657712550277
O0042805,D0243,True,81.78636631495385
O0042431,D0172,True,31.887642201262295
O0042855,D0211,True,29.536929298192405
O0042591,D0115,True,32.48770432324621
O0042773,D0171,True,44.13903901593248
O0042646,D0196,True,31.07178382250556
O0042539,D0270,True,33.2602178248658
O0042674,D0262,True,23.936660002670955
O0042837,D0235,True,32.61587945108703
O0042944,D0062,True,27.788079049055252
O0042752,D0032,True,47.454330150886676
O0042478,D0084,True,38.7383021613642
O0043151,D0060,True,34.31228168180799
O0042932,D0165,True,25.116311662116594
O0042535,D0295,True,53.857597815106224
O0042673,D0160,True,107.55443061973182
O0042461,D0013,True,29.599391252559485
O0042480,D0004,True,33.49299519065389
O0043120,D0012,True,36.754751670091174
O0043077,D0139,True,80.83123615224343
O0043045,D0222,True,38.536856822688485
O0042463,D0223,True,40.157740733109584
O0042815,D0276,True,30.71180249981099
O0043205,D0169,True,100.83857055251292
O0042766,D0192,True,117.89222164392307
O0042736,D0189,True,26.78379565779984
O0042780,D0150,True,48.745368108651476
O0042917,D0086,True,37.23600043965795
O0042730,D0118,True,39.312151457827476
O0043219,D0048,True,39.60563339524436
O0042846,D0110,True,28.714926949859965
O0042755,D0106,True,124.4016046708569
O0042934,D0001,True,69.95569091432112
O0043215,D0062,True,20.81070747282714
O0042546,D0006,True,45.862099215008946
O0042863,D0103,True,50.15031896748774
O0042693,D0052,True,37.528328500558956
O0043096,D0266,True,33.86716114980089
O0042698,D0211,True,32.92182746724857
O0042955,D0167,True,32.585232292849085
O0043172,D0261,True,17.743880671695635
O0043033,D0064,True,28.481978863833064
O0042469,D0065,True,54.838997146207625
O0042804,D0290,True,33.81070264605769
O0042943,D0298,True,45.401516747449726
O0042684,D0203,True,38.2362167576802
O0042807,D0274,True,29.436715889415648
O0042933,D0229,True,38.7832389396557
O0043019,D0068,True,32.468781178796775
O0042430,D0037,True,40.15467663730259
O0042759,D0011,True,24.219079755813542
O0043070,D0233,True,65.90924369886373
O0042688,D0018,True,42.687942797899915
O0042866,D0058,True,22.157892505280408
O0043147,D0104,True,41.52991046522262
O0043013,D0109,True,18.266516857263234
O0043099,D0280,True,83.94799661561004
O0043115,D0197,True,37.54740102731452
O0042549,D0254,True,22.187522431204258
O0042505,D0032,True,35.79702016503934
O0042868,D0134,True,50.98823179198235
O0042802,D0165,True,25.085937736360037
O0042446,D0224,True,43.44969384550157
O0042440,D0137,True,44.360890090224096
O0042982,D0019,True,51.62634986361616
O0043016,D0035,True,24.64330102632465
O0043128,D0270,True,35.62409030644209
O0042611,D0205,True,37.283749590187604
O0042849,D0262,True,31.95321650271148
O0042744,D0252,True,49.11988656362458
O0042867,D0003,True,35.195033617429495
O0042438,D0163,True,21.485921291991794
O0043169,D0186,True,52.58375844495545
O0042967,D0025,True,39.288913755728984
O0042504,D0171,True,34.224657974573844
O0042453,D0223,True,33.71053101102342
O0042462,D0038,True,45.00310151130416
O0043148,D0048,True,30.06598018336106
O0042500,D0120,True,47.05712808086089
O0043056,D0123,True,25.958301345531986
O0042442,D0079,True,27.26487779761628
O0042954,D0150,True,24.410524805265982
O0042968,D0155,True,38.202442824614934
O0043084,D0189,True,40.07972550754534
O0042948,D0052,True,39.57611056102889
O0042554,D0061,True,43.06952309747746
O0042487,D0161,True,36.70719740594737
O0043005,D0115,True,36.428481947974035
O0043177,D0058,True,87.45298557735936
O0042525,D0276,True,29.927712941683623
O0043015,D0073,True,32.655761804486744
O0043153,D0011,True,20.695819272856596
O0042435,D0290,True,47.596151835590646
O0042888,D0062,True,46.99269261952366
O0042799,D0076,True,41.939103559151185
O0042879,D0014,True,38.65706564717907
O0042476,D0204,True,31.301654916650367
O0043130,D0078,True,29.79864381318977
O0043235,D0228,True,38.38663560871489
O0042962,D0000,True,38.032362023830565
O0042966,D0008,True,35.70077562652192
O0042845,D0211,True,134.33068195950835
O0042957,D0030,True,34.79118380745422
O0042820,D0227,True,28.13509504684385
O0042754,D0209,True,48.3691390049423
O0042629,D0203,True,62.05945389502076
O0042748,D0200,True,25.68393038883664
O0042513,D0273,True,38.64454717890465
O0043209,D0039,True,43.636693092902604
O0042973,D0103,True,44.493355048633504
O0042928,D0136,True,31.778166317839236
O0042647,D0066,True,37.43698213147987
O0042878,D0055,True,47.76065971732389
O0042714,D0105,True,42.00933977888466
O0042577,D0196,True,46.33315306381587
O0042499,D0007,True,79.5707983526496
O0042899,D0235,True,58.1056973079979
O0043003,D0299,True,50.95451402438782
O0042568,D0104,True,47.10003663362753
O0042936,D0215,True,43.36693244101992
O0042960,D0291,True,34.63913885663418
O0042997,D0182,True,31.72422907855938
O0042531,D0021,True,42.04376402537493
O0042834,D0028,True,67.28141899215537
O0042942,D0296,True,22.639615658569205
O0042580,D0049,True,45.861245698409874
O0042592,D0029,True,64.20540264928543
O0043090,D0100,True,36.1774520664622
O0042708,D0255,True,20.7391056850537
O0042524,D0035,True,29.601803193097503
O0043060,D0223,True,25.1492415519066
O0042873,D0157,True,26.923185360170642
O0042632,D0084,True,135.0879419929336
O0042801,D0298,True,120.12080978532491
O0043233,D0111,True,27.958398059229985
O0043196,D0217,True,32.75011367089575
O0042887,D0177,True,41.280056636559834
O0042909,D0048,True,28.61364061791214
O0042911,D0197,True,41.58470837286165
O0042998,D0221,True,31.653984790681523
O0042607,D0193,True,45.645015202759815
O0042671,D0232,True,50.36670215633409
O0042634,D0216,True,35.5108684746962
O0042454,D0181,True,27.46027939290836
O0043143,D0202,True,36.09327755075497
O0042612,D0205,True,47.3693205153527
O0042589,D0119,True,29.5187890959511
O0042652,D0297,True,38.01391541677346
O0043227,D0278,True,30.539727182140545
O0042627,D0226,True,39.15164004170477
O0043207,D0200,True,27.722056223431625
O0043061,D0027,True,49.7213787937831
O0043050,D0149,True,35.79717042472128
O0042676,D0051,True,20.277802355430282
O0042590,D0115,True,30.191293538173944
O0042645,D0241,True,42.758011013643305
O0042988,D0189,True,33.28180204519994
O0042983,D0012,True,20.243134464845426
O0042864,D0252,True,36.06000190945539
O0043186,D0043,True,46.972654886284914
O0042491,D0167,True,55.538673083770554
O0043122,D0109,True,62.19431083969695
O0042477,D0053,True,39.38832120137175
O0043043,D0259,True,58.35225922494142
O0042494,D0261,True,19.727910249569703
O0042711,D0155,True,35.92715449050107
O0043168,D0025,True,45.80854441449979
O0042536,D0161,True,27.52474067208422
O0043022,D0169,True,27.87020640332308
O0042682,D0145,True,33.99662182814257
O0042459,D0270,True,37.92279195715609
O0042778,D0078,True,36.46928046649612
O0043071,D0171,True,28.551634375577144
O0042841,D0077,True,54.40885312957885
O0043152,D0130,True,42.15435458315028
O0042717,D0061,True,35.28048605589522
O0043059,D0018,True,46.305868243546136
O0043231,D0038,True,25.697847635950925
O0043028,D0134,True,30.451520488923812
O0042657,D0136,True,38.129731913036316
O0043042,D0296,True,26.9511759689696
O0042889,D0019,True,46.323708531529334
O0042721,D0237,True,54.879286501004046
O0042584,D0052,True,49.128714117532766
O0042452,D0290,True,107.70104971306436
O0042518,D0188,True,40.918876316679956
O0042642,D0035,True,55.28506734819092
O0042492,D0157,True,68.77892135824769
O0043075,D0116,True,40.853162389514516
O0042474,D0228,True,31.050683560836312
O0042905,D0222,True,50.85351155514655
O0043226,D0057,True,42.23897487635166
O0042587,D0165,True,28.207773696989168
O0042471,D0060,True,35.30792140959457
O0042790,D0159,True,27.833185963663013
O0042901,D0068,True,33.596072571401315
O0042445,D0140,True,27.785288183874837
O0042824,D0120,True,39.344443794691415
O0042719,D0234,True,69.67200526588546
O0042699,D0181,True,31.386997282217383
O0042543,D0246,True,26.184114737201917
O0043157,D0150,True,43.3891122623594
O0042655,D0105,True,34.688780139838656
O0043181,D0192,True,113.78752507444729
O0042965,D0086,True,23.6017446222967
O0042902,D0225,True,22.913399229914912
O0043083,D0123,True,38.57623518551384
O0043202,D0208,True,31.2787602629907
O0042740,D0282,True,35.91595099848357
O0042945,D0224,True,30.881240061900193
O0042482,D0227,True,21.642297726860882
O0042964,D0104,True,43.29141033981845
O0043021,D0003,True,17.187074210720425
O0042600,D0039,True,31.604406105319484
O0043166,D0221,True,41.99696429371585
O0042451,D0280,True,41.91991686865462
O0043023,D0297,True,22.364692968017494
O0042606,D0022,True,42.895903861821495
O0042908,D0217,True,43.545208957708084
O0043108,D0204,True,54.98547149787831
O0043197,D0184,True,17.269273849061914
O0042844,D0048,True,37.21881488576746
O0042818,D0278,True,137.60008003425028
O0042830,D0292,True,20.676770234609315
O0042979,D0182,True,43.03048512990691
O0042472,D0049,True,27.69682128202637
O0042443,D0017,True,57.981500612539094
O0042919,D0215,True,47.29290279587635
O0043054,D0213,True,35.56264047164858
O0042595,D0042,True,23.697652114376865
O0042763,D0169,True,67.83842663190565
O0042641,D0038,True,42.679369474269585
O0042464,D0193,True,28.89489927982413
O0043131,D0106,True,25.783290583748077
O0042672,D0009,True,24.26968143197165
O0043221,D0252,True,36.67852674566119
O0042586,D0088,True,28.473298104043714
O0043064,D0196,True,28.57853137086039
O0042926,D0166,True,30.013100519532646
O0042828,D0040,True,20.375142006261363
O0042479,D0122,True,31.407960999926892
O0042563,D0197,True,22.576468938861897
O0043179,D0053,True,23.931306933370095
O0043062,D0027,True,28.96491150084276
O0043144,D0227,True,21.81162413029716
O0042939,D0232,True,35.871445625618186
O0042726,D0004,True,27.87523862962604
O0043237,D0011,True,20.101826587469205
O0042515,D0043,True,57.42260807603303
O0043188,D0214,True,29.122955493388353
O0042914,D0189,True,83.24684764909674
O0043133,D0238,True,16.102250424126773
O0043000,D0195,True,35.43063004496791
O0043027,D0131,True,26.1151815389331
O0042831,D0296,True,97.57214889134518
O0042727,D0125,True,28.130550913501136
O0043127,D0208,True,19.99136721445581
O0042622,D0277,True,29.732352629482577
O0042784,D0061,True,25.595637674484603
O0042852,D0013,True,22.959983807640548
O0042884,D0171,True,21.077802679441966
O0042956,D0231,True,27.370946830383186
O0042540,D0119,True,20.60092747575039
O0043182,D0075,True,21.215080693698635
O0042680,D0025,True,55.91155121114852
O0043214,D0007,True,40.770553201444805
O0042702,D0273,True,26.78966575819936
O0042666,D0146,True,31.815885196002018
O0042625,D0291,True,27.959474128922434
O0042931,D0209,True,23.72510310351772
O0042613,D0021,True,38.530063233762505
O0042601,D0100,True,24.786820290654646
O0042530,D0009,True,30.68336735788584
O0042490,D0107,True,25.597131271295282
O0043225,D0024,True,38.0603534249574
O0043006,D0159,True,32.463620622543004
O0043199,D0236,True,27.065271632858966
O0042797,D0058,True,24.93932355569006
O0043159,D0109,True,40.502552920042966
O0042877,D0212,True,40.42045047617663
O0042644,D0167,True,28.807745511116302
O0042654,D0071,True,39.04490521324189
O0043081,D0068,True,28.09055093009806
O0042636,D0018,True,25.66190448422155
O0042437,D0262,True,38.68596331891758
O0042510,D0088,True,35.56696592114675
O0043111,D0082,True,26.112656162248335
O0043097,D0049,True,28.971818698104066
O0042599,D0104,True,45.93059619372765
O0042789,D0197,True,30.534295626138473
O0042532,D0019,True,27.02670360176854
O0042975,D0046,True,27.83452308431061
O0042859,D0202,True,18.28464472878193
O0042516,D0188,True,35.2154554699373
O0042745,D0122,True,22.476196303412195
O0042681,D0186,True,22.314670298333272
O0042882,D0220,True,28.210465918489852
O0042615,D0281,True,37.806104275608654
O0042929,D0130,True,26.17020102975748
O0042450,D0259,True,37.81722529370807
O0042777,D0106,True,78.59219596426396
O0042963,D0038,True,24.746118089151107
O0043156,D0079,True,26.439328239950182
O0042635,D0176,True,20.16316958517509
O0043072,D0149,True,32.83583182520787
O0042822,D0252,True,78.88084310050073
O0042812,D0098,True,27.98045113126634
O0043118,D0234,True,37.56993062547141
O0042747,D0254,True,26.13903895690529
O0043080,D0008,True,30.146488563598666
O0043163,D0231,True,26.52362527629761
O0042892,D0142,True,29.644632567019244
O0043074,D0027,True,37.04865056416185
O0043162,D0035,True,33.68084910504747
O0042665,D0195,True,20.91282542962949
O0043089,D0270,True,70.35875928212242
O0043126,D0166,True,22.307355189063877
O0042649,D0167,True,30.369890058781333
O0042618,D0209,True,26.130239970744533
O0042791,D0217,True,20.885088770152628
O0043020,D0043,True,89.29003293924869
O0042707,D0273,True,25.701789748515637
O0042753,D0248,True,33.805899802191796
O0042533,D0046,True,39.98886722893128
O0043154,D0262,True,34.37497921895135
O0042900,D0107,True,33.45263291116623
O0042594,D0197,True,33.82511991676809
O0042809,D0071,True,23.901786868299986
O0042687,D0038,True,30.285806766271346
O0042534,D0259,True,28.08228563933316
O0042537,D0281,True,16.301209569737253
O0042810,D0100,True,24.27007548556007
O0042710,D0105,True,31.854087781718373
O0042551,D0005,True,27.70365305092474
O0042503,D0249,True,34.82139765786396
O0042750,D0184,True,18.62952835939275
O0042608,D0021,True,21.030147205498494
O0042757,D0234,True,28.389486218740572
O0042959,D0009,True,21.8147676642196
O0042952,D0032,True,23.903752340603454
O0043192,D0111,True,30.660831013338516
O0043017,D0260,True,27.879461380441718
O0042575,D0040,True,24.561320873351324
O0042770,D0168,True,24.67995085765611
O0042523,D0207,True,15.839571007397684
O0042620,D0220,True,34.06544531075477
O0043055,D0048,True,62.4880696894458
O0043155,D0213,True,29.47755337634983
O0043142,D0061,True,29.59599068186984
O0042861,D0167,True,32.88774083418578
O0043105,D0258,True,17.95312521028857
O0043076,D0186,True,28.32958177025258
O0042556,D0049,True,39.787377001933706
O0043234,D0161,True,25.061216023603098
O0043009,D0122,True,28.84498208952312
O0042858,D0090,True,24.15803059343817
O0043180,D0042,True,27.15744310756369
O0042651,D0018,True,51.46238621200476
O0042949,D0149,True,28.985420720583512
O0042986,D0109,True,25.364335927641882
O0042550,D0202,True,22.5136572735109
O0043086,D0108,True,24.554833508391134
O0042626,D0104,True,28.182838254400416
O0043165,D0075,True,19.4380387279468
O0042559,D0022,True,14.631033090799418
O0042958,D0142,True,36.365992876662595
O0042922,D0241,True,22.783592498909222
O0042573,D0278,True,43.348613094069776
O0042709,D0270,True,23.164813893616053
O0042555,D0068,True,31.659870566836215
O0043092,D0237,True,36.00553798552158
O0042567,D0167,True,29.606556872804603
O0042628,D0085,True,19.198287151282727
O0043123,D0257,True,25.93595856015213
O0042935,D0161,True,23.562019584477117
O0042811,D0297,True,26.350265353388583
O0043119,D0259,True,32.839731430415554
O0042758,D0232,True,21.223850332043483
O0043139,D0220,True,38.847238212127664
O0042996,D0258,True,23.023013007723293
O0042631,D0029,True,25.70444241231827
O0042700,D0109,True,27.18819221277777
O0043161,D0027,True,23.51606700616167
O0042897,D0131,True,25.575943282790945
O0042638,D0192,True,26.893790114326475
O0042793,D0189,True,31.446337958390927
O0042526,D0237,True,25.106157303695873
O0043014,D0085,True,16.527036908335
O0042659,D0107,True,28.53188829075894
O0043124,D0197,True,18.144890050956434
O0042481,D0231,True,27.536848011970296
O0042653,D0299,True,41.81811772804968
O0042806,D0208,True,32.60280388412977
O0043029,D0280,True,45.35892504073228
O0043030,D0028,True,28.751276036619423
O0042738,D0022,True,30.012634452642107
O0042692,D0046,True,18.12327606350591
O0042718,D0153,True,32.0768012757746
O0042771,D0149,True,24.85954087395548
O0042677,D0159,True,29.18770943779852
O0042488,D0256,True,19.595931634227306
O0043034,D0040,True,21.331502629716624
O0042995,D0049,True,62.2475613405572
O0042875,D0145,True,15.537772576114097
O0042843,D0189,True,38.21488385720844
O0042838,D0213,True,27.40548899820258
O0042637,D0107,True,24.335861524422228
O0042924,D0182,True,38.031579232694554
O0043239,D0258,True,24.71009291291358
O0042434,D0109,True,18.542198043622864
O0042987,D0259,True,26.131939931037806
O0042475,D0009,True,24.38168317762616
O0042857,D0186,True,25.860404569744233
O0042764,D0055,True,29.665604057874415
O0042441,D0260,True,46.844937728207135
O0042701,D0048,True,46.12377058875162
O0043342,D0259,True,24.427668293460005
O0043548,D0167,True,19.69706996405333
O0043840,D0270,True,55.21886978559712
O0043277,D0186,True,52.89405717537197
O0043653,D0167,True,63.47810157804418
O0043765,D0104,True,22.64488802624571
O0043303,D0109,True,21.71444392722701
O0043581,D0297,True,18.30838351132159
O0043487,D0018,True,26.95849158540605
O0043308,D0021,True,27.54479738932622
O0043365,D0013,True,14.723114484574038
O0043281,D0215,True,23.414829155839286
O0043836,D0247,True,30.433037830413692
O0043328,D0204,True,20.39648211421554
O0043475,D0283,True,22.108594969567974
O0043794,D0232,True,55.965643739246595
O0043405,D0165,True,28.33775205808462
O0043713,D0106,True,35.621252165437745
O0043675,D0038,True,39.21805509533104
O0043546,D0088,True,18.58522793545744
O0043859,D0202,True,15.364399373924618
O0043383,D0035,True,34.50411956711293
O0043654,D0079,True,19.41631043566408
O0043441,D0013,True,12.792612364163121
O0043681,D0053,True,28.195143121437624
O0043909,D0211,True,21.526635606092068
O0043710,D0262,True,29.113552636095342
O0043543,D0049,True,25.269576005714207
O0043652,D0006,True,26.554780676960178
O0043285,D0166,True,56.50287907739303
O0043745,D0027,True,21.468175590910093
O0043484,D0220,True,16.301175960460707
O0043407,D0202,True,22.14410130580191
O0043526,D0106,True,21.318841600588556
O0043887,D0241,True,13.923443265210723
O0043541,D0109,True,23.334956312663827
O0043810,D0211,True,26.884905544082425
O0043602,D0257,True,20.072347945880896
O0043341,D0155,True,17.319923680852384
O0043898,D0079,True,19.004357080656547
O0043315,D0131,True,28.048276993567683
O0043324,D0068,True,23.984017585062787
O0043841,D0002,True,31.05092601979157
O0043346,D0106,True,22.45279752274011
O0043461,D0049,True,23.315808173746667
O0043858,D0274,True,25.11732775095699
O0043603,D0234,True,26.153195542982584
O0043692,D0025,True,14.575404785351504
O0043453,D0104,True,22.363491590637402
O0043677,D0018,True,39.0420492896308
O0043666,D0150,True,24.77770402831826
O0043908,D0203,True,15.753692114167803
O0043779,D0283,True,23.096000525964925
O0043635,D0197,True,29.926387328844196
O0043827,D0188,True,19.11109879689524
O0043736,D0266,True,19.694163614123674
O0043890,D0176,True,22.053302259714386
O0043243,D0220,True,15.842697950888697
O0043419,D0104,True,35.05955430582785
O0043883,D0206,True,27.424031119954087
O0043276,D0298,True,19.27951630963645
O0043436,D0186,True,28.88870848327234
O0043331,D0206,True,22.764951977687296
O0043651,D0169,True,27.57991247851824
O0043578,D0048,True,21.475829517415406
O0043427,D0262,True,36.090386298650635
O0043523,D0009,True,25.98193692800188
O0043614,D0252,True,30.517939815920144
O0043476,D0105,True,19.815747031393276
O0043553,D0142,True,21.4638222940808
O0043907,D0233,True,17.69792090953618
O0043573,D0088,True,21.15398968339131
O0043295,D0280,True,26.984712597677145
O0043832,D0103,True,25.017284570613366
O0043669,D0002,True,44.35670043472519
O0043355,D0217,True,28.062509964527123
O0043604,D0270,True,26.92602546576358
O0043469,D0100,True,28.896829970740182
O0043663,D0049,True,58.86532640567948
O0043683,D0060,True,22.18825166747639
O0043409,D0265,True,15.991935999025053
O0043367,D0044,True,16.460270277180886
O0043519,D0241,True,23.645749181395793
O0043874,D0107,True,22.917001019788273
O0043274,D0233,True,33.73069216795237
O0043470,D0066,True,32.42189933665319
O0043373,D0189,True,22.220308067979765
O0043888,D0186,True,44.4803862267551
O0043267,D0217,True,17.510294800288754
O0043866,D0033,True,35.44663371466644
O0043696,D0290,True,29.861709384193954
O0043912,D0142,True,27.90481425817226
O0043660,D0099,True,15.674534512616521
O0043510,D0189,True,25.91420859075635
O0043730,D0295,True,57.163750823848524
O0043946,D0110,True,29.185349277985118
O0043902,D0068,True,22.35400190676281
O0043392,D0243,True,13.91077288716068
O0043926,D0166,True,15.976169537521216
O0043798,D0150,True,20.694831632066467
O0043398,D0211,True,30.07023805562537
O0043915,D0046,True,20.647814585952446
O0043275,D0188,True,23.454606385813214
O0043759,D0232,True,32.9628801036914
O0043922,D0178,True,24.690787150406656
O0043782,D0297,True,22.514541555306415
O0043925,D0231,True,33.42011434954773
O0043930,D0116,True,25.508439681580843
O0043615,D0060,True,26.943090709430564
O0043431,D0109,True,23.598561703484513
O0043933,D0161,True,21.16616409557943
O0043404,D0025,True,23.18194266139006
O0043788,D0189,True,78.16297491487121
O0043665,D0213,True,32.66373819733508
O0043290,D0019,True,26.267052464618956
O0043848,D0107,True,22.884677355157343
O0043676,D0217,True,24.060281435071197
O0043843,D0029,True,21.773868639681034
O0043767,D0013,True,20.119903974355395
O0043388,D0254,True,16.975827398155445
O0043607,D0160,True,25.821204323777213
O0043336,D0172,True,43.06175927945553
O0043369,D0162,True,72.19551307660484
O0043434,D0046,True,18.817554148025916
O0043911,D0004,True,19.697229461629597
O0043377,D0171,True,33.71681945735378
O0043454,D0068,True,26.524453371729354
O0043726,D0103,True,19.134371943824597
O0043444,D0053,True,32.3611350855838
O0043649,D0298,True,26.56275817756618
O0043437,D0214,True,23.37528705991933
O0043396,D0220,True,34.49224931413378
O0043645,D0197,True,29.109093455971568
O0043833,D0122,True,29.247461837002987
O0043241,D0204,True,17.632533356102783
O0043738,D0182,True,24.932959369677526
O0043535,D0116,True,52.723600812153464
O0043688,D0058,True,32.94408720232695
O0043655,D0178,True,20.87410383327942
O0043389,D0066,True,14.790810053675338
O0043612,D0234,True,32.755189995259535
O0043372,D0295,True,22.455603151937474
O0043399,D0088,True,24.461114906256732
O0043814,D0104,True,27.368944010283307
O0043620,D0115,True,39.683017717349514
O0043633,D0239,True,36.296461366956116
O0043787,D0150,True,19.9024605562997
O0043891,D0257,True,19.175498742394318
O0043307,D0290,True,27.16774103829411
O0043380,D0030,True,25.75660999404208
O0043311,D0246,True,31.17645966053066
O0043680,D0036,True,42.71787764765414
O0043650,D0109,True,59.07048939925981
O0043864,D0231,True,30.279478394404975
O0043809,D0099,True,16.691858194838815
O0043539,D0034,True,18.192450653896003
O0043733,D0260,True,50.33312953724671
O0043507,D0258,True,21.56283188908282
O0043449,D0208,True,17.76371404918998
O0043361,D0249,True,22.67945002845009
O0043560,D0079,True,32.987352730817
O0043557,D0145,True,18.058330112653138
O0043417,D0046,True,22.783580503498904
O0043255,D0007,True,20.79067566251007
O0043875,D0061,True,25.316295097523316
O0043319,D0149,True,26.790313951256508
O0043608,D0182,True,49.85438946979282
O0043291,D0110,True,23.184773864967468
O0043816,D0155,True,29.394731953935626
O0043861,D0146,True,31.4229209592404
O0043466,D0221,True,17.56767356557222
O0043273,D0136,True,23.45408767619336
O0043878,D0168,True,48.34584100380305
O0043694,D0150,True,21.562443804130496
O0043862,D0286,True,18.74543270940821
O0043558,D0024,True,24.564450847833726
O0043617,D0153,True,28.526263717155246
O0043679,D0197,True,33.68517829308809
O0043562,D0223,True,30.851655316191298
O0043598,D0119,True,29.441269895658024
O0043459,D0088,True,29.173871694918557
O0043395,D0208,True,35.23280188267146
O0043826,D0237,True,43.691167437675546
O0043257,D0032,True,23.61598256225252
O0043318,D0171,True,17.86450519130822
O0043455,D0165,True,24.129943737856323
O0043403,D0243,True,15.70412844405948
O0043877,D0033,True,25.07471749788472
O0043323,D0297,True,26.894364300574765
O0043264,D0259,True,35.45228882237666
O0043313,D0234,True,25.626738665052294
O0043375,D0038,True,24.224700123857353
O0043661,D0206,True,30.29398734442522
O0043722,D0058,True,20.06970092320031
O0043240,D0295,True,22.03668157703852
O0043505,D0252,True,23.836538463337423
O0043698,D0115,True,26.17673719914879
O0043544,D0014,True,81.20448254240247
O0043489,D0273,True,25.374385934334832
O0043940,D0035,True,53.889129672303746
O0043438,D0281,True,33.98172392441871
O0043728,D0040,True,21.872239114654178
O0043309,D0070,True,19.50271778260631
O0043742,D0041,True,26.76457687697738
O0043744,D0159,True,22.667931569231193
O0043270,D0042,True,17.725450128864928
O0043784,D0145,True,16.955729798680586
O0043260,D0243,True,27.68094354882501
O0043263,D0082,True,21.668177559224322
O0043619,D0221,True,31.414713545913372
O0043561,D0286,True,26.727199593550115
O0043880,D0087,True,14.632509664108435
O0043850,D0030,True,34.37586750451035
O0043624,D0211,True,37.56871827080205
O0043468,D0079,True,23.04978986141429
O0043805,D0213,True,18.73022084606049
O0043634,D0086,True,16.949865818112812
O0043800,D0150,True,25.432247974166515
O0043741,D0024,True,29.402535435169845
O0043882,D0003,True,20.46991342446647
O0043321,D0160,True,21.022397776855144
O0043512,D0036,True,68.2409960226606
O0043631,D0153,True,24.603552776394167
O0043839,D0162,True,33.33216522311145
O0043849,D0006,True,39.015266130049994
O0043780,D0097,True,23.3055714684317
O0043847,D0116,True,27.01042614622537
O0043366,D0088,True,23.58689528489415
O0043245,D0297,True,26.391857808957884
O0043838,D0200,True,21.13845193330029
O0043329,D0043,True,22.120954517024074
O0043537,D0070,True,14.280543908427378
O0043932,D0259,True,22.99529149908013
O0043305,D0208,True,17.3452444286078
O0043753,D0235,True,16.842885091620573
O0043460,D0140,True,20.491658195147366
O0043345,D0234,True,76.97346243491522
O0043317,D0168,True,47.42071558510653
O0043748,D0175,True,21.509639367272182
O0043494,D0281,True,31.48610091643541
O0043547,D0221,True,31.132674407569162
O0043347,D0003,True,20.497077672089986
O0043899,D0247,True,23.606448494528458
O0043705,D0192,True,34.88567442107988
O0043359,D0190,True,20.698633261485895
O0043600,D0007,True,39.24934533631238
O0043637,D0208,True,35.16547138320295
O0043421,D0033,True,27.975613326679728
O0043467,D0259,True,38.959189112561624
O0043647,D0104,True,72.63024343060309
O0043352,D0217,True,91.28799783452536
O0043714,D0099,True,22.783143188730094
O0043792,D0260,True,19.511903980335727
O0043906,D0162,True,21.05621511793905
O0043556,D0197,True,27.092877948122457
O0043533,D0159,True,20.80520446026582
O0043418,D0200,True,17.65887740386171
O0043671,D0237,True,22.035729178453042
O0043729,D0241,True,23.05274069546485
O0043756,D0022,True,27.648141043511714
O0043762,D0060,True,25.583274642131585
O0043918,D0142,True,40.66968719347336
O0043516,D0040,True,17.518970948143654
O0043426,D0215,True,18.606662980246938
O0043761,D0079,True,39.68538221286712
O0043783,D0027,True,32.632924234837446
O0043686,D0071,True,25.75806742824556
O0043301,D0252,True,71.49114590633604
O0043772,D0078,True,20.74628782614196
O0043254,D0227,True,24.819691937433618
O0043589,D0032,True,16.40773081213095
O0043563,D0013,True,31.17454992879467
O0043939,D0157,True,32.52753437320412
O0043682,D0150,True,73.6228892930659
O0043542,D0105,True,32.97083626023847
O0043626,D0237,True,40.85575082169935
O0043256,D0221,True,27.133170407817705
O0043271,D0033,True,18.790171028242135
O0043630,D0014,True,25.513283037717976
O0043896,D0110,True,27.96279897305353
O0043413,D0115,True,30.144073171708726
O0043593,D0055,True,20.495211743664477
O0043583,D0259,True,28.8456810420641
O0043625,D0175,True,20.69293872973616
O0043511,D0042,True,25.505457008017974
O0043293,D0263,True,29.52627056152032
O0043360,D0208,True,25.636170996676352
O0043570,D0149,True,19.699855837561444
O0043496,D0162,True,47.16776672284552
O0043304,D0281,True,23.50508602228391
O0043691,D0027,True,24.065797978789853
O0043588,D0258,True,23.703875941834944
O0043812,D0103,True,39.60194962126468
O0043248,D0071,True,21.842487845384753
O0043720,D0055,True,17.229310754796227
O0043944,D0166,True,26.763776950686776
O0043473,D0221,True,18.07654888569222
O0043731,D0014,True,25.920234837245715
O0043458,D0131,True,23.524226829778186
O0043330,D0172,True,16.918439446470902
O0043778,D0204,True,38.23992168107253
O0043616,D0239,True,27.469988502419355
O0043943,D0022,True,24.579921444535252
O0043723,D0177,True,28.866058169013854
O0043924,D0259,True,27.19075910682028
O0043721,D0115,True,34.49680303708313
O0043435,D0263,True,17.21443132405176
O0043579,D0281,True,29.059338059092923
O0043851,D0212,True,38.8043265870181
O0043605,D0157,True,24.16708442945795
O0043628,D0025,True,63.56529374318663
O0043432,D0162,True,40.39953702622514
O0043811,D0088,True,34.00030994075829
O0043856,D0009,True,23.287201472646554
O0043385,D0223,True,20.044585727021968
O0043900,D0252,True,31.55229504824181
O0043297,D0167,True,29.67531534106353
O0043674,D0259,True,55.96258644148144
O0043802,D0150,True,30.642704486800206
O0043550,D0286,True,23.989753150238766
O0043502,D0061,True,48.19080994526216
O0043381,D0053,True,22.900547079598113
O0043927,D0014,True,33.54002508079584
O0043382,D0221,True,38.62883965891073
O0043406,D0190,True,28.183627427356427
O0043817,D0231,True,49.24185191640141
O0043949,D0166,True,57.89226477879578
O0043749,D0100,True,24.903122445040434
O0043433,D0116,True,31.078834303072426
O0043462,D0029,True,34.49760460524587
O0043638,D0195,True,21.37039875818641
O0043575,D0281,True,22.806151594617607
O0043591,D0208,True,31.518112783670116
O0043414,D0102,True,48.93948966316124
O0043707,D0111,True,23.02775461193946
O0043763,D0297,True,25.55792232197596
O0043904,D0291,True,25.485537174116175
O0043445,D0004,True,35.92873752579769
O0043820,D0040,True,54.66117161911439
O0043322,D0276,True,21.326754962691407
O0043781,D0241,True,35.808515018516296
O0043623,D0088,True,42.41608622662415
O0043901,D0039,True,32.31217675331914
O0043474,D0214,True,29.743834294206295
O0043400,D0079,True,27.087985062068636
O0043529,D0032,True,42.93406097642456
O0043363,D0115,True,33.6768486528622
O0043371,D0030,True,75.97076496192993
O0043518,D0281,True,25.886311550143212
O0043895,D0247,True,16.72602445900688
O0043793,D0208,True,27.106811698627496
O0043358,D0009,True,38.78441473086668
O0043440,D0167,True,28.522684907639693
O0043799,D0025,True,44.79245478157301
O0043261,D0060,True,36.42316647340705
O0043702,D0295,True,82.90194295939065
O0043569,D0299,True,34.69178864147867
O0043450,D0122,True,29.273961389461576
O0043253,D0270,True,29.92346071403834
O0043920,D0260,True,49.066970763908685
O0043797,D0162,True,31.841274039168642
O0043789,D0004,True,32.47292385900252
O0043349,D0241,True,34.835841145139874
O0043853,D0232,True,54.62481121018706
O0043339,D0193,True,26.485985036669945
O0043390,D0145,True,36.41039798253591
O0043837,D0014,True,41.6650110682747
O0043310,D0281,True,35.25544083243457
O0043397,D0263,True,27.427680594382174
O0043929,D0140,True,31.897802345754855
O0043629,D0208,True,34.27822218583857
O0043769,D0159,True,17.585618233565594
O0043872,D0252,True,40.00966134673635
O0043296,D0169,True,63.19179649703361
O0043486,D0116,True,65.38171023591507
O0043739,D0150,True,33.7421589591569
O0043357,D0190,True,20.077809713770876
O0043711,D0166,True,73.50898307847328
O0043673,D0088,True,62.369158700062904
O0043609,D0298,True,27.957784677995164
O0043509,D0102,True,51.79304787036978
O0043670,D0127,True,35.18718121737355
O0043725,D0022,True,30.431823539501398
O0043306,D0131,True,57.56079987652532
O0043770,D0239,True,36.719893285946405
O0043641,D0046,True,33.33065778662123
O0043724,D0213,True,26.751890501522624
O0043289,D0233,True,18.92785536522107
O0043806,D0286,True,27.889583862219638
O0043504,D0206,True,29.70112361443953
O0043402,D0259,True,38.09077780489986
O0043715,D0193,True,41.82898197586369
O0043527,D0073,True,32.0550753415841
O0043567,D0084,True,19.694092200904095
O0043251,D0007,True,25.082969209362922
O0043845,D0146,True,21.135508896888282
O0043582,D0009,True,53.47114015648343
O0043708,D0004,True,34.02355674943277
O0043282,D0155,True,56.6150302799658
O0043594,D0068,True,43.08073615063455
O0043415,D0249,True,22.567548599105862
O0043657,D0060,True,59.315702424142685
O0043362,D0281,True,35.76752430560684
O0043287,D0270,True,66.23406501902778
O0043488,D0190,True,26.062464224808238
O0043751,D0167,True,58.66928796485558
O0043914,D0087,True,36.338726268283835
O0043333,D0269,True,33.88990663022281
O0043941,D0136,True,26.2194567452487
O0043687,D0122,True,21.738977795468884
O0043268,D0014,True,26.869009858761103
O0043928,D0025,True,32.561957331251435
O0043387,D0208,True,46.233433283258435
O0043443,D0033,True,55.944423414901
O0043549,D0165,True,49.882122880328204
O0043491,D0162,True,107.75747142954461
O0043525,D0286,True,29.59155028747424
O0043910,D0225,True,37.59386393199148
O0043752,D0103,True,29.353286193228207
O0043740,D0055,True,23.617018636072025
O0043252,D0260,True,36.16209886147922
O0043916,D0139,True,38.042707473284075
O0043775,D0232,True,80.19090243796515
O0043790,D0149,True,42.23810965927369
O0043879,D0182,True,22.292589391437488
O0043892,D0029,True,40.56228475837652
O0043338,D0142,True,27.438187367091878
O0043646,D0195,True,43.910282022728055
O0043428,D0099,True,38.96767739757178
O0043272,D0107,True,64.60516105666493
O0043760,D0234,True,32.36494382148351
O0043863,D0239,True,43.55777508932064
O0043515,D0048,True,25.85685481161373
O0043732,D0127,True,59.66022885064739
O0043656,D0053,True,30.54153847903511
O0043457,D0200,True,22.149115729208134
O0043618,D0231,True,35.194032446123025
O0043320,D0030,True,31.37268081952692
O0043773,D0028,True,24.64103365971434
O0043757,D0073,True,43.23952044696359
O0043815,D0024,True,41.313421461132236
O0043576,D0252,True,34.17565978415107
O0043743,D0046,True,62.15976177709814
O0043893,D0266,True,23.6396128994273
O0043401,D0058,True,24.741721297604293
O0043410,D0017,True,35.858414822094915
O0043747,D0117,True,31.927204093920622
O0043278,D0295,True,104.38072053676748
O0043335,D0175,True,29.99476809751846
O0043684,D0022,True,23.753812005346
O0043572,D0204,True,32.251704895243996
O0043774,D0283,True,40.49088427849449
O0043370,D0011,True,24.580963305578138
O0043937,D0004,True,61.91031346187038
O0043482,D0038,True,25.2768811363174
O0043881,D0169,True,23.247242954996718
O0043393,D0161,True,36.733321678462886
O0043718,D0102,True,27.280906909695624
O0043479,D0057,True,27.636145812277505
O0043601,D0281,True,28.340780833990777
O0043532,D0131,True,28.554419585574017
O0043411,D0116,True,107.29551249979583
O0043913,D0182,True,31.384943661924154
O0043503,D0037,True,30.02130392962463
O0043262,D0025,True,49.508210404040454
O0043648,D0068,True,21.484192654361205
O0043931,D0211,True,36.50143612644052
O0043424,D0257,True,51.871506885486504
O0043934,D0293,True,18.463596777311896
O0043844,D0256,True,42.632381097053454
O0043885,D0146,True,43.275284635414
O0043709,D0086,True,20.607732665060126
O0043540,D0130,True,60.676412320310035
O0043737,D0009,True,31.247778111396585
O0043867,D0014,True,86.86455912270048
O0043678,D0299,True,27.85186210422249
O0043622,D0155,True,27.301845752816607
O0043828,D0150,True,107.68424322655525
O0043610,D0076,True,24.495777767926256
O0043520,D0043,True,28.1967120752925
O0043719,D0298,True,29.32785546455774
O0043697,D0208,True,33.025747145327905
O0043690,D0259,True,78.66106704213337
O0043701,D0027,True,30.788413025969724
O0043857,D0225,True,38.74917001327643
O0043481,D0120,True,34.3521032900464
O0043834,D0297,True,32.917275047664674
O0043429,D0028,True,28.600564020659885
O0043554,D0243,True,35.88559054397173
O0043689,D0197,True,23.76874440328087
O0043258,D0149,True,29.526112503410864
O0043695,D0266,True,79.14119921479902
O0043613,D0151,True,24.195318583101184
O0043897,D0042,True,34.51789483404265
O0043250,D0039,True,36.90146722997851
O0043408,D0119,True,38.21659918368397
O0043521,D0087,True,25.547332224685448
O0043750,D0234,True,53.8476599168811
O0043568,D0178,True,39.00499770815814
O0043559,D0136,True,28.944280235691544
O0043667,D0007,True,34.810267275318196
O0043771,D0131,True,104.22317633196396
O0043785,D0032,True,26.983031639082903
O0043495,D0159,True,34.1856325017252
O0043344,D0182,True,34.65136682746635
O0043846,D0215,True,29.65109808425508
O0043947,D0252,True,31.46577984144418
O0043456,D0270,True,46.39421396743022
O0043420,D0139,True,30.056631378059137
O0043835,D0055,True,30.495961447506218
O0043870,D0048,True,21.19079542896069
O0043795,D0035,True,22.412708995710844
O0043860,D0227,True,21.72869965184014
O0043279,D0036,True,29.20261513701397
O0043506,D0142,True,30.84038477449907
O0043353,D0011,True,68.9474339629392
O0043551,D0222,True,25.94085189968243
O0043884,D0127,True,26.00505484364584
O0043299,D0071,True,25.727068816970174
O0043592,D0006,True,23.33643535709239
O0043585,D0117,True,25.02028278287348
O0043642,D0204,True,42.08993144124594
O0043824,D0020,True,31.83338278551342
O0043822,D0037,True,34.22105423819449
O0043590,D0248,True,25.387572578345456
O0043894,D0099,True,28.789330956606705
O0043668,D0107,True,33.20708911397681
O0043706,D0003,True,21.735481457910033
O0043485,D0214,True,19.026537479633305
O0043868,D0256,True,24.915676804527237
O0043703,D0076,True,44.83914236464685
O0043394,D0241,True,29.520287277174464
O0043852,D0100,True,24.240952433727973
O0043919,D0137,True,21.951956234992984
O0043727,D0027,True,30.567483196736504
O0043693,D0221,True,45.32986203514224
O0043611,D0025,True,35.98135831661195
O0043796,D0262,True,73.60804966481408
O0043517,D0103,True,30.767256380738836
O0043522,D0051,True,41.18477132843021
O0043412,D0042,True,24.170192592696978
O0043337,D0297,True,48.347938238257726
O0043886,D0078,True,27.998639908993404
O0043423,D0225,True,36.66041509052988
O0043942,D0157,True,27.483339982128612
O0043712,D0149,True,32.217784156024315
O0043386,D0155,True,38.179539697166604
O0043312,D0274,True,42.65614589291437
O0043821,D0171,True,22.21518860147063
O0043819,D0041,True,32.460094734791525
O0043700,D0252,True,33.10621417433921
O0043746,D0057,True,26.408221568797085
O0043493,D0068,True,19.86648851837259
O0043803,D0070,True,34.482092011416555
O0043280,D0120,True,27.149358232475628
O0043764,D0159,True,48.05844471214546
O0043259,D0111,True,29.0632349760406
O0043873,D0161,True,25.66261290437007
O0043869,D0188,True,50.103562253041275
O0043452,D0200,True,28.893988428347384
O0043327,D0087,True,24.72743840732491
O0043348,D0169,True,33.435867285419846
O0043801,D0022,True,54.99448164746542
O0043294,D0236,True,50.65992076194595
O0043242,D0017,True,33.09524574246188
O0043734,D0167,True,32.58537468440469
O0043490,D0043,True,19.31717711158565
O0043871,D0219,True,52.159343547911696
O0043430,D0215,True,49.702251361615055
O0043768,D0030,True,52.295230109008244
O0043472,D0271,True,16.14131454764744
O0043531,D0124,True,27.013640737608718
O0043249,D0277,True,14.414641931366962
O0043508,D0224,True,32.77126728131965
O0043499,D0255,True,20.257865682692138
O0043379,D0085,True,21.46215839502723
O0043247,D0151,True,26.680547593136033
O0043530,D0037,True,34.71861097789787
O0043265,D0285,True,35.65757762939628
O0043378,D0182,True,53.01106501732669
O0043314,D0042,True,17.281396384996484
O0043829,D0211,True,87.58811410330983
O0043643,D0139,True,22.133610593678462
O0043464,D0258,True,19.704011195843673
O0043889,D0231,True,31.141634723751864
O0043325,D0192,True,69.17935539745051
O0043813,D0088,True,32.86099733641276
O0043672,D0239,True,19.687997932764063
O0043483,D0145,True,25.5579400616886
O0043777,D0048,True,64.46278090746557
O0043917,D0027,True,19.073146744989536
O0043534,D0025,True,62.523748103369925
O0043564,D0130,True,31.511707503667424
O0043597,D0142,True,26.601607309432616
O0043316,D0137,True,20.83721521671488
O0043776,D0076,True,23.571543477167324
O0043786,D0040,True,26.986815871081447
O0043391,D0286,True,52.15141741001369
O0043302,D0068,True,32.6877854761473
O0043524,D0220,True,25.603916169252877
O0043528,D0029,True,22.317649751203092
O0043574,D0115,True,39.259691974670844
O0043298,D0127,True,30.681476726679552
O0043471,D0051,True,25.72316431690598
O0043566,D0295,True,27.319189148651155
O0043577,D0252,True,59.80872856651483
O0043627,D0258,True,37.5138718693152
O0043552,D0053,True,26.977424406719756
O0043842,D0274,True,26.162710336271168
O0043831,D0233,True,26.516392935874258
O0043354,D0212,True,19.662991233333962
O0043514,D0168,True,53.06653075323486
O0043497,D0102,True,22.938303554877457
O0043565,D0109,True,30.19234639768516
O0043599,D0120,True,21.328368983281827
O0043555,D0278,True,23.34106554374724
O0043936,D0070,True,60.71417520706783
O0043584,D0011,True,20.437273443896835
O0043513,D0226,True,21.18806751764719
O0043571,D0184,True,25.14857033396709
O0043903,D0169,True,39.50750616067977
O0043332,D0057,True,42.995062098129594
O0043266,D0116,True,40.020050736705876
O0043854,D0008,True,37.38096239411676
O0043632,D0068,True,29.84083493266781
O0043717,D0127,True,26.651300811821297
O0043269,D0051,True,17.47655756450572
O0043439,D0167,True,32.500045678408625
O0043639,D0165,True,27.56153009167035
O0043300,D0130,True,39.88041389816974
O0043244,D0219,True,23.777853401305155
O0043326,D0218,True,16.57911662499297
O0043448,D0012,True,32.559644330528734
O0043621,D0029,True,21.859304034038082
O0043807,D0076,True,27.593755886748454
O0043791,D0255,True,22.77914253663549
O0043374,D0277,True,18.65200697263781
O0043500,D0006,True,41.96867883091391
O0043808,D0231,True,35.82179194144559
O0043447,D0110,True,21.853264299821475
O0043855,D0078,True,30.514382759425267
O0043595,D0156,True,25.06373989160238
O0043766,D0035,True,19.638322586694194
O0043921,D0039,True,21.402199487799674
O0043685,D0007,True,28.34931822343953
O0043442,D0223,True,19.045673904530204
O0043340,D0079,True,43.98796172492098
O0043451,D0271,True,14.50092977645566
O0043465,D0171,True,29.95725487744275
O0043596,D0200,True,32.03794087097552
O0043804,D0263,True,27.383747621164638
O0043480,D0226,True,30.637952363335444
O0043384,D0192,True,25.661496110291786
O0043699,D0188,True,28.88531374774061
O0043923,D0159,True,19.58931808234389
O0043334,D0278,True,21.237046151511493
O0043636,D0232,True,34.02808861991619
O0043818,D0008,True,22.766500360313238
O0043823,D0215,True,26.848094787086353
O0043830,D0040,True,25.10278614181405
O0043659,D0127,True,27.579644739960766
O0043704,D0120,True,20.400767484997175
O0043376,D0204,True,27.16565150064796
O0043492,D0102,True,25.121727466861408
O0043463,D0071,True,23.020562117347446
O0043292,D0239,True,40.05797867112473
O0043350,D0035,True,37.92767067670064
O0043477,D0277,True,34.4782928523471
O0043662,D0048,True,21.70374878462777
O0043246,D0068,True,19.12404692171578
O0043425,D0012,True,22.445152704591635
O0043606,D0151,True,25.712259960650222
O0043735,D0159,True,43.724599884363556
O0043640,D0043,True,21.543429877442318
O0043536,D0087,True,21.049341762619687
O0043865,D0157,True,27.154154505597617
O0043498,D0262,True,38.57092738639975
O0043948,D0066,True,35.86083210311652
O0043580,D0022,True,25.233086332738118
O0043416,D0077,True,27.453398862648523
O0043356,D0229,True,24.05984657974524
O0043716,D0188,True,26.182132629471774
O0043538,D0225,True,28.436062381628258
O0043945,D0219,True,23.90111145694904
O0043364,D0168,True,34.31961076074804
O0043758,D0093,True,21.423028713267854
O0043286,D0012,True,18.81322329113081
O0043658,D0236,True,26.480937962798123
O0043478,D0131,True,38.84734410827356
O0043664,D0120,True,18.38201452897631
O0043754,D0278,True,23.894588594859343
O0043644,D0130,True,22.461184785876544
O0043938,D0088,True,29.19658670649072
O0043905,D0188,True,29.11686462766133
O0043755,D0007,True,26.017437873465724
O0043935,D0262,True,33.7607765216392
O0043283,D0167,True,43.868575203953974
O0043446,D0160,True,25.952458599033097
O0043501,D0006,True,38.93006220608413
O0043288,D0195,True,27.054058668014605
O0043587,D0124,True,25.407734941115116
O0043284,D0232,True,35.2782881153091
O0043351,D0013,True,21.98220114375747
O0043876,D0277,True,30.976648429571945
O0043586,D0157,True,14.78100852924939
O0043825,D0276,True,28.35818394155408
O0043422,D0056,True,18.49060111844831
O0043343,D0274,True,31.096560629010824
O0043545,D0066,True,18.772137661601768
O0043368,D0146,True,30.541066715366842
O0044603,D0018,True,31.384554086425172
O0044364,D0211,True,23.45439918490074
O0043997,D0286,True,38.15705834140282
O0044519,D0048,True,23.668109412110514
O0044215,D0278,True,20.699993386737834
O0044325,D0038,True,63.015234743342106
O0044470,D0259,True,27.4755513515791
O0044002,D0018,True,26.51921170024116
O0043963,D0225,True,37.11138239283146
O0044013,D0186,True,27.480769344978174
O0044360,D0295,True,27.21483790589736
O0044583,D0120,True,25.080882172402383
O0044400,D0130,True,27.80793166693942
O0044637,D0068,True,24.377362257504235
O0044076,D0175,True,21.3740991086417
O0044228,D0188,True,31.007567849622394
O0044182,D0146,True,24.718343907788707
O0044157,D0013,True,37.30404898429331
O0044613,D0214,True,18.904556618841912
O0044540,D0166,True,26.834951038177245
O0043991,D0168,True,28.26693901007034
O0044305,D0172,True,53.993863119818066
O0044169,D0274,True,30.713705239014963
O0044319,D0166,True,27.52684717537948
O0044040,D0192,True,22.283071795301232
O0044284,D0002,True,26.81839648287742
O0044200,D0277,True,45.390992322078795
O0044366,D0295,True,29.59167416501968
O0044702,D0033,True,20.07654206540714
O0044407,D0263,True,21.77477343884176
O0044598,D0231,True,44.85591574637992
O0044590,D0225,True,32.1341450242771
O0044550,D0048,True,22.949078357090077
O0044646,D0295,True,23.82130024239182
O0044518,D0068,True,16.940743544484548
O0044576,D0260,True,33.48747785276695
O0044029,D0109,True,15.951916206556747
O0044090,D0277,True,30.93597862033325
O0044238,D0262,True,21.30937361062327
O0044250,D0033,True,20.834281060165978
O0044042,D0116,True,19.990788188164636
O0043965,D0195,True,53.804346948304556
O0044474,D0088,True,25.703679287230347
O0044001,D0232,True,27.517621027543814
O0044150,D0131,True,14.378052136250323
O0044028,D0206,True,16.278148963630013
O0044369,D0014,True,34.175663677771986
O0044595,D0109,True,32.42749176154394
O0044419,D0115,True,49.16715956743214
O0044188,D0030,True,17.624506279804145
O0044503,D0048,True,33.131737261062725
O0044472,D0068,True,49.17539747512602
O0044025,D0204,True,35.317186189819765
O0044549,D0281,True,28.448802148896778
O0044117,D0066,True,27.94520360445244
O0044043,D0115,True,24.607188554102308
O0044621,D0241,True,21.35181825600253
O0044073,D0042,True,23.84387690573583
O0044392,D0002,True,22.736214247861046
O0044348,D0142,True,23.868840781744517
O0044109,D0206,True,17.38268589621433
O0044457,D0273,True,23.48429411181759
O0044677,D0137,True,25.97879503138571
O0044012,D0182,True,24.475055558016518
O0044577,D0178,True,43.76077327694427
O0044554,D0131,True,48.690077868933315
O0044056,D0159,True,77.82963164942704
O0044527,D0231,True,20.147112428030287
O0044700,D0277,True,39.42011830662071
O0044615,D0172,True,25.968529712197206
O0044525,D0266,True,21.954069130865953
O0044332,D0215,True,94.87218871670876
O0044515,D0168,True,24.391303470753357
O0044036,D0053,True,27.900969227271283
O0043960,D0172,True,24.91956358944034
O0044705,D0014,True,34.89570621181503
O0044631,D0157,True,17.799536401914388
O0044138,D0127,True,40.12833186848833
O0044469,D0115,True,25.77546937034144
O0044111,D0102,True,18.747505090530392
O0044053,D0042,True,21.69167910573137
O0044476,D0232,True,25.90782509350985
O0043951,D0172,True,28.582990918894275
O0044112,D0208,True,23.56516395623643
O0044187,D0182,True,31.548837356633676
O0044130,D0013,True,22.271991576421495
O0044192,D0211,True,27.808125327676986
O0044647,D0168,True,19.215642548930518
O0044357,D0022,True,32.49548276682804
O0044355,D0102,True,25.031866764621306
O0044663,D0131,True,41.09520591591603
O0044033,D0116,True,67.6758288493262
O0044390,D0127,True,16.9800206173155
O0044374,D0033,True,28.44310098122823
O0044579,D0281,True,25.98380316367324
O0044612,D0224,True,81.31480870771317
O0044606,D0232,True,36.7125623669258
O0043964,D0088,True,22.63947229612649
O0043990,D0175,True,21.509735119136266
O0044089,D0150,True,27.70368207575617
O0044137,D0273,True,30.410850369185205
O0044104,D0236,True,17.381272568109424
O0044141,D0200,True,17.837798292978565
O0044401,D0286,True,22.336933362822002
O0044222,D0215,True,29.45494541554192
O0044434,D0106,True,85.66059311596256
O0043984,D0162,True,29.654430588282302
O0044643,D0211,True,24.70541422225865
O0044444,D0159,True,24.230331868770985
O0044267,D0206,True,85.28504561957274
O0043975,D0257,True,17.81241589704535
O0044533,D0175,True,62.74005170823669
O0044038,D0107,True,25.134587383737827
O0044666,D0192,True,33.436473271455284
O0044264,D0167,True,82.95876490480558
O0043982,D0186,True,79.58398321437913
O0044190,D0219,True,22.14441802915794
O0044559,D0241,True,31.185997441065727
O0044268,D0150,True,37.21986734478209
O0044684,D0142,True,27.271044500062793
O0044675,D0022,True,49.21447367063635
O0044054,D0266,True,34.58158740089749
O0044203,D0200,True,20.597477302481735
O0044600,D0255,True,31.558774390992173
O0044015,D0130,True,32.848261833018576
O0044283,D0231,True,34.93255329601533
O0044489,D0215,True,45.403352840113364
O0044241,D0172,True,31.95889549174529
O0044704,D0270,True,35.881609075150536
O0044213,D0263,True,19.726281333621788
O0044593,D0189,True,32.198793389183045
O0044201,D0219,True,32.46002309062047
O0044672,D0159,True,82.6943579289625
O0044295,D0116,True,27.363515723784882
O0044075,D0257,True,24.0955366601381
O0044031,D0286,True,27.93163504473672
O0044349,D0137,True,24.948763396175604
O0044173,D0211,True,26.387661352804415
O0044695,D0182,True,19.90178022524601
O0044378,D0188,True,22.246332365875887
O0044448,D0017,True,29.040509594499976
O0044510,D0110,True,20.75217486620933
O0044063,D0104,True,32.07905323512992
O0044644,D0131,True,25.63078333765476
O0044155,D0236,True,27.573503091504886
O0044632,D0160,True,27.327964732975172
O0044233,D0102,True,36.76771643942808
O0044660,D0295,True,23.59699014020753
O0044616,D0262,True,26.372789673429477
O0043995,D0224,True,22.35425528719327
O0044708,D0241,True,43.06531933483264
O0044218,D0260,True,37.261108978591324
O0044377,D0149,True,39.06710137214328
O0044162,D0127,True,20.74355414264547
O0044110,D0060,True,28.214379897020272
O0044635,D0003,True,24.136877248655033
O0044652,D0057,True,28.70695371865773
O0044296,D0217,True,30.18973957289886
O0044564,D0263,True,69.84762349189207
O0044254,D0150,True,40.64855835375677
O0043979,D0223,True,15.63590320538709
O0044313,D0211,True,43.16030814453198
O0044425,D0116,True,38.494060469860635
O0044471,D0178,True,20.983073348560843
O0044125,D0281,True,30.669792247988898
O0044060,D0243,True,32.736835449023296
O0044408,D0097,True,20.466962313803492
O0044209,D0273,True,25.192949583153002
O0044191,D0182,True,34.34561547394625
O0044658,D0266,True,26.152133053980705
O0044008,D0139,True,51.81729040114991
O0044626,D0208,True,23.413538555278425
O0044537,D0172,True,29.78920705624373
O0044260,D0215,True,33.39911847261427
O0044449,D0035,True,30.0148361037402
O0044498,D0232,True,39.3381515803288
O0044195,D0192,True,17.475704071057475
O0044118,D0131,True,41.921586267822285
O0043950,D0277,True,41.923498938004855
O0044707,D0022,True,101.55183837708383
O0044552,D0188,True,25.52975287516098
O0044272,D0219,True,29.47910401215085
O0044251,D0160,True,28.098289871262008
O0044486,D0151,True,17.307452887438565
O0044379,D0017,True,49.98946670531587
O0044041,D0006,True,31.72694861148851
O0044659,D0262,True,27.043715153572617
O0044673,D0036,True,25.972826787314485
O0044303,D0270,True,24.37953877795535
O0044011,D0032,True,30.206200170913455
O0044685,D0274,True,44.48107702948635
O0044608,D0137,True,21.5439847040986
O0044255,D0231,True,35.75619217149659
O0044301,D0007,True,41.508370714744146
O0044143,D0106,True,33.75830529743819
O0044256,D0213,True,27.036674655550545
O0044318,D0078,True,32.24705385484467
O0044044,D0104,True,30.282079116706054
O0044634,D0127,True,31.772751804810127
O0044224,D0003,True,21.63551362165159
O0044393,D0079,True,26.832095468590136
O0044487,D0260,True,28.24352313446427
O0044555,D0283,True,26.220540760972654
O0044701,D0024,True,22.523620389593827
O0044581,D0241,True,35.86416350647532
O0044475,D0085,True,32.47741295615142
O0044204,D0281,True,19.416242537199945
O0044113,D0217,True,43.95285885673552
O0044679,D0243,True,19.19109424924736
O0044411,D0097,True,50.34132500765023
O0044146,D0048,True,23.581679373634728
O0044243,D0070,True,31.312789122898344
O0044578,D0150,True,57.18249974737894
O0044619,D0116,True,23.968744221793887
O0044309,D0270,True,28.527943792116506
O0044226,D0011,True,50.178079951589055
O0044160,D0295,True,29.581626845422473
O0044037,D0120,True,95.53792151924472
O0044306,D0172,True,37.58082420859885
O0044107,D0035,True,39.099326647769075
O0044039,D0036,True,51.32747110296723
O0044271,D0046,True,34.90192641400329
O0044066,D0208,True,20.166632714117892
O0044562,D0037,True,34.58000380575867
O0044454,D0025,True,28.984639076928463
O0044642,D0003,True,31.293226500168277
O0044093,D0131,True,32.145655942802726
O0044174,D0225,True,39.96587817318228
O0044198,D0145,True,49.20026795517606
O0044391,D0281,True,21.137141062749585
O0044372,D0106,True,32.027955526242195
O0043976,D0024,True,45.051012806997704
O0044103,D0007,True,26.241328469802816
O0043994,D0033,True,50.28203312228823
O0044223,D0102,True,26.416520095776082
O0044607,D0018,True,70.79331927855088
O0044495,D0127,True,91.8180393919614
O0044680,D0213,True,39.18242374893514
O0044045,D0241,True,37.44029695144404
O0044324,D0263,True,41.009784144479234
O0044516,D0231,True,25.083250918749656
O0044298,D0028,True,20.14792560868094
O0044167,D0066,True,34.963778225038034
O0044504,D0136,True,37.65020078020955
O0044656,D0274,True,32.02075339284975
O0044424,D0184,True,26.161027430495107
O0044473,D0135,True,30.378719896452026
O0043974,D0277,True,24.744075122639043
O0044625,D0085,True,26.3864583978195
O0044648,D0079,True,19.62394798285082
O0044479,D0169,True,31.64186773132325
O0044235,D0006,True,23.63072258854031
O0043987,D0232,True,32.771891035494086
O0044336,D0139,True,16.59562802950032
O0044670,D0149,True,78.8500704146351
O0044667,D0042,True,21.460460373676334
O0044604,D0186,True,31.428669429765886
O0044394,D0159,True,94.22056009062774
O0044208,D0157,True,16.7604642161197
O0044273,D0281,True,32.20997630186241
O0044252,D0007,True,24.97041764843142
O0044636,D0189,True,24.623862372042087
O0044585,D0027,True,24.42958985382168
O0044266,D0070,True,19.96176849795255
O0044279,D0224,True,28.588231391798434
O0044126,D0011,True,44.669459690870454
O0044245,D0086,True,19.615237429927777
O0044697,D0262,True,45.768775494323584
O0044292,D0013,True,24.160971932622342
O0044316,D0165,True,23.609149102893078
O0044165,D0270,True,33.86583255138266
O0044074,D0100,True,89.64088526936365
O0044046,D0172,True,59.27889084031195
O0044651,D0098,True,25.51729617583403
O0044346,D0017,True,24.073701618248197
O0044055,D0042,True,23.548333791733636
O0044539,D0295,True,23.26657347007353
O0044373,D0188,True,28.894008418404493
O0044006,D0102,True,34.04639102646897
O0044287,D0160,True,27.693737376586274
O0044175,D0029,True,26.889735278880124
O0044589,D0028,True,22.43667794434767
O0044509,D0123,True,40.80269534690669
O0044145,D0161,True,25.339670680138656
O0044207,D0022,True,62.03633085673102
O0044326,D0231,True,29.9848474143839
O0044290,D0211,True,25.603826486469707
O0044062,D0214,True,21.44848901798356
O0044524,D0168,True,34.113380108596914
O0044641,D0131,True,25.30259377086851
O0044698,D0225,True,36.20845133326603
O0044077,D0166,True,28.229727508243293
O0044069,D0012,True,20.35673119832404
O0044402,D0236,True,29.63392795421255
O0044484,D0013,True,27.541063289121595
O0044544,D0206,True,29.972191234761524
O0044294,D0033,True,22.867056898976916
O0044380,D0281,True,35.38923709304227
O0044480,D0126,True,26.43357777622481
O0044108,D0165,True,30.928361841486005
O0043967,D0243,True,28.684700703020397
O0044426,D0153,True,34.53840213029175
O0044277,D0035,True,28.9349588190775
O0043954,D0157,True,17.6861741531725
O0044499,D0025,True,19.718804035112925
O0044443,D0270,True,20.484291777790915
O0044286,D0028,True,68.67926983971641
O0044132,D0037,True,30.997656597818786
O0044307,D0117,True,36.62807261850937
O0044134,D0004,True,27.29834609006312
O0044322,D0188,True,22.198363472610882
O0044412,D0033,True,31.22253564830008
O0044706,D0079,True,68.94114349599398
O0044376,D0210,True,20.022647560227057
O0044300,D0169,True,21.950980728897754
O0044078,D0165,True,25.061574152080496
O0044669,D0153,True,21.573425008501438
O0044403,D0149,True,22.900778591883043
O0044362,D0025,True,29.95011049941309
O0044712,D0208,True,25.94466605848314
O0044453,D0130,True,22.600448108059698
O0044310,D0044,True,15.78829714124561
O0044124,D0004,True,25.734342489935674
O0044183,D0002,True,21.026369775021813
O0044010,D0136,True,28.13494243613126
O0044429,D0224,True,29.124548446066267
O0044000,D0120,True,32.82692495317374
O0044119,D0210,True,28.522047251059167
O0044035,D0036,True,27.329737244602818
O0044239,D0214,True,18.943576474383175
O0043978,D0032,True,28.135632626046263
O0044502,D0014,True,30.529071359981366
O0044560,D0018,True,37.34735915103818
O0044070,D0274,True,29.832778062910627
O0044341,D0178,True,33.869222181355596
O0043952,D0079,True,28.32448964253682
O0044526,D0149,True,25.33559870922177
O0044396,D0280,True,21.2659403556365
O0044422,D0163,True,22.06755467940269
O0044563,D0283,True,27.608874555567418
O0044688,D0131,True,31.126129944300423
O0044091,D0120,True,26.863283843190462
O0044220,D0263,True,24.270699906097423
O0044249,D0029,True,22.841294642178067
O0044229,D0149,True,36.40329446964314
O0044299,D0126,True,31.893523445733383
O0044034,D0210,True,33.55304346373274
O0044523,D0225,True,27.27448212856802
O0044521,D0039,True,28.079251079826076
O0044032,D0010,True,34.27645841045724
O0044121,D0013,True,36.9462252108803
O0044135,D0097,True,27.979538435051825
O0044003,D0145,True,27.927020681424086
O0044437,D0009,True,22.921654304480406
O0044385,D0163,True,29.955919717738407
O0044452,D0100,True,24.486708732764274
O0044199,D0281,True,29.351326013760023
O0044164,D0277,True,43.469916167720065
O0044352,D0022,True,36.74652023752091
O0044520,D0102,True,36.75807202545436
O0044467,D0135,True,35.92717618283668
O0044320,D0202,True,27.988265131149376
O0044166,D0188,True,108.7908438018983
O0044610,D0222,True,45.8240097981105
O0044327,D0153,True,35.23926946623497
O0044102,D0010,True,32.067050427765665
O0044597,D0079,True,49.04466779176657
O0044149,D0070,True,28.197162481644064
O0044494,D0035,True,27.3687371185366
O0044181,D0149,True,27.338106857924277
O0044674,D0060,True,18.85921462799885
O0043981,D0270,True,99.58605327203406
O0043959,D0029,True,30.546473174929684
O0044004,D0126,True,25.414556106981266
O0043998,D0110,True,23.11056931767983
O0044511,D0018,True,27.542577832421575
O0044330,D0278,True,41.04693105481284
O0044206,D0055,True,36.3102939560848
O0044257,D0120,True,22.710299081662967
O0044057,D0021,True,25.36242134081265
O0044482,D0260,True,38.458039515856505
O0043988,D0139,True,52.17147328755797
O0044611,D0136,True,39.42325340201267
O0044101,D0171,True,75.75742415890319
O0044092,D0097,True,36.49688877596019
O0044059,D0280,True,45.58389681997414
O0044630,D0057,True,45.86755083203459
O0044329,D0184,True,46.37070079931245
O0044558,D0016,True,27.14592502666625
O0044662,D0232,True,87.29708480931195
O0044087,D0160,True,81.8387507184939
O0044096,D0281,True,25.820419506064358
O0044458,D0006,True,49.822958369013676
O0044586,D0149,True,39.56233468586116
O0044551,D0058,True,37.67439612193348
O0044154,D0084,True,46.281751236906054
O0044691,D0018,True,32.883427525276126
O0044694,D0106,True,28.18161735906111
O0044645,D0105,True,18.673094289450418
O0044094,D0010,True,24.307466417725504
O0044522,D0035,True,31.814786991451058
O0043983,D0185,True,61.62868798091588
O0044389,D0102,True,39.27407625182319
O0044128,D0135,True,31.70546592574525
O0044629,D0277,True,40.59210759174835
O0044265,D0222,True,36.84794868992914
O0044219,D0225,True,26.306354913216765
O0044185,D0079,True,32.83815236630057
O0044088,D0224,True,83.9045661192339
O0044281,D0097,True,60.050221414706684
O0044592,D0257,True,25.763861346876872
O0044067,D0060,True,31.090953719247622
O0044058,D0100,True,50.52984166113121
O0044196,D0168,True,37.88765326277298
O0044365,D0165,True,44.57672229867184
O0044654,D0186,True,24.105835839539047
O0044147,D0236,True,32.884360143972955
O0044565,D0255,True,49.198593401845855
O0044601,D0145,True,30.298267018354522
O0044197,D0099,True,34.93317348490231
O0044331,D0029,True,25.065076192455408
O0044026,D0086,True,26.165910514372488
O0044304,D0151,True,50.52359030606767
O0044413,D0136,True,66.10691460642371
O0044382,D0223,True,24.15314152801514
O0044541,D0127,True,24.273216405356088
O0044481,D0024,True,39.12943557863151
O0044386,D0182,True,45.09184463463801
O0044650,D0070,True,51.41848196542932
O0044614,D0281,True,28.601351468583257
O0044246,D0018,True,100.6519893072909
O0044553,D0126,True,28.645285583675506
O0044416,D0123,True,34.65117110928886
O0044280,D0139,True,35.21228705499867
O0044314,D0052,True,24.680682084074355
O0044231,D0106,True,23.316446694989
O0044463,D0211,True,36.43170393706695
O0044116,D0105,True,37.481151730677894
O0044270,D0225,True,44.24752002682071
O0044465,D0176,True,32.307653814088944
O0044163,D0196,True,24.204761737707557
O0043955,D0149,True,34.75065432085147
O0044315,D0124,True,38.7405122820137
O0044649,D0084,True,38.97924733974745
O0044547,D0161,True,26.453929424943663
O0044618,D0146,True,25.55362677552616
O0044430,D0219,True,36.3496146322457
O0044230,D0007,True,40.2508085005501
O0044433,D0116,True,57.3300798687752
O0044493,D0058,True,31.635469823729938
O0044375,D0278,True,26.55425249136296
O0044240,D0055,True,34.561482065728335
O0044668,D0263,True,56.914881855905534
O0044490,D0248,True,31.643903182157153
O0044459,D0222,True,30.03728443462256
O0044686,D0042,True,44.93566285996678
O0044664,D0140,True,30.17317865252257
O0044308,D0171,True,35.40011311569391
O0044194,D0131,True,94.78684066443112
O0044570,D0006,True,45.73269300768044
O0044278,D0011,True,28.19086108909098
O0044153,D0076,True,19.819611059512667
O0044575,D0102,True,54.6238921880506
O0044367,D0215,True,26.828554444692227
O0044269,D0208,True,50.85217844935052
O0044622,D0135,True,31.50189537104256
O0044436,D0035,True,30.67338939149657
O0044232,D0296,True,45.51006478081114
O0044406,D0275,True,42.44650015026982
O0044237,D0212,True,24.860452516444074
O0043973,D0153,True,39.51242675118782
O0044285,D0117,True,79.00602587493374
O0043996,D0126,True,32.44505277192357
O0044079,D0032,True,29.200218417054995
O0044418,D0269,True,23.94213781097043
O0044427,D0220,True,26.7198850893667
O0044014,D0234,True,52.272364465678415
O0044546,D0281,True,32.93680705547335
O0044061,D0166,True,51.40851581534573
O0044297,D0185,True,43.54995686272125
O0043999,D0192,True,44.8099519254456
O0044567,D0065,True,39.77506889799632
O0044371,D0016,True,30.753516251292076
O0044602,D0039,True,27.153161862000548
O0043956,D0076,True,35.4358989319349
O0044068,D0105,True,15.000305911570802
O0044594,D0024,True,39.922851727007455
O0044591,D0235,True,30.971505130547477
O0044350,D0178,True,15.914117381911897
O0044543,D0100,True,24.1849980143611
O0044334,D0051,True,22.818110915202173
O0044508,D0214,True,20.09611411895085
O0044178,D0099,True,59.501017889400856
O0043972,D0274,True,53.5531512419827
O0044682,D0211,True,35.161515611633774
O0044161,D0251,True,37.81385743131156
O0043993,D0122,True,26.308112785331183
O0043986,D0255,True,39.422938366730236
O0044534,D0243,True,37.999445496422794
O0043968,D0084,True,37.15073574542923
O0044711,D0277,True,31.24066153428209
O0044221,D0249,True,33.10665884166036
O0043969,D0188,True,51.57041392114722
O0044080,D0167,True,39.20301177884342
O0044624,D0008,True,74.56515123360184
O0044170,D0248,True,35.134936339562884
O0044259,D0124,True,20.93700640082385
O0044340,D0171,True,40.54315644797608
O0044337,D0270,True,31.090774635204653
O0044114,D0139,True,32.917582983056334
O0044692,D0258,True,39.84178210357124
O0044176,D0146,True,33.44631013033097
O0044709,D0283,True,39.939381896765305
O0044599,D0280,True,22.904248790806335
O0043961,D0070,True,25.26853172813172
O0044177,D0135,True,55.06829095832009
O0044485,D0149,True,27.626959683662268
O0044640,D0159,True,87.37015210427462
O0044159,D0138,True,47.38324504766234
O0044532,D0160,True,28.94930720623793
O0044275,D0198,True,32.3009588978436
O0044234,D0222,True,26.125654398518826
O0044168,D0021,True,29.544842298620374
O0043962,D0165,True,33.43860556130153
O0044572,D0079,True,96.43354069265918
O0044395,D0116,True,31.940852313343274
O0044158,D0066,True,44.10047379486961
O0044115,D0153,True,48.84099784271383
O0044609,D0007,True,25.06962206326495
O0044573,D0058,True,64.33140213097627
O0044530,D0281,True,31.902241904414065
O0044021,D0178,True,84.46325676916871
O0044248,D0120,True,106.93073299372601
O0044477,D0103,True,49.61228564601208
O0044584,D0296,True,48.759203497565096
O0044082,D0124,True,29.9155144964647
O0044566,D0126,True,26.301198529076956
O0044253,D0031,True,32.05038202464469
O0044368,D0278,True,27.29990527909647
O0044696,D0123,True,24.17534745678476
O0044683,D0106,True,79.2722309017085
O0044423,D0003,True,21.977738628438033
O0044491,D0093,True,36.633049856783614
O0044323,D0038,True,24.908972496230284
O0043977,D0010,True,32.5403812154202
O0044242,D0027,True,45.78464467821724
O0044689,D0168,True,25.195722407675508
O0044483,D0176,True,31.157365100186396
O0043980,D0260,True,28.012353806394774
O0044017,D0219,True,23.915754744544238
O0044529,D0212,True,25.855260092201576
O0044445,D0006,True,26.897358503431196
O0044478,D0051,True,18.559244064143595
O0044623,D0070,True,25.097283522045245
O0044152,D0185,True,31.034653551172607
O0044464,D0110,True,33.76862021478389
O0043985,D0270,True,25.58637476506849
O0044435,D0248,True,34.57293755332315
O0044106,D0024,True,60.24351946787903
O0044571,D0285,True,28.508433768311296
O0044405,D0018,True,49.358296786619995
O0044084,D0100,True,48.18138921556902
O0044455,D0258,True,38.31986101424605
O0044148,D0166,True,41.78965224700114
O0044120,D0171,True,68.51901199428849
O0044083,D0274,True,26.867924349599555
O0044099,D0236,True,53.53810325436511
O0044261,D0007,True,34.56948700300192
O0044561,D0266,True,71.45674334740988
O0044356,D0099,True,42.99884277081673
O0044620,D0124,True,35.560463172597764
O0044024,D0116,True,69.54844761473719
O0044139,D0142,True,28.149037312993382
O0044140,D0269,True,27.6510018681625
O0044100,D0139,True,49.24421866029762
O0044051,D0016,True,20.252340389105676
O0044398,D0222,True,32.475091779532406
O0044548,D0060,True,27.47579467594602
O0044450,D0122,True,33.11022468210564
O0044016,D0197,True,24.725058374330953
O0044214,D0109,True,30.49436085633306
O0044312,D0102,True,41.6059735234317
O0043957,D0278,True,26.772735660887992
O0044410,D0129,True,23.65338103536373
O0044156,D0188,True,38.789573865632896
O0044505,D0153,True,42.057538304237234
O0044557,D0270,True,32.310276373574574
O0044381,D0048,True,36.52096917479295
O0044657,D0011,True,28.531858354284548
O0044661,D0219,True,21.030231543747632
O0044431,D0157,True,22.54680254414973
O0044693,D0138,True,26.74906986996059
O0044291,D0202,True,33.445679463482016
O0044587,D0110,True,27.49908129075185
O0044065,D0012,True,31.77127666573468
O0044335,D0296,True,22.72470606497312
O0044105,D0037,True,21.190534736847322
O0044507,D0198,True,41.17642447470926
O0044628,D0274,True,90.74279158144333
O0044052,D0281,True,27.288278531759598
O0044030,D0140,True,21.988294074617073
O0044344,D0182,True,17.796264058189745
O0044545,D0212,True,23.077943571938057
O0044496,D0243,True,29.146781474761198
O0044081,D0066,True,44.100012804617734
O0044216,D0218,True,44.66983882688766
O0044202,D0070,True,30.898492839676297
O0044492,D0145,True,34.88500332145356
O0044136,D0008,True,24.24707442353956
O0044447,D0234,True,54.7953761496394
O0044020,D0103,True,35.83989594718989
O0044333,D0137,True,36.81231927107164
O0044359,D0009,True,24.65541104726962
O0044399,D0071,True,33.60054970014784
O0044460,D0168,True,52.76202364734618
O0044596,D0058,True,27.352933611691167
O0044517,D0063,True,36.78411960082034
O0044568,D0014,True,30.72992260197819
O0044588,D0276,True,29.887681430029446
O0044703,D0211,True,96.57929057927008
O0044461,D0249,True,19.811787876932907
O0043971,D0082,True,32.44432281503276
O0044049,D0084,True,29.800286067723317
O0044247,D0269,True,21.101789010312366
O0044363,D0123,True,93.67446065903255
O0044501,D0122,True,35.18771381294568
O0044293,D0166,True,27.011310179040652
O0044361,D0093,True,32.33164935065147
O0044098,D0149,True,45.653337911422696
O0044687,D0205,True,23.601916564715275
O0044244,D0142,True,50.02251745812591
O0044428,D0124,True,24.681553600799187
O0044095,D0296,True,27.290931836946818
O0044432,D0255,True,28.613772602688666
O0044343,D0160,True,45.908610830371416
O0044655,D0251,True,45.62006057312839
O0044212,D0042,True,37.13371192044062
O0044048,D0140,True,28.634485417624628
O0044441,D0235,True,31.06691604325227
O0044681,D0219,True,32.54717439380765
O0044263,D0297,True,23.273173365750058
O0044370,D0258,True,23.421309567374486
O0044404,D0202,True,34.173738671160635
O0044086,D0129,True,28.97533629770725
O0044047,D0079,True,33.287484005764384
O0043970,D0086,True,26.161734638800386
O0044342,D0159,True,33.182138932941534
O0044144,D0013,True,27.85766531479295
O0044071,D0223,True,29.3722776842369
O0044007,D0008,True,30.824786096697377
O0044225,D0185,True,26.225174728965044
O0044122,D0070,True,44.283298446078945
O0044072,D0151,True,25.87847681584404
O0044328,D0011,True,26.553257158167206
O0044050,D0024,True,28.458356581523045
O0044582,D0103,True,55.42886401631912
O0044019,D0110,True,44.463924496427076
O0044439,D0124,True,44.81986466070444
O0044129,D0146,True,28.803465833908998
O0044678,D0060,True,26.74380334799746
O0044276,D0281,True,25.905252145832602
O0044236,D0018,True,40.71153785930693
O0044468,D0100,True,48.15526961476716
O0043989,D0166,True,37.681863006161514
O0044639,D0269,True,26.76854076584153
O0043953,D0063,True,22.55491542468822
O0044302,D0163,True,19.743962123662396
O0044617,D0296,True,28.84068085560665
O0044184,D0258,True,36.78566612562632
O0044123,D0071,True,36.1119739932923
O0044383,D0043,True,26.375372244806474
O0044172,D0058,True,85.65962837771214
O0044446,D0138,True,34.41782835776064
O0044580,D0198,True,32.917278286355064
O0044133,D0109,True,27.82056170907693
O0044528,D0027,True,20.33873085956537
O0044442,D0093,True,51.90119095964089
O0044497,D0188,True,38.91456661884401
O0044538,D0042,True,31.60550883213546
O0044421,D0106,True,34.61877402379914
O0044699,D0182,True,38.50903823715648
O0044488,D0249,True,18.001118724389976
O0044512,D0235,True,35.36076992192013
O0044535,D0130,True,32.26068728227531
O0044097,D0168,True,28.850201982924556
O0044384,D0153,True,41.97174489105305
O0043992,D0076,True,86.69206131366252
O0044638,D0099,True,28.430594079547003
O0044417,D0037,True,25.804480678034906
O0044217,D0086,True,27.96035138570992
O0044289,D0204,True,40.56645684453063
O0044710,D0129,True,19.803024250288658
O0044466,D0149,True,28.79682384597502
O0044022,D0184,True,19.984528008932188
O0044064,D0024,True,33.349356930679676
O0044347,D0270,True,27.87585531621691
O0044397,D0079,True,93.19929202935903
O0044387,D0218,True,20.18066037288417
O0044420,D0113,True,39.02488327044902
O0044151,D0281,True,32.105499114697196
O0044258,D0140,True,26.595775768894686
O0044288,D0027,True,37.473629759585414
O0044180,D0208,True,20.934929212994277
O0044605,D0102,True,26.206959733414973
O0044274,D0116,True,21.819827065600666
O0044542,D0014,True,33.79510967922426
O0044388,D0053,True,28.112558344558494
O0044514,D0276,True,24.320065785359265
O0044676,D0122,True,22.637278267141784
O0044210,D0266,True,28.63455682998543
O0044440,D0200,True,38.903927357295125
O0044131,D0197,True,30.089008891216952
O0044462,D0131,True,44.476406707215034
O0044171,D0274,True,36.155434420392126
O0044127,D0038,True,29.273409049426846
O0044142,D0109,True,20.099515272890788
O0044414,D0018,True,36.09944497476219
O0044189,D0166,True,42.29745146328216
O0044351,D0229,True,41.08899455421943
O0044282,D0261,True,19.887667998891885
O0044627,D0011,True,35.226539829422315
O0044211,D0100,True,28.119513671479293
O0044671,D0203,True,24.23771684074003
O0044653,D0008,True,42.97795312380949
O0044321,D0168,True,31.197062912121172
O0044354,D0255,True,22.396194949441725
O0044205,D0063,True,27.578638467053825
O0044506,D0251,True,31.467763393278315
O0044186,D0206,True,81.6467740748702
O0044536,D0297,True,36.35434069388805
O0044345,D0188,True,68.52595521031438
O0044569,D0106,True,38.48215142729193
O0044317,D0295,True,91.7686233744017
O0044513,D0142,True,31.514967810791862
O0044193,D0258,True,31.54508903644422
O0044409,D0182,True,27.293691579708742
O0044027,D0241,True,44.95876755716831
O0044500,D0119,True,19.629052859573655
O0044023,D0093,True,29.961223405969687
O0044311,D0219,True,94.35427875348674
O0044665,D0270,True,44.26593353848564
O0043958,D0099,True,32.571703426615095
O0044574,D0204,True,35.5921743910675
O0044451,D0185,True,28.468010989811503
O0043966,D0036,True,17.687433478742985
O0044005,D0138,True,46.052845543453394
O0044179,D0214,True,16.54059012751968
O0044415,D0113,True,55.27731400008906
O0044085,D0296,True,70.16017381163239
O0044262,D0249,True,33.03869058262566
O0044338,D0157,True,25.121081025248344
O0044353,D0123,True,38.010904368720944
O0044456,D0146,True,38.2818935273344
O0044227,D0198,True,48.09890131204034
O0044339,D0269,True,24.06886522970627
O0044556,D0127,True,51.20356618080057
O0044531,D0203,True,21.898001015289466
O0044018,D0168,True,101.53976458533626
O0044358,D0235,True,22.376445211686445
O0044009,D0276,True,30.296996095589694
O0044633,D0006,True,39.86842298524498
O0044438,D0071,True,22.123424008038707
O0044690,D0109,True,32.460479196297506
O0044900,D0102,True,16.799983375358444
O0044869,D0011,True,20.742668522899088
O0045176,D0119,True,18.310139932386843
O0044953,D0008,True,27.092763507257935
O0044816,D0142,True,20.757955630130255
O0044813,D0100,True,22.533074501913788
O0045488,D0079,True,19.064081360841072
O0044889,D0241,True,21.63156409211141
O0045410,D0022,True,25.51205853063483
O0045391,D0270,True,22.50368582452345
O0044730,D0100,True,19.991811530503107
O0045047,D0203,True,13.881532101154052
O0044937,D0127,True,23.73422555783013
O0045023,D0241,True,21.063819379709084
O0044865,D0079,True,23.768542250297536
O0044749,D0274,True,20.99757063089249
O0045248,D0211,True,37.75421033712133
O0044909,D0014,True,15.793339514539761
O0045323,D0122,True,53.47434814923645
O0044920,D0053,True,25.3505686316292
O0045235,D0296,True,16.845406898673843
O0045258,D0120,True,22.153507534772007
O0045468,D0113,True,31.987791721036853
O0044862,D0027,True,20.295165862220927
O0045534,D0124,True,28.652570682795947
O0044735,D0270,True,57.59084295423157
O0045123,D0182,True,45.93703726563478
O0045591,D0123,True,20.953107967372553
O0045300,D0008,True,23.73575893147902
O0045609,D0027,True,18.018081471152712
O0045282,D0018,True,61.87578125284515
O0044820,D0102,True,15.856140467919793
O0044835,D0008,True,22.53659446328806
O0045250,D0106,True,16.45637821776078
O0044722,D0203,True,15.675549295654394
O0045268,D0204,True,21.524692322360753
O0044856,D0100,True,35.11256871787967
O0045064,D0066,True,35.87587079699072
O0045349,D0274,True,23.545857973777103
O0044895,D0241,True,25.17197009716852
O0045137,D0018,True,16.779205125854094
O0045089,D0130,True,34.91271547759909
O0045345,D0099,True,21.449571616233307
O0044892,D0186,True,24.60554033906626
O0044924,D0234,True,17.391695829100144
O0044886,D0241,True,25.83228578293376
O0045445,D0182,True,24.18482619572019
O0045068,D0127,True,33.929322354305484
O0045443,D0021,True,24.37500266432612
O0045365,D0013,True,13.22678650375381
O0044743,D0079,True,27.65545000090936
O0045449,D0263,True,17.831903589546393
O0044818,D0295,True,22.347639572062484
O0045217,D0188,True,35.23433400348259
O0044910,D0126,True,26.6345220385204
O0044753,D0211,True,17.5050692952584
O0045557,D0123,True,27.217668291526394
O0045234,D0210,True,45.12134686852943
O0045044,D0297,True,16.42719884289009
O0044734,D0206,True,19.195996758620268
O0044976,D0138,True,19.138228558146515
O0045216,D0106,True,13.36938746000089
O0045175,D0222,True,27.078779862867794
O0044763,D0278,True,27.003472656841158
O0045113,D0172,True,16.440393415047875
O0045515,D0066,True,24.464332296004493
O0045601,D0260,True,26.61054160089747
O0044852,D0185,True,26.91348238727531
O0044726,D0295,True,34.16423327672632
O0044838,D0052,True,16.355562782517154
O0044860,D0102,True,23.675445509888682
O0045011,D0008,True,43.72857623074783
O0045075,D0178,True,71.18382590018834
O0045321,D0234,True,16.673969993185082
O0045136,D0213,True,20.35729416134095
O0045559,D0139,True,18.948040615298545
O0045186,D0225,True,19.955435198309708
O0044927,D0027,True,27.00924731921823
O0045521,D0270,True,26.154547143639807
O0045362,D0215,True,17.248780155022573
O0045389,D0206,True,34.94043427658216
O0045606,D0037,True,22.805584666524656
O0045114,D0231,True,18.987008350698865
O0045222,D0188,True,24.31351792009648
O0045031,D0139,True,60.48182978827519
O0044991,D0203,True,25.10183562460606
O0045090,D0297,True,33.00032518807397
O0044776,D0042,True,15.698508619461252
O0044962,D0162,True,30.86718425742377
O0045376,D0249,True,13.984626340843086
O0044896,D0215,True,47.625558118744685
O0045167,D0220,True,17.335236597138312
O0045264,D0168,True,43.089335750303555
O0045303,D0131,True,14.925399617950012
O0045523,D0219,True,21.157252430922348
O0045603,D0249,True,22.243974331689458
O0044826,D0178,True,19.844639882743458
O0045276,D0097,True,21.918931617267262
O0045411,D0159,True,17.554761013964026
O0044728,D0223,True,25.139789062013207
O0045147,D0208,True,15.14946799848665
O0045194,D0278,True,19.28304058570274
O0045513,D0255,True,21.20119811421061
O0044997,D0162,True,21.58625198223009
O0045504,D0258,True,23.712638154846204
O0044841,D0021,True,23.297692315925367
O0044913,D0297,True,24.23485778189703
O0044824,D0113,True,26.906977245904358
O0045524,D0274,True,24.202153869854378
O0045231,D0120,True,23.483734486385874
O0045110,D0248,True,24.94080727178169
O0045578,D0138,True,17.238337314924966
O0045195,D0079,True,33.35597075863823
O0045531,D0178,True,25.88058213849535
O0045608,D0255,True,25.955122685628723
O0045541,D0076,True,31.057339494506742
O0045154,D0258,True,28.15638200133505
O0045482,D0102,True,25.392569449078618
O0045020,D0211,True,29.0958562504052
O0044825,D0231,True,15.961664252175174
O0045583,D0127,True,28.902230250903195
O0045094,D0053,True,16.226561321676492
O0045428,D0193,True,21.046677207636712
O0044768,D0065,True,25.33461823614834
O0044745,D0060,True,33.373414807957644
O0045274,D0086,True,33.61309733958523
O0044739,D0024,True,30.172228387635307
O0044767,D0198,True,28.45874049051518
O0044908,D0296,True,59.54387392051268
O0044795,D0160,True,20.904631098006305
O0044756,D0274,True,44.46923695098814
O0045247,D0276,True,22.248593315561045
O0045190,D0182,True,61.37319657317118
O0045004,D0013,True,18.64189777207345
O0044783,D0172,True,38.10511252870927
O0045315,D0027,True,28.215594596507742
O0044888,D0138,True,17.72788942051317
O0045596,D0248,True,32.44387469496481
O0045340,D0231,True,19.82947769786052
O0045528,D0176,True,20.839602234411437
O0044855,D0162,True,25.36460312925746
O0045103,D0127,True,27.58640599360396
O0045372,D0186,True,15.319351934005704
O0045209,D0100,True,30.192968862292453
O0044836,D0014,True,25.00028546034783
O0044744,D0117,True,17.851725181804596
O0045166,D0130,True,15.75728160923293
O0045592,D0192,True,22.585307086302493
O0045415,D0043,True,21.78010313904478
O0045430,D0214,True,44.287000473912684
O0044769,D0079,True,23.11579737343409
O0045032,D0168,True,26.434052533602078
O0045358,D0251,True,26.45624155447387
O0044791,D0058,True,21.991618808073106
O0045527,D0241,True,45.676033712387635
O0045427,D0027,True,29.087266143163518
O0044796,D0013,True,62.53462433048854
O0045028,D0117,True,18.81648733605082
O0044805,D0006,True,73.3270437697661
O0045547,D0060,True,32.369730415975425
O0044905,D0178,True,31.31917115974754
O0045453,D0157,True,22.458296312743734
O0044823,D0234,True,21.097688916615898
O0044784,D0122,True,17.63084549045275
O0044762,D0260,True,27.175629930760824
O0045091,D0283,True,27.015223686975297
O0044968,D0036,True,14.682003155558977
O0045441,D0270,True,39.292586466469764
O0045401,D0024,True,19.31079759955948
O0045357,D0127,True,36.284705488432074
O0045461,D0248,True,26.726105827979023
O0045298,D0249,True,33.179755156713924
O0045390,D0033,True,24.838931692560667
O0044748,D0102,True,22.706101626406173
O0044786,D0218,True,14.996016218414299
O0044958,D0158,True,24.069534060386488
O0045101,D0221,True,28.294886926436007
O0045036,D0142,True,22.692947797627788
O0045196,D0095,True,19.498109823561357
O0044880,D0204,True,23.622888169158855
O0045363,D0063,True,32.12053037844887
O0045359,D0099,True,31.4817216431807
O0045316,D0172,True,25.537024077440744
O0045579,D0100,True,79.63106034282153
O0045273,D0067,True,14.896520214465726
O0045252,D0018,True,61.56363165621779
O0045566,D0297,True,32.460460577432855
O0045388,D0090,True,21.187894325751394
O0044884,D0010,True,48.063985551979414
O0044774,D0028,True,25.560622548919685
O0044803,D0109,True,40.484199217358956
O0045506,D0138,True,25.465630544830415
O0045451,D0202,True,23.540693407157015
O0045621,D0123,True,26.723415317229943
O0045553,D0182,True,27.059873346737355
O0045593,D0176,True,20.621967464248222
O0044713,D0122,True,55.81977475871382
O0045053,D0208,True,24.413469661297224
O0045314,D0257,True,20.38044587036653
O0045257,D0258,True,22.575812753516878
O0044720,D0162,True,37.30054461918673
O0045582,D0223,True,46.41935710373545
O0045200,D0024,True,29.606399908030518
O0044719,D0069,True,21.64455470284156
O0044822,D0039,True,23.233710531400213
O0045170,D0027,True,30.815830015899202
O0045387,D0153,True,29.28348539462852
O0044926,D0206,True,15.414228915980352
O0044714,D0234,True,27.0305823382837
O0045253,D0235,True,16.18805889566934
O0045614,D0157,True,45.074401714220244
O0045598,D0097,True,18.954201147082905
O0045584,D0214,True,68.59157805698204
O0045100,D0116,True,53.29668246462842
O0044978,D0102,True,21.443117376800863
O0045080,D0192,True,18.11143421119079
O0045539,D0222,True,26.25532707945138
O0044925,D0178,True,19.530545164572253
O0044840,D0060,True,88.77141613561325
O0045042,D0137,True,31.39194211694405
O0044875,D0198,True,18.37969360453417
O0045475,D0283,True,23.425351795204485
O0044806,D0029,True,49.73046554233724
O0045301,D0158,True,28.931361634665528
O0044946,D0221,True,31.885848960287234
O0045087,D0241,True,30.123654678465364
O0044878,D0127,True,39.628137369064945
O0045291,D0161,True,20.033879050188776
O0044964,D0202,True,21.853914096139256
O0045142,D0248,True,23.672701073844443
O0045169,D0025,True,23.029524990006273
O0045002,D0038,True,32.20644341864034
O0045173,D0151,True,23.8868389818929
O0045251,D0235,True,36.42416941713833
O0044954,D0274,True,28.927499191536757
O0045135,D0224,True,64.6653018652699
O0044934,D0182,True,41.46680015030354
O0045067,D0220,True,19.264324047722447
O0045371,D0172,True,21.119344988138188
O0045394,D0178,True,26.166959177834066
O0045243,D0011,True,34.80644174431523
O0045322,D0007,True,20.186579384546487
O0045610,D0297,True,20.848627087897704
O0045210,D0010,True,23.973486110078433
O0045162,D0213,True,27.394909195278093
O0045086,D0218,True,22.791356126775327
O0044867,D0006,True,65.22664040229753
O0045041,D0082,True,28.52168680665056
O0044966,D0142,True,26.27834259245666
O0045127,D0024,True,24.048221112733202
O0045457,D0153,True,17.87908228361933
O0045466,D0236,True,24.832063159416855
O0044984,D0042,True,30.52045013520775
O0045088,D0012,True,17.935115155794037
O0045561,D0129,True,34.72801660194571
O0044771,D0210,True,32.66948481957423
O0045111,D0018,True,60.93408075746409
O0045189,D0076,True,28.935371725451134
O0044757,D0200,True,24.606533409269254
O0045244,D0093,True,21.831918632714846
O0045229,D0013,True,23.495854296159607
O0045417,D0051,True,15.37036628143649
O0045052,D0043,True,20.94285243795136
O0045311,D0036,True,18.994482997651584
O0044940,D0202,True,16.224613375313837
O0044994,D0223,True,26.098384419036826
O0044922,D0107,True,17.531728047518428
O0044995,D0204,True,26.03881201573424
O0045577,D0007,True,17.179870403396258
O0044947,D0130,True,38.117033014036934
O0044861,D0044,True,23.205136727753747
O0045471,D0227,True,22.883355081671183
O0045328,D0116,True,29.542924094891724
O0045034,D0038,True,23.702156031938195
O0045499,D0241,True,50.73040677936674
O0045594,D0135,True,36.8545739286835
O0045434,D0278,True,48.19944942655015
O0045574,D0167,True,18.788674180689178
O0044831,D0051,True,30.36200726530856
O0044755,D0281,True,21.533345642486335
O0044980,D0024,True,56.036680648855786
O0045259,D0248,True,29.819614260068466
O0044858,D0153,True,24.33047382207635
O0045467,D0222,True,27.605424057776812
O0045444,D0215,True,25.52995538461837
O0045530,D0142,True,38.00153121257417
O0045262,D0010,True,27.032068611184677
O0045010,D0036,True,22.420559709034247
O0044850,D0166,True,17.990842169165965
O0045197,D0137,True,24.265138102591287
O0045082,D0182,True,40.325118843413506
O0045026,D0039,True,22.58824706881715
O0045505,D0258,True,31.41010965679348
O0045380,D0007,True,43.54563184732117
O0045056,D0067,True,24.292362049928002
O0045285,D0012,True,22.701880806387727
O0045001,D0071,True,32.56284021792887
O0044725,D0266,True,20.931828980574792
O0045352,D0126,True,23.35989758744795
O0045043,D0178,True,26.903728256111222
O0045477,D0192,True,52.78484904853238
O0044857,D0172,True,29.5636359518902
O0045563,D0043,True,21.869699791106573
O0045125,D0042,True,18.330876046107917
O0045024,D0168,True,28.998305103473335
O0045153,D0236,True,20.45995436809934
O0045320,D0274,True,48.09718926991832
O0045272,D0159,True,29.93247371523248
O0045431,D0208,True,27.79923763063268
O0044939,D0157,True,20.6485900457604
O0045330,D0054,True,16.519625211026515
O0044972,D0215,True,36.93928395124802
O0044933,D0200,True,17.23803024502304
O0045040,D0139,True,17.463859291661393
O0044929,D0076,True,27.448497548678183
O0045399,D0017,True,21.511453948661597
O0044952,D0071,True,23.02468252094998
O0045459,D0210,True,18.468092067583903
O0045356,D0086,True,20.473771531764008
O0045570,D0157,True,25.93648560694223
O0045288,D0172,True,24.516658275494883
O0045270,D0260,True,26.93977205914232
O0045310,D0016,True,20.5704321328909
O0045054,D0063,True,17.765229076426102
O0045555,D0257,True,17.622157380162506
O0045405,D0060,True,25.511847922867748
O0045074,D0048,True,39.33359864499326
O0044868,D0281,True,34.768372314858865
O0044891,D0204,True,27.302960587526332
O0045096,D0116,True,24.86816157857941
O0045003,D0006,True,21.819125647145064
O0045178,D0276,True,19.080649727182468
O0044897,D0086,True,19.410413819070996
O0045237,D0135,True,26.349343946283113
O0044902,D0168,True,28.94686469913533
O0045454,D0278,True,21.578994835885783
O0045226,D0153,True,25.081912052219504
O0044901,D0029,True,22.43228125009739
O0044955,D0210,True,25.595544161997275
O0045296,D0038,True,23.468550598622652
O0045366,D0129,True,21.58601292355364
O0044847,D0036,True,25.856129739974982
O0045414,D0159,True,24.669017406634218
O0045295,D0119,True,22.789371252307213
O0045161,D0034,True,30.600251591529783
O0045438,D0097,True,21.883239206523008
O0045381,D0235,True,26.580528239769805
O0045462,D0260,True,39.396290207616815
O0045344,D0106,True,43.96462355313842
O0044879,D0007,True,34.54836629749195
O0045367,D0037,True,19.30050266717953
O0045266,D0192,True,28.220522615436025
O0045207,D0255,True,22.971992497771616
O0045193,D0129,True,26.809955674344828
O0045290,D0248,True,23.392446274720726
O0045460,D0093,True,28.226003528916785
O0045605,D0157,True,32.46421704907697
O0044973,D0193,True,27.51436115591369
O0045283,D0198,True,15.930220926962585
O0045616,D0044,True,24.910162959585655
O0045423,D0019,True,26.000293929471418
O0045373,D0038,True,34.28312731046853
O0045464,D0086,True,27.87163842742307
O0045613,D0034,True,27.80160547467498
O0045510,D0283,True,26.757412591257335
O0045097,D0295,True,25.224672867158915
O0045138,D0164,True,22.594971819450347
O0045006,D0079,True,65.42995911786457
O0045202,D0236,True,22.697060142364798
O0045133,D0093,True,29.70503286206438
O0045304,D0078,True,22.72414452708045
O0045329,D0060,True,30.569152291156648
O0045552,D0106,True,43.637098658820186
O0044960,D0275,True,27.093789178279927
O0045456,D0182,True,70.14969634220868
O0045038,D0008,True,20.600801534676336
O0045496,D0168,True,38.03204646764054
O0045351,D0048,True,53.53358776220556
O0045360,D0076,True,21.952669861989072
O0044986,D0248,True,22.585597675845833
O0044758,D0262,True,22.661993571963123
O0044781,D0013,True,23.61016207880791
O0044965,D0037,True,22.859518722300923
O0045129,D0002,True,32.207791320515895
O0045049,D0221,True,19.214633275989613
O0045317,D0212,True,37.2827492647373
O0045455,D0071,True,29.688887434116335
O0045218,D0259,True,35.80942267674933
O0045517,D0258,True,36.961150319592704
O0044846,D0017,True,23.419424117103013
O0045375,D0266,True,17.415011202664516
O0045483,D0204,True,22.573486503036406
O0045533,D0235,True,23.916562314641393
O0044864,D0080,True,15.91693848372446
O0044914,D0281,True,18.61331124327262
O0044723,D0238,True,19.937436867308968
O0045255,D0248,True,26.570492330349598
O0044815,D0198,True,21.2902718533923
O0044715,D0211,True,29.833728714701007
O0045484,D0167,True,14.523509234065356
O0045493,D0038,True,27.29566275065369
O0045518,D0010,True,20.46841857373291
O0044773,D0200,True,39.16111342467755
O0044787,D0080,True,24.87466310217443
O0045109,D0295,True,21.302318980084436
O0045019,D0119,True,46.548052444674646
O0045379,D0002,True,49.12742323283117
O0044772,D0131,True,22.541320908171905
O0044828,D0281,True,24.23656306388483
O0045440,D0262,True,37.221259745034246
O0045378,D0172,True,46.60611206014229
O0045070,D0208,True,21.589978140785227
O0044981,D0185,True,20.585614280719117
O0045116,D0195,True,24.80914493800918
O0045571,D0142,True,24.196750637996786
O0045313,D0046,True,25.557946949082044
O0045294,D0258,True,27.881807838474142
O0045256,D0076,True,21.088604453384463
O0044752,D0234,True,25.341830946349518
O0044827,D0048,True,19.104715839599585
O0044944,D0088,True,22.06376876416806
O0045286,D0153,True,23.091054002480746
O0045061,D0043,True,17.07168149069391
O0044969,D0212,True,17.889606921028964
O0045589,D0298,True,22.906913182178123
O0045319,D0225,True,28.298225400212324
O0045022,D0086,True,23.137666292897435
O0045306,D0259,True,31.62948554588005
O0045465,D0204,True,67.4595028157069
O0045293,D0122,True,25.375938082277557
O0045597,D0079,True,59.60746780896072
O0045565,D0248,True,23.877656163254603
O0045145,D0202,True,31.09094852714203
O0044844,D0016,True,18.377577058312966
O0045398,D0178,True,76.52775447061872
O0044727,D0051,True,36.86959058619661
O0045284,D0138,True,25.188177883968912
O0044990,D0192,True,26.141022518790724
O0045463,D0166,True,28.122879504530978
O0045425,D0222,True,25.935716772855105
O0045128,D0238,True,18.393501665156307
O0045307,D0281,True,33.54507806546555
O0045139,D0195,True,27.21775023902375
O0044750,D0130,True,51.666732459761
O0045115,D0028,True,23.035656245182466
O0044851,D0013,True,21.734128780792894
O0045120,D0053,True,39.74231379119387
O0045480,D0157,True,21.306355207949508
O0045331,D0160,True,29.58247457296776
O0045279,D0052,True,31.25539302514657
O0045400,D0208,True,33.20453917319597
O0044849,D0006,True,26.296711998602028
O0044740,D0153,True,25.94831035716591
O0045055,D0223,True,21.39226177624199
O0045092,D0213,True,19.842476138710374
O0044853,D0142,True,25.574508820939656
O0045152,D0248,True,22.8892474451132
O0045066,D0126,True,29.388408327642015
O0045416,D0258,True,43.51504499937229
O0045224,D0214,True,21.230393952952113
O0044993,D0259,True,17.417700035837214
O0045377,D0138,True,31.588212713243603
O0045437,D0105,True,36.39716450009145
O0044979,D0102,True,34.41067542399923
O0045474,D0071,True,31.340464165677414
O0045130,D0295,True,63.19477035503361
O0044793,D0097,True,19.542292921069723
O0044782,D0048,True,34.97817181471058
O0045302,D0235,True,46.57400047792014
O0045564,D0163,True,35.5100357290321
O0045368,D0066,True,37.274979317624535
O0045432,D0108,True,35.33358487031457
O0045017,D0046,True,38.98928986531743
O0045535,D0222,True,22.262126777068723
O0045105,D0166,True,26.789959676675444
O0044919,D0195,True,29.012038967737332
O0045355,D0002,True,20.674898920744972
O0045206,D0209,True,31.486881706831205
O0045158,D0116,True,38.75703902486835
O0045261,D0122,True,20.814724889569
O0044938,D0260,True,31.187311134223652
O0045271,D0157,True,24.150194876586532
O0044766,D0131,True,34.54256057005696
O0045526,D0077,True,23.74330357613615
O0045072,D0042,True,27.891759256186454
O0045348,D0127,True,34.53704753682937
O0044945,D0236,True,26.612384540150266
O0045406,D0223,True,32.51462789896278
O0045083,D0186,True,17.46234157932989
O0044778,D0299,True,26.48890096136447
O0045030,D0076,True,24.32477536213416
O0044985,D0158,True,19.92361908810213
O0045228,D0028,True,55.01821878595321
O0045403,D0296,True,29.638269939702308
O0044792,D0010,True,42.41955478441747
O0045205,D0214,True,25.424691782102528
O0045185,D0067,True,19.290212369869135
O0045567,D0097,True,29.16487196973876
O0044801,D0248,True,38.767961100046094
O0045587,D0080,True,37.561933011854805
O0045385,D0033,True,28.62622744685312
O0045140,D0002,True,31.662253155727164
O0045018,D0084,True,36.75486036300591
O0045549,D0257,True,27.08158528695271
O0045275,D0122,True,50.73101802001695
O0045221,D0029,True,25.343323251970673
O0044885,D0192,True,47.336765423382296
O0045476,D0166,True,38.35770472327675
O0045588,D0123,True,37.859471455939556
O0045529,D0051,True,22.091551301476656
O0045382,D0204,True,28.98013421882422
O0045487,D0159,True,41.82411222999971
O0045469,D0209,True,31.639076448595684
O0044907,D0013,True,25.737415132454707
O0045280,D0161,True,24.36259068163215
O0045299,D0126,True,25.485447025959967
O0045509,D0208,True,22.54770865801442
O0044817,D0221,True,29.99724366662763
O0044802,D0079,True,25.426856665741767
O0045550,D0164,True,30.908128851738468
O0045492,D0163,True,49.29892166108165
O0045182,D0100,True,43.14325742340253
O0045058,D0193,True,35.63673416081726
O0044915,D0145,True,32.449149749893266
O0045508,D0071,True,20.815035603981627
O0045343,D0116,True,55.2655672913524
O0045478,D0125,True,22.14474409159676
O0045600,D0054,True,16.286069789934977
O0045212,D0031,True,25.802656071907023
O0044903,D0104,True,34.78192009475238
O0045618,D0053,True,26.173215064738173
O0045336,D0234,True,30.089199886415535
O0045232,D0214,True,26.26410009155635
O0045327,D0176,True,25.576426876900427
O0045168,D0037,True,24.347134035174296
O0045486,D0042,True,36.125776610400266
O0045203,D0223,True,38.31119103606877
O0044911,D0127,True,55.875146583419166
O0045119,D0052,True,30.026334829028833
O0045073,D0297,True,32.17457051560022
O0045164,D0043,True,24.801765363907187
O0045500,D0018,True,22.300557318432254
O0044971,D0238,True,31.5931699607681
O0045562,D0135,True,22.107232368331708
O0045220,D0077,True,15.519887919076881
O0045560,D0034,True,17.341598472475656
O0044746,D0131,True,50.32000182540014
O0044761,D0185,True,36.91042242030304
O0044837,D0227,True,26.478922836778224
O0045309,D0136,True,20.07758285729747
O0045208,D0195,True,25.380482155333397
O0045450,D0098,True,36.85859267647871
O0045607,D0277,True,24.798938419958084
O0045612,D0010,True,17.503799152040855
O0045419,D0168,True,46.557254984820744
O0045065,D0108,True,32.495265938238845
O0044977,D0002,True,36.16352510981997
O0045187,D0281,True,20.69819737590345
O0044759,D0017,True,16.778803486158505
O0045439,D0221,True,31.42779771304545
O0044874,D0169,True,27.541224255642746
O0045599,D0278,True,29.539943192444
O0045396,D0276,True,28.572940106542553
O0045179,D0166,True,46.386582656942174
O0045281,D0215,True,21.588047443649465
O0045060,D0051,True,24.246433426685293
O0044733,D0229,True,23.09310168267816
O0044804,D0077,True,26.12919132461652
O0045278,D0031,True,35.919453884579234
O0045039,D0046,True,31.338904480856932
O0045211,D0097,True,17.6924421313023
O0045029,D0027,True,29.61084887362089
O0044717,D0102,True,23.236552992105405
O0045239,D0178,True,44.675171198677646
O0044959,D0232,True,32.69053757907241
O0044788,D0109,True,25.844152104738544
O0044949,D0214,True,37.94302462060997
O0045081,D0176,True,22.406500233251712
O0044800,D0234,True,65.03075667830328
O0044807,D0105,True,41.7565734638529
O0045548,D0125,True,15.128930271479923
O0044950,D0034,True,31.656498878948327
O0045532,D0076,True,41.87866551797474
O0045213,D0137,True,33.688991114623754
O0045568,D0006,True,28.07298708416976
O0045269,D0053,True,24.628518813197264
O0045148,D0294,True,19.352668079580965
O0045260,D0213,True,45.68390205922166
O0045619,D0052,True,29.884376507331105
O0045525,D0281,True,35.56461292499538
O0045099,D0121,True,15.985479048366113
O0044970,D0195,True,27.46390624575742
O0045104,D0017,True,26.174908056295198
O0045514,D0204,True,27.223191269149176
O0045254,D0298,True,22.06528439615382
O0045312,D0223,True,31.66143048657154
O0045108,D0159,True,35.26428771845757
O0045267,D0062,True,40.8805762622934
O0044830,D0104,True,26.40522272928468
O0045121,D0138,True,30.08375809385307
O0045021,D0161,True,24.483502030655536
O0044996,D0123,True,24.79137453871758
O0044732,D0010,True,25.54882212527363
O0045617,D0119,True,17.549492524820486
O0045554,D0193,True,36.84618259732492
O0044859,D0215,True,68.6074672720294
O0045402,D0197,True,28.262899894218464
O0045620,D0208,True,37.535693542170634
O0045174,D0210,True,15.976608729514446
O0045013,D0238,True,16.733841046741624
O0045069,D0067,True,24.09615002541082
O0045318,D0142,True,36.39253314355443
O0045536,D0048,True,45.88362741320911
O0044998,D0287,True,36.34530709576666
O0044948,D0249,True,20.032780405513655
O0045014,D0126,True,46.13142921739976
O0044848,D0185,True,30.272453677521305
O0045418,D0032,True,21.80394454663903
O0045407,D0079,True,29.162993716903767
O0045580,D0002,True,26.2852275008483
O0045397,D0060,True,28.91966327408131
O0045245,D0219,True,27.134942825014086
O0045172,D0027,True,26.04302745435526
O0044834,D0130,True,32.77983706358344
O0044731,D0271,True,26.052009197493923
O0044916,D0102,True,25.754167111813135
O0044987,D0031,True,32.549372031737306
O0045458,D0109,True,53.92811492859319
O0044738,D0176,True,28.382467011252515
O0045027,D0016,True,26.45233835320154
O0045491,D0013,True,36.185132341572235
O0045498,D0221,True,32.16562163441688
O0045602,D0157,True,50.38128487972164
O0045277,D0232,True,23.30472603568988
O0045572,D0119,True,24.65366580265325
O0044794,D0039,True,16.124701449019064
O0045481,D0145,True,33.640973522488075
O0045332,D0297,True,34.871908312368475
O0045615,D0295,True,40.19176182429081
O0045305,D0131,True,22.841864971987324
O0044921,D0034,True,38.73387054930405
O0045249,D0239,True,23.81629304613932
O0045543,D0052,True,53.2915763677279
O0044877,D0004,True,36.23362743323149
O0044943,D0133,True,30.924290619237333
O0044989,D0146,True,31.279141330678435
O0044789,D0195,True,27.877020002720286
O0045132,D0103,True,33.630378284312414
O0045059,D0108,True,25.626644316584432
O0045520,D0298,True,18.75264891353372
O0045473,D0010,True,26.944673426051445
O0044829,D0053,True,24.606699209582345
O0044956,D0105,True,30.876211664084213
O0045171,D0106,True,67.38457523521973
O0045155,D0223,True,24.024257811029997
O0045079,D0117,True,22.34745023109059
O0044936,D0144,True,31.399330300191757
O0045084,D0087,True,40.31406798265965
O0045000,D0204,True,54.11829198476827
O0045422,D0179,True,25.982817641695235
O0044883,D0210,True,20.528272987209398
O0044942,D0186,True,22.82820401779108
O0044729,D0028,True,30.251958102168544
O0044930,D0281,True,28.871749006693044
O0044819,D0123,True,29.562746331525503
O0045131,D0209,True,18.714258156180676
O0045370,D0135,True,23.771127943746965
O0045263,D0124,True,22.07942783605982
O0045507,D0086,True,41.46581064291112
O0045495,D0089,True,52.901126520753756
O0045062,D0136,True,34.958161353277696
O0045240,D0113,True,34.77828919452793
O0045225,D0162,True,19.031021549800283
O0045386,D0137,True,54.206361517996996
O0045511,D0276,True,24.393569829225427
O0045404,D0161,True,25.53673309429879
O0045007,D0212,True,21.480615171087123
O0045106,D0249,True,28.898412480056415
O0044854,D0213,True,39.44856341087323
O0045233,D0088,True,22.435206250452183
O0045051,D0226,True,19.24357032606798
O0045184,D0193,True,26.061941960545226
O0045134,D0110,True,31.05921786244465
O0044894,D0287,True,32.563870620833136
O0045364,D0104,True,23.553015583009294
O0044775,D0063,True,35.90544535693242
O0045181,D0286,True,35.509496149721365
O0045540,D0294,True,20.049845958271888
O0045012,D0232,True,34.58928772303654
O0044741,D0178,True,49.46868673261649
O0045502,D0062,True,21.015969257407917
O0045016,D0149,True,30.228501153915182
O0045546,D0002,True,25.215416477985613
O0044814,D0185,True,21.98581676039354
O0045412,D0079,True,26.29378075236919
O0044881,D0202,True,27.738316860188966
O0045095,D0239,True,23.844277381744334
O0045408,D0066,True,38.241057896989865
O0045384,D0017,True,16.988943924948792
O0045192,D0071,True,32.60992409480103
O0044808,D0142,True,32.371807793530664
O0045374,D0033,True,41.49208795682478
O0045436,D0138,True,32.834095429006325
O0045542,D0283,True,30.158115191831104
O0045611,D0043,True,18.538218121477538
O0045326,D0166,True,22.59739783198728
O0045117,D0159,True,33.05910521712908
O0044904,D0247,True,27.665351731436694
O0045085,D0186,True,31.18633370973635
O0044899,D0010,True,34.37086431338698
O0044842,D0040,True,39.72286274584243
O0045063,D0224,True,46.343713646731466
O0045447,D0102,True,36.099061813973265
O0044747,D0108,True,34.43142517987394
O0044821,D0146,True,22.828718210204954
O0045338,D0016,True,29.611181312420822
O0045590,D0112,True,30.81507240383418
O0045435,D0155,True,29.928994781436113
O0045033,D0021,True,23.82588023925969
O0045573,D0162,True,25.4588157014269
O0045180,D0013,True,80.72491987057384
O0045297,D0133,True,27.562066756812506
O0045585,D0221,True,35.82903712557291
O0044718,D0169,True,33.13220477845792
O0045198,D0018,True,24.91388060250347
O0045037,D0088,True,27.06011316695576
O0045581,D0223,True,35.81928444518766
O0044790,D0117,True,31.91859050192475
O0045241,D0056,True,20.12636664855006
O0045289,D0189,True,30.519994122044764
O0044870,D0032,True,25.8692138432462
O0045489,D0027,True,54.82556390390912
O0044754,D0144,True,21.873665372429173
O0045009,D0077,True,21.249737272933622
O0045544,D0042,True,30.055637126010232
O0045143,D0105,True,22.83637534686083
O0045163,D0195,True,32.05761489258461
O0045076,D0062,True,29.187450496090833
O0045157,D0087,True,57.58394816345131
O0044957,D0014,True,33.41402867789969
O0044963,D0298,True,27.987949931301443
O0045324,D0104,True,76.72453180360398
O0045188,D0028,True,20.857929449959116
O0045522,D0185,True,35.19953591765554
O0044777,D0136,True,33.67929278074749
O0044992,D0079,True,51.64119291469587
O0045025,D0215,True,20.64154635577127
O0045503,D0113,True,29.346772305006816
O0045556,D0168,True,56.71212608422936
O0045551,D0002,True,31.460076442059133
O0045569,D0075,True,18.806449584262563
O0045392,D0103,True,23.09439275193795
O0045452,D0196,True,30.842960333223544
O0044779,D0281,True,24.953773974163685
O0045347,D0130,True,20.190572835365998
O0045126,D0283,True,20.227571143314016
O0044799,D0138,True,22.78592522063479
O0044751,D0008,True,32.438289897703164
O0044890,D0061,True,26.024297583214548
O0045442,D0149,True,27.029300206176245
O0044764,D0133,True,65.20383005673438
O0045335,D0086,True,28.680985807109842
O0044798,D0227,True,20.95992534586351
O0045622,D0234,True,29.31768829004151
O0045077,D0048,True,31.181144307239993
O0045472,D0131,True,15.568044781501904
O0045409,D0010,True,25.45537261733815
O0044912,D0110,True,28.408668863484465
O0045604,D0257,True,36.1074389267217
O0045595,D0295,True,30.084272159084442
O0045242,D0089,True,26.813828852963994
O0044810,D0178,True,22.545779456255175
O0045420,D0262,True,17.740062948011346
O0045150,D0106,True,27.740680824716755
O0045519,D0076,True,28.473667197264486
O0045545,D0215,True,22.564985988655096
O0045177,D0221,True,45.90481042644807
O0044742,D0224,True,28.24530358583606
O0044967,D0117,True,25.553653016909827
O0044797,D0024,True,24.11418198417462
O0045558,D0213,True,36.72005844058087
O0045575,D0028,True,41.07264469483992
O0045339,D0105,True,29.13770948286318
O0045341,D0223,True,33.60056974304765
O0045413,D0155,True,27.069040501145658
O0044882,D0054,True,22.437421796737
O0044863,D0144,True,23.753775110909988
O0045265,D0166,True,24.290403747205232
O0045199,D0294,True,30.89293738307394
O0045429,D0276,True,27.925748783832262
O0044999,D0193,True,32.490843760528655
O0044935,D0189,True,19.808298380781363
O0044872,D0297,True,36.754849600655454
O0045292,D0002,True,38.15693383362566
O0044721,D0287,True,25.177306390446205
O0045287,D0103,True,21.050666636833533
O0044716,D0261,True,22.11464085179132
O0045308,D0249,True,16.526515558216047
O0045227,D0088,True,24.00151248306745
O0045102,D0021,True,27.376055287827953
O0044983,D0108,True,47.42589191745845
O0045538,D0209,True,19.037881861693293
O0045098,D0097,True,20.282164409553666
O0044893,D0052,True,30.414250845505215
O0045361,D0264,True,16.319929073871407
O0045071,D0247,True,26.543428580337597
O0045395,D0071,True,35.10424524764856
O0045078,D0112,True,31.483667351412098
O0044839,D0033,True,24.35657347168437
O0044760,D0066,True,26.857893879366674
O0045149,D0063,True,34.28948938892582
O0044898,D0161,True,41.42935144313356
O0045230,D0042,True,38.222458451938394
O0045426,D0136,True,30.13835986673842
O0045479,D0086,True,23.788182543199206
O0045497,D0061,True,23.19618187988568
O0045118,D0062,True,49.060154154208874
O0045057,D0196,True,21.012415788965534
O0045470,D0227,True,25.781009484086255
O0045485,D0106,True,37.987201654029946
O0045048,D0113,True,29.950398723623426
O0045045,D0089,True,31.10470686761571
O0044833,D0064,True,24.04744061098615
O0045151,D0226,True,30.786132242138457
O0045005,D0000,True,27.83640285405096
O0045183,D0051,True,34.05047148807088
O0045246,D0111,True,25.494050188435462
O0045334,D0195,True,30.191447862913208
O0045346,D0022,True,28.131827634003038
O0044887,D0044,True,32.06284118657669
O0045219,D0189,True,24.264045592083114
O0044906,D0224,True,41.71273094248254
O0045350,D0077,True,20.71955443533809
O0045035,D0036,True,30.89370290349344
O0044923,D0274,True,50.14398341138433
O0045112,D0178,True,29.517729567550127
O0045015,D0257,True,17.130900641425654
O0045446,D0215,True,37.4532964852742
O0044770,D0078,True,32.771986310513675
O0045223,D0271,True,24.775829429932035
O0045337,D0021,True,25.15534687717198
O0045424,D0238,True,19.8467107568545
O0045050,D0155,True,25.738079987055748
O0045238,D0270,True,29.639765245953942
O0045215,D0010,True,46.240229891390534
O0045201,D0294,True,24.927659386434613
O0045214,D0249,True,26.565051179210016
O0044809,D0066,True,25.67427639103566
O0044832,D0245,True,33.98976876707451
O0044941,D0234,True,30.828667264981192
O0044931,D0173,True,27.691150143729352
O0044736,D0017,True,28.877163895981187
O0045512,D0159,True,20.650499611534126
O0045433,D0004,True,43.96535107649617
O0044917,D0123,True,38.601809089631125
O0045122,D0140,True,21.44154492743585
O0045494,D0030,True,25.45986099335252
O0045516,D0287,True,42.368789916955905
O0045501,D0064,True,32.58608480991805
O0044812,D0133,True,70.6778857148348
O0045156,D0080,True,29.896811906000934
O0045093,D0104,True,32.07368124615848
O0044811,D0136,True,21.246697331984564
O0045141,D0226,True,24.871917818209063
O0044724,D0002,True,32.983469920932464
O0044737,D0108,True,30.179278154983187
O0045448,D0033,True,35.791864481287114
O0044780,D0113,True,30.11027046391925
O0045144,D0166,True,27.42694311066266
O0044845,D0106,True,31.073213874279922
O0044873,D0086,True,18.328455814555014
O0045165,D0257,True,22.346723854820308
O0044988,D0223,True,20.59283384934669
O0044843,D0185,True,41.06706262914061
O0045046,D0084,True,40.22502605140629
O0044876,D0102,True,36.280872757281486
O0045354,D0036,True,23.846190144956868
O0045107,D0138,True,25.101116529105017
O0045586,D0105,True,35.17335914492611
O0045383,D0088,True,25.270375321743302
O0044951,D0143,True,32.58278039315978
O0044866,D0110,True,32.225718416962
O0045333,D0112,True,35.0703658313973
O0044932,D0022,True,28.802100746508742
O0045421,D0205,True,26.360269199682456
O0045537,D0179,True,33.517644450113636
O0044918,D0178,True,57.0597147740736
O0044975,D0196,True,25.441337158684945
O0045204,D0297,True,22.710325775943232
O0045124,D0021,True,17.762368859903752
O0045353,D0269,True,26.87714281356257
O0045146,D0270,True,16.479574932387443
O0044765,D0209,True,24.39837997480293
O0044928,D0159,True,19.91147214626795
O0044961,D0245,True,13.93348122809569
O0044785,D0215,True,33.586884651789006
O0045490,D0234,True,30.74920959404446
O0045369,D0028,True,32.560087189079766
O0044982,D0078,True,26.667639770477695
O0045160,D0173,True,25.552550334937443
O0044871,D0066,True,25.78448629174915
O0045191,D0275,True,21.14151488163961
O0045325,D0086,True,39.896148617258426
O0045236,D0017,True,26.848512584378078
O0045008,D0274,True,36.49810893306463
O0045576,D0063,True,30.51440734682938
O0045393,D0223,True,31.14203523480058
O0044974,D0155,True,20.530283854125436
O0045342,D0239,True,23.139329771084704
O0045159,D0221,True,29.809970643768487
O0046326,D0106,True,26.323022432077096
O0045689,D0195,True,33.724029853488226
O0046382,D0043,True,14.255766228400534
O0046184,D0196,True,27.09252635938572
O0046215,D0168,True,24.40350322992811
O0046162,D0203,True,16.689760953827516
O0046030,D0215,True,20.22995527974158
O0045692,D0021,True,19.400436571766807
O0045653,D0241,True,18.04935363163547
O0046374,D0010,True,34.72753595005542
O0045823,D0214,True,16.337990585084214
O0045869,D0076,True,25.0745972635656
O0046228,D0039,True,23.172477294134726
O0046395,D0024,True,17.919618393384802
O0045985,D0274,True,25.072786160853674
O0045688,D0297,True,17.61597373648662
O0046297,D0002,True,25.422842912666578
O0045871,D0106,True,72.98310523793927
O0046375,D0052,True,28.29351524900303
O0045838,D0274,True,77.59408184659706
O0046402,D0281,True,21.817660142371395
O0046022,D0071,True,20.589657103510092
O0046291,D0155,True,18.38827189192643
O0045746,D0017,True,23.261617357752847
O0046085,D0052,True,26.180118628540562
O0046173,D0209,True,30.980368944146498
O0045919,D0215,True,24.71716934168804
O0045940,D0123,True,55.191255814297385
O0046390,D0006,True,22.044574837513135
O0046138,D0157,True,15.156426124689085
O0046361,D0033,True,22.65493484314468
O0045945,D0022,True,37.74504825352298
O0045801,D0042,True,20.204632651629787
O0045951,D0270,True,25.68752858597794
O0046024,D0241,True,24.41888371312902
O0046129,D0002,True,20.88765133060423
O0046020,D0209,True,23.51009925500494
O0045834,D0079,True,18.178133792745097
O0046158,D0052,True,25.636027357331287
O0046351,D0071,True,47.62728645088691
O0045659,D0299,True,24.73569209519833
O0046002,D0039,True,27.837172931343893
O0046420,D0051,True,19.617406411925067
O0045796,D0295,True,64.10806652190686
O0045886,D0024,True,29.288326098356674
O0045954,D0143,True,17.10399020099414
O0046021,D0169,True,19.46788001960701
O0046179,D0010,True,22.992865206519156
O0046355,D0142,True,38.047573580352
O0046371,D0182,True,24.666831568140857
O0045820,D0224,True,19.58030314394651
O0046216,D0062,True,16.236745791433442
O0046386,D0158,True,20.227529759023508
O0046089,D0144,True,31.836773440242062
O0045713,D0024,True,28.363325055295924
O0046104,D0238,True,19.617607745244698
O0046078,D0182,True,18.166646009625165
O0045929,D0224,True,36.12103358585701
O0046110,D0295,True,72.00737408964247
O0045824,D0214,True,19.798837076026935
O0046097,D0178,True,24.438147641800313
O0046324,D0002,True,27.113811506038754
O0046168,D0022,True,18.245956062572482
O0045731,D0076,True,45.82041323290699
O0046399,D0108,True,43.334575534940704
O0045961,D0142,True,41.24957631885717
O0045973,D0159,True,24.623180844856563
O0046027,D0062,True,24.424195269179133
O0045952,D0013,True,19.58101108523047
O0046226,D0287,True,39.257223586219375
O0046275,D0018,True,35.32286376292357
O0045802,D0013,True,19.166669630309002
O0045977,D0189,True,24.456637488049576
O0046289,D0022,True,25.120349137665954
O0046334,D0066,True,25.84201249308714
O0046282,D0295,True,42.50026485818977
O0046340,D0269,True,34.19163704018937
O0046280,D0215,True,74.31533388338045
O0046174,D0297,True,24.312123893020917
O0045676,D0002,True,92.78574287741726
O0045677,D0196,True,26.136050769416904
O0045726,D0274,True,28.714231010131293
O0046300,D0234,True,30.787876653898707
O0046082,D0166,True,22.859191239166115
O0045751,D0155,True,21.047408889627672
O0045763,D0263,True,29.433878620280257
O0045853,D0283,True,49.70491221640056
O0045755,D0168,True,17.50311996517475
O0045924,D0004,True,26.551905906799448
O0046124,D0224,True,28.612084876610137
O0045639,D0195,True,42.208022986549466
O0046198,D0108,True,26.86815248896456
O0045655,D0088,True,22.06756919783983
O0046148,D0070,True,30.67158837644764
O0046060,D0169,True,36.867081799465936
O0046332,D0155,True,36.374034597917756
O0045963,D0209,True,45.71020218627016
O0045797,D0235,True,21.895256571594487
O0046041,D0239,True,17.890156496200163
O0045714,D0234,True,26.48371432545231
O0046163,D0295,True,23.63582730728045
O0045904,D0178,True,37.95731565434353
O0046391,D0223,True,24.497721931848062
O0045874,D0257,True,24.01137083308418
O0046065,D0036,True,23.114672920753492
O0046333,D0116,True,37.31540855576437
O0045729,D0052,True,29.0756422729183
O0045918,D0070,True,26.04154577727287
O0045682,D0204,True,20.216228093407743
O0046135,D0283,True,29.275045207892962
O0046318,D0245,True,33.64075299743317
O0046251,D0270,True,27.28682991479063
O0046346,D0207,True,30.733733636736
O0046407,D0195,True,26.811254607375787
O0045712,D0028,True,22.724269854605552
O0045956,D0159,True,18.503362731907906
O0045657,D0105,True,33.47570943031249
O0046331,D0010,True,27.120044759123417
O0046415,D0008,True,14.28004560288604
O0045847,D0281,True,21.217340983771372
O0045968,D0024,True,28.492356963064342
O0046087,D0089,True,36.09372821323997
O0046204,D0070,True,55.86710100028428
O0046309,D0108,True,18.750982061002304
O0046349,D0043,True,18.80771897298662
O0045845,D0116,True,39.77329150321796
O0045843,D0202,True,33.014761946980585
O0045778,D0136,True,22.468131654723322
O0046091,D0238,True,25.970614260016795
O0046317,D0189,True,32.56222098353247
O0045800,D0106,True,18.40067676571509
O0046252,D0071,True,21.66134373910389
O0045735,D0209,True,79.12982632584942
O0045939,D0214,True,29.005231973352156
O0045844,D0223,True,22.29231520016082
O0045906,D0198,True,18.230618122524994
O0046203,D0142,True,29.07381432611631
O0046377,D0034,True,26.009566686560383
O0045922,D0066,True,29.414446179290074
O0045808,D0010,True,83.86223582228091
O0045673,D0154,True,15.281116813315455
O0045993,D0002,True,33.59489838618945
O0046083,D0159,True,23.546865980025654
O0045696,D0076,True,17.29345136076104
O0046170,D0044,True,22.128972007923952
O0046249,D0274,True,30.951938994961353
O0045959,D0051,True,21.9637713992958
O0045646,D0215,True,32.92311738259988
O0045964,D0008,True,31.361926759427803
O0046007,D0232,True,26.302161804439834
O0046181,D0028,True,25.003076050391265
O0045969,D0245,True,23.664869009636835
O0046383,D0207,True,29.338929942048683
O0045724,D0192,True,23.447229301424024
O0045857,D0086,True,24.28706370616566
O0046257,D0169,True,23.83337142645029
O0046156,D0270,True,24.345447922239146
O0046315,D0105,True,19.819999027244577
O0045666,D0136,True,24.083937101363624
O0045623,D0234,True,21.86481992808756
O0045903,D0172,True,35.88784630768296
O0046210,D0189,True,20.360802373321725
O0045990,D0109,True,24.782110754253832
O0045926,D0196,True,23.425934578107416
O0045992,D0178,True,26.932339620182937
O0045925,D0248,True,24.76669077800085
O0046102,D0067,True,25.43881269174618
O0046320,D0173,True,20.87199868966544
O0046074,D0022,True,23.928080407499984
O0046076,D0066,True,24.741889562543353
O0045720,D0166,True,18.19385136456099
O0046278,D0038,True,30.120949609592813
O0045641,D0185,True,22.03399272205573
O0045899,D0100,True,25.56181950393411
O0046206,D0155,True,41.897234140674826
O0046392,D0149,True,26.751180297687554
O0046322,D0224,True,29.734477160161788
O0046286,D0206,True,36.68797462362896
O0046401,D0107,True,25.55345960729744
O0045718,D0130,True,19.513557588068572
O0046093,D0274,True,31.643155513406462
O0046232,D0221,True,26.84476204609238
O0045644,D0089,True,17.11980855642254
O0046393,D0028,True,35.521205000588274
O0046330,D0164,True,24.15296817051119
O0045901,D0050,True,19.601773491681726
O0045663,D0204,True,34.06438475444369
O0045930,D0143,True,27.980470367039914
O0046294,D0271,True,30.631555966433208
O0045630,D0145,True,28.00362522182133
O0046358,D0283,True,38.08667090108346
O0046267,D0036,True,30.94911779976251
O0046171,D0014,True,20.27974284047749
O0046169,D0287,True,25.53848197484998
O0045790,D0105,True,50.00379139286563
O0045913,D0031,True,25.17775273253802
O0046218,D0202,True,25.446356024833545
O0046394,D0159,True,32.4325387344352
O0046290,D0097,True,21.99349561167697
O0046222,D0078,True,28.37417923378647
O0046049,D0142,True,36.49108754683553
O0045972,D0138,True,20.915945302903225
O0045736,D0104,True,27.230218452685065
O0045887,D0102,True,35.71074175989268
O0046063,D0192,True,14.828859663487696
O0045915,D0109,True,39.939985249028034
O0046180,D0136,True,23.405837548702742
O0045779,D0239,True,16.780671644734376
O0046370,D0038,True,21.61062375155273
O0046327,D0248,True,38.96578315637598
O0046084,D0022,True,31.488816493273927
O0045949,D0257,True,29.102150115300653
O0046092,D0043,True,20.257356228507504
O0046054,D0116,True,20.48744545358695
O0046231,D0086,True,59.01805558189547
O0045938,D0079,True,29.179448359107106
O0046187,D0108,True,41.91529987509908
O0046064,D0185,True,21.905057178809553
O0045776,D0046,True,31.717589549654857
O0045651,D0172,True,31.12365773449838
O0045744,D0097,True,53.00726446176375
O0046288,D0076,True,49.21531793670258
O0045937,D0024,True,32.601047389290414
O0046167,D0050,True,20.91058720413001
O0045879,D0032,True,27.77225909969254
O0045730,D0193,True,38.10969038373172
O0046121,D0002,True,47.25004220901858
O0046056,D0018,True,23.3504445602248
O0045783,D0007,True,29.175044344425523
O0046026,D0297,True,28.57784955345773
O0046172,D0143,True,25.790936311381444
O0045694,D0078,True,39.70649620903687
O0045978,D0161,True,25.896136522806117
O0046329,D0206,True,16.367259943156817
O0046149,D0281,True,20.676229301880106
O0046342,D0044,True,22.736481418932073
O0045971,D0124,True,25.085475609893216
O0045792,D0013,True,22.552355851158968
O0046088,D0104,True,40.8944573849047
O0046245,D0234,True,69.98853036590604
O0046313,D0211,True,23.328581899143543
O0045669,D0051,True,34.407319479658554
O0045984,D0084,True,18.546267824401383
O0045698,D0267,True,14.624226309426142
O0045624,D0144,True,20.298406202915874
O0045772,D0149,True,26.82322753988661
O0045749,D0063,True,23.837188008759554
O0045649,D0116,True,40.148506007214536
O0046270,D0066,True,48.66161283839607
O0046116,D0031,True,22.816910914014706
O0045870,D0221,True,27.557981847821317
O0045813,D0138,True,20.96821004500215
O0046354,D0223,True,78.1759601755746
O0046000,D0263,True,37.1848307228647
O0046398,D0185,True,24.99778036825373
O0045719,D0028,True,30.513563217137772
O0046023,D0214,True,31.91125081418018
O0046359,D0266,True,23.410987411857803
O0046344,D0046,True,22.96739818355889
O0046071,D0297,True,27.453401503525054
O0045799,D0042,True,60.79536077262125
O0045660,D0155,True,30.242303204728252
O0045632,D0108,True,81.07007186461449
O0046235,D0207,True,26.322658170725624
O0045935,D0111,True,24.829216160677106
O0046311,D0024,True,27.364807453636
O0045917,D0172,True,27.034383223770735
O0045811,D0258,True,33.10775279623868
O0045743,D0162,True,20.987423365820327
O0045761,D0130,True,19.53230646756834
O0046258,D0124,True,24.935696945148976
O0046299,D0061,True,27.809281547557674
O0046048,D0213,True,29.745798670353324
O0046146,D0224,True,34.330850304776966
O0046304,D0089,True,55.77130159934662
O0045675,D0196,True,23.1427274760381
O0045881,D0138,True,39.06782701635638
O0045900,D0113,True,26.74151863595144
O0046040,D0163,True,22.62178628973178
O0046277,D0236,True,49.710982045491875
O0046164,D0176,True,16.33597820845526
O0045768,D0125,True,21.663615427961282
O0046075,D0248,True,25.78536222677132
O0046256,D0178,True,90.72544481032152
O0046112,D0247,True,25.240269800413326
O0046253,D0063,True,26.6336269636748
O0046017,D0051,True,32.6682767969844
O0046421,D0238,True,30.066117513521622
O0045833,D0044,True,18.662671661221612
O0045955,D0221,True,34.389535912160355
O0046099,D0109,True,28.26867058813351
O0046353,D0106,True,43.465057573372775
O0045882,D0116,True,26.073945985937243
O0045948,D0062,True,33.39499749648316
O0045742,D0155,True,40.40207781721094
O0045936,D0079,True,27.454862167923558
O0045934,D0124,True,26.715334156591524
O0046185,D0012,True,17.874748105301826
O0046255,D0297,True,33.05859258760031
O0046090,D0024,True,26.65877014042014
O0045782,D0080,True,15.254916367391802
O0046219,D0104,True,37.416908325596395
O0045654,D0168,True,18.155207362056366
O0046050,D0027,True,27.93826288884408
O0045923,D0193,True,23.498033956959894
O0045680,D0262,True,61.311411593428915
O0045860,D0299,True,21.112035144779206
O0046113,D0107,True,30.847262408547643
O0046328,D0130,True,52.120467855670924
O0045734,D0189,True,55.1631440076413
O0045983,D0224,True,51.79321053577685
O0045890,D0172,True,30.71007186238517
O0046409,D0207,True,46.12386753888396
O0045721,D0113,True,22.416139566124777
O0046312,D0078,True,29.423296853749434
O0046055,D0149,True,34.128740627913984
O0046043,D0162,True,24.5776710159183
O0045944,D0226,True,27.74888880541907
O0046018,D0067,True,25.835730530495162
O0046165,D0046,True,34.082684701635195
O0045851,D0064,True,22.41920094288562
O0046244,D0037,True,23.530135046016866
O0046281,D0198,True,18.669508969195576
O0046014,D0042,True,70.37142320043877
O0046101,D0077,True,18.590465327780315
O0046070,D0136,True,22.00184249121292
O0045643,D0018,True,21.63059064261066
O0046240,D0248,True,36.912763876799204
O0045855,D0008,True,29.292111788140133
O0046175,D0110,True,18.7675177118064
O0046200,D0159,True,17.28898868238268
O0045827,D0051,True,19.436728094010068
O0045873,D0027,True,21.484799134633725
O0045840,D0012,True,30.43761243695234
O0045739,D0088,True,30.411009774933696
O0046015,D0168,True,35.87350795190935
O0046193,D0089,True,25.888472243462076
O0045633,D0206,True,34.70444249641196
O0046212,D0245,True,24.47739045510783
O0045962,D0189,True,45.00840382684971
O0046379,D0213,True,30.25083994259818
O0046114,D0223,True,50.03094493294613
O0045884,D0260,True,22.66774965763287
O0046058,D0046,True,64.18934335016064
O0045664,D0153,True,25.1122758402863
O0046199,D0207,True,25.103773894805755
O0045864,D0078,True,44.15207378302523
O0046368,D0130,True,62.601917863288556
O0046059,D0025,True,26.878644430888386
O0045837,D0104,True,36.36323826989485
O0046284,D0221,True,37.689171246850904
O0046408,D0280,True,28.240716082067905
O0046325,D0269,True,26.757248003934166
O0046118,D0028,True,37.50969067859239
O0046276,D0248,True,68.44125632250761
O0046011,D0214,True,19.951032951657993
O0045678,D0281,True,24.11655491000571
O0045897,D0012,True,63.75099985089322
O0046034,D0093,True,23.217054073091823
O0045970,D0053,True,41.81799258411744
O0045725,D0241,True,24.285615214617998
O0046062,D0178,True,27.67933076935679
O0046057,D0218,True,25.628393800472317
O0045656,D0236,True,30.137563669398048
O0045995,D0140,True,43.41751651063325
O0045828,D0182,True,20.918886932052068
O0046271,D0234,True,25.34715989388372
O0045943,D0213,True,43.9703358422635
O0045932,D0079,True,36.58437772145782
O0046009,D0206,True,45.21691298645447
O0045752,D0124,True,37.07112989785059
O0046080,D0022,True,58.30352289992601
O0045760,D0207,True,117.69656950338202
O0046103,D0084,True,31.733258652098932
O0046410,D0018,True,37.0815284068835
O0045958,D0089,True,38.96816641930683
O0046047,D0166,True,65.89790828063323
O0045832,D0024,True,34.98857843090401
O0045807,D0048,True,29.355727045810767
O0046008,D0080,True,26.4000349717101
O0046005,D0104,True,37.49896200065027
O0046414,D0168,True,64.35945519323245
O0046381,D0297,True,45.57634160010716
O0045997,D0088,True,21.763869322052496
O0045957,D0025,True,20.732117651907892
O0046100,D0135,True,37.16704861191331
O0046343,D0283,True,21.098827898941934
O0046178,D0051,True,48.88201620781821
O0046013,D0077,True,52.68975473276532
O0046201,D0153,True,18.862419168887058
O0045967,D0159,True,37.10995951366583
O0045883,D0039,True,36.84604962263145
O0046272,D0037,True,26.55045657407377
O0046128,D0093,True,22.505522127059372
O0046166,D0299,True,45.91531107834196
O0045695,D0262,True,31.057391490940823
O0046283,D0142,True,38.558571990098
O0045987,D0236,True,43.31182754202097
O0046045,D0008,True,28.861081775035768
O0046039,D0053,True,21.57593732667511
O0046397,D0027,True,90.12559050368058
O0046217,D0188,True,22.5285048724408
O0045754,D0221,True,149.36898133770444
O0046384,D0130,True,71.40838606610521
O0046205,D0241,True,30.335797525919318
O0046073,D0214,True,69.10273072981383
O0046230,D0218,True,18.887729279111447
O0045771,D0248,True,29.074373505287923
O0045909,D0002,True,156.26591921687302
O0046150,D0258,True,75.63430515195763
O0045856,D0263,True,141.26032039524924
O0046319,D0178,True,50.673986132105355
O0046380,D0063,True,73.37651580734816
O0046287,D0080,True,78.96380120258189
O0045825,D0193,True,21.46711990554938
O0046195,D0224,True,128.9531654990933
O0046242,D0153,True,28.999138713464117
O0045670,D0196,True,35.58883849784881
O0045661,D0104,True,54.271309091120735
O0046314,D0012,True,38.13586537402192
O0046223,D0028,True,79.24081079364986
O0046061,D0013,True,35.94703759355505
O0045898,D0084,True,28.529549264007578
O0045741,D0066,True,86.22429683970755
O0046016,D0116,True,54.66384903073848
O0046339,D0213,True,52.56171726741785
O0045638,D0136,True,26.6237562488421
O0046182,D0053,True,67.02336399522682
O0046364,D0158,True,25.560492134785378
O0045920,D0109,True,38.254110533024146
O0046373,D0238,True,35.3042451640393
O0046176,D0297,True,53.38992062584817
O0045905,D0076,True,62.384453655277206
O0045991,D0281,True,22.89044909797785
O0046243,D0075,True,90.70571408593986
O0045979,D0155,True,61.44634204325887
O0045706,D0099,True,41.94524898876414
O0045818,D0108,True,52.15621566411297
O0046296,D0112,True,37.891050823058855
O0046225,D0088,True,28.07711018501776
O0045773,D0206,True,97.17257992838228
O0045687,D0025,True,32.35615482025602
O0046323,D0124,True,32.66150974527067
O0046025,D0051,True,37.37092936516237
O0046003,D0204,True,35.71982387100645
O0045849,D0135,True,48.95950532790225
O0045650,D0185,True,34.05468446242979
O0045642,D0159,True,42.089250124155626
O0046159,D0270,True,65.47863332217278
O0045835,D0234,True,42.71596938723434
O0046367,D0248,True,49.77089372807472
O0045976,D0236,True,60.07810030696827
O0046366,D0279,True,37.11386686858572
O0045850,D0008,True,59.97342767460572
O0046389,D0071,True,27.406828119183757
O0046136,D0168,True,77.10879029807833
O0045896,D0245,True,57.94537127607751
O0046190,D0287,True,95.13018224354276
O0046238,D0024,True,118.54293621605977
O0046236,D0218,True,40.34117749300371
O0046229,D0140,True,34.975594251989534
O0045839,D0227,True,29.951937733860184
O0045885,D0166,True,43.255073872389694
O0046403,D0077,True,38.06378488646446
O0046127,D0084,True,91.53536089155355
O0045691,D0299,True,40.11471787284975
O0045819,D0276,True,26.133475313440307
O0046260,D0054,True,43.33664250483992
O0045878,D0243,True,102.64211372154263
O0045705,D0196,True,33.23109881923951
O0045764,D0215,True,95.4463050659085
O0045683,D0142,True,58.327437634706854
O0046417,D0188,True,48.0632071953591
O0045946,D0280,True,86.30216349839019
O0046209,D0012,True,37.04639340418471
O0046241,D0117,True,27.253077687517738
O0045965,D0252,True,107.53907231492319
O0045895,D0153,True,36.529202614820235
O0045634,D0226,True,30.56227420247412
O0046107,D0238,True,82.40235448045567
O0046098,D0106,True,38.91826234397747
O0045793,D0178,True,40.60727626271367
O0045717,D0088,True,38.943313948550305
O0045674,D0060,True,47.570514706243856
O0046183,D0158,True,57.379164523423235
O0045891,D0160,True,46.90756089392286
O0045631,D0048,True,34.881131559252125
O0045711,D0109,True,31.34028902566496
O0046406,D0257,True,38.641327101649786
O0045877,D0124,True,37.01207873850801
O0045697,D0112,True,92.51219167720895
O0046106,D0094,True,87.4435610368951
O0046265,D0205,True,50.12156966986395
O0045852,D0189,True,69.05189211751211
O0045830,D0173,True,29.651190369915533
O0045785,D0031,True,37.49887464086699
O0046347,D0099,True,39.5525798310855
O0046298,D0136,True,38.797958931701615
O0046067,D0225,True,63.11710793309626
O0046254,D0051,True,43.67196134999675
O0046191,D0021,True,25.963703147776258
O0045927,D0231,True,47.3353526356736
O0046274,D0042,True,46.22923247265817
O0045953,D0104,True,29.967169449493845
O0046094,D0010,True,44.16666581764545
O0045685,D0009,True,28.187189277732628
O0045703,D0145,True,22.52367595844433
O0045894,D0269,True,33.242844043208834
O0046196,D0100,True,28.449210676804448
O0045803,D0213,True,31.425151443371767
O0045709,D0108,True,40.65075461646826
O0045826,D0266,True,51.59791772790619
O0046004,D0234,True,30.915952146793778
O0046321,D0182,True,36.19817178741123
O0046130,D0143,True,29.99544796461722
O0046295,D0152,True,42.28119375278276
O0046188,D0176,True,44.049913079906084
O0046400,D0192,True,23.200877666784713
O0046137,D0053,True,28.925669588817506
O0046033,D0283,True,40.08119577802879
O0046155,D0077,True,32.809193875057346
O0045848,D0220,True,18.326789795427487
O0045868,D0130,True,52.676948114412866
O0045766,D0299,True,22.463404661444613
O0046423,D0259,True,65.0612894375719
O0046141,D0214,True,28.54722511045781
O0046305,D0159,True,26.065052331682583
O0046160,D0218,True,25.73046999447203
O0046273,D0276,True,28.632378008683936
O0045667,D0236,True,52.19596185503738
O0045759,D0239,True,41.97800810917438
O0046053,D0076,True,27.55476470657434
O0046405,D0257,True,29.898837036767652
O0046306,D0166,True,45.502690049405984
O0046117,D0294,True,54.71886084856515
O0045982,D0157,True,36.737313153133506
O0045912,D0188,True,29.43952088537789
O0045770,D0173,True,32.11015699578894
O0046422,D0088,True,28.689823166073772
O0046412,D0104,True,40.9097540016855
O0046035,D0271,True,32.59659024586637
O0045686,D0140,True,26.64458064729993
O0046246,D0080,True,46.8327797249158
O0046066,D0160,True,64.27135733517626
O0045787,D0063,True,50.129261130099835
O0045765,D0021,True,43.47007112522327
O0045645,D0004,True,28.541391099810383
O0045668,D0116,True,36.85633208498041
O0046352,D0278,True,23.422225937124402
O0045635,D0168,True,83.49965884708148
O0046068,D0258,True,51.50772876987283
O0046301,D0054,True,28.081200694258126
O0046152,D0053,True,32.29411503956857
O0046396,D0299,True,49.38143932133467
O0046151,D0262,True,56.53165864108096
O0045690,D0297,True,44.81681610380433
O0045809,D0008,True,50.00932279200676
O0046285,D0178,True,42.701293529584255
O0045907,D0172,True,76.88327091948632
O0045816,D0211,True,30.291030052047635
O0046239,D0205,True,23.31568508709735
O0046192,D0231,True,41.418846062346034
O0045966,D0009,True,28.96064725855979
O0046202,D0071,True,41.50311887818977
O0046234,D0010,True,37.84143926101066
O0045662,D0100,True,32.395224233368104
O0045931,D0218,True,19.04964814221075
O0046388,D0051,True,34.32499532158326
O0046302,D0158,True,31.016747071009398
O0046046,D0214,True,29.812357198197276
O0045798,D0060,True,44.01892119228098
O0046086,D0245,True,22.815234404196566
O0045636,D0206,True,40.53524118450726
O0045804,D0192,True,41.576393669669976
O0045727,D0198,True,57.94916880356365
O0046310,D0152,True,36.05650189090043
O0045775,D0077,True,28.004233673960762
O0045728,D0210,True,33.37269072260303
O0046336,D0075,True,33.63263318228572
O0045960,D0257,True,74.89670662863011
O0045625,D0134,True,79.99225233538326
O0045974,D0155,True,25.616019227995377
O0045700,D0123,True,35.137563772562565
O0045757,D0287,True,34.12427897857995
O0046042,D0225,True,26.49384806186535
O0046213,D0209,True,28.337549925664128
O0045921,D0069,True,42.417319748910714
O0045994,D0256,True,34.55284261917273
O0046197,D0106,True,85.6289261836896
O0045786,D0188,True,24.82793228502975
O0045910,D0076,True,28.77732070154959
O0045822,D0164,True,77.43873356343913
O0046044,D0099,True,33.23764493487466
O0045708,D0157,True,21.384105533882376
O0046372,D0275,True,24.257726448613568
O0045715,D0280,True,40.210189839899
O0046081,D0040,True,22.431202063779118
O0046308,D0004,True,40.500883090429554
O0045684,D0263,True,39.83932847930832
O0046153,D0126,True,34.10298905864825
O0046072,D0070,True,53.93540624259041
O0045637,D0131,True,19.823845406600014
O0045902,D0174,True,41.243569447478855
O0046095,D0255,True,25.14672860054258
O0045975,D0054,True,19.683546179245074
O0045756,D0125,True,20.62607562487186
O0045652,D0110,True,23.3926905543423
O0045999,D0052,True,42.70465331223064
O0046363,D0202,True,22.181478219534426
O0046248,D0243,True,59.105542285135485
O0046418,D0130,True,31.114310696439436
O0046157,D0271,True,22.501353705771823
O0045841,D0066,True,50.31116208286765
O0045805,D0225,True,31.620629328372466
O0045794,D0108,True,28.122498312245035
O0045914,D0248,True,34.517082598971086
O0046337,D0206,True,25.701286354953204
O0045795,D0021,True,25.09544581084747
O0045812,D0152,True,23.153061120637723
O0046362,D0252,True,77.17822063176426
O0046051,D0245,True,26.62557977401937
O0046038,D0214,True,66.17733649789697
O0046132,D0294,True,19.97138144412228
O0046411,D0200,True,39.86339795947483
O0046115,D0236,True,32.3654304543367
O0046369,D0188,True,26.295030689262504
O0046293,D0032,True,80.08060439797914
O0046350,D0008,True,37.52839686417973
O0046237,D0256,True,24.613952735597636
O0045865,D0247,True,17.921332283037533
O0046122,D0002,True,39.72195735320443
O0046120,D0205,True,23.68406595149942
O0046211,D0136,True,28.042433858650966
O0046365,D0287,True,34.31390920956295
O0046224,D0037,True,20.311320598802105
O0045821,D0050,True,21.423910385755658
O0046123,D0060,True,21.01073239108447
O0046419,D0099,True,36.969506750613434
O0046345,D0080,True,38.761779918589305
O0045767,D0036,True,22.500816462059163
O0045774,D0053,True,25.9274611879029
O0045629,D0069,True,21.868784742584914
O0045980,D0185,True,41.130243446099236
O0045859,D0204,True,21.496046113964216
O0046341,D0280,True,24.929474840029986
O0045769,D0058,True,32.30332401956037
O0046259,D0094,True,22.739426678111705
O0045745,D0209,True,31.836538847563716
O0046307,D0157,True,18.07314495804316
O0045862,D0160,True,24.326716294773384
O0045702,D0259,True,40.9373177320224
O0045707,D0192,True,37.047028530327665
O0045704,D0017,True,24.886426110619844
O0046416,D0241,True,43.58200672148154
O0045701,D0145,True,30.04930489048712
O0045889,D0266,True,25.581252678746104
O0046133,D0231,True,39.251681658624506
O0045658,D0042,True,29.69828534643078
O0045789,D0043,True,25.18146065438152
O0045942,D0278,True,19.89308042898719
O0046413,D0206,True,61.95154243912612
O0046376,D0060,True,15.390118690875372
O0046096,D0084,True,24.737177808467038
O0046220,D0258,True,27.3079871733137
O0046279,D0204,True,24.948526343756953
O0046001,D0083,True,34.80261711286028
O0046266,D0090,True,19.997937874111713
O0046140,D0063,True,32.536674201828085
O0045866,D0255,True,35.59654815963905
O0046338,D0174,True,30.78063455556078
O0046208,D0188,True,20.48155396469551
O0045996,D0280,True,24.690786408787716
O0046119,D0013,True,23.094503621681284
O0046010,D0134,True,28.031330386248804
O0045648,D0220,True,23.534418253770667
O0045981,D0058,True,28.579727926071826
O0045733,D0168,True,36.71159957790206
O0046360,D0012,True,23.14552719428795
O0046378,D0060,True,42.399679468848376
O0046385,D0029,True,24.961441914275852
O0046006,D0278,True,46.61892255454889
O0045858,D0094,True,56.77436479130908
O0045814,D0153,True,29.070954468841798
O0045831,D0053,True,28.990763640238484
O0045780,D0294,True,56.313866171534485
O0045941,D0287,True,24.041235095716722
O0046111,D0152,True,48.87420740775441
O0045872,D0106,True,32.05029971490667
O0045998,D0112,True,23.787459517993256
O0045846,D0088,True,37.7408592014496
O0046356,D0111,True,28.771750397844727
O0046387,D0037,True,24.0205642954368
O0045747,D0107,True,26.163809675119193
O0046227,D0266,True,21.482906238501425
O0045815,D0238,True,25.408443590299747
O0045791,D0136,True,15.062781879135114
O0045876,D0258,True,31.32539634968528
O0045892,D0286,True,21.232934246783575
O0045888,D0021,True,25.2563014028819
O0046264,D0043,True,20.96333182339303
O0046109,D0280,True,42.7757835142479
O0045626,D0188,True,29.572859878184012
O0046357,D0245,True,29.40957241114254
O0045628,D0155,True,22.256195503540134
O0045710,D0221,True,38.39530045074606
O0046186,D0259,True,28.186899072760568
O0046077,D0159,True,33.50880410706839
O0045722,D0123,True,18.058099758647856
O0045863,D0263,True,31.600501847865957
O0046028,D0069,True,24.766866578567807
O0046269,D0083,True,23.525302143007664
O0046263,D0063,True,38.07471068020714
O0046262,D0016,True,31.90657447623518
O0046147,D0134,True,46.35279176563334
O0046131,D0130,True,92.2455000130256
O0045861,D0133,True,12.808364605543357
O0045740,D0174,True,18.10393494483771
O0046233,D0036,True,25.20382480422786
O0046247,D0029,True,17.64333884059029
O0045836,D0164,True,45.20937839949231
O0045738,D0229,True,24.064400063447295
O0045672,D0123,True,19.86525213180399
O0045750,D0256,True,23.6260100187365
O0046250,D0053,True,23.8751263498853
O0045640,D0252,True,26.725943052350537
O0045723,D0258,True,28.364954137728677
O0046194,D0231,True,22.25466984207283
O0045737,D0266,True,23.979383147137177
O0045893,D0136,True,22.3981870748396
O0045806,D0106,True,26.59463372144927
O0046032,D0287,True,36.486332867819456
O0045784,D0225,True,25.15934166653244
O0046335,D0236,True,22.640353838908936
O0046189,D0263,True,34.9867570226855
O0046037,D0012,True,55.09086338434396
O0046404,D0084,True,29.894474223067007
O0045665,D0036,True,31.260467116278
O0046029,D0255,True,29.508349549713245
O0045928,D0205,True,17.812918749233013
O0045788,D0004,True,15.685628561014534
O0046108,D0229,True,22.940408814996815
O0046292,D0188,True,22.527744078711898
O0045947,D0053,True,30.85422826362651
O0046052,D0153,True,31.342737532583726
O0046316,D0070,True,20.34606012062666
O0046261,D0109,True,36.06833928328502
O0045681,D0080,True,23.618989897276045
O0046177,D0219,True,21.232981744153243
O0045950,D0252,True,64.82218464563375
O0046125,D0050,True,18.414342465836736
O0045875,D0008,True,38.1532607180992
O0046348,D0134,True,19.593864217123922
O0046145,D0058,True,21.155905107567612
O0045988,D0238,True,39.82863657709921
O0046069,D0113,True,32.79493096388751
O0045867,D0094,True,34.618747727198
O0045781,D0231,True,33.32599873629145
O0045829,D0174,True,17.133619646585508
O0045647,D0029,True,23.609526368765003
O0045908,D0259,True,36.402469010519134
O0046221,D0133,True,26.61916850600872
O0046105,D0243,True,19.82172508534751
O0046268,D0296,True,35.81273254849764
O0045699,D0016,True,25.59740098427507
O0045911,D0176,True,30.317780159401348
O0045753,D0287,True,26.24371268241831
O0045732,D0131,True,16.275641620795007
O0046134,D0084,True,33.46680151393875
O0045986,D0255,True,26.5822646936428
O0046012,D0004,True,14.882216297725337
O0046126,D0270,True,30.84186256743793
O0046142,D0164,True,22.300507856657077
O0045842,D0192,True,52.73472011305961
O0045693,D0134,True,24.660891818410093
O0045716,D0274,True,33.94527284362698
O0045758,D0053,True,44.30443974936763
O0046019,D0058,True,18.1975485909623
O0045817,D0107,True,29.409544205050345
O0045933,D0206,True,29.015381499788475
O0045916,D0155,True,29.68988403160599
O0046144,D0145,True,24.07541452654502
O0045810,D0245,True,31.997587144786706
O0046031,D0103,True,29.3761292945035
O0046143,D0166,True,62.1527738760268
O0045854,D0280,True,67.51011585340387
O0045627,D0006,True,22.43266929716028
O0045762,D0050,True,14.956173250868106
O0045989,D0256,True,15.489751915728332
O0046036,D0016,True,27.873391423398466
O0046079,D0146,True,27.21670557041906
O0046154,D0088,True,25.742163799951232
O0046214,D0296,True,28.343020830564328
O0046207,D0174,True,22.49289034855829
O0046139,D0094,True,25.51548985823844
O0046303,D0205,True,21.1480479599862
O0045679,D0208,True,25.956841216788614
O0045748,D0252,True,74.5839834682045
O0046161,D0219,True,23.33862818460095
O0045777,D0021,True,24.474798573268984
O0045880,D0182,True,24.122531552155458
O0045671,D0260,True,27.993421780091285
O0046948,D0155,True,24.951598156074887
O0046574,D0262,True,84.17343511722872
O0046922,D0204,True,32.48978204410013
O0047032,D0106,True,30.365241351339037
O0047104,D0116,True,32.535865207135615
O0047132,D0002,True,19.9135090218679
O0046605,D0134,True,19.22069750732639
O0046539,D0174,True,27.13952299785479
O0047121,D0266,True,18.64751189240879
O0046848,D0002,True,24.639398518347676
O0046659,D0280,True,25.076956087592965
O0047079,D0013,True,38.221940150390985
O0046863,D0140,True,34.737468541258345
O0047091,D0024,True,31.548986345238625
O0046723,D0134,True,33.134467145192524
O0047282,D0152,True,24.330011353603464
O0046880,D0182,True,26.779085649235526
O0047035,D0109,True,38.029544957112144
O0047313,D0266,True,21.703135417352932
O0047061,D0231,True,14.492854272492753
O0047214,D0106,True,21.57409797624492
O0046589,D0166,True,18.658623311551946
O0046676,D0029,True,34.14064629963773
O0047098,D0236,True,22.510225958578793
O0047054,D0188,True,40.57541831543981
O0046873,D0164,True,17.367422227589152
O0046756,D0042,True,67.25091631187671
O0046637,D0152,True,30.37111123337191
O0047161,D0238,True,23.103299291643765
O0047198,D0038,True,40.76411785364099
O0046812,D0006,True,40.37284706282736
O0047106,D0106,True,92.18724769720411
O0046679,D0036,True,30.137356655780355
O0047036,D0241,True,23.04474579128517
O0046790,D0206,True,23.801062366079545
O0046445,D0182,True,27.359305428018285
O0046638,D0166,True,42.2776166394967
O0046908,D0104,True,26.829246428280626
O0047097,D0155,True,21.176176547827257
O0047175,D0287,True,45.210188805511756
O0046633,D0022,True,15.134687562393385
O0046694,D0109,True,23.625552768664296
O0046879,D0116,True,55.259533389039845
O0047140,D0094,True,86.36451264800598
O0046875,D0236,True,27.879560811232384
O0047094,D0134,True,28.912069770404933
O0046982,D0036,True,40.42350697254898
O0046534,D0079,True,25.149787358193983
O0046521,D0116,True,32.29920297101703
O0046859,D0050,True,31.11438820952602
O0047022,D0164,True,14.756050310919811
O0046882,D0079,True,26.126372976658335
O0046976,D0178,True,20.018821556306733
O0046525,D0051,True,22.164970321140725
O0047259,D0157,True,15.846745858983878
O0047082,D0022,True,30.808752903059283
O0046778,D0070,True,22.05949630381563
O0046944,D0155,True,27.133966313386743
O0046712,D0116,True,35.43155108636114
O0047114,D0017,True,30.788075797525558
O0046791,D0245,True,35.88316964601544
O0047149,D0050,True,24.60933701083091
O0046933,D0255,True,22.701163317868364
O0046456,D0166,True,75.8308836515381
O0046538,D0106,True,33.258599499920095
O0046704,D0287,True,29.64022257940202
O0046841,D0053,True,117.59283824508086
O0047087,D0159,True,45.20182361822528
O0047328,D0088,True,23.860695577199113
O0046651,D0258,True,34.25317131151209
O0047231,D0108,True,39.103883866341356
O0046905,D0037,True,30.856654952609514
O0047251,D0178,True,32.38257349211607
O0046515,D0287,True,117.93087440326538
O0047007,D0013,True,31.05186343238547
O0046891,D0152,True,66.90126125225075
O0047283,D0010,True,36.90056197919279
O0046833,D0153,True,44.74092138266541
O0047066,D0255,True,60.197031867751264
O0046646,D0231,True,22.014231732207126
O0047018,D0192,True,48.64429880684501
O0046980,D0280,True,58.78418179996685
O0046579,D0136,True,50.81750274813189
O0047287,D0241,True,30.108706386382135
O0047131,D0224,True,39.45051229829576
O0046493,D0182,True,36.03798066115475
O0046758,D0131,True,47.767979739340234
O0046780,D0166,True,38.597106682473544
O0046927,D0116,True,127.4045030678607
O0046741,D0223,True,26.390567371237513
O0047023,D0124,True,38.976573822966365
O0046817,D0236,True,20.428119333103165
O0047151,D0270,True,65.9856159961778
O0046442,D0245,True,39.77475504654424
O0046784,D0063,True,74.24781130268775
O0046443,D0088,True,20.753251175569712
O0047107,D0296,True,24.78500841492677
O0047301,D0108,True,24.9871455724378
O0046822,D0168,True,33.69654272041158
O0047238,D0219,True,26.580325135374338
O0047193,D0236,True,39.41889164344479
O0047001,D0182,True,24.88250876073471
O0046608,D0155,True,28.262914870049507
O0046711,D0196,True,27.623127043871495
O0046897,D0153,True,19.82163764701667
O0047330,D0131,True,42.554570240510046
O0046686,D0262,True,66.64149224808214
O0047261,D0274,True,37.25536943682471
O0046447,D0108,True,36.054514250988994
O0046499,D0256,True,23.38256901475029
O0047228,D0203,True,29.908419372781555
O0046683,D0278,True,19.546950436573585
O0046545,D0241,True,23.801967478951756
O0046431,D0166,True,39.95756044426364
O0046970,D0104,True,46.59559168283348
O0047252,D0215,True,54.50103986814377
O0046524,D0168,True,22.62033570057708
O0046837,D0205,True,32.640423474735705
O0046907,D0038,True,18.599522452210014
O0047063,D0094,True,107.47943727956849
O0046813,D0236,True,22.040489185837302
O0046957,D0287,True,74.97773270806712
O0046474,D0088,True,17.92700290838259
O0046901,D0204,True,51.94339268997026
O0046805,D0002,True,33.83601576573464
O0047089,D0238,True,38.382606879496194
O0047008,D0188,True,19.763605392989724
O0046670,D0198,True,37.69939960681759
O0047164,D0172,True,21.935783086167373
O0046697,D0192,True,32.497267889836486
O0047041,D0255,True,27.133398014192892
O0047077,D0076,True,45.94889532029466
O0046469,D0037,True,41.26545678563464
O0046728,D0088,True,31.95033046662531
O0047069,D0155,True,25.563013865487044
O0047311,D0259,True,36.977780827685606
O0047203,D0221,True,20.162221599432634
O0046777,D0066,True,25.36623216205225
O0047067,D0206,True,16.301363895566016
O0047042,D0108,True,20.579197239841303
O0046453,D0021,True,42.880334754528135
O0047247,D0153,True,24.769116139709617
O0046635,D0256,True,16.87532954839347
O0047047,D0058,True,33.305376930253985
O0046492,D0017,True,19.153228112818066
O0046436,D0258,True,25.309168440900603
O0046622,D0053,True,26.037178775779825
O0047322,D0202,True,29.598512618448055
O0046620,D0188,True,22.842282724189847
O0046739,D0224,True,24.52629117539624
O0046802,D0207,True,27.614508396010866
O0046641,D0040,True,17.706533923975307
O0047135,D0116,True,32.397758775475786
O0046715,D0136,True,20.326097386538642
O0046971,D0260,True,27.493521347437596
O0046803,D0262,True,29.87429042259096
O0047217,D0131,True,21.698242961780085
O0046886,D0234,True,22.4894060136054
O0046437,D0032,True,21.252862639886285
O0046870,D0221,True,24.351803062696746
O0046720,D0274,True,40.291578102567804
O0046634,D0206,True,64.50301551943302
O0047234,D0299,True,33.24795840541642
O0047028,D0236,True,32.72843833967526
O0046810,D0238,True,27.018539105518393
O0046991,D0178,True,30.634652908363343
O0046851,D0241,True,31.244869472681888
O0046533,D0069,True,16.515945265553185
O0046917,D0066,True,25.96004009571871
O0046826,D0255,True,41.751669280982384
O0046463,D0296,True,25.41088471050938
O0046818,D0009,True,24.896333596641632
O0047154,D0172,True,27.51861097518885
O0046631,D0070,True,22.24959373939806
O0046532,D0263,True,16.93491102587487
O0046495,D0153,True,32.771892845581526
O0046742,D0080,True,45.31217485511336
O0047071,D0192,True,26.836187339762965
O0047323,D0174,True,41.93326814891183
