order_id,rider_id,assigned,predicted_eta,wait_before_assignment_sec
O0041304,D0013,True,29.20897206965231,0.0
O0040988,D0153,True,32.29348030329458,0.0
O0041031,D0127,True,31.617919068128103,0.0
O0041190,D0116,True,23.233203157074506,0.0
O0041416,D0093,True,19.437317039196387,0.0
O0041042,D0241,True,18.069465879675022,0.0
O0041107,D0197,True,22.287125824329877,0.0
O0041129,D0189,True,26.338722764601638,0.0
O0041365,D0164,True,46.46947059041148,0.0
O0041202,D0206,True,20.10672788619764,0.0
O0040756,D0105,True,25.432678246234516,0.0
O0040905,D0109,True,37.702659578324976,0.0
O0041072,D0168,True,26.141507928902726,0.0
O0041060,D0211,True,24.902916910669923,0.0
O0041233,D0131,True,19.417839117898502,0.0
O0040992,D0171,True,29.1047726478457,0.0
O0041199,D0214,True,17.429933400681247,0.0
O0041645,D0136,True,20.610115182646158,0.0
O0041178,D0076,True,39.96753059967504,0.0
O0040770,D0142,True,58.421560754542526,0.0
O0041180,D0039,True,26.854449942366358,0.0
O0041517,D0134,True,22.624746262013232,0.0
O0041336,D0215,True,19.412352712849213,0.0
O0041467,D0130,True,22.98215005719664,0.0
O0041073,D0280,True,20.13641216740241,0.0
O0041373,D0149,True,63.726156510785955,0.0
O0041370,D0223,True,29.49642819690706,0.0
O0041423,D0259,True,53.834393993649265,0.0
O0040747,D0219,True,24.23429468978457,0.0
O0040996,D0046,True,25.083536726390733,0.0
O0041153,D0068,True,20.923052918291532,0.0
O0040832,D0129,True,25.340882565005323,0.0
O0041620,D0178,True,19.242911851733332,0.0
O0041342,D0269,True,44.03027723456798,0.0
O0041622,D0256,True,23.2253578206767,0.0
O0041184,D0002,True,30.21798159627192,0.0
O0041630,D0079,True,21.996146116857844,0.0
O0041288,D0209,True,17.363355795419672,0.0
O0041219,D0229,True,19.337352036089626,0.0
O0041098,D0263,True,24.7475760253174,0.0
O0040986,D0017,True,22.09838364368438,0.0
O0040857,D0115,True,20.036377623553616,0.0
O0041652,D0205,True,21.512837317901436,0.0
O0041356,D0042,True,21.467817757591302,0.0
O0041257,D0166,True,26.078602340457245,0.0
O0040759,D0245,True,72.655765647372,0.0
O0041596,D0279,True,22.162930823410818,0.0
O0041150,D0074,True,27.81117669210639,0.0
O0041551,D0274,True,16.120070203107822,0.0
O0041134,D0034,True,19.398691639484287,0.0
O0041437,D0255,True,20.947122201514595,0.0
O0040762,D0025,True,24.149516175459723,0.0
O0040793,D0030,True,60.412268377481745,0.0
O0041521,D0122,True,26.12479087448994,0.0
O0040810,D0060,True,28.121313795046603,0.0
O0041003,D0224,True,25.516037072913036,0.0
O0041143,D0022,True,23.5222739301516,0.0
O0040784,D0024,True,51.23126655320783,0.0
O0041013,D0099,True,19.7729421411668,0.0
O0040841,D0232,True,36.506821934589304,0.0
O0041236,D0266,True,48.57964033897618,0.0
O0041208,D0291,True,25.39538898082971,0.0
O0041771,D0252,True,22.588183636790784,0.0
O0042338,D0085,True,27.522371551306577,0.0
O0041826,D0213,True,41.8079643707683,0.0
O0041898,D0202,True,36.14963522161712,0.0
O0041668,D0144,True,24.932750085340523,0.0
O0041927,D0124,True,18.387494526503513,0.0
O0041849,D0037,True,19.938349692485783,0.0
O0041809,D0021,True,31.824515759949005,0.0
O0042252,D0167,True,28.88383574631613,0.0
O0041903,D0159,True,30.97038705076999,0.0
O0042165,D0243,True,26.698552854878947,0.0
O0042095,D0004,True,38.7436563198287,0.0
O0042149,D0097,True,29.501360931632167,0.0
O0041965,D0152,True,39.77011814457918,0.0
O0042076,D0001,True,34.49041896832369,0.0
O0041995,D0120,True,39.22336401855448,0.0
O0042426,D0049,True,23.1146473804156,0.0
O0041981,D0172,True,40.69513212002824,0.0
O0042372,D0086,True,25.92517825549441,0.0
O0041910,D0006,True,42.47259144657842,0.0
O0041815,D0248,True,15.6399263043189,0.0
O0042322,D0085,True,26.25856447255449,0.0
O0042285,D0053,True,13.378560204059015,0.0
O0041823,D0225,True,28.619495202316653,0.0
O0041852,D0186,True,30.566279627473854,0.0
O0042009,D0010,True,28.40827984439082,0.0
O0042134,D0292,True,34.63929548507778,0.0
O0041689,D0062,True,25.63861153635621,0.0
O0042025,D0201,True,27.660869979651466,0.0
O0041832,D0200,True,23.716561539106735,0.0
O0042333,D0048,True,74.44520201575473,0.0
O0042070,D0283,True,24.38756032839969,0.0
O0042040,D0218,True,21.978500018747834,0.0
O0042329,D0236,True,19.45123056526261,0.0
O0042019,D0028,True,35.45249116700005,0.0
O0041909,D0195,True,35.91496342249641,0.0
O0042291,D0251,True,27.94664953756209,0.0
O0041866,D0257,True,17.357975758269774,0.0
O0042156,D0032,True,20.83773652372177,0.0
O0041678,D0107,True,19.39680622887085,0.0
O0041796,D0216,True,22.979363054724598,0.0
O0041972,D0088,True,34.556403683381575,0.0
O0041973,D0289,True,35.82562130387169,0.0
O0042098,D0270,True,22.83741712037973,0.0
O0042113,D0104,True,40.95065509367336,0.0
O0041912,D0007,True,19.87479718434693,0.0
O0041688,D0290,True,88.05782709124799,0.0
O0042371,D0160,True,80.40171179195497,0.0
O0042328,D0240,True,43.7004374841143,0.0
O0042349,D0177,True,30.626583786562737,0.0
O0042116,D0084,True,23.875403196864767,0.0
O0041845,D0150,True,31.604382574978295,0.0
O0042190,D0008,True,43.92285243922856,0.0
O0041962,D0111,True,30.232734643099274,0.0
O0041767,D0260,True,36.76270716046238,0.0
O0041713,D0094,True,37.95338985203572,0.0
O0042195,D0193,True,31.29715915521643,0.0
O0041963,D0155,True,23.628557525396207,0.0
O0042257,D0244,True,28.776009897169754,0.0
O0042273,D0297,True,28.608291948319554,0.0
O0041941,D0281,True,26.37667621777376,0.0
O0041954,D0044,True,44.405445048291654,0.0
O0041998,D0137,True,42.83832705597416,0.0
O0041814,D0220,True,34.561067140277046,0.0
O0042249,D0196,True,34.95714331237839,0.0
O0042068,D0000,True,31.098329486286183,0.0
O0041967,D0293,True,32.025260015376,0.0
O0042400,D0206,True,110.85332670311014,0.0
O0041731,D0077,True,24.92275284417268,0.0
O0041836,D0011,True,32.100752920243416,0.0
O0042369,D0014,True,35.81236101555622,0.0
O0042192,D0247,True,25.782053288522818,0.0
O0042003,D0204,True,64.28866684973008,0.0
O0041732,D0157,True,29.452372802981678,0.0
O0041867,D0169,True,37.85155764343112,0.0
O0042271,D0217,True,18.626718033439005,0.0
O0042074,D0133,True,75.55134593704646,0.0
O0041791,D0267,True,19.541892216085465,0.0
O0042327,D0296,True,56.68220409814989,0.0
O0042288,D0051,True,23.547992506435644,0.0
O0041851,D0299,True,35.19001683587351,0.0
O0042041,D0087,True,27.165632434155107,0.0
O0041840,D0185,True,23.604014345646736,0.0
O0042407,D0103,True,53.562740573906204,0.0
O0042374,D0168,True,93.02374988947797,0.0
O0041770,D0203,True,17.205462109219148,0.0
O0042235,D0066,True,31.534015210329763,0.0
O0041991,D0139,True,44.26777347557627,0.0
O0041856,D0272,True,24.941984770296028,0.0
O0041709,D0110,True,31.88427282919284,0.0
O0041916,D0275,True,21.771652747815708,0.0
O0041978,D0071,True,21.603765481096566,0.0
O0041729,D0089,True,45.869071491447734,0.0
O0042002,D0264,True,27.745569583692916,0.0
O0042054,D0052,True,24.32279109399023,0.0
O0041919,D0072,True,18.562018587831503,0.0
O0041862,D0175,True,33.62948507500061,0.0
O0042326,D0198,True,40.047996310094916,0.0
O0042413,D0073,True,23.254133980006127,0.0
O0042347,D0250,True,29.116281879996198,0.0
O0042237,D0262,True,50.46447950832624,0.0
O0042267,D0143,True,18.983237556991163,0.0
O0041822,D0114,True,31.180885962386572,0.0
O0041931,D0080,True,19.757696221828088,0.0
O0042335,D0176,True,25.055697042770937,0.0
O0041720,D0210,True,28.186642369778227,0.0
O0042270,D0249,True,30.376245722568264,0.0
O0041846,D0061,True,31.443817749544724,0.0
O0041870,D0234,True,23.62759197074402,0.0
O0042342,D0294,True,22.95657469502238,0.0
O0041878,D0070,True,31.656551955798253,0.0
O0041975,D0239,True,20.011733077186733,0.0
O0042159,D0295,True,16.498388121854443,0.0
O0042376,D0108,True,22.367166935495714,0.0
O0042117,D0228,True,39.58036359624831,0.0
O0041715,D0221,True,33.61526493081833,0.0
O0041692,D0135,True,35.434977114374675,0.0
O0041712,D0188,True,74.50306255816028,0.0
O0041705,D0162,True,39.58657028690399,0.0
O0042412,D0116,True,86.43143885798744,0.0
O0041877,D0035,True,33.46421589939786,0.0
O0041875,D0183,True,25.952586523686048,0.0
O0042112,D0298,True,26.436919815798245,0.0
O0042189,D0208,True,43.408352615683455,0.0
O0041760,D0096,True,23.449786625196143,0.0
O0041834,D0055,True,33.662406334142815,0.0
O0041777,D0226,True,22.025072539786827,0.0
O0041788,D0018,True,25.335210465796994,0.0
O0042397,D0126,True,32.16032356599999,0.0
O0042388,D0276,True,29.422657906453548,0.0
O0042182,D0064,True,24.551874462489,0.0
O0042062,D0082,True,27.831024714202304,0.0
O0041717,D0113,True,100.78926504395731,0.0
O0042037,D0190,True,17.96899169565462,0.0
O0041918,D0231,True,36.835391753806675,0.0
O0042268,D0058,True,55.536263360537056,0.0
O0042080,D0065,True,32.17972594673354,0.0
O0042392,D0237,True,41.56704847028867,0.0
O0042028,D0268,True,25.753590255183635,0.0
O0042153,D0182,True,30.2626672624893,0.0
O0041671,D0273,True,17.63839241400278,0.0
O0041783,D0066,True,81.42531860638788,0.0
O0042361,D0146,True,31.4607676760188,0.0
O0042302,D0003,True,16.27457318694337,0.0
O0042229,D0119,True,27.272322215742175,0.0
O0041803,D0078,True,39.208781694091634,0.0
O0042096,D0279,True,97.20268826642749,0.0
O0041893,D0163,True,32.43011150241053,0.0
O0042289,D0212,True,20.401223751886494,0.0
O0042307,D0238,True,23.337192643285892,0.0
O0042136,D0205,True,47.185894284570566,0.0
O0041923,D0098,True,28.11222610388816,0.0
O0042185,D0280,True,63.78406680770625,0.0
O0041697,D0165,True,19.64409088150218,0.0
O0042198,D0140,True,22.251188614299263,0.0
O0042145,D0100,True,23.06803433743845,0.0
O0041754,D0118,True,31.956632235807827,0.0
O0041914,D0123,True,26.322474270286783,0.0
O0042016,D0003,True,17.45130250746863,0.0
O0041756,D0192,True,24.305024384927943,0.0
O0042313,D0027,True,23.03136014238841,0.0
O0041837,D0117,True,25.077234594704883,0.0
O0042393,D0233,True,18.614546722090548,0.0
O0042364,D0112,True,26.945322141201224,0.0
O0042168,D0253,True,38.74519214564143,0.0
O0042422,D0012,True,24.66474653794596,0.0
O0042063,D0043,True,25.761990341751403,0.0
O0042132,D0015,True,26.30922589940282,0.0
O0042005,D0161,True,39.399803532380474,0.0
O0041669,D0261,True,29.724995244716368,0.0
O0042403,D0115,True,25.230627814771932,0.0
O0041772,D0247,True,36.686559632494784,0.0
O0042147,D0041,True,27.744755314573712,0.0
O0042262,D0274,True,33.501933603209395,0.0
O0041769,D0287,True,33.907907196700855,0.0
O0042128,D0184,True,30.926320562121898,0.0
O0041843,D0069,True,26.909252440956713,0.0
O0042094,D0033,True,44.56258817918518,0.0
O0042212,D0056,True,19.29822697812193,0.0
O0041816,D0132,True,22.649608995125,0.0
O0042014,D0083,True,23.273161757414467,0.0
O0042114,D0200,True,70.89665751507157,0.0
O0041824,D0288,True,18.991252812149725,0.0
O0042000,D0299,True,46.28721517756541,0.0
O0042115,D0242,True,35.970028009779284,0.0
O0042050,D0254,True,29.678834400290427,0.0
O0042354,D0028,True,89.16251816097885,0.0
O0041924,D0063,True,35.86278002438151,0.0
O0042303,D0009,True,45.91410495169896,0.0
O0042102,D0207,True,48.2658727606406,0.0
O0042246,D0286,True,34.890507490758885,0.0
O0042301,D0019,True,24.164725532277988,0.0
O0041913,D0217,True,25.537738080135103,0.0
O0042012,D0154,True,22.753202525209783,0.0
O0041997,D0005,True,38.77920816155539,0.0
O0042006,D0044,True,18.468356879251658,0.0
O0042091,D0187,True,36.624926355695735,0.0
O0041682,D0235,True,45.89689672609088,0.0
O0042073,D0148,True,20.47474606822942,0.0
O0041906,D0106,True,48.219193747205615,0.0
O0042152,D0295,True,26.85687434745929,0.0
O0042337,D0172,True,25.6812435823931,0.0
O0041745,D0277,True,28.469443172376447,0.0
O0042111,D0180,True,33.69176927943514,0.0
O0041859,D0222,True,31.52409833499502,0.0
O0041948,D0156,True,22.27283062318168,0.0
O0042085,D0258,True,41.020469662000416,0.0
O0042280,D0143,True,37.23144718755436,0.0
O0042208,D0057,True,18.53390368213371,0.0
O0041876,D0158,True,25.66295399109083,0.0
O0041946,D0178,True,19.20026265042696,0.0
O0042046,D0284,True,27.347891242176427,0.0
O0041751,D0000,True,39.39709110276893,0.0
O0042052,D0278,True,39.61057757111851,0.0
O0041865,D0032,True,30.42763162207311,0.0
O0041737,D0134,True,33.52274624129468,0.0
O0041858,D0209,True,46.39534175382463,0.0
O0042411,D0059,True,39.35859694052009,0.0
O0042363,D0084,True,31.98603320435949,0.0
O0042058,D0203,True,24.739861290451348,0.0
O0042324,D0130,True,26.274731304480227,0.0
O0041746,D0246,True,32.38375832725918,0.0
O0041719,D0016,True,31.397263572936634,0.0
O0042013,D0280,True,26.36208650312419,0.0
O0041950,D0128,True,37.07681845885824,0.0
O0041958,D0212,True,17.86544958893375,0.0
O0042163,D0093,True,32.6024979237129,0.0
O0042048,D0020,True,49.21444575101154,0.0
O0042155,D0252,True,27.558805042823284,0.0
O0042263,D0030,True,47.914846817256425,0.0
O0042384,D0007,True,37.51459669619848,0.0
O0041695,D0054,True,21.066435802131313,0.0
O0042357,D0214,True,18.478903496365763,0.0
O0042044,D0272,True,17.698622857210623,0.0
O0042045,D0038,True,40.80237115153424,0.0
O0042210,D0165,True,17.26444012609997,0.0
O0042138,D0295,True,31.135345018336007,0.0
O0042186,D0027,True,24.236016604582453,0.0
O0041747,D0181,True,24.07204176708535,0.0
O0042088,D0022,True,22.628137765231315,0.0
O0041820,D0107,True,24.439756568008697,0.0
O0042373,D0199,True,23.922826572700277,0.0
O0042386,D0031,True,25.5139791508926,0.0
O0041673,D0247,True,39.16416045888485,0.0
O0041883,D0040,True,38.14340900967794,0.0
O0042056,D0090,True,36.01987460414427,0.0
O0041785,D0101,True,26.116020114249494,0.0
O0041980,D0062,True,22.804938317848684,0.0
O0041985,D0053,True,20.297857121086523,0.0
O0042340,D0138,True,23.6542665401187,0.0
O0042018,D0143,True,24.395802553746886,0.0
O0041685,D0299,True,97.24639524593006,0.0
O0041733,D0227,True,29.218240099095983,0.0
O0042265,D0239,True,39.091707923113304,0.0
O0042293,D0186,True,28.295577276855674,0.0
O0042089,D0218,True,24.114663224916118,0.0
O0042142,D0272,True,69.8828985526222,0.0
O0042319,D0217,True,30.07353721722355,0.0
O0042205,D0136,True,17.36443929833488,0.0
O0042092,D0194,True,16.249665322415122,0.0
O0041930,D0075,True,43.14361609906865,0.0
O0042072,D0174,True,39.19965558536665,0.0
O0042306,D0023,True,25.351815849289498,0.0
O0042266,D0037,True,24.84735965629878,0.0
O0041993,D0283,True,28.067851544120835,0.0
O0042418,D0170,True,31.548381170875405,0.0
O0042055,D0121,True,31.570132794046422,0.0
O0042409,D0093,True,35.53911676743673,0.0
O0041680,D0099,True,32.3726462741087,0.0
O0042251,D0298,True,21.54894309117829,0.0
O0042294,D0197,True,35.2862883477928,0.0
O0041691,D0107,True,18.411374428982036,0.0
O0041802,D0152,True,33.37113498188433,0.0
O0042222,D0238,True,26.158274796269982,0.0
O0042065,D0282,True,35.346267619846515,0.0
O0042394,D0173,True,89.84798738453975,0.0
O0041949,D0015,True,41.35198116974301,0.0
O0042026,D0017,True,32.75670205453982,0.0
O0042047,D0141,True,33.006019847818855,0.0
O0041861,D0050,True,24.87108227509823,0.0
O0042424,D0087,True,25.722721663146633,0.0
O0041989,D0285,True,39.52135508366755,0.0
O0041716,D0115,True,49.72739148525606,0.0
O0041728,D0157,True,38.72359477302085,0.0
O0041872,D0102,True,34.0728605280624,0.0
O0041724,D0029,True,43.021439469836146,0.0
O0042429,D0084,True,30.6732621758313,0.0
O0041964,D0027,True,34.06334798497142,0.0
O0042346,D0271,True,19.435462168815192,0.0
O0041848,D0037,True,27.73866186366373,0.0
O0041687,D0191,True,27.22381876427929,0.0
O0042236,D0226,True,35.65710713073452,0.0
O0041897,D0252,True,50.75519326452354,0.0
O0042290,D0131,True,26.035780085542704,0.0
O0042120,D0136,True,31.89792974721059,0.0
O0042308,D0172,True,84.83021692109605,0.0
O0042231,D0214,True,25.744728285622827,0.0
O0041693,D0053,True,41.70409144771929,0.0
O0042421,D0230,True,28.35464997939894,0.0
O0042272,D0062,True,30.592592139443095,0.0
O0041768,D0145,True,25.84559820626134,0.0
O0041665,D0043,True,23.611047913873207,0.0
O0041792,D0231,True,56.08856415788052,0.0
O0042402,D0265,True,38.812462506996766,0.0
O0042318,D0072,True,35.53170646168793,0.0
O0042176,D0263,True,39.22170939606062,0.0
O0042254,D0178,True,65.70137408645482,0.0
O0042124,D0032,True,26.5459610111158,0.0
O0042140,D0108,True,18.96642062977903,0.0
O0041797,D0025,True,67.57792913729949,0.0
O0042141,D0122,True,29.479136469010516,0.0
O0042269,D0131,True,101.02126000105892,0.0
O0041996,D0215,True,24.03136858323706,0.0
O0041696,D0079,True,40.54026940861701,0.0
O0041935,D0081,True,26.825731370459113,0.0
O0041821,D0155,True,19.44446664650362,0.0
O0041976,D0247,True,110.22782633727174,0.0
O0042344,D0288,True,23.417846338333888,0.0
O0041703,D0179,True,35.94456198149048,0.0
O0042126,D0275,True,21.936822907592,0.0
O0042067,D0255,True,50.73306319618945,0.0
O0041881,D0030,True,32.73325630737667,0.0
O0041968,D0236,True,25.52860026662672,0.0
O0041915,D0080,True,19.996167912444022,0.0
O0042029,D0283,True,74.55351881197078,0.0
O0042020,D0000,True,59.24620423180314,0.0
O0042391,D0052,True,19.91391200383792,0.0
O0042258,D0298,True,37.24927540557287,0.0
O0042216,D0019,True,38.12681971191663,0.0
O0041880,D0117,True,33.33924964441261,0.0
O0041721,D0217,True,29.172189830556746,0.0
O0042017,D0157,True,46.57800524913241,0.0
O0042023,D0203,True,24.433554546055465,0.0
O0041864,D0104,True,51.34482148980632,0.0
O0041723,D0068,True,27.824840438961125,0.0
O0042064,D0155,True,26.47347647448265,0.0
O0042158,D0047,True,31.716599863282614,0.0
O0041681,D0285,True,31.226921053389837,0.0
O0041749,D0077,True,31.754710764392993,0.0
O0042188,D0087,True,108.136257888911,0.0
O0042174,D0234,True,27.85636364477896,0.0
O0041863,D0003,True,37.36008815789098,0.0
O0041992,D0073,True,24.92876814516287,0.0
O0041808,D0026,True,51.26532254104431,0.0
O0041868,D0147,True,28.706648390716566,0.0
O0041748,D0273,True,27.666986773342224,0.0
O0042078,D0189,True,23.929297013866833,0.0
O0042123,D0036,True,48.202001359604665,0.0
O0042213,D0203,True,38.194400526612704,0.0
O0042060,D0229,True,24.277816503101278,0.0
O0042175,D0168,True,30.148840840646017,0.0
O0042104,D0073,True,27.207539591610114,0.0
O0042131,D0060,True,44.727603558606226,0.0
O0041987,D0049,True,40.07181498126909,0.0
O0042362,D0212,True,29.57811761160099,0.0
O0042038,D0051,True,124.09254441217828,0.0
O0042042,D0072,True,21.47583025367254,0.0
O0042217,D0275,True,29.234932551465565,0.0
O0042292,D0214,True,20.306615416520426,0.0
O0042314,D0019,True,30.323900452903803,0.0
O0042066,D0061,True,47.71503163282879,0.0
O0042010,D0108,True,37.7251789607781,0.0
O0041959,D0104,True,53.01067988272786,0.0
O0042166,D0294,True,40.10723416877577,0.0
O0041740,D0009,True,40.30556191716893,0.0
O0041759,D0166,True,30.35229463130047,0.0
O0041711,D0129,True,28.091946674024108,0.0
O0042083,D0131,True,52.046203088627074,0.0
O0042378,D0134,True,38.80319019155079,0.0
O0041744,D0203,True,57.433128658405224,0.0
O0041817,D0270,True,47.52659463711746,0.0
O0042227,D0080,True,38.368488587022185,0.0
O0041677,D0136,True,29.184397762010242,0.0
O0042130,D0244,True,86.17120145625901,0.0
O0042033,D0098,True,37.42480927087189,0.0
O0041986,D0216,True,69.63521315061894,0.0
O0042395,D0046,True,30.299650291521925,0.0
O0042077,D0062,True,32.56533976123054,0.0
O0041686,D0079,True,73.95067768787013,0.0
O0041926,D0263,True,37.431910056190766,0.0
O0041753,D0192,True,43.664389252925744,0.0
O0041743,D0295,True,34.943959165769705,0.0
O0042277,D0155,True,29.243875311239428,0.0
O0041925,D0215,True,97.13926262071422,0.0
O0042248,D0109,True,28.84652117969159,0.0
O0042360,D0086,True,27.17843280020034,0.0
O0041857,D0143,True,43.28532411202591,0.0
O0041672,D0084,True,55.86735978319161,0.0
O0042247,D0150,True,74.1131344458751,0.0
O0042087,D0298,True,41.44603180932457,0.0
O0042139,D0060,True,38.99262713090658,0.0
O0041734,D0233,True,31.15365110444262,0.0
O0042184,D0241,True,31.304302368412966,0.0
O0042103,D0043,True,39.996692897541934,0.0
O0042287,D0212,True,51.170005086052015,0.0
O0041882,D0037,True,122.70975584709232,0.0
O0041990,D0122,True,31.155802974748756,0.0
O0042284,D0171,True,33.634787825964914,0.0
O0041979,D0046,True,34.24070878435487,0.0
O0042196,D0180,True,37.35293792777665,0.0
O0041757,D0036,True,26.19119334517216,0.0
O0041839,D0123,True,49.1265553797982,0.0
O0042167,D0027,True,26.532958305561984,0.0
O0041742,D0136,True,53.34083391042441,0.0
O0041825,D0062,True,58.94632022271412,0.0
O0042311,D0159,True,96.95054258658611,0.0
O0041798,D0229,True,22.95845549925245,0.0
O0041971,D0249,True,29.59110493637981,0.0
O0042250,D0260,True,112.925054771944,0.0
O0042181,D0198,True,84.38862467888005,0.0
O0042206,D0217,True,48.153720998121415,0.0
O0042162,D0113,True,41.62789853625055,0.0
O0042199,D0039,True,68.4325121223305,0.0
O0042015,D0131,True,38.41483525905564,0.0
O0042224,D0221,True,33.64784565553732,0.0
O0042387,D0124,True,34.31204812453325,0.0
O0042051,D0042,True,26.630404577544017,0.0
O0041684,D0155,True,22.83187631544875,0.0
O0042187,D0099,True,28.824007970443596,0.0
O0041804,D0000,True,55.00682885426389,0.0
O0041944,D0130,True,26.212470475788397,0.0
O0042209,D0143,True,36.82151657255002,0.0
O0042043,D0053,True,62.70278236702763,0.0
O0041690,D0248,True,36.39835720094298,0.0
O0042036,D0275,True,37.25383317745415,0.0
O0042299,D0295,True,38.14522582090988,0.0
O0042049,D0104,True,38.66414090726685,0.0
O0042399,D0157,True,40.76157150858745,0.0
O0041699,D0297,True,53.578365952459876,0.0
O0041782,D0122,True,55.265298670433864,0.0
O0041773,D0270,True,48.72095926300865,0.0
O0041855,D0229,True,51.62528431588419,0.0
O0041667,D0241,True,33.597224142856,0.0
O0041795,D0050,True,26.314611481248544,0.0
O0041853,D0055,True,61.036469350879486,0.0
O0041977,D0189,True,21.931197761228418,0.0
O0042356,D0107,True,44.06337847439921,0.0
O0042144,D0129,True,90.6570641769528,0.0
O0041707,D0165,True,68.18913313208772,0.0
O0041812,D0204,True,53.81907135322516,0.0
O0041899,D0084,True,41.41979531902204,0.0
O0042255,D0091,True,46.97892425350577,0.0
O0041725,D0298,True,145.1064877626345,0.0
O0041886,D0088,True,30.776909967212855,0.0
O0041776,D0117,True,31.98900394287377,0.0
O0041710,D0251,True,34.007276304779054,0.0
O0042081,D0032,True,57.09076300422317,0.0
O0041831,D0072,True,40.17188036634057,0.0
O0041847,D0172,True,63.84079571073804,0.0
O0041784,D0103,True,33.18093606711457,0.0
O0041920,D0188,True,32.52379791051785,0.0
O0041842,D0168,True,103.5197145481517,0.0
O0041718,D0177,True,57.28832355988156,0.0
O0041982,D0006,True,30.917012329831003,0.0
O0042133,D0012,True,27.515060055658182,0.0
O0042420,D0073,True,37.37724012777876,0.0
O0042151,D0269,True,47.2946103133219,0.0
O0042053,D0133,True,46.41545649791535,0.0
O0042256,D0262,True,76.97865391609344,0.0
O0041850,D0068,True,44.439337291698806,0.0
O0041811,D0099,True,37.089418590178454,0.0
O0042160,D0227,True,28.678526690033923,0.0
O0042183,D0008,True,59.71975751173102,0.0
O0041905,D0027,True,41.31991663927527,0.0
O0042390,D0278,True,36.4606222293681,0.0
O0042276,D0042,True,26.962610912038652,0.0
O0042339,D0065,True,49.49339707226849,0.0
O0041969,D0144,True,44.51298691121038,0.0
O0042383,D0206,True,39.19690761866629,0.0
O0041764,D0018,True,46.022546412702894,0.0
O0042150,D0256,True,49.58826807215762,0.0
O0041752,D0046,True,69.48423676847383,0.0
O0041844,D0287,True,116.445677305679,0.0
O0042325,D0131,True,48.25674164228003,0.0
O0042191,D0189,True,47.07577312319537,0.0
O0042122,D0143,True,43.77854671550649,0.0
O0042358,D0104,True,66.0101355870527,0.0
O0042200,D0182,True,34.51147256070045,0.0
O0041955,D0217,True,62.58738145172869,0.0
O0041781,D0007,True,28.119089726770664,0.0
O0042283,D0193,True,29.091321653823883,0.0
O0041704,D0140,True,39.60648011219082,0.0
O0041722,D0157,True,39.591566703158286,0.0
O0041887,D0202,True,28.808605493004663,0.0
O0042401,D0295,True,38.45654422905045,0.0
O0041738,D0015,True,54.44680076012871,0.0
O0042202,D0234,True,29.59056770326742,0.0
O0041988,D0267,True,33.766390675966036,0.0
O0041874,D0273,True,30.39144430907159,0.0
O0042316,D0185,True,29.934926045174656,0.0
O0041779,D0253,True,41.476428981273465,0.0
O0042414,D0043,True,64.77200450602265,0.0
O0042427,D0097,True,33.74597905094025,0.0
O0042135,D0086,True,53.29954306698353,0.0
O0041911,D0244,True,37.31541042548955,0.0
O0042178,D0064,True,37.013114162565635,0.0
O0041698,D0085,True,68.87259202688787,0.0
O0042211,D0025,True,77.01426295939883,0.0
O0042099,D0049,True,32.92655705122979,0.0
O0042312,D0074,True,27.548166377558424,0.0
O0042330,D0243,True,35.539864167803444,0.0
O0041901,D0221,True,119.66523049287963,0.0
O0042137,D0279,True,30.95713900727124,0.0
O0042007,D0290,True,46.76036306959255,0.0
O0041700,D0100,True,27.093461416123777,0.0
O0041984,D0138,True,24.287356515039747,0.0
O0042404,D0127,True,32.48406574459964,0.0
O0042323,D0000,True,41.1073555651374,0.0
O0041871,D0093,True,41.65560194930351,0.0
O0041679,D0151,True,58.315329241854215,0.0
O0041666,D0006,True,30.652603739512433,0.0
O0041922,D0166,True,29.156843004819827,0.0
O0042059,D0107,True,50.624888567503795,0.0
O0042148,D0134,True,27.620711554400817,0.0
O0041775,D0190,True,51.336963814091206,0.0
O0042310,D0084,True,72.0002689393473,0.0
O0042226,D0229,True,58.22240000873901,0.0
O0042345,D0045,True,28.400641175761105,0.0
O0042315,D0088,True,21.75385924181755,0.0
O0042069,D0171,True,38.86696600107648,0.0
O0041900,D0255,True,33.33368868971691,0.0
O0042297,D0294,True,38.78338539302651,0.0
O0042075,D0010,True,42.889191609505346,0.0
O0042309,D0297,True,57.29157156327449,0.0
O0042368,D0108,True,59.21204735023673,0.0
O0041943,D0234,True,36.17450051812394,0.0
O0041694,D0012,True,36.24885664497886,0.0
O0041947,D0193,True,30.302425383323868,0.0
O0041956,D0092,True,33.34750904559169,0.0
O0042408,D0233,True,38.634226830679864,0.0
O0042230,D0112,True,57.55673328283206,0.0
O0042173,D0027,True,42.67509714102797,0.0
O0041761,D0202,True,28.037652462059803,0.0
O0042298,D0177,True,45.395229142977534,0.0
O0042011,D0200,True,70.90953348311932,0.0
O0042241,D0007,True,40.43871134498988,0.0
O0041739,D0181,True,38.284833127818935,0.0
O0041838,D0192,True,43.573453145023734,0.0
O0042110,D0158,True,31.443100095945784,0.0
O0041970,D0248,True,55.93596938077268,0.0
O0042001,D0073,True,41.166408620514005,0.0
O0041953,D0126,True,25.4256350716638,0.0
O0042375,D0099,True,19.938456612063916,0.0
O0041799,D0167,True,32.006606840526494,0.0
O0042031,D0236,True,34.310077746048194,0.0
O0042405,D0057,True,27.50793950918082,0.0
O0042024,D0165,True,50.915625413054606,0.0
O0041974,D0213,True,92.12773798813785,0.0
O0041708,D0097,True,29.641892669258972,0.0
O0041983,D0185,True,44.049086387444554,0.0
O0042232,D0225,True,26.41788690082403,0.0
O0042079,D0249,True,44.514348819072595,0.0
O0042218,D0218,True,25.034276878953815,0.0
O0041833,D0117,True,39.40937470571204,0.0
O0041929,D0131,True,34.141604687594516,0.0
O0041938,D0145,True,32.864701199242,0.0
O0042317,D0243,True,24.718938942750068,0.0
O0041921,D0035,True,34.22437247738376,0.0
O0041841,D0070,True,41.907791306287024,0.0
O0042417,D0077,True,27.75366379884492,0.0
O0042027,D0238,True,21.720346808638492,0.0
O0042238,D0000,True,50.04751020036327,0.0
O0042177,D0024,True,43.19264481236709,0.0
O0042101,D0153,True,40.55370567867342,0.0
O0041932,D0155,True,92.33403431620947,0.0
O0042221,D0245,True,120.91000607886662,0.0
O0042032,D0130,True,43.06842961002762,0.0
O0042243,D0201,True,45.16351090808576,0.0
O0041890,D0212,True,25.562073975638665,0.0
O0041960,D0281,True,35.755474473934896,0.0
O0041904,D0255,True,26.84155192442614,0.0
O0042261,D0275,True,54.88563933859471,0.0
O0041726,D0157,True,42.00927718694147,0.0
O0041762,D0273,True,25.40941683351324,0.0
O0041994,D0067,True,25.640877471567364,0.0
O0041892,D0184,True,20.325640788740934,0.0
O0041806,D0093,True,57.29999228574631,0.0
O0042197,D0104,True,47.30967015714051,0.0
O0041813,D0124,True,44.6919490356914,0.0
O0042264,D0017,True,37.44731258177851,0.0
O0042259,D0050,True,33.18853950454782,0.0
O0042278,D0224,True,29.32157390504138,0.0
O0042332,D0015,True,41.583183667691245,0.0
O0042057,D0096,True,36.771555770592144,0.0
O0042086,D0111,True,29.81478515444979,0.0
O0041894,D0046,True,77.59241433345971,0.0
O0042143,D0027,True,30.7629348921271,0.0
O0041891,D0095,True,98.22161273097419,0.0
O0042082,D0226,True,20.099574472630806,0.0
O0042008,D0126,True,28.55334337355468,0.0
O0041819,D0007,True,75.51872868346872,0.0
O0041873,D0143,True,28.457795022515423,0.0
O0042220,D0054,True,37.43816017747706,0.0
O0042406,D0217,True,24.351473499473624,0.0
O0041896,D0238,True,24.146945872005926,0.0
O0042416,D0016,True,40.263710562145015,0.0
O0042260,D0069,True,20.822231663994703,0.0
O0042282,D0211,True,37.7336395151828,0.0
O0041879,D0218,True,37.95894675854652,0.0
O0041702,D0167,True,33.92372438218821,0.0
O0042352,D0236,True,25.739911435142844,0.0
O0041907,D0257,True,43.55558759877363,0.0
O0042425,D0288,True,40.170729675576226,0.0
O0042169,D0273,True,29.01494662614541,0.0
O0042030,D0051,True,37.884278689894586,0.0
O0042219,D0249,True,31.767268619855788,0.0
O0042381,D0105,True,29.83644050288531,0.0
O0042109,D0115,True,60.297606518362194,0.0
O0041807,D0186,True,49.78432733912703,0.0
O0041828,D0191,True,20.926486796618633,0.0
O0041869,D0012,True,19.591683477095003,0.0
O0042021,D0035,True,17.507843245195218,0.0
O0042379,D0131,True,35.36433926617685,0.0
O0042146,D0225,True,34.496045024027026,0.0
O0042100,D0243,True,29.006709801331166,0.0
O0042304,D0003,True,40.791191429809565,0.0
O0042154,D0043,True,35.89379345348617,0.0
O0041787,D0177,True,38.51692388820931,0.0
O0042296,D0082,True,24.652806804088947,0.0
O0041818,D0099,True,37.943285837108064,0.0
O0042245,D0069,True,25.824702848072704,0.0
O0041895,D0068,True,55.849064961748226,0.0
O0041999,D0263,True,106.98574691024434,0.0
O0041736,D0027,True,26.487027272235657,0.0
O0042097,D0287,True,113.04384363892376,0.0
O0042365,D0088,True,41.15048853665448,0.0
O0042119,D0178,True,28.56240670936735,0.0
O0041763,D0015,True,32.98358123570997,0.0
O0041793,D0106,True,74.78613494455357,0.0
O0041889,D0111,True,21.670401689001622,0.0
O0042171,D0056,True,34.21054019482306,0.0
O0042334,D0274,True,39.36115661842279,0.0
O0042351,D0008,True,29.090262791741893,0.0
O0042341,D0226,True,28.511193146780272,0.0
O0041908,D0217,True,27.946229299989486,0.0
O0042367,D0252,True,38.04683327506192,0.0
O0041683,D0034,True,33.27560857960511,0.0
O0042129,D0157,True,28.390228908437145,0.0
O0041940,D0194,True,37.44355153517825,0.0
O0042382,D0022,True,46.97285741914142,0.0
O0042223,D0082,True,70.79937779821357,0.0
O0041778,D0074,True,27.627964787288562,0.0
O0042105,D0051,True,22.578097459249438,0.0
O0041936,D0241,True,35.45644510090085,0.0
O0042039,D0191,True,35.00628925730447,0.0
O0042225,D0211,True,40.460036078437824,0.0
O0041676,D0193,True,36.9475931830206,0.0
O0042121,D0104,True,32.958305269212836,0.0
O0041888,D0183,True,33.25804353362791,0.0
O0041727,D0248,True,36.05391660274814,0.0
O0041670,D0118,True,24.849358279596643,0.0
O0041758,D0267,True,35.40388941018105,0.0
O0041934,D0013,True,19.011931805498417,0.0
O0042305,D0145,True,25.882118085144672,0.0
O0042385,D0035,True,32.94447779608737,0.0
O0041706,D0052,True,38.94154331237257,0.0
O0042331,D0117,True,41.7121645627657,0.0
O0041902,D0164,True,30.47692270427285,0.0
O0042389,D0177,True,26.278416340836564,0.0
O0042125,D0017,True,28.345247461456665,0.0
O0042428,D0215,True,31.24600702299036,0.0
O0042215,D0236,True,36.43590441814128,0.0
O0042300,D0273,True,22.01996852568385,0.0
O0041750,D0148,True,29.768020420642927,0.0
O0042214,D0135,True,29.690938325418507,0.0
O0042004,D0249,True,30.237287750683315,0.0
O0042366,D0002,True,33.67380444381371,0.0
O0042253,D0042,True,41.051793082243215,0.0
O0041951,D0012,True,31.551284712727956,0.0
O0041952,D0131,True,85.64869697870328,0.0
O0042355,D0134,True,55.716763220467534,0.0
O0041701,D0226,True,43.98942110004947,0.0
O0041755,D0125,True,31.17359051815022,0.0
O0042118,D0157,True,42.287491906924664,0.0
O0042157,D0274,True,56.48255768003746,0.0
O0041766,D0160,True,85.45131600742197,0.0
O0042061,D0217,True,110.10856988233111,0.0
O0041885,D0013,True,21.409609184803518,0.0
O0042415,D0044,True,31.57486150421828,0.0
O0041735,D0140,True,28.019234498932605,0.0
O0041794,D0266,True,38.4767993955841,0.0
O0041860,D0032,True,43.17831476552577,0.0
O0042295,D0111,True,31.62018419346805,0.0
O0042321,D0264,True,38.76296164468142,0.0
O0041854,D0110,True,29.306163310019073,0.0
O0041966,D0255,True,20.446497375426894,0.0
O0042274,D0154,True,18.527727864331467,0.0
O0042204,D0184,True,19.424575829044965,0.0
O0042093,D0022,True,36.254769911956586,0.0
O0042244,D0135,True,31.07519647643001,0.0
O0042353,D0177,True,97.84286652153843,0.0
O0041957,D0148,True,26.99877240986673,0.0
O0042106,D0224,True,27.584544277825792,0.0
O0041801,D0271,True,22.03052811724673,0.0
O0042419,D0280,True,89.67189590204266,0.0
O0041945,D0051,True,40.27691861438681,0.0
O0042410,D0099,True,21.85335223730142,0.0
O0042281,D0168,True,53.37106806408631,0.0
O0042164,D0069,True,35.201605186264516,0.0
O0042108,D0117,True,28.025541587313587,0.0
O0042207,D0273,True,30.98143944613083,0.0
O0041774,D0290,True,70.75858257414657,0.0
O0042107,D0104,True,34.63221329002968,0.0
O0041789,D0214,True,26.150016973686967,0.0
O0042286,D0042,True,23.9379430916244,0.0
O0042179,D0156,True,29.067007974013194,0.0
O0041835,D0164,True,76.74664051864897,0.0
O0041805,D0126,True,20.694922764610816,0.0
O0041790,D0001,True,38.181040128918625,0.0
O0041714,D0017,True,36.32073057087448,0.0
O0041674,D0143,True,27.925031491376195,0.0
O0041786,D0184,True,26.92045550145728,0.0
O0042348,D0206,True,26.31576631196828,0.0
O0042359,D0242,True,28.077503037478888,0.0
O0042350,D0255,True,21.347905955963423,0.0
O0042320,D0000,True,29.578957785501142,0.0
O0042233,D0096,True,24.86436176052619,0.0
O0042240,D0112,True,30.18777430369647,0.0
O0041884,D0210,True,38.33285424585456,0.0
O0041942,D0078,True,31.390009780371702,0.0
O0042370,D0146,True,33.91936298406178,0.0
O0041730,D0166,True,77.91657594588546,0.0
O0041917,D0263,True,94.06758352567353,0.0
O0042242,D0049,True,40.637253575193235,0.0
O0041780,D0266,True,37.36215936054064,0.0
O0042396,D0015,True,34.02305142541003,0.0
O0041961,D0072,True,22.676488449718377,0.0
O0041827,D0241,True,28.15488311870453,0.0
O0041741,D0248,True,30.09830785887299,0.0
O0042161,D0269,True,23.21541259764933,0.0
O0042172,D0233,True,21.0807114875922,0.0
O0042201,D0171,True,25.138515446765734,0.0
O0042090,D0214,True,42.57366067209362,0.0
O0042423,D0196,True,30.092546659597822,0.0
O0042203,D0189,True,37.88009259905369,0.0
O0041829,D0035,True,22.209556504289868,0.0
O0042239,D0069,True,21.708879003811603,0.0
O0042193,D0084,True,20.92923594454783,0.0
O0042234,D0276,True,22.49064254932904,0.0
O0042127,D0184,True,25.746608388617343,0.0
O0042228,D0017,True,27.81859060862662,0.0
O0041800,D0271,True,21.430344802107,0.0
O0042170,D0000,True,37.82284610870746,0.0
O0041933,D0078,True,23.764887962770157,0.0
O0042035,D0160,True,48.489053762801895,0.0
O0042022,D0233,True,20.783758845063733,0.0
O0042377,D0057,True,23.742048969231853,0.0
O0042336,D0009,True,28.88629997083506,0.0
O0042180,D0022,True,92.17883542299961,0.0
O0042380,D0290,True,21.269478003157257,0.0
O0041765,D0077,True,21.202136935421205,0.0
O0042343,D0282,True,27.917281781120636,0.0
O0041675,D0297,True,31.181957245173137,0.0
O0041928,D0088,True,24.709845108963396,0.0
O0042034,D0280,True,44.66647227127386,0.0
O0041830,D0013,True,25.280432172334073,0.0
O0041810,D0189,True,27.756328722215795,0.0
O0042279,D0223,True,23.68667267546064,0.0
O0042398,D0234,True,19.657293206457773,0.0
O0041937,D0101,True,31.935848761738303,0.0
O0042084,D0143,True,38.943666286381195,0.0
O0042194,D0266,True,35.269360474066396,0.0
O0041939,D0290,True,33.76718052602211,0.0
O0042275,D0138,True,19.83836920525548,0.0
O0042071,D0233,True,34.846350825767594,0.0
O0042432,D0027,True,21.582163424400257,0.0
O0042514,D0002,True,36.15707048913689,0.0
O0043164,D0078,True,20.064815970273997,0.0
O0043190,D0223,True,19.72724300344244,0.0
O0042918,D0057,True,19.97065255923707,0.0
O0042734,D0290,True,37.03600972570385,0.0
O0042742,D0214,True,26.434385650242824,0.0
O0043008,D0099,True,31.54428448469487,0.0
O0042489,D0035,True,22.341141945821303,0.0
O0042938,D0233,True,31.308606979048598,0.0
O0042941,D0088,True,29.72075711782358,0.0
O0042825,D0241,True,17.320903095201082,0.0
O0042835,D0189,True,23.793201640829146,0.0
O0042725,D0214,True,29.429131450715516,0.0
O0043053,D0225,True,28.239247237008474,0.0
O0042907,D0013,True,18.788565338798172,0.0
O0043025,D0280,True,56.60913367931424,0.0
O0042829,D0027,True,24.518280595726864,0.0
O0043032,D0160,True,18.117897810015194,0.0
O0042842,D0156,True,15.64529042416286,0.0
O0042915,D0072,True,17.50987032697958,0.0
O0042808,D0255,True,47.17109918277236,0.0
O0042444,D0248,True,14.755373141937628,0.0
O0042436,D0000,True,24.1615963399826,0.0
O0042885,D0013,True,27.08120929070265,0.0
O0043198,D0299,True,69.94540719131533,0.0
O0042927,D0241,True,22.136704022062283,0.0
O0042946,D0003,True,31.090817568592175,0.0
O0042951,D0000,True,23.161079426728136,0.0
O0042826,D0027,True,24.092003830884416,0.0
O0042883,D0225,True,22.40297289145598,0.0
O0043175,D0143,True,24.396087547059313,0.0
O0042993,D0211,True,23.909810191150605,0.0
O0043011,D0248,True,17.43066222063441,0.0
O0043087,D0295,True,26.868631720292324,0.0
O0042906,D0105,True,25.29478654216082,0.0
O0043012,D0276,True,21.02509544483152,0.0
O0043222,D0077,True,20.576089653790596,0.0
O0042769,D0078,True,21.73291602224097,0.0
O0042609,D0236,True,16.464902452626184,0.0
O0043047,D0104,True,23.16556302318132,0.0
O0043220,D0241,True,70.27195434652508,0.0
O0042558,D0072,True,25.318804373060566,0.0
O0042785,D0273,True,34.57667275274986,0.0
O0043109,D0135,True,25.387427429450174,0.0
O0042971,D0027,True,35.22851475982333,0.0
O0042569,D0225,True,24.300103835240193,0.0
O0042756,D0224,True,27.949039974849264,0.0
O0042891,D0096,True,25.02189976491829,0.0
O0042741,D0035,True,24.906517920290568,0.0
O0042977,D0202,True,24.693819902862174,0.0
O0042880,D0290,True,58.57005980445828,0.0
O0042552,D0057,True,21.58672792508257,0.0
O0042501,D0015,True,22.238848234501972,0.0
O0042739,D0022,True,19.15897458607052,0.0
O0042869,D0104,True,20.137988850907895,0.0
O0042548,D0271,True,19.372540517756104,0.0
O0043117,D0126,True,20.87644968701278,0.0
O0042624,D0078,True,26.769853149814995,0.0
O0043066,D0022,True,19.599542292076386,0.0
O0043145,D0072,True,36.17593923537559,0.0
O0042729,D0003,True,26.528353783756035,0.0
O0042585,D0021,True,19.903059344345685,0.0
O0043044,D0196,True,33.061107019437436,0.0
O0042507,D0034,True,17.78040150174262,0.0
O0042544,D0223,True,40.06120772064956,0.0
O0043213,D0154,True,21.29510206794462,0.0
O0042720,D0249,True,16.44439747902587,0.0
O0042689,D0156,True,29.552477092359176,0.0
O0042743,D0184,True,20.709671056010393,0.0
O0043211,D0093,True,33.61296534226259,0.0
O0043073,D0108,True,29.005823997770754,0.0
O0042596,D0249,True,16.584780131557935,0.0
O0042468,D0199,True,26.05565043760816,0.0
O0043039,D0158,True,32.48647094212346,0.0
O0042566,D0234,True,31.155506742164434,0.0
O0043146,D0062,True,51.8995618119248,0.0
O0043065,D0034,True,28.56164195057998,0.0
O0043212,D0171,True,33.545107597339985,0.0
O0042733,D0211,True,26.770494267499654,0.0
O0042705,D0263,True,58.7061346742731,0.0
O0042485,D0119,True,29.718677962834093,0.0
O0043037,D0288,True,29.832238334545508,0.0
O0042839,D0233,True,68.74081491516067,0.0
O0042678,D0146,True,28.82217601504087,0.0
O0043176,D0021,True,37.30049605947924,0.0
O0042724,D0236,True,31.03126670382693,0.0
O0042588,D0295,True,27.430320458383896,0.0
O0042848,D0178,True,62.081193731207996,0.0
O0042903,D0013,True,36.69955559649884,0.0
O0043001,D0032,True,18.88205266193102,0.0
O0042447,D0138,True,33.855811156707304,0.0
O0043121,D0249,True,37.33534567321896,0.0
O0043094,D0299,True,33.696642487140785,0.0
O0042439,D0146,True,30.98686456965091,0.0
O0043183,D0118,True,15.711587653848829,0.0
O0042783,D0138,True,20.96392815872795,0.0
O0042541,D0013,True,18.220937971010017,0.0
O0042528,D0236,True,17.92515037341971,0.0
O0042800,D0126,True,30.451878388964715,0.0
O0043140,D0042,True,19.66801746068475,0.0
O0043201,D0057,True,20.907895966998602,0.0
O0042520,D0034,True,22.951822622781453,0.0
O0042779,D0096,True,21.6948614593988,0.0
O0042732,D0241,True,37.7463502932586,0.0
O0042862,D0255,True,46.828820208511225,0.0
O0043171,D0015,True,21.57787902172071,0.0
O0042876,D0202,True,23.43269088575926,0.0
O0042813,D0027,True,21.688685251594677,0.0
O0042792,D0191,True,28.209028348807337,0.0
O0042465,D0136,True,24.402860916215744,0.0
O0042529,D0031,True,24.018127980606483,0.0
O0042823,D0234,True,22.57887003057784,0.0
O0042768,D0156,True,22.328798122105873,0.0
O0043160,D0160,True,25.69894509717102,0.0
O0043052,D0100,True,18.43479361614274,0.0
O0042511,D0194,True,26.566394296129747,0.0
O0042827,D0096,True,33.350510806356425,0.0
O0042749,D0078,True,24.27596438670068,0.0
O0042853,D0041,True,25.283367956530455,0.0
O0042704,D0100,True,19.2696239385676,0.0
O0043048,D0013,True,28.76682371583098,0.0
O0042723,D0099,True,30.280505548693217,0.0
O0042760,D0136,True,20.094341734303015,0.0
O0042990,D0012,True,18.83540141184414,0.0
O0042703,D0073,True,24.3957275146164,0.0
O0042712,D0057,True,36.21723266846455,0.0
O0043174,D0044,True,17.08769648846126,0.0
O0043082,D0297,True,20.968675057603868,0.0
O0043063,D0241,True,69.38424093443629,0.0
O0042715,D0105,True,52.37609194875421,0.0
O0042923,D0097,True,20.166968423534612,0.0
O0042662,D0027,True,39.81252693956761,0.0
O0042912,D0031,True,24.657951611524364,0.0
O0042896,D0015,True,33.66468175874673,0.0
O0042921,D0266,True,21.591660898830483,0.0
O0042737,D0012,True,33.74425241977113,0.0
O0043041,D0143,True,25.012108772826522,0.0
O0042486,D0236,True,29.843433432604503,0.0
O0042473,D0083,True,20.442570603185857,0.0
O0043102,D0167,True,27.80276093397967,0.0
O0043106,D0243,True,22.805521269171848,0.0
O0042972,D0118,True,22.688482180349023,0.0
O0042498,D0218,True,17.69978803980664,0.0
O0043150,D0104,True,24.33102613112009,0.0
O0042851,D0044,True,44.62549281338617,0.0
O0042576,D0084,True,23.52041232816068,0.0
O0042751,D0152,True,56.00542699075743,0.0
O0042466,D0184,True,27.098787514967203,0.0
O0042970,D0112,True,26.626097094485285,0.0
O0043104,D0233,True,49.210434688378,0.0
O0042449,D0157,True,23.209315168935508,0.0
O0043129,D0224,True,65.38771254520287,0.0
O0042746,D0299,True,31.60836012398815,0.0
O0043136,D0073,True,33.76438959883072,0.0
O0042762,D0148,True,43.4127778458147,0.0
O0042617,D0248,True,55.70775584791642,0.0
O0042890,D0134,True,28.351910149223286,0.0
O0042582,D0017,True,30.37145187658633,0.0
O0042483,D0276,True,21.518790147907104,0.0
O0042782,D0100,True,51.053010851301686,0.0
O0042735,D0013,True,32.61682806803613,0.0
O0042686,D0042,True,30.73902820463601,0.0
O0042913,D0236,True,20.92490741666178,0.0
O0042583,D0295,True,19.04009107531176,0.0
O0043236,D0022,True,70.85424685041977,0.0
O0043046,D0069,True,24.1635585447359,0.0
O0043038,D0157,True,35.658015770989984,0.0
O0043114,D0167,True,30.67380279633858,0.0
O0043035,D0251,True,43.587782619435075,0.0
O0042502,D0111,True,21.110255960467207,0.0
O0042819,D0273,True,26.616616510284903,0.0
O0042886,D0243,True,44.84204375695437,0.0
O0043067,D0057,True,20.417774250020546,0.0
O0042597,D0003,True,27.470403052780256,0.0
O0042847,D0140,True,32.346874343759964,0.0
O0043178,D0052,True,28.760668227563173,0.0
O0042821,D0097,True,23.28246227136374,0.0
O0043217,D0083,True,26.872051202760325,0.0
O0043194,D0112,True,32.172665644728085,0.0
O0043125,D0138,True,26.749365898503576,0.0
O0042685,D0105,True,26.19446035133889,0.0
O0042904,D0031,True,28.49932706685212,0.0
O0042761,D0155,True,27.25926943247189,0.0
O0042508,D0211,True,41.1513198009811,0.0
O0043031,D0118,True,25.78468634694122,0.0
O0042916,D0135,True,31.154787712837106,0.0
O0042517,D0199,True,22.02884707841754,0.0
O0042980,D0110,True,29.61329929337343,0.0
O0042663,D0032,True,18.731063673006915,0.0
O0043229,D0093,True,34.12385124109141,0.0
O0042604,D0056,True,27.99468451797441,0.0
O0043230,D0088,True,24.864282779693113,0.0
O0042690,D0098,True,22.180323709115946,0.0
O0042706,D0136,True,55.340573239456546,0.0
O0043216,D0045,True,23.813588425883122,0.0
O0043051,D0077,True,36.85338266341447,0.0
O0042512,D0194,True,17.244189821033743,0.0
O0043113,D0127,True,31.69784178828801,0.0
O0042840,D0130,True,30.384830153859596,0.0
O0042457,D0267,True,23.08536458056904,0.0
O0042895,D0035,True,30.936102998589433,0.0
O0042572,D0015,True,24.588590431912905,0.0
O0042803,D0143,True,30.358523274197253,0.0
O0043024,D0236,True,34.3921813212816,0.0
O0043137,D0276,True,25.34410572181786,0.0
O0042455,D0084,True,23.02974953431194,0.0
O0042574,D0239,True,21.99264560681928,0.0
O0042816,D0241,True,40.32348057611226,0.0
O0042930,D0268,True,29.486615210480643,0.0
O0042553,D0004,True,21.06164155119694,0.0
O0043184,D0043,True,39.273762188055095,0.0
O0042656,D0170,True,21.389105452541344,0.0
O0043185,D0255,True,28.71347287811838,0.0
O0043232,D0069,True,21.752619294042006,0.0
O0042639,D0200,True,24.401323497421068,0.0
O0042538,D0097,True,29.830093247347143,0.0
O0043049,D0231,True,24.325596363335144,0.0
O0042661,D0218,True,25.712665171367476,0.0
O0042643,D0295,True,32.330300268499954,0.0
O0042894,D0297,True,26.09610984103402,0.0
O0042696,D0246,True,16.62816883468301,0.0
O0043004,D0250,True,28.098957637926013,0.0
O0042557,D0021,True,27.5429637803229,0.0
O0043110,D0106,True,24.076217138664802,0.0
O0042947,D0057,True,29.53463310734172,0.0
O0043195,D0197,True,30.420091218824957,0.0
O0043138,D0052,True,27.974466840114232,0.0
O0043112,D0226,True,15.754005953585525,0.0
O0042484,D0031,True,30.632840181025955,0.0
O0042999,D0104,True,29.19085102664865,0.0
O0042874,D0083,True,19.30749321992345,0.0
O0042978,D0164,True,21.46049279794645,0.0
O0042578,D0206,True,38.39569344240693,0.0
O0042456,D0051,True,33.507544902696,0.0
O0042836,D0099,True,43.08383147790814,0.0
O0042521,D0032,True,33.57944812475695,0.0
O0043093,D0056,True,22.490127404848014,0.0
O0042872,D0088,True,24.482934430284892,0.0
O0042776,D0194,True,19.104126379726235,0.0
O0042560,D0191,True,20.954773671271404,0.0
O0042547,D0193,True,22.730900232327635,0.0
O0043132,D0282,True,26.735992245426843,0.0
O0043058,D0044,True,26.99924399326542,0.0
O0043228,D0299,True,55.680554730773935,0.0
O0043018,D0130,True,22.653050727046235,0.0
O0042871,D0224,True,29.19574054910408,0.0
O0042695,D0271,True,18.32456526649679,0.0
O0042881,D0239,True,24.8023169276589,0.0
O0042893,D0199,True,22.32956295669608,0.0
O0042619,D0110,True,20.504339576100776,0.0
O0042765,D0004,True,31.800510201316104,0.0
O0042786,D0251,True,19.06202029591617,0.0
O0042509,D0272,True,29.644255322235168,0.0
O0043200,D0157,True,35.246704078156455,0.0
O0042603,D0124,True,25.106066691963257,0.0
O0042713,D0077,True,28.01144298391756,0.0
O0042598,D0074,True,20.535786812543364,0.0
O0043238,D0295,True,27.94738062245642,0.0
O0043040,D0230,True,19.118885599118816,0.0
O0043069,D0243,True,26.44393615892573,0.0
O0043098,D0184,True,18.08380481027273,0.0
O0042953,D0274,True,43.94541747659383,0.0
O0043187,D0100,True,23.50414732958256,0.0
O0042522,D0101,True,15.768028489415672,0.0
O0042697,D0011,True,37.77404276543746,0.0
O0042989,D0015,True,33.97500582231857,0.0
O0042467,D0113,True,18.793036892341735,0.0
O0042976,D0226,True,31.906739396459244,0.0
O0042561,D0127,True,28.441897924103422,0.0
O0042433,D0176,True,36.83079111404415,0.0
O0042716,D0197,True,17.750795678928338,0.0
O0042798,D0277,True,24.890491096110065,0.0
O0042602,D0069,True,36.84855003168278,0.0
O0042633,D0234,True,33.4163425437758,0.0
O0042860,D0297,True,25.021820275351253,0.0
O0043101,D0089,True,62.55997789674473,0.0
O0043085,D0112,True,28.21217841961581,0.0
O0042496,D0143,True,27.575304258918095,0.0
O0043191,D0171,True,18.083465650059402,0.0
O0043007,D0007,True,22.726060090688968,0.0
O0043107,D0191,True,28.665269123481472,0.0
O0042579,D0160,True,29.803511095207128,0.0
O0042679,D0074,True,21.178500019920314,0.0
O0042722,D0224,True,31.989462177104272,0.0
O0042774,D0012,True,18.18629167097771,0.0
O0042856,D0099,True,65.86529929679206,0.0
O0042994,D0070,True,28.076191059953146,0.0
O0042731,D0167,True,49.659659575961335,0.0
O0043189,D0052,True,26.930673470150126,0.0
O0042527,D0101,True,31.43535198934254,0.0
O0042992,D0220,True,25.908677184312218,0.0
O0042640,D0250,True,21.55608141283993,0.0
O0042691,D0118,True,17.856415473326408,0.0
O0043103,D0184,True,30.45639278809267,0.0
O0042448,D0202,True,46.00949758758207,0.0
O0042788,D0093,True,39.695942433414054,0.0
O0042974,D0215,True,28.695353725894268,0.0
O0042460,D0157,True,28.064528819039047,0.0
O0042940,D0244,True,27.24706437757358,0.0
O0042621,D0056,True,36.003269449743634,0.0
O0042787,D0138,True,24.227084835586552,0.0
O0042833,D0266,True,37.277531329062974,0.0
O0043204,D0194,True,27.55073031284912,0.0
O0043149,D0284,True,37.360441930205795,0.0
O0042470,D0117,True,25.0389545749552,0.0
O0042865,D0154,True,18.491110103577228,0.0
O0043141,D0271,True,23.518611796428644,0.0
O0043068,D0239,True,31.854559490900225,0.0
O0042458,D0124,True,20.726771979949405,0.0
O0042937,D0047,True,24.1888011589582,0.0
O0042728,D0267,True,29.661854961268844,0.0
O0042571,D0170,True,22.99849997291597,0.0
O0043036,D0083,True,29.219435295994856,0.0
O0042795,D0220,True,28.972975614927122,0.0
O0043091,D0110,True,30.15745711042851,0.0
O0043170,D0297,True,33.038290858804345,0.0
O0042658,D0211,True,23.400234105351174,0.0
O0043206,D0224,True,28.751107592831485,0.0
O0042814,D0246,True,23.035162323743695,0.0
O0042850,D0011,True,29.28819535856291,0.0
O0042950,D0143,True,28.88614997070068,0.0
O0042898,D0156,True,27.189013062603156,0.0
O0042506,D0100,True,31.520638467940078,0.0
O0042969,D0197,True,28.892600142607343,0.0
O0043210,D0001,True,24.79155334280074,0.0
O0043116,D0160,True,28.31046268705324,0.0
O0042772,D0069,True,22.79947059240329,0.0
O0043135,D0295,True,34.012124505693826,0.0
O0043224,D0194,True,30.087981110787148,0.0
O0042920,D0277,True,31.984626344572288,0.0
O0042870,D0035,True,25.486702083323948,0.0
O0042650,D0015,True,22.661795060122373,0.0
O0043203,D0010,True,36.7796654691709,0.0
O0043079,D0167,True,27.579050509094447,0.0
O0042794,D0210,True,31.175606935087284,0.0
O0042796,D0089,True,24.48574433468971,0.0
O0042668,D0230,True,24.044841733373666,0.0
O0043078,D0235,True,27.537703767503032,0.0
O0042519,D0271,True,29.752553416093047,0.0
O0042630,D0077,True,28.38732217452415,0.0
O0042610,D0222,True,23.265358549263496,0.0
O0042614,D0127,True,26.60425488249891,0.0
O0042669,D0193,True,24.38528884709563,0.0
O0043223,D0118,True,28.58507437539233,0.0
O0043208,D0238,True,20.830070413423243,0.0
O0042542,D0101,True,38.37830583435544,0.0
O0042832,D0069,True,30.277307970821944,0.0
O0043095,D0184,True,23.962306494179153,0.0
O0042991,D0210,True,23.589515919279712,0.0
O0042593,D0199,True,25.869436518508337,0.0
O0042648,D0211,True,27.92442928992389,0.0
O0042925,D0231,True,24.973960326579263,0.0
O0042775,D0246,True,22.382511025342723,0.0
O0042495,D0107,True,22.365152257211584,0.0
O0043088,D0243,True,60.43864816764371,0.0
O0042910,D0192,True,42.465939974709656,0.0
O0042670,D0178,True,32.195393134293774,0.0
O0043026,D0272,True,29.62848436157746,0.0
O0042660,D0001,True,30.076036555967654,0.0
O0043010,D0117,True,23.67800814416038,0.0
O0042981,D0119,True,29.883268004056404,0.0
O0043158,D0126,True,16.005529692295706,0.0
O0042545,D0224,True,33.121924959704636,0.0
O0043134,D0205,True,22.80044512801208,0.0
O0042493,D0238,True,23.227243348341055,0.0
O0042961,D0124,True,23.09250766465623,0.0
O0043167,D0170,True,25.24667667525116,0.0
O0043002,D0110,True,23.137874700876132,0.0
O0042781,D0004,True,17.337183367955575,0.0
O0042683,D0051,True,19.62318717120313,0.0
O0042817,D0140,True,25.460974735164662,0.0
O0042616,D0121,True,26.466948019194206,0.0
O0042497,D0239,True,38.73521970997543,0.0
O0042570,D0034,True,34.684581107340534,0.0
O0042694,D0210,True,24.1468872934464,0.0
O0042565,D0220,True,37.86398571824232,0.0
O0043173,D0287,True,24.59408396351499,0.0
O0042675,D0001,True,26.994790554192235,0.0
O0042667,D0006,True,28.258355928541846,0.0
O0042767,D0143,True,31.63167894404897,0.0
O0042562,D0035,True,22.38534158382072,0.0
O0042564,D0117,True,33.421780568999885,0.0
O0042984,D0118,True,32.52022553598667,0.0
O0043057,D0168,True,73.00047837902319,0.0
O0042985,D0039,True,34.563581879010364,0.0
O0042605,D0089,True,42.40432578340634,0.0
O0042623,D0201,True,28.154162837513738,0.0
O0042854,D0010,True,57.68536062168725,0.0
O0043100,D0134,True,90.47413296958791,0.0
O0043193,D0259,True,78.88416989026618,0.0
O0042664,D0003,True,24.82197749319664,0.0
O0042581,D0171,True,28.264895328719106,0.0
O0043218,D0224,True,28.872520133507926,0.0
O0042805,D0167,True,80.63366112437538,0.0
O0042431,D0260,True,30.31901727070357,0.0
O0042591,D0068,True,30.266984975549992,0.0
O0042855,D0160,True,30.56939129598605,0.0
O0042646,D0032,True,31.871798391943372,0.0
O0042773,D0234,True,46.715746911291106,0.0
O0042539,D0004,True,32.47343920457403,0.0
O0042674,D0205,True,24.284040814207142,0.0
O0042944,D0108,True,27.569755649226952,0.0
O0042837,D0177,True,33.712063226274,0.0
O0042752,D0088,True,49.86145261002342,0.0
O0043151,D0033,True,31.976785324824238,0.0
O0042478,D0104,True,39.5976815765857,0.0
O0042932,D0138,True,27.48928616431627,0.0
O0042535,D0070,True,54.02687353809802,0.0
O0042673,D0251,True,108.60230192020875,0.0
O0042461,D0003,True,28.662462733914623,0.0
O0042480,D0241,True,31.897853001928723,0.0
O0043120,D0037,True,35.781246429425146,0.0
O0043077,D0000,True,86.65203317066928,0.0
O0043045,D0117,True,37.251471078077294,0.0
O0042815,D0146,True,32.02026849800522,0.0
O0042463,D0294,True,39.76232429345532,0.0
O0042766,D0097,True,123.38454432844749,0.0
O0043205,D0149,True,97.65277019241557,0.0
O0042736,D0231,True,23.488729180103263,0.0
O0042730,D0011,True,38.18202312045022,0.0
O0042917,D0013,True,39.06048944653682,0.0
O0042780,D0124,True,49.72402408935421,0.0
O0043219,D0246,True,41.743156700255795,0.0
O0042755,D0178,True,122.44226198498075,0.0
O0042846,D0238,True,29.011277655438583,0.0
O0042934,D0007,True,71.78622823919493,0.0
O0042546,D0220,True,44.12199836270528,0.0
O0043215,D0230,True,26.63787772847258,0.0
O0042863,D0263,True,49.827112971089,0.0
O0042693,D0135,True,38.79869623749616,0.0
O0043096,D0036,True,30.195360263481994,0.0
O0043172,D0148,True,17.50935580281847,0.0
O0042698,D0160,True,34.63554500921689,0.0
O0042955,D0193,True,30.8860293167293,0.0
O0042804,D0084,True,35.95870803254501,0.0
O0043033,D0098,True,28.507413827272963,0.0
O0042469,D0201,True,52.017252978030605,0.0
O0042943,D0224,True,49.424362091669614,0.0
O0042684,D0004,True,39.51452212112056,0.0
O0042807,D0049,True,28.59140595994899,0.0
O0043019,D0039,True,29.030874001222045,0.0
O0042933,D0074,True,40.639218866153875,0.0
O0042430,D0016,True,39.40538283617958,0.0
O0042759,D0164,True,22.421797325718458,0.0
O0043070,D0155,True,68.09732248640394,0.0
O0042688,D0017,True,42.65097193349661,0.0
O0042866,D0226,True,23.531503524835443,0.0
O0043147,D0010,True,39.07653368544889,0.0
O0043013,D0252,True,17.160072460894447,0.0
O0042549,D0014,True,21.45111257133744,0.0
O0043099,D0188,True,83.31902729772521,0.0
O0043115,D0231,True,32.375424330513155,0.0
O0042868,D0108,True,50.55453774206763,0.0
O0042505,D0192,True,33.00306607244641,0.0
O0042446,D0068,True,42.30118095258893,0.0
O0042802,D0177,True,22.82558154709728,0.0
O0042440,D0001,True,44.21772428496788,0.0
O0042982,D0099,True,54.13435926875976,0.0
O0043016,D0143,True,26.92547274989576,0.0
O0043128,D0051,True,31.95821493864791,0.0
O0042611,D0057,True,39.94495726755595,0.0
O0042744,D0104,True,50.11001043585281,0.0
O0042849,D0262,True,31.135430772637807,0.0
O0042867,D0037,True,34.59996436327367,0.0
O0042438,D0182,True,22.41971998231751,0.0
O0042504,D0013,True,32.01501650899962,0.0
O0042453,D0234,True,34.14681698622604,0.0
O0043169,D0243,True,52.772332528697426,0.0
O0042967,D0258,True,35.0493806617952,0.0
O0042462,D0025,True,46.231826169524915,0.0
O0043148,D0168,True,31.691999687901124,0.0
O0042500,D0244,True,44.82300711023784,0.0
O0043056,D0159,True,23.897403089577367,0.0
O0042442,D0050,True,29.473913711363366,0.0
O0043084,D0106,True,37.55417877528489,0.0
O0042954,D0214,True,29.87794677941429,0.0
O0042968,D0256,True,35.534877501117634,0.0
O0042948,D0116,True,38.7014505277699,0.0
O0043005,D0058,True,34.80864835296959,0.0
O0042554,D0061,True,42.91023762791194,0.0
O0042487,D0204,True,35.641495288740174,0.0
O0042525,D0098,True,30.688521466959095,0.0
O0043177,D0210,True,87.43139890190953,0.0
O0043015,D0239,True,34.52311244321265,0.0
O0042435,D0160,True,44.24159930714955,0.0
O0043153,D0205,True,22.993865593024825,0.0
O0042799,D0127,True,43.59944587782386,0.0
O0042888,D0129,True,47.109476925120944,0.0
O0042879,D0280,True,36.31393351517569,0.0
O0042476,D0031,True,29.123671808718747,0.0
O0043130,D0122,True,29.933669273655525,0.0
O0043235,D0117,True,39.76119085492047,0.0
O0042962,D0276,True,40.769338287754174,0.0
O0042966,D0242,True,36.07762630435927,0.0
O0042845,D0089,True,135.101988896545,0.0
O0042957,D0166,True,33.53217595030725,0.0
O0042820,D0016,True,27.551785517466257,0.0
O0042748,D0222,True,26.904710048455723,0.0
O0042754,D0229,True,47.28489162902687,0.0
O0042629,D0274,True,65.26375290166408,0.0
O0042513,D0177,True,34.3814471427582,0.0
O0043209,D0278,True,44.254237637525435,0.0
O0042928,D0017,True,32.66313227425444,0.0
O0042973,D0126,True,45.13145529962897,0.0
O0042647,D0049,True,37.184235036077574,0.0
O0042878,D0150,True,45.28052523033115,0.0
O0042714,D0042,True,43.29328509784822,0.0
O0042499,D0245,True,79.36878296062267,0.0
O0042577,D0277,True,47.65599692058207,0.0
O0042899,D0124,True,59.552801664333586,0.0
O0043003,D0279,True,49.03260962945035,0.0
O0042568,D0010,True,47.094420770982516,0.0
O0042936,D0051,True,37.57816492291146,0.0
O0042960,D0113,True,31.531625429598535,0.0
O0042997,D0252,True,32.00035553578189,0.0
O0042531,D0267,True,42.87207281809013,0.0
O0042834,D0226,True,69.02761569363108,0.0
O0042580,D0014,True,45.924066904975135,0.0
O0042942,D0030,True,21.656651169905636,0.0
O0042592,D0144,True,64.68232673684905,0.0
O0043090,D0203,True,35.33299681668904,0.0
O0042708,D0019,True,20.654068982087423,0.0
O0042524,D0015,True,31.21475297766176,0.0
O0043060,D0080,True,25.89922304373902,0.0
O0042873,D0084,True,25.91100002420761,0.0
O0042632,D0224,True,121.72765829112286,0.0
O0042801,D0157,True,121.69913199331016,0.0
O0043233,D0217,True,26.04123891537273,0.0
O0043196,D0297,True,33.02088222629554,0.0
O0042911,D0004,True,42.300175020399,0.0
O0042671,D0006,True,50.509731361286505,0.0
O0042998,D0027,True,34.2503667153282,0.0
O0042607,D0059,True,44.22794400119715,0.0
O0042909,D0168,True,28.841029612290917,0.0
O0042887,D0291,True,43.69141191553287,0.0
O0042634,D0047,True,37.24647176422728,0.0
O0043143,D0007,True,33.24609941631386,0.0
O0042454,D0282,True,25.440281933909404,0.0
O0042589,D0001,True,28.168952904712803,0.0
O0042612,D0287,True,47.030157060421885,0.0
O0042652,D0143,True,37.91532489279179,0.0
O0043227,D0218,True,32.542216242022604,0.0
O0042627,D0106,True,39.65924938296755,0.0
O0043207,D0095,True,26.65268848138929,0.0
O0043050,D0016,True,32.0681050999444,0.0
O0043061,D0104,True,53.94487351353317,0.0
O0042676,D0024,True,19.258800488220302,0.0
O0042645,D0176,True,41.844344261246164,0.0
O0042590,D0204,True,31.344520532672163,0.0
O0042983,D0110,True,22.752675300103235,0.0
O0042988,D0246,True,38.10570224944983,0.0
O0042864,D0112,True,43.311273537023936,0.0
O0043186,D0043,True,32.92482834424462,0.0
O0042491,D0149,True,30.943996606703234,0.0
O0043122,D0071,True,62.67550371856019,0.0
O0042477,D0088,True,39.078351314618786,0.0
O0043043,D0169,True,57.082819899654766,0.0
O0042494,D0205,True,20.271741086658416,0.0
O0043168,D0017,True,45.055506401758706,0.0
O0042711,D0182,True,37.14265864895623,0.0
O0042536,D0009,True,27.479269522831125,0.0
O0043022,D0160,True,27.92889003008016,0.0
O0042682,D0056,True,35.99876182344237,0.0
O0042459,D0031,True,39.31453019467722,0.0
O0042778,D0263,True,32.91227870000706,0.0
O0042841,D0025,True,52.9171333816622,0.0
O0043071,D0238,True,31.29861450068318,0.0
O0043152,D0032,True,40.140668328535796,0.0
O0043059,D0052,True,48.42472504697208,0.0
O0042717,D0057,True,37.399613293511095,0.0
O0043231,D0165,True,23.217820877006478,0.0
O0043028,D0202,True,29.62157575781478,0.0
O0042657,D0061,True,38.153376231745476,0.0
O0042721,D0040,True,53.795372850770256,0.0
O0043042,D0123,True,24.476102626479545,0.0
O0042889,D0255,True,46.385240242759025,0.0
O0042642,D0015,True,64.86941087730003,0.0
O0042492,D0084,True,75.17918673397045,0.0
O0043075,D0119,True,38.522772119385344,0.0
O0042452,D0186,True,131.9733733234289,0.0
O0042584,D0272,True,46.299714182171385,0.0
O0042518,D0296,True,39.8425455851023,0.0
O0042474,D0058,True,31.690693268088886,0.0
O0043226,D0099,True,41.692371960183806,0.0
O0042905,D0199,True,52.02250252168672,0.0
O0042471,D0117,True,36.169651322426546,0.0
O0042587,D0151,True,26.715233480306768,0.0
O0042445,D0019,True,28.298557959075698,0.0
O0042901,D0034,True,36.604863761913684,0.0
O0042790,D0042,True,29.229988764239124,0.0
O0042824,D0044,True,42.362147333636415,0.0
O0042699,D0041,True,32.113196132704104,0.0
O0042719,D0133,True,66.2797627435034,0.0
O0042543,D0051,True,23.953340059440798,0.0
O0042655,D0079,True,33.77377155610908,0.0
O0043157,D0231,True,43.277188201587855,0.0
O0043181,D0297,True,130.4434873816217,0.0
O0042740,D0001,True,34.18244919272207,0.0
O0042965,D0080,True,23.97894885922433,0.0
O0043083,D0109,True,38.31228939117966,0.0
O0042902,D0196,True,23.015536454124902,0.0
O0043202,D0264,True,40.7236956289387,0.0
O0042945,D0029,True,31.13188594800929,0.0
O0042482,D0113,True,23.067287079077623,0.0
O0042964,D0010,True,43.02243578328781,0.0
O0043021,D0212,True,18.083673208522725,0.0
O0042600,D0279,True,31.41175751556942,0.0
O0042451,D0046,True,42.243770332491756,0.0
O0043166,D0097,True,32.337319361437,0.0
O0043023,D0027,True,26.978742019335648,0.0
O0042908,D0143,True,39.586547598340836,0.0
O0042606,D0197,True,44.24695015520636,0.0
O0043108,D0004,True,57.986335297465615,0.0
O0043197,D0271,True,21.58537030104525,0.0
O0042830,D0101,True,22.223833687227298,0.0
O0042979,D0110,True,44.11303629591737,0.0
O0042818,D0149,True,108.4389253312922,0.0
O0042844,D0175,True,37.6248408363447,0.0
O0042472,D0014,True,29.150372326588986,0.0
O0042443,D0252,True,56.76646672367211,0.0
O0042919,D0274,True,46.778256874269864,0.0
O0042595,D0037,True,21.448059560962,0.0
O0043054,D0289,True,33.485856582784955,0.0
O0042763,D0178,True,66.04439459925675,0.0
O0042641,D0165,True,43.13051061230587,0.0
O0042464,D0267,True,30.242272850875317,0.0
O0043131,D0160,True,27.715321383548222,0.0
O0043221,D0043,True,38.92805737876505,0.0
O0042672,D0191,True,26.382910793317045,0.0
O0042926,D0095,True,27.895013021170264,0.0
O0042586,D0130,True,29.859877158058254,0.0
O0043064,D0203,True,29.232952819190295,0.0
O0042828,D0286,True,20.150265321218384,0.0
O0042479,D0198,True,30.928020110033117,0.0
O0042563,D0051,True,22.43213435046792,0.0
O0043062,D0112,True,28.949651486084704,0.0
O0043179,D0212,True,25.541198217031848,0.0
O0043144,D0282,True,23.391653123471414,0.0
O0042939,D0009,True,35.736455307221,0.0
O0042726,D0006,True,28.439718900847673,0.0
O0043237,D0193,True,21.926730093057895,0.0
O0042515,D0104,True,52.47368062082755,0.0
O0042914,D0131,True,83.26560325956225,0.0
O0043188,D0154,True,30.818168642100606,0.0
O0043000,D0195,True,35.43063004496791,0.0
O0043133,D0238,True,15.874222450947073,0.0
O0043027,D0012,True,27.573831134148648,0.0
O0042831,D0030,True,96.85674362952214,0.0
O0042727,D0050,True,29.433889073931752,0.0
O0043127,D0031,True,23.66681500706528,0.0
O0042622,D0034,True,32.39620523148825,0.0
O0042784,D0138,True,28.09430872626549,0.0
O0042852,D0296,True,20.51535992890399,0.0
O0042884,D0080,True,20.850847991456043,0.0
O0042956,D0056,True,27.504319532409184,0.0
O0042540,D0035,True,22.9341891698624,0.0
O0043182,D0248,True,19.979451912760936,0.0
O0042680,D0052,True,55.88221083537917,0.0
O0043214,D0204,True,39.19468081552762,0.0
O0042702,D0077,True,30.488031991530736,0.0
O0042666,D0215,True,30.0532372179412,0.0
O0042625,D0250,True,27.06804687919509,0.0
O0042931,D0262,True,22.950621447198944,0.0
O0042613,D0181,True,36.46540073104364,0.0
O0042601,D0019,True,25.8154566248503,0.0
O0042530,D0111,True,35.05268456635208,0.0
O0042490,D0275,True,25.597131271295282,0.0
O0043225,D0036,True,37.25762262655188,0.0
O0043006,D0147,True,32.92535196686901,0.0
O0042797,D0103,True,22.62528951609947,0.0
O0043199,D0238,True,25.267200408697207,0.0
O0043159,D0169,True,39.722710858393945,0.0
O0042644,D0071,True,28.532957890285665,0.0
O0042877,D0212,True,41.07335385531414,0.0
O0042654,D0109,True,37.71016621336571,0.0
O0043081,D0130,True,31.710245865341555,0.0
O0042636,D0286,True,28.582551246306366,0.0
O0042437,D0229,True,37.42437078444604,0.0
O0042510,D0046,True,35.265276419914024,0.0
O0043111,D0276,True,28.438359946486464,0.0
O0043097,D0264,True,26.48928003390989,0.0
O0042789,D0014,True,31.131033159851615,0.0
O0042599,D0160,True,49.367672802220255,0.0
O0042975,D0189,True,28.10484651856673,0.0
O0042532,D0255,True,26.813794284134232,0.0
O0042859,D0047,True,19.32618174800124,0.0
O0042516,D0187,True,34.13851021261313,0.0
O0042745,D0029,True,21.582228799726714,0.0
O0042681,D0162,True,20.935017374388718,0.0
O0042882,D0085,True,27.524894914501758,0.0
O0042615,D0232,True,36.98017444312372,0.0
O0042929,D0227,True,27.516118993289616,0.0
O0042450,D0097,True,37.087372616666805,0.0
O0042777,D0010,True,80.19153657096538,0.0
O0042963,D0165,True,20.82491450506321,0.0
O0043156,D0268,True,27.03527538741667,0.0
O0042635,D0254,True,22.354537617209914,0.0
O0043072,D0126,True,34.68845601319544,0.0
O0042822,D0133,True,77.25544083986303,0.0
O0042812,D0098,True,29.696599734509775,0.0
O0043118,D0043,True,38.45989432167602,0.0
O0042747,D0281,True,26.133652628965116,0.0
O0043080,D0205,True,30.838171959951993,0.0
O0043163,D0051,True,32.32831243372886,0.0
O0042892,D0270,True,29.21963538944732,0.0
O0043074,D0027,True,41.905723964236586,0.0
O0043162,D0112,True,34.15360778211672,0.0
O0042665,D0042,True,22.784590629758007,0.0
O0043089,D0017,True,70.49854668521715,0.0
O0043126,D0021,True,23.97839547074605,0.0
O0042649,D0071,True,27.412240931809666,0.0
O0042618,D0195,True,23.610398764235498,0.0
O0043020,D0104,True,76.99868712519391,0.0
O0042791,D0143,True,23.65836146899921,0.0
O0042707,D0130,True,25.1041288996986,0.0
O0042533,D0050,True,41.86437308636086,0.0
O0042753,D0072,True,35.73213608646274,0.0
O0043154,D0193,True,35.34261769166771,0.0
O0042900,D0264,True,32.51400483915715,0.0
O0042594,D0014,True,30.403114190376712,0.0
O0042809,D0218,True,25.757173137655876,0.0
O0042534,D0097,True,29.887738909704066,0.0
O0042687,D0165,True,32.962920920122805,0.0
O0042537,D0281,True,16.928207554592248,0.0
O0042710,D0268,True,32.700818228661646,0.0
O0042810,D0282,True,23.305957095588923,0.0
O0042551,D0122,True,28.33538818899701,0.0
O0042503,D0147,True,35.35901040036109,0.0
O0042750,D0148,True,20.570413591960836,0.0
O0042608,D0162,True,19.922626149214814,0.0
O0042757,D0131,True,28.710242546515907,0.0
O0042959,D0254,True,24.302630332992745,0.0
O0042952,D0271,True,26.1780377828917,0.0
O0043192,D0029,True,30.1385214159478,0.0
O0043017,D0223,True,28.563331134533605,0.0
O0042575,D0130,True,25.84722415628551,0.0
O0042620,D0006,True,33.63757005055968,0.0
O0042523,D0281,True,16.548943306819602,0.0
O0042770,D0288,True,25.333659115151306,0.0
O0043155,D0245,True,28.04453017498687,0.0
O0043055,D0252,True,64.63054642456295,0.0
O0043142,D0111,True,31.63420053527568,0.0
O0042861,D0160,True,31.81243268008362,0.0
O0043105,D0275,True,17.828925193476607,0.0
O0043076,D0019,True,28.98092841395095,0.0
O0042556,D0051,True,42.62552927102384,0.0
O0043234,D0077,True,26.330821878908193,0.0
O0042858,D0156,True,25.3989565046504,0.0
O0043009,D0162,True,31.017686516213452,0.0
O0043180,D0171,True,28.88783017291109,0.0
O0042651,D0193,True,48.550647447032034,0.0
O0042949,D0282,True,29.33568271047269,0.0
O0042986,D0071,True,24.735678324322556,0.0
O0042550,D0098,True,23.040671238693335,0.0
O0043086,D0281,True,26.94131960845948,0.0
O0042626,D0169,True,27.77297469085761,0.0
O0043165,D0123,True,16.921084245359467,0.0
O0042559,D0125,True,15.095248072550334,0.0
O0042958,D0085,True,35.70653364021415,0.0
O0042922,D0227,True,23.78730105731131,0.0
O0042573,D0286,True,47.401744354344125,0.0
O0042709,D0017,True,23.07720786861135,0.0
O0042555,D0135,True,32.15872564699189,0.0
O0043092,D0275,True,35.66045385194003,0.0
O0042567,D0131,True,28.502471329465614,0.0
O0042628,D0205,True,20.996155671874433,0.0
O0043123,D0288,True,26.916156357176465,0.0
O0042935,D0254,True,23.77230870737109,0.0
O0042811,D0071,True,25.470905067586024,0.0
O0043119,D0169,True,32.83430588869689,0.0
O0042758,D0162,True,20.987594563934337,0.0
O0043139,D0046,True,38.10864439302573,0.0
O0042996,D0191,True,25.39765479173509,0.0
O0042700,D0131,True,24.648293247379698,0.0
O0042631,D0218,True,26.529603896819996,0.0
O0043161,D0252,True,21.76923851136617,0.0
O0042897,D0103,True,25.103065549510355,0.0
O0042793,D0071,True,30.94720595518146,0.0
O0042638,D0183,True,29.155683636163314,0.0
O0042526,D0149,True,22.81685863250263,0.0
O0042659,D0264,True,28.832781311022977,0.0
O0043014,D0281,True,18.053176196150524,0.0
O0042481,D0014,True,27.898102867543365,0.0
O0043124,D0246,True,20.788763773456285,0.0
O0042653,D0193,True,42.44309775737912,0.0
O0042806,D0056,True,34.10901864874911,0.0
O0043029,D0254,True,48.65318107103377,0.0
O0043030,D0148,True,29.358174049292202,0.0
O0042738,D0074,True,31.565282651717627,0.0
O0042692,D0096,True,20.341912274843875,0.0
O0042718,D0225,True,33.91035948224501,0.0
O0042771,D0227,True,25.968078527756248,0.0
O0042488,D0125,True,19.837259473528974,0.0
O0042677,D0281,True,30.73351650486908,0.0
O0043034,D0111,True,23.459382155450697,0.0
O0042995,D0162,True,64.85662771760713,0.0
O0042875,D0275,True,19.405140100004182,0.0
O0042843,D0169,True,36.06242898068861,0.0
O0042838,D0139,True,27.55447506182133,0.0
O0042637,D0264,True,24.410589834977095,0.0
O0042924,D0248,True,39.64713891082717,0.0
O0043239,D0096,True,24.901373914654044,0.0
O0042434,D0252,True,16.932400079515507,0.0
O0042475,D0068,True,23.644573953407125,0.0
O0042987,D0131,True,25.663408415970302,0.0
O0042857,D0008,True,25.19651346831739,0.0
O0042764,D0125,True,32.02222062944688,0.0
O0042441,D0195,True,48.02586115754754,0.0
O0042701,D0017,True,45.08867677236406,0.0
O0043342,D0131,True,23.94773535988028,0.0
O0043548,D0143,True,19.734148185832947,0.0
O0043840,D0252,True,54.8601274572363,0.0
O0043277,D0215,True,53.38347616171116,0.0
O0043653,D0160,True,62.33502016675189,0.0
O0043765,D0015,True,21.458997803390652,0.0
O0043303,D0143,True,22.446275515599297,0.0
O0043581,D0162,True,18.47035584948584,0.0
O0043487,D0275,True,27.47328174069851,0.0
O0043308,D0035,True,29.03664546482024,0.0
O0043365,D0013,True,14.392345901638938,0.0
O0043281,D0110,True,24.584567521572396,0.0
O0043836,D0021,True,30.366574288786257,0.0
O0043794,D0061,True,56.331517847236576,0.0
O0043328,D0130,True,21.188088587512308,0.0
O0043475,D0205,True,22.613510941293328,0.0
O0043405,D0117,True,27.34364324048519,0.0
O0043713,D0099,True,35.278249733753405,0.0
O0043675,D0077,True,42.02555050493325,0.0
O0043546,D0130,True,19.429635990597127,0.0
O0043859,D0118,True,16.52144351284513,0.0
O0043383,D0071,True,36.99110449241792,0.0
O0043654,D0281,True,20.332758691851026,0.0
O0043441,D0003,True,14.045451321613873,0.0
O0043681,D0013,True,27.596873012973205,0.0
O0043909,D0225,True,21.902322622954333,0.0
O0043710,D0006,True,29.885813652207823,0.0
O0043543,D0162,True,25.27850040946705,0.0
O0043652,D0078,True,28.27380613165274,0.0
O0043285,D0022,True,55.11985966083745,0.0
O0043745,D0112,True,22.686195517832054,0.0
O0043484,D0056,True,16.34343744620178,0.0
O0043407,D0276,True,23.610587313360995,0.0
O0043526,D0130,True,21.065049172805637,0.0
O0043541,D0097,True,23.374376222067866,0.0
O0043887,D0227,True,15.223822225665629,0.0
O0043810,D0225,True,29.739569671458877,0.0
O0043602,D0148,True,20.18251244714558,0.0
O0043341,D0205,True,17.88715979595524,0.0
O0043898,D0156,True,20.5026411742154,0.0
O0043315,D0031,True,30.954333747696744,0.0
O0043324,D0068,True,22.76470454108634,0.0
O0043841,D0030,True,31.265739835236086,0.0
O0043346,D0248,True,23.75709459975562,0.0
O0043461,D0097,True,22.98060618207063,0.0
O0043858,D0042,True,25.65114764173756,0.0
O0043603,D0071,True,24.596686329428156,0.0
O0043692,D0013,True,14.826548918779768,0.0
O0043453,D0143,True,23.63885419287977,0.0
O0043677,D0205,True,39.894176493826336,0.0
O0043666,D0078,True,26.835911551263163,0.0
O0043908,D0125,True,17.19590951425499,0.0
O0043779,D0069,True,23.661900074393706,0.0
O0043635,D0014,True,30.787115641078444,0.0
O0043827,D0003,True,20.05458202455992,0.0
O0043736,D0212,True,19.878381103864406,0.0
O0043890,D0248,True,22.96448461600673,0.0
O0043243,D0246,True,15.964361364546194,0.0
O0043419,D0143,True,35.43677684367268,0.0
O0043883,D0238,True,29.754477713869598,0.0
O0043276,D0227,True,19.70367038241517,0.0
O0043436,D0246,True,28.911992841964224,0.0
O0043331,D0080,True,26.633486134431976,0.0
O0043651,D0074,True,28.386311749653608,0.0
O0043578,D0238,True,23.658794571082694,0.0
O0043427,D0006,True,35.89676622567848,0.0
O0043523,D0050,True,28.067452144047422,0.0
O0043614,D0276,True,26.906426428457028,0.0
O0043476,D0148,True,21.411733986238392,0.0
O0043553,D0225,True,22.627235661806644,0.0
O0043907,D0268,True,18.534195457461166,0.0
O0043573,D0191,True,22.636077016487278,0.0
O0043295,D0072,True,27.7298811274257,0.0
O0043832,D0122,True,23.580946430497246,0.0
O0043669,D0135,True,47.53095594482764,0.0
O0043355,D0162,True,30.387277775150345,0.0
O0043604,D0138,True,29.023848070230645,0.0
O0043469,D0276,True,27.50880418039843,0.0
O0043663,D0169,True,59.4565811727376,0.0
O0043683,D0034,True,23.083517225758918,0.0
O0043409,D0081,True,16.63971459652266,0.0
O0043367,D0035,True,17.05058082110037,0.0
O0043519,D0032,True,24.492599854649967,0.0
O0043874,D0014,True,22.839570228625142,0.0
O0043274,D0254,True,34.325057930481286,0.0
O0043470,D0275,True,33.10503442216928,0.0
O0043373,D0027,True,24.415495471214157,0.0
O0043888,D0078,True,48.52238059279908,0.0
O0043267,D0097,True,16.865057624402453,0.0
O0043866,D0248,True,35.17116480652429,0.0
O0043912,D0239,True,29.733814269298854,0.0
O0043696,D0241,True,29.080210919398187,0.0
O0043660,D0184,True,16.432237160058136,0.0
O0043510,D0143,True,27.964368377286117,0.0
O0043730,D0211,True,58.84866707115406,0.0
O0043946,D0110,True,29.063818769018194,0.0
O0043902,D0111,True,23.445215268185013,0.0
O0043392,D0081,True,15.223017593897355,0.0
O0043926,D0013,True,16.7671338959656,0.0
O0043798,D0014,True,21.24476081522382,0.0
O0043398,D0096,True,32.17469010348785,0.0
O0043915,D0057,True,22.968207877722115,0.0
O0043275,D0100,True,23.748804216082654,0.0
O0043759,D0215,True,33.22988536187706,0.0
O0043922,D0295,True,24.92534146766937,0.0
O0043782,D0027,True,23.75702799826405,0.0
O0043925,D0264,True,32.9475676379051,0.0
O0043930,D0273,True,26.26160829696529,0.0
O0043615,D0068,True,26.67037399273285,0.0
O0043431,D0097,True,26.894670469998438,0.0
O0043933,D0214,True,24.27304402175893,0.0
O0043404,D0012,True,24.428550174112054,0.0
O0043788,D0071,True,81.22290643516774,0.0
O0043665,D0032,True,32.17763754046389,0.0
O0043290,D0011,True,25.701371627793208,0.0
O0043843,D0013,True,21.88444612631826,0.0
O0043676,D0015,True,24.372632679635053,0.0
O0043848,D0225,True,25.639437414239694,0.0
O0043767,D0052,True,19.810679913485032,0.0
O0043388,D0081,True,20.02821249862569,0.0
O0043607,D0183,True,26.53288013543281,0.0
O0043336,D0232,True,41.02528454627432,0.0
O0043454,D0034,True,29.44361696991881,0.0
O0043434,D0057,True,19.949494281070493,0.0
O0043369,D0085,True,69.50534831297536,0.0
O0043377,D0100,True,34.52228897893063,0.0
O0043911,D0111,True,19.25132313770076,0.0
O0043726,D0019,True,22.404134778334225,0.0
O0043444,D0110,True,32.75787510050604,0.0
O0043649,D0122,True,26.233406146089592,0.0
O0043437,D0171,True,24.123002646112205,0.0
O0043396,D0014,True,34.20373212122316,0.0
O0043645,D0246,True,31.725480995761526,0.0
O0043738,D0138,True,26.34016313246314,0.0
O0043241,D0191,True,19.429348564146473,0.0
O0043833,D0227,True,30.017134082026757,0.0
O0043535,D0252,True,52.80981198792779,0.0
O0043389,D0148,True,15.746707764885691,0.0
O0043688,D0205,True,34.03156472098469,0.0
O0043655,D0268,True,22.65311952934166,0.0
O0043612,D0143,True,36.72864969047169,0.0
O0043372,D0006,True,23.144251772064386,0.0
O0043399,D0264,True,20.339138108190618,0.0
O0043814,D0027,True,26.271318081133174,0.0
O0043620,D0195,True,38.31023056639202,0.0
O0043633,D0057,True,36.8489917664123,0.0
O0043787,D0056,True,22.58981469992186,0.0
O0043891,D0081,True,21.43446784917264,0.0
O0043307,D0282,True,29.863632570099483,0.0
O0043380,D0233,True,25.804571891606116,0.0
O0043311,D0046,True,30.571509412167778,0.0
O0043680,D0281,True,45.80299680890135,0.0
O0043650,D0097,True,59.92719301968985,0.0
O0043864,D0130,True,40.35505125627946,0.0
O0043809,D0171,True,15.92477795585127,0.0
O0043733,D0105,True,50.92422068356738,0.0
O0043539,D0191,True,20.808814478772838,0.0
O0043507,D0273,True,21.787698624395052,0.0
O0043560,D0208,True,28.57306389066587,0.0
O0043449,D0239,True,27.843956956383135,0.0
O0043361,D0275,True,23.974084552031655,0.0
O0043557,D0111,True,20.287957684200542,0.0
O0043417,D0165,True,22.973169392724405,0.0
O0043319,D0019,True,27.87344617558182,0.0
O0043875,D0096,True,24.169920061917686,0.0
O0043255,D0222,True,22.3177148375662,0.0
O0043608,D0225,True,51.75513344925889,0.0
O0043291,D0080,True,24.77822852401936,0.0
O0043861,D0032,True,29.097244851687783,0.0
O0043816,D0074,True,31.6431931853349,0.0
O0043466,D0112,True,19.736438563946173,0.0
O0043273,D0227,True,25.54225618360224,0.0
O0043878,D0189,True,49.876463023493464,0.0
O0043694,D0246,True,25.487617195769726,0.0
O0043862,D0200,True,18.746942940465782,0.0
O0043558,D0013,True,26.65894357437125,0.0
O0043617,D0138,True,31.359449187018715,0.0
O0043679,D0056,True,35.76273031425592,0.0
O0043562,D0184,True,31.459125339511008,0.0
O0043598,D0214,True,31.232961087895532,0.0
O0043459,D0149,True,29.185085659117277,0.0
O0043395,D0168,True,35.56623502360316,0.0
O0043318,D0100,True,19.77247034315748,0.0
O0043826,D0102,True,43.909656197532044,0.0
O0043455,D0117,True,23.773345422944487,0.0
O0043257,D0268,True,25.19408896592836,0.0
O0043403,D0147,True,14.92152152124487,0.0
O0043877,D0099,True,24.92029690764287,0.0
O0043323,D0027,True,29.808310483274724,0.0
O0043264,D0131,True,35.129601426997624,0.0
O0043313,D0015,True,26.515768854095548,0.0
O0043661,D0012,True,31.28798574517546,0.0
O0043240,D0021,True,23.064628828621338,0.0
O0043505,D0035,True,24.999411860845672,0.0
O0043722,D0088,True,20.417394878901547,0.0
O0043375,D0164,True,24.230583558218452,0.0
O0043489,D0096,True,26.042567159171483,0.0
O0043544,D0239,True,82.7367325499575,0.0
O0043698,D0264,True,27.253238905020776,0.0
O0043940,D0162,True,54.96988578012347,0.0
O0043438,D0208,True,32.42168170050374,0.0
O0043309,D0212,True,20.852289800820316,0.0
O0043728,D0222,True,22.019694040887913,0.0
O0043742,D0113,True,25.93313011520184,0.0
O0043744,D0108,True,22.333846248337508,0.0
O0043270,D0154,True,20.272497082961983,0.0
O0043619,D0085,True,29.297179912073542,0.0
O0043784,D0111,True,18.423793675650266,0.0
O0043260,D0125,True,29.05693527469804,0.0
O0043263,D0276,True,21.994894527114205,0.0
O0043561,D0273,True,28.222328804888537,0.0
O0043880,D0057,True,17.247621766148523,0.0
O0043850,D0013,True,36.60290332859368,0.0
O0043624,D0191,True,42.62426514979374,0.0
O0043805,D0227,True,21.56923676538603,0.0
O0043468,D0246,True,22.12701692912778,0.0
O0043634,D0080,True,18.232483139360042,0.0
O0043800,D0117,True,31.370855368685298,0.0
O0043741,D0205,True,31.72154775052524,0.0
O0043882,D0078,True,22.796744814515336,0.0
O0043631,D0034,True,28.031254207289507,0.0
O0043321,D0118,True,24.65443661542488,0.0
O0043512,D0281,True,71.31551623878242,0.0
O0043839,D0015,True,34.33196605051413,0.0
O0043780,D0148,True,24.50859130632534,0.0
O0043847,D0184,True,30.61641183075048,0.0
O0043849,D0220,True,38.92169883912108,0.0
O0043245,D0027,True,28.13099483595593,0.0
O0043366,D0149,True,23.028522508738476,0.0
O0043329,D0050,True,23.41309181241943,0.0
O0043838,D0241,True,18.741460024741507,0.0
O0043537,D0154,True,15.57782084342015,0.0
O0043932,D0131,True,23.196409169006895,0.0
O0043460,D0035,True,21.92189725559703,0.0
O0043305,D0168,True,16.3141139449255,0.0
O0043753,D0261,True,17.05116394130789,0.0
O0043345,D0143,True,91.98483458933546,0.0
O0043317,D0089,True,46.82390867026569,0.0
O0043748,D0222,True,23.60007235459467,0.0
O0043494,D0208,True,31.691783956903354,0.0
O0043547,D0085,True,30.555090924600286,0.0
O0043347,D0078,True,20.805116831553953,0.0
O0043899,D0126,True,24.286987301727923,0.0
O0043705,D0007,True,34.53483854740794,0.0
O0043359,D0278,True,19.706398811368274,0.0
O0043421,D0057,True,29.979242772459557,0.0
O0043637,D0117,True,36.6896551326964,0.0
O0043600,D0130,True,41.87053095519731,0.0
O0043467,D0112,True,40.375936922754526,0.0
O0043647,D0027,True,77.13483997048542,0.0
O0043352,D0131,True,79.48861635631378,0.0
O0043714,D0154,True,23.083288604310987,0.0
O0043906,D0015,True,22.757364920340578,0.0
O0043792,D0147,True,19.391881523311497,0.0
O0043418,D0019,True,18.998239873083143,0.0
O0043533,D0107,True,22.586611931094303,0.0
O0043671,D0149,True,23.743583083312938,0.0
O0043556,D0261,True,27.64531377159134,0.0
O0043729,D0267,True,23.527289273474274,0.0
O0043762,D0222,True,26.26498275095178,0.0
O0043756,D0266,True,26.731396758735897,0.0
O0043918,D0244,True,39.9222779971595,0.0
O0043516,D0050,True,18.097483844612675,0.0
O0043426,D0080,True,20.34054506689222,0.0
O0043761,D0168,True,45.040650136939576,0.0
O0043783,D0085,True,28.94936696500059,0.0
O0043686,D0218,True,25.545195683043058,0.0
O0043301,D0251,True,72.30100860309287,0.0
O0043772,D0095,True,20.339269897642275,0.0
O0043589,D0081,True,18.86104647345679,0.0
O0043254,D0214,True,25.19071339486426,0.0
O0043563,D0100,True,32.03283734868254,0.0
O0043939,D0171,True,33.160448156272494,0.0
O0043682,D0270,True,80.27928752539086,0.0
O0043542,D0037,True,31.12909172412764,0.0
O0043626,D0117,True,41.3665869718019,0.0
O0043256,D0239,True,28.246899426013005,0.0
O0043630,D0015,True,26.10481477100972,0.0
O0043271,D0057,True,20.922511982879897,0.0
O0043413,D0222,True,33.165799641337465,0.0
O0043896,D0238,True,29.87208635602103,0.0
O0043593,D0147,True,21.815549811179878,0.0
O0043583,D0112,True,34.78057436341301,0.0
O0043625,D0138,True,23.68270232256716,0.0
O0043511,D0003,True,26.16391971656118,0.0
O0043293,D0146,True,30.258656620302595,0.0
O0043570,D0035,True,21.692005070650183,0.0
O0043360,D0208,True,25.10579029169163,0.0
O0043496,D0085,True,45.98294025701009,0.0
O0043304,D0102,True,22.845847936448866,0.0
O0043691,D0043,True,26.015130728121,0.0
O0043588,D0273,True,26.11404038253504,0.0
O0043812,D0021,True,40.69999033697826,0.0
O0043248,D0012,True,24.44923370895109,0.0
O0043720,D0148,True,19.2807536426669,0.0
O0043944,D0013,True,28.843826144660987,0.0
O0043473,D0015,True,18.42153000415982,0.0
O0043731,D0239,True,26.79917214610954,0.0
O0043778,D0096,True,38.39071853184518,0.0
O0043458,D0108,True,24.18920335785704,0.0
O0043330,D0214,True,19.908373082311936,0.0
O0043616,D0129,True,27.231202909392678,0.0
O0043943,D0088,True,25.289800734168836,0.0
O0043723,D0029,True,29.96457997645598,0.0
O0043924,D0112,True,27.86832405164182,0.0
O0043721,D0245,True,34.55337197049905,0.0
O0043435,D0267,True,17.338318670027405,0.0
O0043579,D0102,True,30.796804186407737,0.0
O0043851,D0042,True,39.02758752207721,0.0
O0043605,D0184,True,25.06853079921035,0.0
O0043628,D0252,True,64.60469353912343,0.0
O0043432,D0270,True,37.93770231420661,0.0
O0043811,D0149,True,30.896870021700913,0.0
O0043385,D0234,True,20.55462653957398,0.0
O0043856,D0278,True,23.00716384093899,0.0
O0043900,D0043,True,37.44512274993881,0.0
O0043297,D0160,True,27.625723173436512,0.0
O0043674,D0239,True,66.03749278364312,0.0
O0043550,D0096,True,25.53064343143705,0.0
O0043802,D0251,True,29.361040737928747,0.0
O0043381,D0088,True,22.749285207441396,0.0
O0043502,D0177,True,46.784345471613804,0.0
O0043382,D0085,True,35.9774245346749,0.0
O0043927,D0112,True,33.549964753248275,0.0
O0043406,D0264,True,29.79663596679718,0.0
O0043817,D0102,True,48.14476362652365,0.0
O0043949,D0093,True,58.335596570153356,0.0
O0043749,D0126,True,25.134752967093096,0.0
O0043433,D0171,True,32.81609420694145,0.0
O0043462,D0077,True,35.46234987962809,0.0
O0043591,D0208,True,35.74551298454069,0.0
O0043575,D0246,True,26.821020545882686,0.0
O0043638,D0288,True,21.949174437031132,0.0
O0043414,D0099,True,47.24561702062974,0.0
O0043707,D0276,True,24.80872932812619,0.0
O0043763,D0015,True,25.27024560655729,0.0
O0043904,D0191,True,26.784579281101266,0.0
O0043445,D0149,True,31.47942888682971,0.0
O0043322,D0029,True,21.68950017264266,0.0
O0043820,D0224,True,53.03619132967825,0.0
O0043781,D0241,True,36.23666154636124,0.0
O0043623,D0160,True,49.45009509852084,0.0
O0043901,D0196,True,33.07377875836254,0.0
O0043474,D0042,True,30.986616501662404,0.0
O0043529,D0081,True,46.61142522735069,0.0
O0043400,D0259,True,25.693454817001964,0.0
O0043363,D0113,True,31.28122444819642,0.0
O0043371,D0036,True,76.60288516247115,0.0
O0043518,D0246,True,29.6593963259594,0.0
O0043895,D0118,True,19.946629396462008,0.0
O0043793,D0050,True,32.36693363415541,0.0
O0043358,D0278,True,38.41962423925978,0.0
O0043440,D0228,True,27.59987418926112,0.0
O0043261,D0195,True,34.98876986840341,0.0
O0043799,D0252,True,45.901999928331854,0.0
O0043702,D0245,True,82.5830663971191,0.0
O0043569,D0202,True,34.805778996678036,0.0
O0043450,D0267,True,29.639645600009253,0.0
O0043920,D0070,True,51.127937699957485,0.0
O0043797,D0085,True,33.78348641170889,0.0
O0043253,D0129,True,29.872210129956958,0.0
O0043789,D0149,True,36.03003527848775,0.0
O0043853,D0014,True,53.84127820020251,0.0
O0043349,D0016,True,34.41963821390289,0.0
O0043339,D0189,True,26.6906278299021,0.0
O0043390,D0248,True,37.04097566139387,0.0
O0043837,D0251,True,47.6451799304026,0.0
O0043397,D0007,True,28.06799639059006,0.0
O0043310,D0099,True,32.02475475884864,0.0
O0043929,D0286,True,31.475349084933065,0.0
O0043629,D0050,True,35.83137382437115,0.0
O0043769,D0125,True,19.51122245344869,0.0
O0043872,D0239,True,40.17295076725479,0.0
O0043296,D0182,True,63.490445295179214,0.0
O0043486,D0296,True,64.81906138624024,0.0
O0043357,D0264,True,21.022452344921927,0.0
O0043739,D0270,True,34.9479051557799,0.0
O0043711,D0225,True,78.12698822043389,0.0
O0043673,D0278,True,59.841318414757914,0.0
O0043609,D0113,True,27.107266887250248,0.0
O0043509,D0160,True,49.917293665988105,0.0
O0043670,D0146,True,35.242471743090036,0.0
O0043306,D0097,True,55.36773647711375,0.0
O0043725,D0212,True,32.80277113730078,0.0
O0043770,D0111,True,39.488568961200116,0.0
O0043641,D0224,True,33.27146360675976,0.0
O0043289,D0021,True,19.917167323074707,0.0
O0043724,D0133,True,27.652043885373786,0.0
O0043504,D0022,True,28.172856673104768,0.0
O0043806,D0222,True,32.997519528755774,0.0
O0043402,D0085,True,35.63225842750816,0.0
O0043715,D0096,True,43.04030776970827,0.0
O0043527,D0195,True,29.79308318065572,0.0
O0043567,D0033,True,18.557872246035274,0.0
O0043251,D0130,True,27.939067537063604,0.0
O0043845,D0035,True,22.939226096590048,0.0
O0043582,D0149,True,56.02442568560522,0.0
O0043708,D0099,True,33.399574260218984,0.0
O0043282,D0208,True,46.53530040433583,0.0
O0043594,D0246,True,40.35948819214816,0.0
O0043415,D0074,True,24.493699086660698,0.0
O0043657,D0248,True,59.693421427081546,0.0
O0043362,D0057,True,48.13617725308437,0.0
O0043287,D0087,True,66.01361426235331,0.0
O0043488,D0228,True,27.428960367681555,0.0
O0043914,D0004,True,34.38763819410974,0.0
O0043751,D0200,True,57.626599769481324,0.0
O0043333,D0103,True,32.5713724077541,0.0
O0043941,D0267,True,25.670060153711127,0.0
O0043687,D0019,True,26.089859227800503,0.0
O0043268,D0252,True,26.19591201719345,0.0
O0043387,D0050,True,42.256915643376594,0.0
O0043928,D0270,True,31.07690726858086,0.0
O0043443,D0264,True,54.13345068846393,0.0
O0043491,D0251,True,111.7205321011134,0.0
O0043549,D0299,True,50.03460497692327,0.0
O0043525,D0033,True,23.239709193348382,0.0
O0043910,D0133,True,35.64294006481575,0.0
O0043752,D0106,True,27.990091550291464,0.0
O0043740,D0167,True,23.379913737274347,0.0
O0043775,D0014,True,78.37053331311822,0.0
O0043252,D0210,True,35.290253311453704,0.0
O0043916,D0229,True,36.3388259766164,0.0
O0043892,D0022,True,39.29307980341743,0.0
O0043790,D0036,True,42.248382666700834,0.0
O0043879,D0044,True,21.56687003763011,0.0
O0043428,D0070,True,37.45408611972982,0.0
O0043338,D0080,True,28.668627065321964,0.0
O0043646,D0178,True,42.9679734227407,0.0
O0043272,D0010,True,65.96280722663853,0.0
O0043863,D0146,True,41.62948751272341,0.0
O0043760,D0273,True,37.34155011475616,0.0
O0043515,D0076,True,24.057960069328267,0.0
O0043732,D0129,True,62.015460926125215,0.0
O0043618,D0175,True,35.89029275241781,0.0
O0043457,D0214,True,24.968793782665536,0.0
O0043656,D0234,True,31.070255248628825,0.0
O0043320,D0232,True,31.09530011641288,0.0
O0043773,D0148,True,27.322347205982826,0.0
O0043757,D0224,True,48.05672969468049,0.0
O0043815,D0274,True,40.22338150159638,0.0
O0043576,D0085,True,35.09109697604103,0.0
O0043743,D0111,True,70.14513126771789,0.0
O0043893,D0123,True,25.949383359098192,0.0
O0043410,D0116,True,35.02442888934347,0.0
O0043401,D0205,True,26.269895372290044,0.0
O0043747,D0279,True,32.023440125736926,0.0
O0043774,D0024,True,39.82167742445647,0.0
O0043572,D0138,True,34.93979916502452,0.0
O0043278,D0160,True,100.0917801162941,0.0
O0043684,D0184,True,25.138615589176922,0.0
O0043335,D0196,True,31.462118759499162,0.0
O0043370,D0049,True,25.003660181494652,0.0
O0043937,D0245,True,58.54639861252909,0.0
O0043881,D0033,True,23.27294730137661,0.0
O0043482,D0288,True,27.852213295189827,0.0
O0043393,D0039,True,34.31360606552292,0.0
O0043718,D0099,True,30.481139593123086,0.0
O0043479,D0182,True,25.155417093842903,0.0
O0043532,D0044,True,29.564327305653634,0.0
O0043601,D0246,True,32.201765677251956,0.0
O0043913,D0004,True,28.30669749839403,0.0
O0043503,D0007,True,29.151477560837783,0.0
O0043411,D0296,True,102.85705609291603,0.0
O0043262,D0270,True,50.08752523323308,0.0
O0043648,D0208,True,22.92557355629323,0.0
O0043931,D0019,True,34.00126031304648,0.0
O0043844,D0092,True,41.37889217210422,0.0
O0043934,D0098,True,19.771004166192103,0.0
O0043424,D0103,True,51.54312479258318,0.0
O0043885,D0241,True,42.93590956778865,0.0
O0043709,D0012,True,21.44650686069791,0.0
O0043540,D0267,True,62.270768125287134,0.0
O0043737,D0206,True,34.47112655207953,0.0
O0043867,D0252,True,87.75919919590697,0.0
O0043622,D0050,True,22.992556577077362,0.0
O0043678,D0229,True,27.088415048981197,0.0
O0043828,D0239,True,118.42181407088904,0.0
O0043520,D0289,True,27.695052550669015,0.0
O0043610,D0295,True,24.44689339312758,0.0
O0043690,D0043,True,88.30195759363865,0.0
O0043697,D0057,True,33.24463256614175,0.0
O0043719,D0278,True,29.583169068477595,0.0
O0043701,D0112,True,36.13659375202035,0.0
O0043481,D0133,True,34.21121590852377,0.0
O0043857,D0165,True,40.00295856005802,0.0
O0043834,D0015,True,41.71078969081587,0.0
O0043429,D0254,True,29.167807609986763,0.0
O0043689,D0108,True,22.769071553346976,0.0
O0043554,D0125,True,38.0419689645289,0.0
O0043258,D0033,True,30.919802222748665,0.0
O0043695,D0049,True,79.26209189353007,0.0
O0043613,D0273,True,26.224044351241808,0.0
O0043897,D0003,True,35.077786912676316,0.0
O0043250,D0189,True,38.22658599159891,0.0
O0043521,D0196,True,24.954545564056694,0.0
O0043408,D0281,True,40.16794623597833,0.0
O0043750,D0279,True,49.66339659851824,0.0
O0043568,D0197,True,40.55340351901951,0.0
O0043559,D0214,True,29.03468991609052,0.0
O0043667,D0081,True,36.75166409166887,0.0
O0043771,D0004,True,105.70173435923017,0.0
O0043785,D0105,True,26.21405552046547,0.0
O0043495,D0178,True,32.24290691184689,0.0
O0043344,D0285,True,38.663314768253315,0.0
O0043947,D0085,True,33.172620654911555,0.0
O0043456,D0200,True,47.571662771967226,0.0
O0043846,D0288,True,30.994040774091065,0.0
O0043870,D0042,True,22.728599232164456,0.0
O0043420,D0079,True,29.50494922956844,0.0
O0043835,D0168,True,29.34926245018302,0.0
O0043795,D0013,True,24.72568597730743,0.0
O0043279,D0118,True,34.30948939194285,0.0
O0043860,D0250,True,24.434378365103786,0.0
O0043506,D0205,True,32.08721698116571,0.0
O0043353,D0274,True,67.04084212918995,0.0
O0043884,D0010,True,26.52781010416843,0.0
O0043551,D0040,True,26.092743266104996,0.0
O0043299,D0220,True,23.84345399054957,0.0
O0043822,D0032,True,32.69653514758618,0.0
O0043824,D0044,True,31.182102826546036,0.0
O0043592,D0052,True,23.727108337301445,0.0
O0043590,D0069,True,25.797896960548613,0.0
O0043642,D0195,True,42.2581310193776,0.0
O0043585,D0289,True,27.882663743800855,0.0
O0043894,D0077,True,28.171496567615634,0.0
O0043706,D0088,True,21.829621331410692,0.0
O0043668,D0129,True,33.81011163966193,0.0
O0043485,D0218,True,19.976509075705394,0.0
O0043868,D0106,True,24.166470526401547,0.0
O0043703,D0229,True,43.62626275202704,0.0
O0043852,D0039,True,23.434079984483834,0.0
O0043394,D0179,True,28.345434858771373,0.0
O0043727,D0270,True,27.579878206871705,0.0
O0043919,D0277,True,20.02400530586433,0.0
O0043611,D0112,True,30.04538616689377,0.0
O0043693,D0212,True,58.12916137528547,0.0
O0043796,D0211,True,74.00828957653708,0.0
O0043517,D0150,True,28.09837400646522,0.0
O0043522,D0018,True,40.30080364935174,0.0
O0043412,D0171,True,24.203356273418372,0.0
O0043337,D0015,True,41.103758271944756,0.0
O0043886,D0126,True,30.676769220926147,0.0
O0043423,D0196,True,36.38268054231614,0.0
O0043712,D0033,True,33.856937998105856,0.0
O0043942,D0166,True,24.809066433831575,0.0
O0043312,D0266,True,42.76077378600701,0.0
O0043386,D0280,True,41.39789647786899,0.0
O0043821,D0062,True,20.701233395372554,0.0
O0043700,D0089,True,51.89424345608316,0.0
O0043819,D0250,True,31.69203582666804,0.0
O0043493,D0087,True,18.83697158711194,0.0
O0043280,D0104,True,30.263231349517923,0.0
O0043746,D0138,True,29.041176390299466,0.0
O0043803,D0238,True,36.17408431541334,0.0
O0043873,D0029,True,25.91104186928714,0.0
O0043764,D0085,True,30.056434851841367,0.0
O0043259,D0276,True,32.37580439713821,0.0
O0043869,D0220,True,51.10877021032081,0.0
O0043452,D0008,True,26.543224441839257,0.0
O0043327,D0199,True,25.399114849146812,0.0
O0043801,D0153,True,54.813389621051286,0.0
O0043348,D0182,True,33.219510641964604,0.0
O0043294,D0012,True,51.54465237602994,0.0
O0043242,D0036,True,31.988899830755052,0.0
O0043734,D0146,True,32.43143582874826,0.0
O0043490,D0175,True,18.95151801324557,0.0
O0043871,D0144,True,50.229692324440755,0.0
O0043430,D0270,True,22.678391060493702,0.0
O0043768,D0186,True,50.4247119301467,0.0
O0043472,D0148,True,17.815037153284756,0.0
O0043531,D0235,True,26.61867224731708,0.0
O0043249,D0222,True,16.3013554081867,0.0
O0043508,D0299,True,32.26245894781555,0.0
O0043499,D0140,True,20.888022196748256,0.0
O0043378,D0133,True,52.476832624959904,0.0
O0043379,D0156,True,22.48903353098044,0.0
O0043265,D0185,True,35.694764357437556,0.0
O0043530,D0245,True,31.42398934292791,0.0
O0043247,D0273,True,27.96467407140189,0.0
O0043314,D0218,True,16.575940355778158,0.0
O0043889,D0241,True,30.586646884629616,0.0
O0043643,D0271,True,24.405747467128368,0.0
O0043464,D0285,True,18.71026837039071,0.0
O0043829,D0290,True,85.95708727328486,0.0
O0043325,D0189,True,68.70026011926437,0.0
O0043672,D0087,True,18.427283851611694,0.0
O0043813,D0129,True,31.450963240017124,0.0
O0043483,D0151,True,25.549182107593328,0.0
O0043777,D0076,True,64.59720070439046,0.0
O0043917,D0112,True,23.129695091263706,0.0
O0043534,D0160,True,59.46226112733058,0.0
O0043564,D0259,True,31.67710090024427,0.0
O0043316,D0232,True,20.979411723955288,0.0
O0043597,D0288,True,26.7633750475948,0.0
O0043776,D0125,True,26.870654673395034,0.0
O0043391,D0165,True,54.485991346514,0.0
O0043786,D0258,True,26.68292452549844,0.0
O0043302,D0010,True,32.59475047265086,0.0
O0043524,D0261,True,28.747050961251134,0.0
O0043528,D0052,True,21.54107184040344,0.0
O0043574,D0296,True,38.10977980442976,0.0
O0043298,D0050,True,31.064926053636288,0.0
O0043471,D0260,True,24.033626267732117,0.0
O0043566,D0015,True,33.80523630048128,0.0
O0043577,D0085,True,55.764109233230215,0.0
O0043627,D0235,True,36.90286505529752,0.0
O0043552,D0042,True,27.42150625449606,0.0
O0043842,D0212,True,27.335474033327948,0.0
O0043831,D0000,True,25.75136429918792,0.0
O0043514,D0159,True,53.62420833280241,0.0
O0043354,D0234,True,19.659198419636617,0.0
O0043555,D0029,True,22.91242232673131,0.0
O0043565,D0083,True,31.784038716571388,0.0
O0043497,D0146,True,23.749421349653066,0.0
O0043599,D0199,True,25.024410858051482,0.0
O0043936,D0233,True,60.58318130360482,0.0
O0043584,D0175,True,20.400201545418184,0.0
O0043513,D0069,True,21.740635653832804,0.0
O0043571,D0121,True,23.475234494438983,0.0
O0043903,D0195,True,40.77754643213407,0.0
O0043332,D0196,True,43.7592629818805,0.0
O0043266,D0232,True,39.122013110991325,0.0
O0043854,D0268,True,39.31143283139033,0.0
O0043717,D0010,True,25.205846153179827,0.0
O0043632,D0057,True,33.63159338703563,0.0
O0043269,D0100,True,18.3182779650852,0.0
O0043439,D0099,True,34.48950671564913,0.0
O0043639,D0273,True,30.690831078945934,0.0
O0043300,D0108,True,41.57779421500953,0.0
O0043244,D0144,True,23.209989989465395,0.0
O0043448,D0003,True,33.53204974011882,0.0
O0043326,D0154,True,18.804953584147736,0.0
O0043621,D0288,True,21.80628154019965,0.0
O0043807,D0202,True,26.626837612089403,0.0
O0043791,D0285,True,22.435630961814546,0.0
O0043500,D0088,True,43.0351386111894,0.0
O0043374,D0199,True,20.202618925702705,0.0
O0043808,D0175,True,35.897373620290644,0.0
O0043447,D0062,True,19.60636909186408,0.0
O0043855,D0126,True,33.21158797349739,0.0
O0043595,D0147,True,26.955259498703,0.0
O0043766,D0234,True,18.35024048466984,0.0
O0043921,D0118,True,20.71990882260476,0.0
O0043685,D0081,True,27.878415068273835,0.0
O0043442,D0052,True,18.231415137703884,0.0
O0043340,D0167,True,42.749401663351144,0.0
O0043451,D0083,True,15.293044906521247,0.0
O0043465,D0218,True,30.764696926862072,0.0
O0043596,D0286,True,32.1824380721214,0.0
O0043804,D0016,True,26.543684909192464,0.0
O0043480,D0136,True,31.353574886801766,0.0
O0043384,D0154,True,28.463162852553662,0.0
O0043699,D0089,True,26.009679680459563,0.0
O0043923,D0153,True,17.87785683970785,0.0
O0043334,D0008,True,20.48353840341732,0.0
O0043636,D0110,True,35.31985289425851,0.0
O0043818,D0109,True,22.799816417394034,0.0
O0043823,D0266,True,25.19721581985185,0.0
O0043830,D0296,True,24.807306808588258,0.0
O0043659,D0208,True,28.21879565904211,0.0
O0043704,D0199,True,21.601975394654406,0.0
O0043492,D0087,True,24.597885804238985,0.0
O0043376,D0264,True,29.202583840821525,0.0
O0043350,D0078,True,38.48120675658214,0.0
O0043477,D0232,True,31.940049257139535,0.0
O0043463,D0238,True,24.239230485443578,0.0
O0043292,D0241,True,39.563574957951225,0.0
O0043662,D0029,True,22.967922355791742,0.0
O0043246,D0146,True,18.76999399599954,0.0
O0043425,D0234,True,22.922994268508162,0.0
O0043606,D0132,True,29.624950327944806,0.0
O0043640,D0258,True,20.804732057178143,0.0
O0043735,D0290,True,43.02227623794306,0.0
O0043536,D0199,True,22.266020392575196,0.0
O0043865,D0080,True,29.4810054237798,0.0
O0043498,D0002,True,38.56183925295474,0.0
O0043948,D0083,True,35.581540581593245,0.0
O0043580,D0266,True,22.461782684973407,0.0
O0043416,D0052,True,27.709719638671366,0.0
O0043356,D0242,True,23.922173732501804,0.0
O0043716,D0159,True,25.454621209859994,0.0
O0043538,D0088,True,30.13194307361248,0.0
O0043945,D0012,True,26.76882983934278,0.0
O0043364,D0089,True,34.635280008620875,0.0
O0043758,D0098,True,22.657926780574986,0.0
O0043286,D0123,True,18.549909564816843,0.0
O0043658,D0220,True,25.269316422645367,0.0
O0043478,D0212,True,39.885712163841276,0.0
O0043664,D0132,True,19.52302419460298,0.0
O0043754,D0008,True,23.801709346595736,0.0
O0043644,D0108,True,21.566988014878014,0.0
O0043938,D0222,True,29.948414514954244,0.0
O0043905,D0159,True,26.72796043688289,0.0
O0043935,D0002,True,33.052569617656474,0.0
O0043755,D0018,True,24.53278364169408,0.0
O0043446,D0167,True,25.30446434635199,0.0
O0043283,D0232,True,44.367514681846814,0.0
O0043288,D0261,True,28.951312114654783,0.0
O0043501,D0264,True,40.14785618735373,0.0
O0043587,D0078,True,27.125917540338783,0.0
O0043284,D0123,True,36.18374493778992,0.0
O0043351,D0171,True,21.88325735510604,0.0
O0043876,D0132,True,32.02995659559144,0.0
O0043586,D0158,True,13.878606270239557,0.0
O0043825,D0269,True,28.27951303495108,0.0
O0043422,D0072,True,18.629319378252312,0.0
O0043343,D0153,True,31.088643076060798,0.0
O0043545,D0148,True,21.327768971300486,0.0
O0043368,D0088,True,31.384234255862875,0.0
O0044603,D0003,True,33.64771990038087,0.0
O0044364,D0012,True,25.475671331748558,0.0
O0043997,D0099,True,37.33859589818426,0.0
O0044519,D0033,True,23.822804071471353,0.0
O0044215,D0111,True,19.225800312913965,0.0
O0044325,D0042,True,63.6450705519117,0.0
O0044470,D0148,True,28.994102012516304,0.0
O0044002,D0013,True,27.7500731524814,0.0
O0043963,D0182,True,37.58759492546992,0.0
O0044013,D0100,True,28.07994578356786,0.0
O0044360,D0153,True,30.172226891492876,0.0
O0044583,D0088,True,27.069412297946716,0.0
O0044400,D0148,True,28.84302769227755,0.0
O0044637,D0146,True,25.83381361522371,0.0
O0044076,D0027,True,21.704133081774756,0.0
O0044228,D0012,True,34.15585682299882,0.0
O0044182,D0036,True,24.92379098521741,0.0
O0044157,D0205,True,38.63438249218452,0.0
O0044613,D0184,True,19.22984447611115,0.0
O0044540,D0021,True,27.405694960592932,0.0
O0043991,D0159,True,28.083866614492894,0.0
O0044305,D0002,True,53.42773800849036,0.0
O0044169,D0123,True,33.64783577006672,0.0
O0044319,D0081,True,30.135321800015767,0.0
O0044284,D0074,True,28.157600344064466,0.0
O0044040,D0110,True,24.292791363485797,0.0
O0044200,D0146,True,42.69637089699301,0.0
O0044366,D0004,True,31.604177363259204,0.0
O0044702,D0258,True,20.223322363187307,0.0
O0044407,D0029,True,21.936619884610458,0.0
O0044598,D0050,True,45.723669579909284,0.0
O0044590,D0088,True,31.56746275869815,0.0
O0044550,D0032,True,22.346922981386435,0.0
O0044518,D0002,True,17.365634607758803,0.0
O0044646,D0266,True,25.77523944139503,0.0
O0044576,D0130,True,34.77557294408927,0.0
O0044029,D0267,True,17.135967784713205,0.0
O0044090,D0175,True,28.836553313071914,0.0
O0044238,D0035,True,22.003706415489994,0.0
O0044250,D0088,True,21.479001199702125,0.0
O0044042,D0222,True,22.256582532813674,0.0
O0043965,D0155,True,54.11790038404545,0.0
O0044474,D0097,True,25.383305060368034,0.0
O0044001,D0220,True,26.95016337357709,0.0
O0044150,D0212,True,14.794395045811488,0.0
O0044028,D0013,True,16.778718647852788,0.0
O0044369,D0241,True,33.26999520380045,0.0
O0044595,D0267,True,32.99722771138129,0.0
O0044419,D0097,True,49.99643905595362,0.0
O0044188,D0148,True,19.189012101711583,0.0
O0044503,D0066,True,32.95965411549798,0.0
O0044472,D0002,True,50.186652794130865,0.0
O0044025,D0050,True,37.10809542656391,0.0
O0044549,D0132,True,29.027749083996344,0.0
O0044117,D0100,True,29.299994276306418,0.0
O0044043,D0160,True,25.200966693942515,0.0
O0044621,D0001,True,23.34473587311528,0.0
O0044073,D0013,True,24.617682952663532,0.0
O0044392,D0069,True,24.048717498252014,0.0
O0044348,D0238,True,25.523030710654417,0.0
O0044109,D0288,True,18.723285797152265,0.0
O0044457,D0273,True,25.77664675739394,0.0
O0044677,D0008,True,25.960108168218998,0.0
O0044012,D0171,True,24.893224416706435,0.0
O0044577,D0074,True,44.149014079691085,0.0
O0044554,D0270,True,49.25902738824632,0.0
O0044056,D0189,True,74.79401959358847,0.0
O0044527,D0258,True,20.284867952616526,0.0
O0044700,D0057,True,38.03968130243997,0.0
O0044615,D0175,True,25.486967793861165,0.0
O0044525,D0281,True,23.92484346919886,0.0
O0044332,D0159,True,95.29545127131945,0.0
O0044515,D0270,True,24.23058863014525,0.0
O0044036,D0013,True,29.085850243418324,0.0
O0043960,D0175,True,26.017449158360424,0.0
O0044705,D0214,True,37.06935396624953,0.0
O0044631,D0205,True,17.70997948630662,0.0
O0044138,D0132,True,38.98011457447506,0.0
O0044469,D0261,True,28.101331403808366,0.0
O0044111,D0208,True,19.54191937785881,0.0
O0044053,D0171,True,21.21063071740762,0.0
O0044476,D0220,True,26.175533349309113,0.0
O0044112,D0010,True,23.574855100545662,0.0
O0043951,D0146,True,28.830338071051575,0.0
O0044187,D0205,True,32.1243685843592,0.0
O0044130,D0080,True,23.290685659040346,0.0
O0044192,D0212,True,29.832625141725742,0.0
O0044647,D0015,True,19.380482352913585,0.0
O0044357,D0270,True,33.26407292685602,0.0
O0044355,D0057,True,22.951326771439728,0.0
O0044663,D0004,True,41.564574596115065,0.0
O0044033,D0274,True,68.57608069873481,0.0
O0044390,D0208,True,18.08886439867844,0.0
O0044374,D0182,True,29.656834357804993,0.0
O0044579,D0246,True,29.726502387313026,0.0
O0044612,D0131,True,79.97062156638272,0.0
O0044606,D0220,True,36.65159292010274,0.0
O0043990,D0258,True,20.99886683436928,0.0
O0043964,D0273,True,26.23230447692684,0.0
O0044089,D0099,True,28.350670529525107,0.0
O0044137,D0252,True,30.187393478644847,0.0
O0044104,D0012,True,19.50742876774309,0.0
O0044222,D0068,True,31.37990875074035,0.0
O0044401,D0222,True,24.677971177021906,0.0
O0044141,D0286,True,18.466549664979677,0.0
O0043984,D0078,True,29.31493165908855,0.0
O0044434,D0129,True,85.09366394859421,0.0
O0044643,D0015,True,25.7554218709486,0.0
O0044444,D0241,True,23.317925064878757,0.0
O0044267,D0290,True,85.35784964845611,0.0
O0043975,D0056,True,17.913794030692166,0.0
O0044533,D0102,True,64.22726669716722,0.0
O0044038,D0258,True,26.05542078377321,0.0
O0044666,D0234,True,35.47979012766805,0.0
O0044264,D0066,True,82.10123543316392,0.0
O0043982,D0014,True,76.79394108929185,0.0
O0044190,D0012,True,25.30848409855285,0.0
O0044559,D0272,True,31.46039913652724,0.0
O0044268,D0068,True,38.90629471052974,0.0
O0044684,D0013,True,27.41623639975036,0.0
O0044675,D0270,True,49.96015566497786,0.0
O0044054,D0139,True,34.07949652298691,0.0
O0044203,D0286,True,22.02090805191635,0.0
O0044600,D0078,True,34.63806712841347,0.0
O0044015,D0148,True,33.608832874602136,0.0
O0044283,D0175,True,35.32463540552666,0.0
O0044489,D0138,True,50.52219501725424,0.0
O0044704,D0140,True,36.6851607772101,0.0
O0044241,D0146,True,29.02239264973717,0.0
O0044213,D0029,True,22.303013780690176,0.0
O0044593,D0032,True,32.10637315983507,0.0
O0044201,D0212,True,37.326964515709015,0.0
O0044672,D0241,True,81.29638360007273,0.0
O0044295,D0171,True,26.68949926963523,0.0
O0044349,D0035,True,25.367157533644527,0.0
O0044075,D0069,True,24.147478204056604,0.0
O0044031,D0222,True,29.651928114827594,0.0
O0044173,D0012,True,27.98248796754375,0.0
O0044695,D0218,True,22.010680803140733,0.0
O0044378,D0015,True,23.88072827666869,0.0
O0044448,D0122,True,29.37521308270765,0.0
O0044063,D0099,True,31.41658769002288,0.0
O0044510,D0110,True,22.02624588911433,0.0
O0044644,D0144,True,25.201443012853694,0.0
O0044632,D0111,True,29.500523935225868,0.0
O0044155,D0123,True,30.406380031516072,0.0
O0044233,D0010,True,34.54552921249768,0.0
O0044616,D0008,True,24.806126964935995,0.0
O0043995,D0112,True,24.89172884006044,0.0
O0044660,D0131,True,22.873108976897164,0.0
O0044708,D0029,True,41.13840420366648,0.0
O0044218,D0074,True,38.16152824153351,0.0
O0044377,D0189,True,37.85383237352974,0.0
O0044162,D0146,True,20.9530092655009,0.0
O0044635,D0080,True,24.977900345707212,0.0
O0044652,D0083,True,30.560514700025738,0.0
O0044110,D0288,True,29.527391750909324,0.0
O0044564,D0035,True,73.09738007071047,0.0
O0044254,D0088,True,42.365564313846676,0.0
O0044296,D0191,True,32.441649128847,0.0
O0043979,D0218,True,16.251262877789294,0.0
O0044313,D0089,True,47.70716362749119,0.0
O0044425,D0171,True,40.13823025326369,0.0
O0044471,D0072,True,22.039349777022878,0.0
O0044408,D0003,True,21.13162997303595,0.0
O0044125,D0132,True,35.59311647771148,0.0
O0044060,D0164,True,33.35655869055559,0.0
O0044658,D0001,True,26.083173626703964,0.0
O0044209,D0140,True,26.298259824594886,0.0
O0044191,D0294,True,33.812158610564474,0.0
O0044626,D0057,True,25.314249442198342,0.0
O0044008,D0148,True,50.151678479669656,0.0
O0044260,D0016,True,35.484012693849664,0.0
O0044537,D0068,True,35.30796254423512,0.0
O0044449,D0143,True,30.644249529407723,0.0
O0044195,D0110,True,17.366181781106103,0.0
O0044498,D0144,True,38.793956060058996,0.0
O0043950,D0208,True,41.26498335264117,0.0
O0044118,D0266,True,42.6815240905945,0.0
O0044707,D0131,True,100.82323898300409,0.0
O0044552,D0012,True,28.6974915191832,0.0
O0044272,D0129,True,29.00928472240735,0.0
O0044251,D0032,True,28.7257755174302,0.0
O0044486,D0099,True,18.485336022299254,0.0
O0044379,D0251,True,47.952006616866846,0.0
O0044041,D0281,True,34.007785511435486,0.0
O0044659,D0019,True,30.36209547326367,0.0
O0044673,D0014,True,24.890007265760488,0.0
O0044011,D0069,True,32.21334981788576,0.0
O0044303,D0182,True,26.231678917348002,0.0
O0044685,D0270,True,43.16539213481933,0.0
O0044608,D0008,True,21.338112068307392,0.0
O0044255,D0165,True,38.408890329194655,0.0
O0044143,D0123,True,35.368166401013745,0.0
O0044301,D0202,True,42.38891697098109,0.0
O0044256,D0214,True,27.867757256304866,0.0
O0044044,D0036,True,29.666452998239915,0.0
O0044318,D0155,True,31.402614888232804,0.0
O0044634,D0246,True,33.175185213603335,0.0
O0044224,D0234,True,21.748863454545916,0.0
O0044393,D0276,True,29.02538717897513,0.0
O0044487,D0196,True,30.493529575477663,0.0
O0044701,D0238,True,24.19356938549863,0.0
O0044555,D0254,True,26.288549898679463,0.0
O0044581,D0029,True,35.68471639768107,0.0
O0044475,D0103,True,28.423721141553127,0.0
O0044204,D0146,True,20.101429919487206,0.0
O0044113,D0191,True,46.14214181629386,0.0
O0044679,D0130,True,20.87396232472801,0.0
O0044411,D0242,True,50.816935817163966,0.0
O0044146,D0078,True,25.596636656760854,0.0
O0044243,D0263,True,30.807493521723693,0.0
O0044619,D0171,True,24.875762862368695,0.0
O0044578,D0252,True,56.98104905686572,0.0
O0044309,D0068,True,28.387293453510622,0.0
O0044226,D0175,True,53.00896180074248,0.0
O0044160,D0212,True,29.575661942860403,0.0
O0044306,D0010,True,33.79501403669292,0.0
O0044037,D0087,True,93.35912047325925,0.0
O0044107,D0088,True,35.51198068308407,0.0
O0044039,D0272,True,51.09534797315046,0.0
O0044271,D0076,True,33.904012220978224,0.0
O0044642,D0046,True,29.1090822752814,0.0
O0044066,D0057,True,20.58101965683634,0.0
O0044454,D0234,True,28.581420625785487,0.0
O0044562,D0245,True,34.45509972093389,0.0
O0044093,D0015,True,33.07422151043203,0.0
O0044174,D0239,True,39.35060699728691,0.0
O0044198,D0182,True,42.32019631667867,0.0
O0044391,D0132,True,21.708281885024746,0.0
O0044372,D0266,True,29.83430232907569,0.0
O0043976,D0294,True,44.03955473627775,0.0
O0044103,D0148,True,28.656329746170307,0.0
O0043994,D0099,True,44.60919771780922,0.0
O0044607,D0013,True,71.48501822744102,0.0
O0044223,D0146,True,30.56499681088794,0.0
O0044495,D0029,True,96.3262956393765,0.0
O0044045,D0030,True,39.52453527442182,0.0
O0044680,D0078,True,41.72216947521206,0.0
O0044324,D0288,True,42.54173199173841,0.0
O0044516,D0246,True,25.016433351217426,0.0
O0044298,D0267,True,20.729485712849936,0.0
O0044167,D0108,True,36.213918085892026,0.0
O0044424,D0121,True,26.497059311898433,0.0
O0044504,D0139,True,37.18498463265734,0.0
O0044656,D0220,True,33.352649560051184,0.0
O0043974,D0057,True,27.240142231899934,0.0
O0044473,D0088,True,28.947127828449986,0.0
O0044625,D0130,True,27.632876703698987,0.0
O0044648,D0033,True,20.430552253552843,0.0
O0044479,D0032,True,32.24930469068111,0.0
O0044235,D0227,True,25.001287246768232,0.0
O0044336,D0056,True,18.56771179198475,0.0
O0043987,D0089,True,31.160081036108345,0.0
O0044670,D0189,True,80.43060069506902,0.0
O0044667,D0218,True,22.91919142385847,0.0
O0044604,D0019,True,32.47935386888791,0.0
O0044394,D0241,True,99.10483974987865,0.0
O0044208,D0184,True,17.737676362965573,0.0
O0044273,D0010,True,32.54969590179525,0.0
O0044252,D0081,True,27.839518676581296,0.0
O0044636,D0111,True,26.218244619433154,0.0
O0044585,D0266,True,24.52544788786087,0.0
O0044266,D0016,True,20.509720930046935,0.0
O0044279,D0112,True,29.49504356070185,0.0
O0044126,D0214,True,46.817481349802186,0.0
O0044245,D0268,True,20.779869234757072,0.0
O0044697,D0008,True,46.48485266664544,0.0
O0044316,D0068,True,23.44442893069742,0.0
O0044292,D0110,True,24.168195090981516,0.0
O0044165,D0182,True,32.99757252082225,0.0
O0044074,D0033,True,88.65939591999233,0.0
O0044046,D0146,True,62.03701906199707,0.0
O0044651,D0276,True,26.830602687262488,0.0
O0044346,D0121,True,23.82181695388819,0.0
O0044055,D0100,True,24.620299921241273,0.0
O0044539,D0004,True,23.05436504223683,0.0
O0044373,D0220,True,28.11613226669386,0.0
O0044006,D0242,True,29.516219449550338,0.0
O0044287,D0232,True,27.224739774498328,0.0
O0044175,D0162,True,25.88859543911261,0.0
O0044589,D0267,True,23.13562181272762,0.0
O0044509,D0109,True,39.30343382617205,0.0
O0044145,D0227,True,27.859204320925844,0.0
O0044207,D0131,True,59.30201427590692,0.0
O0044326,D0088,True,34.23409436114518,0.0
O0044290,D0153,True,24.206633350170378,0.0
O0044062,D0184,True,22.10323012020453,0.0
O0044524,D0123,True,35.096495446348975,0.0
O0044641,D0266,True,24.892360843830186,0.0
O0044698,D0191,True,38.27450379624516,0.0
O0044077,D0236,True,29.34647002520127,0.0
O0044069,D0035,True,21.0596028246431,0.0
O0044402,D0012,True,31.210640621169787,0.0
O0044544,D0007,True,28.66482530226081,0.0
O0044294,D0143,True,23.240066975558584,0.0
O0044484,D0218,True,27.11641994797522,0.0
O0044380,D0068,True,33.16198644145915,0.0
O0044480,D0115,True,26.067802173042935,0.0
O0044108,D0165,True,29.152451179558366,0.0
O0043967,D0254,True,29.381069719701355,0.0
O0044426,D0073,True,35.207592263229365,0.0
O0044277,D0027,True,30.595894301796903,0.0
O0043954,D0022,True,15.359348111436553,0.0
O0044499,D0267,True,20.710679614321464,0.0
O0044443,D0239,True,21.278035112026824,0.0
O0044286,D0066,True,69.2417169365463,0.0
O0044132,D0182,True,27.89089636812345,0.0
O0044307,D0278,True,35.568199550297585,0.0
O0044134,D0155,True,27.662523472485535,0.0
O0044322,D0153,True,20.479518678243142,0.0
O0044412,D0143,True,30.33117127449665,0.0
O0044706,D0006,True,69.88756873514376,0.0
O0044376,D0273,True,21.070491153581358,0.0
O0044300,D0111,True,23.519475588970316,0.0
O0044669,D0027,True,25.344339243244043,0.0
O0044078,D0064,True,28.20164515477851,0.0
O0044403,D0057,True,25.57289582841254,0.0
O0044362,D0268,True,30.81163470680263,0.0
O0044712,D0242,True,26.04056350348188,0.0
O0044453,D0083,True,25.67656065725073,0.0
O0044183,D0081,True,22.271667010416557,0.0
O0044124,D0155,True,27.868843883720537,0.0
O0044310,D0276,True,16.935133613623787,0.0
O0044010,D0227,True,28.57482360553461,0.0
O0044429,D0153,True,29.550479939658167,0.0
O0044000,D0089,True,31.561216547543772,0.0
O0044119,D0239,True,28.700555114221277,0.0
O0044035,D0202,True,27.65327810108979,0.0
O0044239,D0100,True,19.39747710262973,0.0
O0043978,D0147,True,30.47406100946703,0.0
O0044502,D0214,True,30.944286834174154,0.0
O0044560,D0115,True,36.9593356676893,0.0
O0044070,D0220,True,29.730679282501104,0.0
O0044341,D0021,True,34.56917061202154,0.0
O0043952,D0242,True,34.026439150043714,0.0
O0044526,D0132,True,27.291767382666677,0.0
O0044396,D0268,True,22.08162055559199,0.0
O0044422,D0083,True,22.484999007143614,0.0
O0044563,D0107,True,27.796026582011827,0.0
O0044688,D0033,True,30.03453101997702,0.0
O0044091,D0153,True,26.734336735614253,0.0
O0044220,D0110,True,23.545416117753877,0.0
O0044249,D0248,True,20.812501569380462,0.0
O0044229,D0189,True,37.72879048728994,0.0
O0044299,D0064,True,32.78279186101017,0.0
O0044034,D0131,True,32.94644861055223,0.0
O0044523,D0165,True,30.82467885346651,0.0
O0044521,D0243,True,28.339960089359106,0.0
O0044032,D0021,True,34.19501033832444,0.0
O0044121,D0162,True,35.83381443672684,0.0
O0044135,D0010,True,29.94521104515845,0.0
O0044003,D0242,True,37.441879622128106,0.0
O0044437,D0275,True,23.01261049674384,0.0
O0044385,D0225,True,31.24218301571282,0.0
O0044452,D0109,True,24.841245683052517,0.0
O0044199,D0057,True,31.20617896707245,0.0
O0044164,D0132,True,45.339672792468484,0.0
O0044352,D0182,True,36.30275762797216,0.0
O0044520,D0006,True,37.076495307669944,0.0
O0044467,D0104,True,34.5806109162126,0.0
O0044320,D0118,True,31.424355425182736,0.0
O0044610,D0099,True,44.28659527893582,0.0
O0044166,D0220,True,110.5323613199804,0.0
O0044327,D0027,True,42.436749418333335,0.0
O0044597,D0131,True,44.43254597070591,0.0
O0044102,D0267,True,34.333465911267425,0.0
O0044149,D0001,True,30.104795687937855,0.0
O0044181,D0010,True,28.721928582067573,0.0
O0044494,D0064,True,27.820556223284495,0.0
O0044674,D0248,True,17.98935083125346,0.0
O0043959,D0037,True,28.92333261168549,0.0
O0044004,D0073,True,26.79381780978434,0.0
O0043981,D0116,True,108.14772045489491,0.0
O0043998,D0100,True,24.553561779527687,0.0
O0044511,D0286,True,29.965358412216794,0.0
O0044330,D0115,True,42.359731740609654,0.0
O0044257,D0033,True,22.283472531434352,0.0
O0044206,D0174,True,36.10995856124949,0.0
O0044057,D0019,True,26.922465327491494,0.0
O0043988,D0021,True,52.587726751098856,0.0
O0044482,D0107,True,37.35966038204353,0.0
O0044611,D0232,True,39.42701125513582,0.0
O0044101,D0178,True,75.72115172465158,0.0
O0044092,D0057,True,41.806337995179796,0.0
O0044059,D0083,True,48.40179366500224,0.0
O0044630,D0268,True,44.8037269888277,0.0
O0044329,D0088,True,43.98845711170958,0.0
O0044662,D0089,True,86.17748705152901,0.0
O0044558,D0281,True,26.11040273452162,0.0
O0044096,D0006,True,24.63546352092218,0.0
O0044087,D0241,True,81.3018700679737,0.0
O0044458,D0227,True,52.04558509255409,0.0
O0044586,D0010,True,42.44561716238606,0.0
O0044551,D0100,True,40.00592592831373,0.0
O0044154,D0151,True,46.135542712780634,0.0
O0044691,D0175,True,35.94455462154321,0.0
O0044694,D0266,True,28.8013927867019,0.0
O0044645,D0272,True,18.8583170245093,0.0
O0044094,D0110,True,24.44884726840744,0.0
O0044522,D0104,True,30.60198710317342,0.0
O0043983,D0239,True,60.22869169002798,0.0
O0044389,D0189,True,35.46222298504978,0.0
O0044128,D0073,True,32.62861068732136,0.0
O0044629,D0027,True,41.78397367174609,0.0
O0044265,D0242,True,33.239676687255454,0.0
O0044219,D0064,True,27.53604258798508,0.0
O0044185,D0113,True,36.65662820710611,0.0
O0044088,D0109,True,83.99553904811073,0.0
O0044281,D0006,True,55.893571357785206,0.0
O0044592,D0275,True,25.510579064731623,0.0
O0044067,D0035,True,32.750255332094525,0.0
O0044058,D0087,True,49.75239776256546,0.0
O0044365,D0099,True,44.11788711085963,0.0
O0044654,D0118,True,24.510450901731037,0.0
O0044196,D0129,True,35.97778016777092,0.0
O0044147,D0029,True,34.453122001678665,0.0
O0044565,D0146,True,49.02609500634427,0.0
O0044331,D0037,True,23.13778751678262,0.0
O0044026,D0108,True,26.06423372080769,0.0
O0044304,D0165,True,46.83689894663016,0.0
O0044601,D0191,True,32.79801657774646,0.0
O0044197,D0207,True,34.86632860737113,0.0
O0044382,D0080,True,24.827745345738293,0.0
O0044413,D0182,True,63.762965899994164,0.0
O0044481,D0160,True,38.68915347301918,0.0
O0044541,D0266,True,24.779596979114267,0.0
O0044650,D0131,True,52.02636128376359,0.0
O0044386,D0162,True,45.17060359786478,0.0
O0044614,D0132,True,31.876897522497835,0.0
O0044553,D0021,True,27.652544188014264,0.0
O0044246,D0290,True,98.95704462292045,0.0
O0044416,D0004,True,33.41473566585048,0.0
O0044280,D0126,True,38.84813734689356,0.0
O0044314,D0117,True,24.509107221141008,0.0
O0044231,D0033,True,24.544028108230286,0.0
O0044463,D0123,True,39.663101992735115,0.0
O0044116,D0107,True,38.478024607641814,0.0
O0044270,D0064,True,48.14169340942168,0.0
O0044465,D0040,True,31.512896718519997,0.0
O0043955,D0010,True,36.003173787454315,0.0
O0044163,D0119,True,24.80598269143662,0.0
O0044315,D0073,True,35.625260889970235,0.0
O0044649,D0104,True,38.549385929246064,0.0
O0044430,D0015,True,37.398356370824494,0.0
O0044230,D0147,True,42.305867295531264,0.0
O0044547,D0214,True,27.707559802873806,0.0
O0044618,D0255,True,24.851813495645352,0.0
O0044433,D0052,True,57.952213125897266,0.0
O0044493,D0187,True,31.27733873905088,0.0
O0044240,D0083,True,36.98081532028716,0.0
O0044668,D0133,True,55.11121371913514,0.0
O0044375,D0137,True,27.543596964148627,0.0
O0044490,D0072,True,33.68988289959934,0.0
O0044459,D0151,True,31.744096537210687,0.0
O0044686,D0108,True,44.231970605524324,0.0
O0044664,D0051,True,30.193226957329575,0.0
O0044308,D0242,True,31.48010054524124,0.0
O0044278,D0016,True,29.434180222182682,0.0
O0044570,D0232,True,45.557799396641066,0.0
O0044194,D0270,True,93.83976751274052,0.0
O0044153,D0136,True,19.36799816890114,0.0
O0044367,D0001,True,29.55787254329741,0.0
O0044575,D0057,True,52.67220487736226,0.0
O0044622,D0178,True,30.65335804294124,0.0
O0044269,D0189,True,47.57061046427678,0.0
O0044436,D0096,True,35.66405413322217,0.0
O0044232,D0191,True,45.250297431497465,0.0
O0044406,D0198,True,41.66619349273883,0.0
O0044237,D0166,True,23.641984319666342,0.0
O0043973,D0027,True,35.95570322263811,0.0
O0043996,D0021,True,32.83716667634387,0.0
O0044285,D0286,True,80.54240207829164,0.0
O0044079,D0259,True,28.534955411174487,0.0
O0044418,D0225,True,22.357809845528443,0.0
O0044014,D0119,True,52.02569679196255,0.0
O0044427,D0275,True,28.45998768070149,0.0
O0044546,D0068,True,34.65303461873834,0.0
O0044297,D0132,True,41.450339903542044,0.0
O0043999,D0244,True,43.71314302002135,0.0
O0044061,D0246,True,55.66425601599924,0.0
O0044567,D0098,True,40.9687487793788,0.0
O0044602,D0032,True,28.12741322847025,0.0
O0044371,D0157,True,30.34517238529966,0.0
O0043956,D0226,True,35.575611300458256,0.0
O0044068,D0234,True,18.08304183820179,0.0
O0044594,D0025,True,37.49641545256924,0.0
O0044591,D0136,True,30.521503289121824,0.0
O0044350,D0148,True,17.487603369968202,0.0
O0044543,D0033,True,24.534840304288753,0.0
O0044334,D0035,True,24.6904975418584,0.0
O0044508,D0238,True,22.465743912540525,0.0
O0044178,D0080,True,62.76491925330391,0.0
O0043972,D0153,True,56.7608928150997,0.0
O0044682,D0116,True,33.11754500040489,0.0
O0044161,D0107,True,37.58188623411666,0.0
O0043993,D0126,True,26.965666748277773,0.0
O0043986,D0066,True,39.01722862237141,0.0
O0044534,D0089,True,35.841296300211255,0.0
O0044711,D0208,True,30.86402134742778,0.0
O0043968,D0242,True,39.16812602116247,0.0
O0044221,D0121,True,34.2645818838246,0.0
O0044624,D0017,True,73.11976429136679,0.0
O0044080,D0079,True,37.42213163487986,0.0
O0043969,D0131,True,47.59294927356083,0.0
O0044170,D0072,True,37.139331965320864,0.0
O0044259,D0073,True,22.785820090853136,0.0
O0044340,D0178,True,40.034097123120084,0.0
O0044337,D0029,True,31.623049072625953,0.0
O0044114,D0104,True,33.309712827722095,0.0
O0044692,D0010,True,38.16808607482302,0.0
O0044176,D0020,True,32.621931270413086,0.0
O0044709,D0077,True,40.61513616914497,0.0
O0043961,D0040,True,27.277594883977233,0.0
O0044599,D0225,True,21.372245057604513,0.0
O0044485,D0210,True,32.86803745338551,0.0
O0044177,D0220,True,53.026971302858875,0.0
O0044640,D0076,True,87.29552171390903,0.0
O0044159,D0239,True,45.05703320862198,0.0
O0044168,D0019,True,30.412353308754426,0.0
O0044234,D0021,True,27.308059201474023,0.0
O0044275,D0117,True,32.39399123103114,0.0
O0044532,D0234,True,27.984317060672495,0.0
O0043962,D0255,True,34.31370971902153,0.0
O0044395,D0151,True,33.11009984111884,0.0
O0044572,D0173,True,98.96455455211996,0.0
O0044158,D0251,True,44.29840784917439,0.0
O0044115,D0165,True,50.40025176146352,0.0
O0044530,D0068,True,28.557390514005025,0.0
O0044609,D0166,True,23.906752567921657,0.0
O0044573,D0207,True,62.314799178075475,0.0
O0044248,D0266,True,107.1188455142282,0.0
O0044021,D0295,True,85.23058471841628,0.0
O0044477,D0189,True,43.682501523923385,0.0
O0044584,D0052,True,50.25714717547119,0.0
O0044082,D0191,True,33.85671892277135,0.0
O0044566,D0099,True,24.51068302028672,0.0
O0044253,D0027,True,31.962381815749193,0.0
O0044368,D0181,True,28.861763866492684,0.0
O0044683,D0116,True,78.39762654775255,0.0
O0044696,D0144,True,22.963499505526972,0.0
O0044423,D0226,True,19.67978474675435,0.0
O0044323,D0122,True,25.14234574062742,0.0
O0044491,D0139,True,36.15190440902359,0.0
O0043977,D0248,True,31.976308098030003,0.0
O0044242,D0212,True,45.864265171405414,0.0
O0044689,D0004,True,26.225055767665744,0.0
O0044017,D0033,True,23.840165386464417,0.0
O0044483,D0073,True,35.65593785484184,0.0
O0043980,D0241,True,27.516816237344152,0.0
O0044529,D0147,True,28.298001396776623,0.0
O0044478,D0238,True,20.45090541016371,0.0
O0044445,D0277,True,27.01580448142506,0.0
O0044623,D0040,True,29.89598784709416,0.0
O0043985,D0029,True,25.261440912725682,0.0
O0044152,D0057,True,30.46372055963305,0.0
O0044435,D0136,True,32.7175357168841,0.0
O0044464,D0274,True,32.92598339315299,0.0
O0044106,D0205,True,61.26800963754017,0.0
O0044571,D0096,True,27.502646256879974,0.0
O0044405,D0129,True,47.9720584783632,0.0
O0044084,D0290,True,46.499777357837445,0.0
O0044120,D0068,True,67.2010586810077,0.0
O0044455,D0178,True,36.14392103383754,0.0
O0044148,D0210,True,41.71416182629012,0.0
O0044083,D0012,True,27.946566530017,0.0
O0044099,D0015,True,53.264872341894986,0.0
O0044261,D0107,True,34.534013117835656,0.0
O0044561,D0066,True,70.71940652253856,0.0
O0044356,D0080,True,42.50452385071869,0.0
O0044620,D0021,True,34.79041582772005,0.0
O0044024,D0131,True,66.95897973190658,0.0
O0044139,D0187,True,28.107269730081097,0.0
O0044100,D0117,True,48.96219614128907,0.0
O0044051,D0157,True,19.262198817573626,0.0
O0044140,D0197,True,28.450087517715698,0.0
O0044398,D0224,True,33.79537396558923,0.0
O0044548,D0260,True,25.401498497803402,0.0
O0044450,D0001,True,33.78401724623539,0.0
O0044016,D0003,True,26.016937227230773,0.0
O0044214,D0229,True,29.912309641533568,0.0
O0043957,D0214,True,26.54816737323005,0.0
O0044312,D0242,True,43.69529244440336,0.0
O0044410,D0249,True,23.96944582613746,0.0
O0044505,D0189,True,44.58697517838931,0.0
O0044156,D0239,True,42.56287723524105,0.0
O0044381,D0014,True,35.45051609621797,0.0
O0044557,D0123,True,31.84229201933131,0.0
O0044657,D0119,True,28.095065718440388,0.0
O0044661,D0144,True,20.49606202159207,0.0
O0044431,D0218,True,23.55386704866893,0.0
O0044693,D0052,True,27.20997796917468,0.0
O0044291,D0276,True,34.20125810065497,0.0
O0044587,D0286,True,28.03885393621932,0.0
O0044065,D0108,True,32.371356896097,0.0
O0044335,D0132,True,25.606635301659267,0.0
O0044105,D0016,True,22.151389204431872,0.0
O0044628,D0033,True,93.98166146003564,0.0
O0044507,D0251,True,41.51880594813399,0.0
O0044030,D0185,True,22.479842344855996,0.0
O0044052,D0246,True,30.77103249746461,0.0
O0044344,D0025,True,17.312777890672017,0.0
O0044545,D0092,True,22.117633823053414,0.0
O0044496,D0134,True,29.002123006824988,0.0
O0044081,D0169,True,44.15886846833969,0.0
O0044202,D0017,True,33.34179358651221,0.0
O0044216,D0192,True,41.82135364322418,0.0
O0044492,D0191,True,33.20050488270491,0.0
O0044136,D0073,True,25.141425495647727,0.0
O0044447,D0038,True,54.504159552536585,0.0
O0044333,D0096,True,36.98400680350451,0.0
O0044020,D0178,True,38.742954569510204,0.0
O0044359,D0130,True,25.319439469867294,0.0
O0044399,D0244,True,32.1784511774735,0.0
O0044460,D0207,True,50.17778505771013,0.0
O0044596,D0212,True,28.01340706809645,0.0
O0044517,D0238,True,36.819333348881294,0.0
O0044568,D0051,True,32.47494546508963,0.0
O0044588,D0065,True,30.52941046146227,0.0
O0044703,D0129,True,95.78399582419769,0.0
O0044461,D0079,True,17.896324954734965,0.0
O0043971,D0139,True,32.05751600843246,0.0
O0044363,D0004,True,94.1504942951233,0.0
O0044049,D0224,True,29.060299718241435,0.0
O0044247,D0226,True,20.40178037190279,0.0
O0044501,D0126,True,35.44625469286792,0.0
O0044293,D0210,True,26.58498188685187,0.0
O0044361,D0281,True,33.00988828101925,0.0
O0044098,D0252,True,48.14331064888391,0.0
O0044428,D0021,True,26.51873267718031,0.0
O0044687,D0236,True,24.893274329574297,0.0
O0044244,D0248,True,48.7947939099296,0.0
O0044095,D0080,True,31.142284315471525,0.0
O0044432,D0277,True,28.193515437792065,0.0
O0044655,D0133,True,45.791518923229326,0.0
O0044212,D0162,True,36.49914506500902,0.0
O0044343,D0241,True,45.94362523892653,0.0
O0044048,D0016,True,28.97776200911338,0.0
O0044441,D0163,True,30.732477074842016,0.0
O0044681,D0012,True,34.8614814030859,0.0
O0044263,D0144,True,21.829476801727616,0.0
O0044370,D0205,True,26.250250372147107,0.0
O0044404,D0232,True,36.46709795045437,0.0
O0044086,D0003,True,31.000149587279175,0.0
O0044047,D0290,True,32.32190374253612,0.0
O0044342,D0147,True,32.97777940259193,0.0
O0044144,D0171,True,28.522585967163838,0.0
O0043970,D0187,True,25.772664146114202,0.0
O0044071,D0267,True,30.844246227994464,0.0
O0044007,D0017,True,27.025365013630186,0.0
O0044225,D0057,True,27.425842124768288,0.0
O0044122,D0073,True,46.96917279868164,0.0
O0044072,D0270,True,26.845249920929458,0.0
O0044328,D0273,True,29.31005311810719,0.0
O0044050,D0010,True,23.873930964145014,0.0
O0044276,D0052,True,24.966303361264902,0.0
O0044439,D0099,True,46.528808449613386,0.0
O0044678,D0108,True,25.359712092676777,0.0
O0044129,D0137,True,28.849282558920823,0.0
O0044019,D0166,True,43.01331381526456,0.0
O0044468,D0173,True,52.101023975279745,0.0
O0044582,D0178,True,55.66750117347855,0.0
O0044236,D0212,True,40.796366624871894,0.0
O0043989,D0210,True,40.53159614108923,0.0
O0044302,D0081,True,20.80173519828742,0.0
O0044639,D0117,True,26.15759379767833,0.0
O0043953,D0244,True,20.863276236918253,0.0
O0044617,D0224,True,25.801635338704845,0.0
O0044184,D0242,True,37.04133110868097,0.0
O0044123,D0192,True,34.058506142833316,0.0
O0044383,D0021,True,28.806471843569376,0.0
O0044172,D0144,True,87.66529362418525,0.0
O0044446,D0189,True,32.73231942472862,0.0
O0044580,D0040,True,36.30426055657484,0.0
O0044133,D0079,True,26.61845068865013,0.0
O0044528,D0123,True,20.2935467478808,0.0
O0044421,D0025,True,32.08057942370835,0.0
O0044497,D0132,True,40.640748065350756,0.0
O0044442,D0169,True,51.62683703567581,0.0
O0044538,D0288,True,34.091044690632394,0.0
O0044699,D0006,True,37.4364840224871,0.0
O0044488,D0163,True,17.846071350081257,0.0
O0044512,D0076,True,34.556496558198425,0.0
O0044384,D0205,True,43.944735111086175,0.0
O0044097,D0207,True,26.042233881089206,0.0
O0044535,D0275,True,32.86637945955737,0.0
O0043992,D0131,True,84.80398287507431,0.0
O0044638,D0191,True,28.621262738647918,0.0
O0044417,D0119,True,28.32911760482851,0.0
O0044217,D0267,True,29.29735912908963,0.0
O0044466,D0017,True,29.06873794786392,0.0
O0044710,D0072,True,20.346080256336627,0.0
O0044022,D0130,True,20.365460849395802,0.0
O0044289,D0213,True,39.365493794541024,0.0
O0044064,D0052,True,33.254213970277654,0.0
O0044347,D0087,True,28.116523707548126,0.0
O0044397,D0290,True,91.16129959568941,0.0
O0044387,D0084,True,20.430835040282552,0.0
O0044420,D0264,True,38.879114036730705,0.0
O0044151,D0038,True,32.91089444108349,0.0
O0044258,D0273,True,27.288804184101753,0.0
O0044288,D0112,True,41.248466491730554,0.0
O0044180,D0246,True,21.339041687603782,0.0
O0044605,D0010,True,34.02109310894808,0.0
O0044274,D0110,True,23.457336914980857,0.0
O0044542,D0126,True,32.41461662958031,0.0
O0044388,D0160,True,25.64388680509057,0.0
O0044676,D0250,True,23.93464599255191,0.0
O0044514,D0281,True,23.801375475450143,0.0
O0044210,D0081,True,32.06309509105682,0.0
O0044440,D0278,True,39.02502974732511,0.0
O0044131,D0254,True,30.88012014809293,0.0
O0044462,D0166,True,42.256216251669606,0.0
O0044171,D0224,True,37.51283046527491,0.0
O0044142,D0117,True,19.0954027721126,0.0
O0044127,D0122,True,29.421171894678878,0.0
O0044189,D0079,True,41.0145581098265,0.0
O0044351,D0105,True,40.8630434731754,0.0
O0044414,D0123,True,36.437373858214904,0.0
O0044282,D0022,True,19.259322743972007,0.0
O0044211,D0012,True,28.285174336877414,0.0
O0044627,D0185,True,35.17516033971606,0.0
O0044671,D0223,True,25.107564138475794,0.0
O0044653,D0132,True,41.42732624271527,0.0
O0044321,D0173,True,31.616365761081592,0.0
O0044354,D0227,True,23.91956163482253,0.0
O0044205,D0154,True,30.50514999923106,0.0
O0044186,D0139,True,83.37975820123933,0.0
O0044506,D0163,True,32.68939288350281,0.0
O0044345,D0189,True,68.09335013130014,0.0
O0044536,D0207,True,33.16313568612898,0.0
O0044569,D0025,True,37.737357774378644,0.0
O0044317,D0029,True,93.09211001738223,0.0
O0044513,D0052,True,32.395762543833406,0.0
O0044193,D0242,True,28.038048495446045,0.0
O0044409,D0035,True,29.474200228501246,0.0
O0044027,D0245,True,44.41609499429328,0.0
O0044023,D0169,True,28.22757883211436,0.0
O0044500,D0295,True,19.379327930895222,0.0
O0044665,D0087,True,40.30900249989365,0.0
O0044311,D0153,True,95.03136629935403,0.0
O0044574,D0038,True,36.063373877431715,0.0
O0043958,D0213,True,34.25507756333039,0.0
O0044451,D0021,True,29.48134547019497,0.0
O0044005,D0210,True,41.10620313284871,0.0
O0043966,D0225,True,16.935459692422068,0.0
O0044179,D0218,True,17.32604386739402,0.0
O0044085,D0205,True,73.59886183682102,0.0
O0044415,D0231,True,53.999701014810036,0.0
O0044262,D0076,True,31.957293022971687,0.0
O0044338,D0100,True,25.352767915792107,0.0
O0044353,D0224,True,38.65354217882988,0.0
O0044456,D0255,True,39.165035178967315,0.0
O0044227,D0017,True,48.996191911298084,0.0
O0044339,D0072,True,23.436086187845724,0.0
O0044556,D0173,True,48.72857703068819,0.0
O0044531,D0229,True,21.65753570379717,0.0
O0044018,D0212,True,102.75680549560543,0.0
O0044358,D0117,True,22.96785441501199,0.0
O0044009,D0096,True,31.45927623580566,0.0
O0044633,D0115,True,40.82991209555414,0.0
O0044438,D0184,True,23.718916492944174,0.0
O0044690,D0225,True,32.69329294296012,0.0
O0044900,D0246,True,18.068502131520784,0.0
O0044869,D0227,True,23.532480789556423,0.0
O0045176,D0111,True,19.109459835834297,0.0
O0044953,D0010,True,26.052921803197755,0.0
O0044816,D0052,True,20.464450504256604,0.0
O0044813,D0012,True,23.269987558405226,0.0
O0045488,D0126,True,21.335211067486547,0.0
O0044889,D0033,True,22.400193351710854,0.0
O0045410,D0224,True,22.840269781846267,0.0
O0045391,D0012,True,23.876188703317155,0.0
O0044730,D0087,True,22.54507087964076,0.0
O0045047,D0205,True,13.996768417693454,0.0
O0044937,D0012,True,23.43399445027822,0.0
O0045023,D0057,True,23.024122088080237,0.0
O0044865,D0096,True,24.764921651701428,0.0
O0044749,D0021,True,21.04813910904253,0.0
O0045248,D0122,True,40.75134901866231,0.0
O0044909,D0126,True,17.29438597793704,0.0
O0045323,D0220,True,53.40297963745812,0.0
O0044920,D0100,True,25.0335277255394,0.0
O0045235,D0267,True,17.317964115263862,0.0
O0045258,D0295,True,21.469603743995076,0.0
O0045468,D0231,True,31.16960132626473,0.0
O0044862,D0012,True,22.709693010911174,0.0
O0045534,D0273,True,30.69682938519162,0.0
O0044735,D0207,True,58.42587072636439,0.0
O0045591,D0021,True,20.00881047510744,0.0
O0045123,D0189,True,45.71379854866951,0.0
O0045300,D0242,True,20.150643029513354,0.0
O0045609,D0112,True,19.22758572078095,0.0
O0045282,D0173,True,63.09194795643618,0.0
O0044820,D0210,True,14.965905441792689,0.0
O0044835,D0021,True,23.775876598939146,0.0
O0045250,D0130,True,17.251836859991407,0.0
O0044722,D0163,True,16.887586366016393,0.0
O0044856,D0123,True,26.03926789870376,0.0
O0045268,D0248,True,23.192129904978028,0.0
O0045064,D0013,True,36.60284460044006,0.0
O0045349,D0052,True,23.260604682251355,0.0
O0044895,D0057,True,26.988230313944257,0.0
O0045137,D0021,True,16.824361385672322,0.0
O0045089,D0072,True,36.63331484116368,0.0
O0045345,D0248,True,20.43166848346153,0.0
O0044892,D0019,True,25.403396413107213,0.0
O0044924,D0080,True,18.386133305744508,0.0
O0044886,D0253,True,27.569642598321323,0.0
O0045445,D0295,True,23.375906175736837,0.0
O0045068,D0123,True,33.9748667872217,0.0
O0045365,D0110,True,13.336592678946976,0.0
O0045443,D0276,True,25.310588538805124,0.0
O0044743,D0001,True,28.14513181587052,0.0
O0045449,D0069,True,19.83577685958904,0.0
O0044818,D0130,True,22.94571994485498,0.0
O0045217,D0288,True,36.15047050791473,0.0
O0044910,D0080,True,27.614562823806523,0.0
O0044753,D0001,True,17.606641519030426,0.0
O0045557,D0038,True,25.296540687264603,0.0
O0045234,D0252,True,43.343047444968875,0.0
O0045044,D0112,True,17.45406913146896,0.0
O0044734,D0110,True,22.537556534668838,0.0
O0044976,D0210,True,18.2151400053387,0.0
O0045216,D0013,True,14.345462177218401,0.0
O0045175,D0080,True,27.944077437566175,0.0
O0044763,D0016,True,27.801498346379503,0.0
O0045113,D0146,True,16.843094182544196,0.0
O0045515,D0205,True,24.47054394821727,0.0
O0045601,D0234,True,28.187235349204975,0.0
O0044852,D0253,True,25.516351199021422,0.0
O0044726,D0066,True,34.20031279070153,0.0
O0044838,D0140,True,16.921867013379178,0.0
O0044860,D0207,True,21.371766720480203,0.0
O0045011,D0251,True,42.66974074683859,0.0
O0045075,D0295,True,71.29041998436713,0.0
O0045321,D0191,True,17.45051958677228,0.0
O0045559,D0056,True,21.12368055159009,0.0
O0045136,D0258,True,22.01353034611513,0.0
O0045186,D0001,True,20.48294307636138,0.0
O0044927,D0087,True,26.98275608338196,0.0
O0045521,D0010,True,25.843943925246144,0.0
O0045362,D0227,True,18.453986193189195,0.0
O0045389,D0110,True,36.99568392420628,0.0
O0045606,D0276,True,23.80229400791313,0.0
O0045114,D0074,True,19.467178431945236,0.0
O0045222,D0267,True,25.209944541906005,0.0
O0045031,D0139,True,58.384682885017554,0.0
O0044991,D0110,True,25.803402821797377,0.0
O0045090,D0295,True,29.2165964035972,0.0
O0044776,D0035,True,16.230934262829884,0.0
O0044962,D0248,True,30.479469027520764,0.0
O0045376,D0074,True,14.03657119057912,0.0
O0044896,D0290,True,46.49273442296883,0.0
O0045167,D0056,True,18.370053792307395,0.0
O0045264,D0163,True,43.51255492717514,0.0
O0045303,D0208,True,15.026889941343939,0.0
O0045523,D0264,True,21.029544516705535,0.0
O0045603,D0072,True,23.38423923537536,0.0
O0044826,D0012,True,23.273519274596033,0.0
O0045276,D0100,True,22.278509196872378,0.0
O0045411,D0121,True,18.052992827750586,0.0
O0044728,D0035,True,25.584768976367506,0.0
O0045147,D0210,True,16.041687895691826,0.0
O0045194,D0281,True,20.929486795286923,0.0
O0044997,D0191,True,22.2019300402017,0.0
O0045504,D0207,True,23.49208500897054,0.0
O0045513,D0258,True,22.73527439351474,0.0
O0044841,D0214,True,24.975616656239353,0.0
O0044913,D0295,True,24.2805181598285,0.0
O0045524,D0080,True,24.425084164256045,0.0
O0044824,D0248,True,25.64230709079412,0.0
O0045231,D0126,True,24.76888624964825,0.0
O0045578,D0010,True,17.094823555156644,0.0
O0045110,D0234,True,26.385509674024004,0.0
O0045195,D0277,True,33.8864061019284,0.0
O0045531,D0123,True,27.844810197010737,0.0
O0045608,D0146,True,26.55128378988666,0.0
O0045541,D0032,True,31.13348099573477,0.0
O0045154,D0210,True,27.246988349861425,0.0
O0045482,D0132,True,24.57140639841485,0.0
O0045020,D0096,True,31.72894699555306,0.0
O0044825,D0022,True,14.891750573139488,0.0
O0045583,D0087,True,26.511806669937897,0.0
O0045094,D0218,True,17.872428765235107,0.0
O0045428,D0050,True,21.210913957325836,0.0
O0044768,D0126,True,26.295381290049495,0.0
O0044745,D0238,True,34.4619593958731,0.0
O0044739,D0078,True,30.75243608126354,0.0
O0045274,D0288,True,34.87358295171188,0.0
O0044767,D0013,True,29.108012566254594,0.0
O0044908,D0192,True,58.32120739133275,0.0
O0044795,D0208,True,20.202970997506327,0.0
O0044756,D0080,True,47.37086928734485,0.0
O0045247,D0258,True,23.285696839276206,0.0
O0045190,D0159,True,60.26746921942898,0.0
O0045004,D0184,True,21.116888008716927,0.0
O0044783,D0001,True,40.36526789456582,0.0
O0045315,D0012,True,27.675688419647557,0.0
O0044888,D0234,True,18.447511879412062,0.0
O0045596,D0210,True,30.873842223970264,0.0
O0045340,D0147,True,20.124027795977035,0.0
O0045528,D0163,True,21.470888071684307,0.0
O0044855,D0191,True,25.96921991535258,0.0
O0045372,D0019,True,16.056505153633008,0.0
O0045103,D0087,True,27.173141909958254,0.0
O0045209,D0295,True,30.438521370043347,0.0
O0044836,D0214,True,24.064492337973572,0.0
O0045166,D0013,True,15.905438159312792,0.0
O0044744,D0274,True,18.135006594703917,0.0
O0045592,D0171,True,23.436121740469503,0.0
O0045415,D0057,True,21.064211315247803,0.0
O0045430,D0116,True,41.66742637174114,0.0
O0044769,D0258,True,23.856370576074106,0.0
O0045032,D0245,True,25.067101064838276,0.0
O0045358,D0107,True,26.284794217850703,0.0
O0044791,D0092,True,21.780337038480823,0.0
O0045527,D0021,True,48.635440931484624,0.0
O0045427,D0123,True,30.91671211038804,0.0
O0044796,D0006,True,61.595505692680916,0.0
O0045028,D0056,True,20.494382849158484,0.0
O0044805,D0131,True,72.97997138011934,0.0
O0045547,D0238,True,33.856507142718684,0.0
O0044905,D0012,True,30.153532296891562,0.0
O0045453,D0035,True,23.929504299954758,0.0
O0044784,D0100,True,18.629527400251362,0.0
O0044823,D0140,True,22.726879188546405,0.0
O0045441,D0001,True,41.42368979733346,0.0
O0044968,D0013,True,15.465557010782312,0.0
O0045091,D0062,True,27.684779285399053,0.0
O0044762,D0081,True,28.287466502956075,0.0
O0045401,D0027,True,19.43640015031845,0.0
O0045357,D0087,True,35.762273540271146,0.0
O0045298,D0218,True,34.22908834844557,0.0
O0045390,D0227,True,26.111420368159454,0.0
O0045461,D0234,True,27.63176919465413,0.0
O0044786,D0015,True,15.47365363237018,0.0
O0044748,D0210,True,23.02647923840916,0.0
O0044958,D0154,True,24.415327166732204,0.0
O0045036,D0099,True,22.10278852592765,0.0
O0045101,D0112,True,27.810696583912375,0.0
O0045363,D0072,True,33.11950678435535,0.0
O0045196,D0170,True,18.942754737191756,0.0
O0045316,D0246,True,28.71958936388317,0.0
O0044880,D0253,True,24.182755857562466,0.0
O0045359,D0255,True,30.008841673532586,0.0
O0045579,D0295,True,75.69019590193973,0.0
O0045273,D0148,True,16.000426751642465,0.0
O0045566,D0219,True,48.06206824773783,0.0
O0045252,D0245,True,56.915876123112675,0.0
O0044884,D0108,True,48.05752112406597,0.0
O0045388,D0166,True,19.95357501417015,0.0
O0044774,D0270,True,25.326342060124936,0.0
O0044803,D0105,True,40.42554813974281,0.0
O0045506,D0010,True,25.49013992241459,0.0
O0045621,D0052,True,26.19567316744036,0.0
O0045451,D0214,True,23.134996090972173,0.0
O0045553,D0159,True,26.141841930800425,0.0
O0045593,D0078,True,20.535499813090198,0.0
O0045314,D0003,True,21.64183768881385,0.0
O0044713,D0100,True,57.16283563771839,0.0
O0045257,D0132,True,19.327082027916017,0.0
O0045053,D0207,True,23.562955184316028,0.0
O0044720,D0242,True,36.11044752833511,0.0
O0045582,D0288,True,47.741681015360186,0.0
O0045200,D0163,True,30.28496460789756,0.0
O0044719,D0249,True,22.337656712036384,0.0
O0044822,D0276,True,25.44010517451238,0.0
O0044926,D0121,True,16.708037181737346,0.0
O0045170,D0123,True,30.604313962265877,0.0
O0045387,D0191,True,31.58319001974474,0.0
O0044714,D0033,True,27.194959037826152,0.0
O0045253,D0202,True,16.772412383923783,0.0
O0045614,D0252,True,43.85706816302074,0.0
O0045598,D0184,True,20.281533604007777,0.0
O0045100,D0077,True,54.08278749481832,0.0
O0045584,D0213,True,64.19864146804659,0.0
O0044978,D0205,True,24.751753952708256,0.0
O0045539,D0081,True,26.345039259738368,0.0
O0045080,D0238,True,19.073243962919946,0.0
O0044925,D0012,True,19.401341026714498,0.0
O0044875,D0229,True,17.872275373362008,0.0
O0044840,D0251,True,89.75211221343247,0.0
O0045042,D0281,True,33.0969332037592,0.0
O0045475,D0035,True,25.149642428533824,0.0
O0045301,D0158,True,29.405150786663608,0.0
O0044806,D0260,True,48.95603417504766,0.0
O0045087,D0032,True,30.29993595766023,0.0
O0044946,D0112,True,32.62961004241238,0.0
O0044878,D0087,True,40.29421312908491,0.0
O0045291,D0114,True,20.794659917239148,0.0
O0044964,D0096,True,23.57048781498306,0.0
O0045142,D0234,True,24.743095085585903,0.0
O0045169,D0121,True,24.046586576145756,0.0
O0045002,D0009,True,32.1246559582937,0.0
O0045173,D0255,True,24.819341502154927,0.0
O0045251,D0171,True,35.93378895420557,0.0
O0044954,D0227,True,31.20495562130186,0.0
O0045135,D0164,True,64.29622800246608,0.0
O0044934,D0159,True,37.62528476471248,0.0
O0045067,D0156,True,19.54129450821597,0.0
O0045394,D0006,True,24.9253954653883,0.0
O0045371,D0132,True,19.92192807703592,0.0
O0045243,D0185,True,36.037925537233384,0.0
O0045322,D0013,True,21.221110127491404,0.0
O0045210,D0108,True,23.61411676046699,0.0
O0045610,D0219,True,21.31458881722449,0.0
O0045162,D0181,True,27.68365243969396,0.0
O0045086,D0184,True,23.75748443740222,0.0
O0044867,D0131,True,62.24974232049627,0.0
O0044966,D0078,True,27.49311338388293,0.0
O0045041,D0175,True,28.418873870410753,0.0
O0045127,D0205,True,23.763840760894787,0.0
O0045457,D0081,True,18.431036177890984,0.0
O0045466,D0218,True,25.38679085469792,0.0
O0044984,D0062,True,29.72471743297076,0.0
O0045088,D0187,True,18.14648798414168,0.0
O0044771,D0035,True,31.80794088148208,0.0
O0045189,D0199,True,30.29901249461736,0.0
O0045561,D0202,True,33.744843837787776,0.0
O0045111,D0252,True,57.38306939542308,0.0
O0044757,D0096,True,25.216333118498056,0.0
O0045229,D0112,True,24.761295907282587,0.0
O0045244,D0148,True,21.91744029204323,0.0
O0045052,D0034,True,24.46241098123747,0.0
O0045417,D0238,True,16.234442782930607,0.0
O0045311,D0003,True,20.196463581418808,0.0
O0044994,D0123,True,27.775293429871553,0.0
O0044940,D0214,True,18.347016687278092,0.0
O0044922,D0258,True,19.16261646170325,0.0
O0044947,D0074,True,38.417981986198754,0.0
O0045577,D0226,True,17.174335741875772,0.0
O0044995,D0246,True,25.768774710037388,0.0
O0044861,D0118,True,25.938805394600532,0.0
O0045328,D0245,True,30.543749605506562,0.0
O0045471,D0250,True,23.305670571240356,0.0
O0045034,D0173,True,23.928234022400375,0.0
O0045499,D0032,True,52.58426548113099,0.0
O0045594,D0119,True,37.431330432442046,0.0
O0045434,D0016,True,49.00432138868569,0.0
O0045574,D0117,True,16.763969859315374,0.0
O0044755,D0140,True,22.294988094014194,0.0
O0044831,D0187,True,30.360777780406682,0.0
O0044980,D0205,True,54.81880784689791,0.0
O0045259,D0207,True,27.72975372681716,0.0
O0045467,D0052,True,27.66248874938634,0.0
O0044858,D0057,True,23.86779034416544,0.0
O0045530,D0078,True,38.01089798303561,0.0
O0045262,D0108,True,26.445629798148893,0.0
O0045444,D0225,True,25.927608320990366,0.0
O0044850,D0148,True,20.6321981093972,0.0
O0045010,D0229,True,21.659041197198263,0.0
O0045505,D0010,True,33.44999979648807,0.0
O0045026,D0019,True,21.633008949833144,0.0
O0045082,D0077,True,39.021053595934426,0.0
O0045197,D0214,True,24.38394163751125,0.0
O0045380,D0133,True,41.910405461671395,0.0
O0045056,D0197,True,24.879007010334096,0.0
O0045001,D0154,True,34.40364067030817,0.0
O0044725,D0156,True,23.21393725260355,0.0
O0045285,D0158,True,24.21049462095668,0.0
O0045352,D0081,True,23.344458597382165,0.0
O0045043,D0006,True,24.782614161136433,0.0
O0044857,D0132,True,30.377361310527284,0.0
O0045477,D0160,True,50.267229893438014,0.0
O0045563,D0033,True,20.517117808933904,0.0
O0045125,D0184,True,19.830024924943984,0.0
O0045153,D0084,True,19.91921413077226,0.0
O0045024,D0116,True,29.31241682488787,0.0
O0045320,D0255,True,49.73890007509449,0.0
O0045272,D0147,True,31.243226287305202,0.0
O0045431,D0163,True,29.472621549136942,0.0
O0044939,D0100,True,21.704778563839753,0.0
O0045330,D0226,True,16.914336711788906,0.0
O0044972,D0225,True,37.536808114605336,0.0
O0044933,D0281,True,17.738511020279233,0.0
O0045040,D0175,True,17.900292374880415,0.0
O0044929,D0034,True,28.381435054904337,0.0
O0045399,D0268,True,22.88930893306553,0.0
O0044952,D0097,True,22.472478110100887,0.0
O0045459,D0154,True,20.31842534131509,0.0
O0045356,D0015,True,20.089000827208388,0.0
O0045570,D0219,True,25.62475774076736,0.0
O0045270,D0009,True,26.490005849950407,0.0
O0045288,D0010,True,25.755389046971526,0.0
O0045310,D0227,True,22.262931829758266,0.0
O0045054,D0184,True,19.32885294668825,0.0
O0045555,D0092,True,17.71654844150543,0.0
O0045405,D0078,True,25.8977916611891,0.0
O0044868,D0099,True,33.84943337688303,0.0
O0045074,D0115,True,39.2195995259718,0.0
O0044891,D0140,True,28.839535023430845,0.0
O0045096,D0112,True,27.29892260818533,0.0
O0045003,D0133,True,23.15906630360029,0.0
O0045178,D0225,True,19.54642060379434,0.0
O0044902,D0004,True,27.609916864780523,0.0
O0045237,D0008,True,25.624604752101575,0.0
O0044897,D0037,True,17.43150656288249,0.0
O0045454,D0148,True,23.11110571683724,0.0
O0045226,D0034,True,25.77989040196748,0.0
O0044901,D0052,True,21.82071437204759,0.0
O0044955,D0072,True,27.711043009454883,0.0
O0045296,D0116,True,21.872870050436163,0.0
O0045366,D0197,True,22.032243614939404,0.0
O0044847,D0022,True,23.42858055485214,0.0
O0045414,D0274,True,22.221350770376183,0.0
O0045295,D0019,True,24.712519087110024,0.0
O0045161,D0038,True,28.509981968477092,0.0
O0045438,D0097,True,20.411087326299075,0.0
O0045381,D0171,True,27.16712734503909,0.0
O0045462,D0099,True,37.99814800337457,0.0
O0045367,D0008,True,18.841785647198872,0.0
O0045344,D0117,True,43.86738296449549,0.0
O0044879,D0192,True,32.36428319120486,0.0
O0045266,D0009,True,28.113855841717815,0.0
O0045207,D0078,True,24.653265894980215,0.0
O0045193,D0148,True,27.92111579093337,0.0
O0045290,D0132,True,23.360268358811354,0.0
O0045460,D0136,True,28.692378451965695,0.0
O0045605,D0108,True,30.953885008556647,0.0
O0045283,D0003,True,15.7890863747931,0.0
O0044973,D0296,True,26.71611027767259,0.0
O0045423,D0114,True,28.147720859295802,0.0
O0045616,D0179,True,26.621653826333173,0.0
O0045373,D0004,True,31.539632105889744,0.0
O0045464,D0154,True,29.511432489509307,0.0
O0045613,D0009,True,26.32091079353817,0.0
O0045510,D0062,True,26.041993324411564,0.0
O0045097,D0226,True,29.034943934956637,0.0
O0045138,D0222,True,24.95466661081559,0.0
O0045006,D0116,True,61.93643137134289,0.0
O0045202,D0158,True,22.916029677636978,0.0
O0045133,D0197,True,29.782322431344642,0.0
O0045329,D0033,True,30.682608628091906,0.0
O0045304,D0074,True,24.356952585635103,0.0
O0045552,D0219,True,45.24164130967629,0.0
O0044960,D0155,True,26.66926370726958,0.0
O0045456,D0245,True,68.38001935034572,0.0
O0045038,D0037,True,18.268654090937446,0.0
O0045351,D0207,True,53.399819341461416,0.0
O0045496,D0251,True,38.00082393377312,0.0
O0045360,D0160,True,20.704139042977104,0.0
O0044986,D0163,True,22.219301110631733,0.0
O0044758,D0008,True,22.692432883204567,0.0
O0044781,D0108,True,24.153481024445355,0.0
O0044965,D0119,True,24.980204953391322,0.0
O0045129,D0130,True,32.84962407062922,0.0
O0045049,D0100,True,18.785032762663192,0.0
O0045317,D0147,True,36.24853164737751,0.0
O0045455,D0238,True,31.039132022007696,0.0
O0045218,D0196,True,35.95514449379764,0.0
O0045517,D0115,True,33.66637093870125,0.0
O0044846,D0267,True,26.126446707277566,0.0
O0045533,D0003,True,24.085985765323212,0.0
O0045483,D0034,True,23.52189229787571,0.0
O0045375,D0136,True,18.635010147213805,0.0
O0044914,D0027,True,17.588811169992205,0.0
O0044864,D0158,True,16.23563894653679,0.0
O0044723,D0035,True,20.752600404974437,0.0
O0045255,D0163,True,26.830222793113347,0.0
O0044815,D0017,True,18.522775713797945,0.0
O0044715,D0137,True,29.785636983715182,0.0
O0045484,D0107,True,15.548425607742487,0.0
O0045493,D0013,True,27.368403561594114,0.0
O0045518,D0213,True,20.19689549445308,0.0
O0044773,D0008,True,41.423210040807334,0.0
O0044787,D0158,True,25.740262500248345,0.0
O0045019,D0192,True,45.778713835041835,0.0
O0045109,D0236,True,23.07612112354812,0.0
O0045379,D0166,True,48.5955091710936,0.0
O0044772,D0171,True,21.055150128330308,0.0
O0044828,D0239,True,22.67088447468049,0.0
O0045440,D0019,True,39.772441196758024,0.0
O0045378,D0234,True,46.360437058214806,0.0
O0045070,D0010,True,24.97438233132088,0.0
O0044981,D0199,True,21.730332987255718,0.0
O0045116,D0264,True,25.210098230974,0.0
O0045571,D0140,True,24.972040042840163,0.0
O0045313,D0014,True,25.063930454261893,0.0
O0044752,D0021,True,25.39238871603036,0.0
O0045294,D0115,True,22.66133483579192,0.0
O0045256,D0173,True,19.88890458869482,0.0
O0044944,D0114,True,23.385345097653804,0.0
O0044827,D0187,True,21.334034472570316,0.0
O0045061,D0034,True,18.93528764892918,0.0
O0044969,D0107,True,18.578898961161876,0.0
O0045286,D0222,True,23.16075844539361,0.0
O0045589,D0096,True,24.217179624530054,0.0
O0045319,D0189,True,26.906772935089975,0.0
O0045306,D0196,True,31.771960032510588,0.0
O0045022,D0294,True,21.558552062757215,0.0
O0045465,D0038,True,66.35183592412314,0.0
O0045597,D0116,True,56.5666551801076,0.0
O0045293,D0117,True,24.50061573967374,0.0
O0045145,D0122,True,31.847553437003878,0.0
O0045565,D0132,True,24.205098471780897,0.0
O0045398,D0213,True,75.86186149120941,0.0
O0044844,D0214,True,20.221082931657314,0.0
O0044727,D0037,True,37.05810402118772,0.0
O0045284,D0160,True,23.799415010524427,0.0
O0044990,D0027,True,24.08230284382577,0.0
O0045463,D0163,True,25.3261418090909,0.0
O0045425,D0057,True,26.379997715701034,0.0
O0045128,D0072,True,20.44112066894342,0.0
O0045307,D0191,True,35.21348208755091,0.0
O0045139,D0199,True,30.4256013878583,0.0
O0044750,D0264,True,51.122726529433564,0.0
O0045115,D0281,True,24.574616663859707,0.0
O0044851,D0012,True,24.059840581209826,0.0
O0045120,D0015,True,41.17436790083895,0.0
O0045480,D0288,True,22.44286733604416,0.0
O0045331,D0107,True,30.66432385461397,0.0
O0045279,D0021,True,32.15980609918136,0.0
O0045400,D0115,True,29.870890856773986,0.0
O0044849,D0096,True,27.162049111639007,0.0
O0044740,D0231,True,24.95595452656439,0.0
O0045055,D0117,True,19.677108253460272,0.0
O0045092,D0250,True,21.538097293557,0.0
O0045152,D0160,True,20.352812913782746,0.0
O0044853,D0253,True,24.50398449654208,0.0
O0045066,D0132,True,26.409364955594082,0.0
O0045416,D0010,True,39.92161480738707,0.0
O0045224,D0159,True,21.520952222159217,0.0
O0044993,D0169,True,16.44199683296963,0.0
O0045437,D0003,True,38.22819376242279,0.0
O0045377,D0163,True,32.40673298103361,0.0
O0044979,D0210,True,34.03202111939029,0.0
O0045474,D0072,True,32.158038229093265,0.0
O0044793,D0154,True,22.941948615657697,0.0
O0045130,D0172,True,62.958623131168395,0.0
O0044782,D0084,True,35.412747553733,0.0
O0045564,D0088,True,36.16742555077198,0.0
O0045302,D0171,True,47.39301639016443,0.0
O0045368,D0066,True,36.941353131308965,0.0
O0045535,D0034,True,23.547938987678354,0.0
O0045017,D0185,True,40.25592919142062,0.0
O0045432,D0275,True,36.73883015877383,0.0
O0045105,D0165,True,26.710120696059057,0.0
O0045206,D0056,True,33.552771859626624,0.0
O0045355,D0166,True,21.565124313006898,0.0
O0044919,D0224,True,28.020650304987782,0.0
O0045158,D0288,True,39.30548504576683,0.0
O0045261,D0108,True,20.762275023323717,0.0
O0044938,D0296,True,29.695583124362194,0.0
O0045271,D0123,True,25.239429530843154,0.0
O0045526,D0162,True,24.291281023445443,0.0
O0044766,D0222,True,33.242593365910565,0.0
O0045072,D0070,True,27.22108870645358,0.0
O0045348,D0100,True,34.974651848165486,0.0
O0044945,D0294,True,24.99696584459973,0.0
O0045406,D0117,True,35.06884392163382,0.0
O0045083,D0111,True,17.71467788992157,0.0
O0045030,D0140,True,26.608353317785138,0.0
O0044778,D0236,True,26.86395480723442,0.0
O0044985,D0187,True,20.554033572579137,0.0
O0044792,D0006,True,42.6655557081676,0.0
O0045403,D0118,True,30.37948353093167,0.0
O0045228,D0133,True,54.54377239471418,0.0
O0045205,D0012,True,27.930362755327472,0.0
O0045185,D0196,True,17.286654198304916,0.0
O0045567,D0037,True,29.317752679745038,0.0
O0044801,D0130,True,40.67977146696301,0.0
O0045587,D0062,True,37.62203768698008,0.0
O0045140,D0159,True,30.127925106026943,0.0
O0045385,D0203,True,29.834842374331693,0.0
O0045018,D0253,True,36.042422510355145,0.0
O0045549,D0182,True,26.347899437551362,0.0
O0045275,D0166,True,48.578552082086105,0.0
O0045221,D0258,True,27.711949596664603,0.0
O0044885,D0252,True,48.314546215675016,0.0
O0045476,D0239,True,38.023432164115874,0.0
O0045588,D0009,True,34.83013745809836,0.0
O0045529,D0184,True,25.473922027274035,0.0
O0045382,D0123,True,29.873647038833028,0.0
O0045469,D0003,True,33.07436750797963,0.0
O0044907,D0077,True,25.89641713663579,0.0
O0045487,D0249,True,43.60614615546052,0.0
O0045299,D0021,True,25.56239438973309,0.0
O0045280,D0044,True,26.04338904185586,0.0
O0044817,D0108,True,32.772976375605786,0.0
O0045509,D0163,True,23.632735642994085,0.0
O0044802,D0199,True,27.3567238042505,0.0
O0045550,D0074,True,32.82798868290042,0.0
O0045492,D0187,True,50.63081661223286,0.0
O0045182,D0224,True,39.720088876598055,0.0
O0045058,D0231,True,35.829806022323034,0.0
O0044915,D0185,True,32.94394786644677,0.0
O0045343,D0038,True,56.02868373557267,0.0
O0045478,D0156,True,23.82671400227238,0.0
O0045508,D0275,True,20.828003585987418,0.0
O0045212,D0165,True,22.350953172407806,0.0
O0045600,D0236,True,16.91613750612727,0.0
O0044903,D0250,True,37.520643817931614,0.0
O0045336,D0151,True,28.968198636714753,0.0
O0045618,D0229,True,25.517707169850468,0.0
O0045232,D0117,True,26.18015552244617,0.0
O0045168,D0045,True,25.71218967695884,0.0
O0045203,D0100,True,39.11618245592695,0.0
O0045327,D0140,True,28.795311090268548,0.0
O0045486,D0162,True,35.80152394896966,0.0
O0045119,D0210,True,29.39508886707621,0.0
O0044911,D0288,True,58.801613833605884,0.0
O0045073,D0112,True,29.88945433792022,0.0
O0045164,D0116,True,23.15554020781056,0.0
O0044971,D0088,True,30.949820289357035,0.0
O0045500,D0281,True,21.699733949774597,0.0
O0045220,D0238,True,18.2048046861472,0.0
O0045562,D0296,True,21.360301862387544,0.0
O0044746,D0115,True,50.008125603145004,0.0
O0045560,D0246,True,18.727052593435815,0.0
O0044761,D0213,True,33.243443051858314,0.0
O0044837,D0277,True,26.686925047869416,0.0
O0045208,D0173,True,22.822019070758273,0.0
O0045309,D0271,True,21.717453057458133,0.0
O0045612,D0012,True,18.449643719493302,0.0
O0045607,D0083,True,25.614596578382667,0.0
O0045450,D0183,True,37.747601764651854,0.0
O0045065,D0056,True,36.33757935274051,0.0
O0044977,D0159,True,30.087455639352434,0.0
O0045419,D0234,True,48.87818969333533,0.0
O0045187,D0027,True,17.03344799155467,0.0
O0044759,D0017,True,15.884507531631403,0.0
O0045439,D0006,True,27.212511097799727,0.0
O0044874,D0118,True,30.713249164373533,0.0
O0045396,D0122,True,29.62916866027154,0.0
O0045599,D0147,True,28.56437846009576,0.0
O0045281,D0171,True,23.094625657327583,0.0
O0045060,D0264,True,23.82415465743798,0.0
O0045179,D0270,True,47.05695985232273,0.0
O0044733,D0156,True,25.98818579913553,0.0
O0044804,D0275,True,24.619724771032068,0.0
O0045039,D0160,True,29.97039482569631,0.0
O0045278,D0239,True,33.969718063157124,0.0
O0045211,D0003,True,18.606892613366078,0.0
O0045029,D0077,True,26.95424630110083,0.0
O0044717,D0222,True,22.748395371723085,0.0
O0045239,D0165,True,40.79971257480993,0.0
O0044959,D0194,True,34.93425676980847,0.0
O0044800,D0009,True,63.16825636487902,0.0
O0044949,D0108,True,37.189456356899335,0.0
O0044788,D0114,True,27.182853426262827,0.0
O0045081,D0246,True,22.72714544000476,0.0
O0044950,D0057,True,34.08101132447663,0.0
O0045548,D0271,True,17.25560032867942,0.0
O0044807,D0294,True,41.951549713248525,0.0
O0045532,D0140,True,42.471331474657006,0.0
O0045213,D0181,True,34.44055580275758,0.0
O0045568,D0277,True,27.50468904173089,0.0
O0045269,D0004,True,20.736308052738824,0.0
O0045148,D0268,True,19.320992807869672,0.0
O0045260,D0153,True,44.31103995364362,0.0
O0045525,D0081,True,34.30499730354891,0.0
O0045619,D0132,True,26.311122687757063,0.0
O0045104,D0015,True,24.74135153898012,0.0
O0045514,D0117,True,28.890613557591664,0.0
O0045099,D0229,True,16.753604272800956,0.0
O0044970,D0249,True,30.88920123371728,0.0
O0045312,D0112,True,34.7042242004573,0.0
O0045254,D0231,True,21.55788240315588,0.0
O0045108,D0021,True,34.037527646137164,0.0
O0045267,D0050,True,41.040517952183414,0.0
O0044830,D0027,True,28.288221869824184,0.0
O0045121,D0163,True,32.98126842619993,0.0
O0044996,D0213,True,23.16597665727573,0.0
O0045021,D0281,True,26.690737578247436,0.0
O0044732,D0006,True,24.675383722002238,0.0
O0045617,D0022,True,15.809545404386142,0.0
O0045554,D0014,True,36.47647164839454,0.0
O0045402,D0031,True,30.118236446404254,0.0
O0044859,D0251,True,68.76565494284498,0.0
O0045013,D0158,True,19.05309490684014,0.0
O0045174,D0196,True,15.879975845674705,0.0
O0045620,D0222,True,36.88711130650649,0.0
O0045536,D0275,True,47.782639190652716,0.0
O0045069,D0286,True,22.525808064711157,0.0
O0045318,D0295,True,37.42992379991237,0.0
O0044998,D0110,True,37.81894683762442,0.0
O0044948,D0218,True,21.482286629692766,0.0
O0045014,D0210,True,48.01750897518148,0.0
O0044848,D0246,True,28.879192830732226,0.0
O0045418,D0254,True,22.912861450907904,0.0
O0045580,D0077,True,28.357934132018563,0.0
O0045407,D0130,True,28.164764584776385,0.0
O0045397,D0192,True,25.518270631792596,0.0
O0045245,D0114,True,28.907857778034668,0.0
O0045172,D0159,True,26.346277888374424,0.0
O0044834,D0162,True,32.43931294759042,0.0
O0044731,D0271,True,27.92566643661431,0.0
O0044738,D0034,True,31.31286179005419,0.0
O0045458,D0155,True,53.320174349792566,0.0
O0044916,D0191,True,24.599941681953208,0.0
O0044987,D0239,True,29.24240079111397,0.0
O0045491,D0012,True,34.93536205175309,0.0
O0045498,D0100,True,33.232479908976075,0.0
O0045027,D0225,True,28.267380316026227,0.0
O0045572,D0033,True,24.673329404120693,0.0
O0045277,D0066,True,24.93698720972835,0.0
O0045602,D0123,True,51.03333663163978,0.0
O0045332,D0087,True,32.88079843816855,0.0
O0045481,D0185,True,32.59789796883583,0.0
O0045305,D0194,True,25.726869347885028,0.0
O0044794,D0203,True,16.410912988560774,0.0
O0045615,D0277,True,41.11130349352699,0.0
O0044921,D0173,True,35.00749350412672,0.0
O0045543,D0132,True,55.02498090144475,0.0
O0045249,D0172,True,21.26227339221601,0.0
O0044943,D0213,True,30.08790202545638,0.0
O0044877,D0248,True,35.72053856739524,0.0
O0044989,D0249,True,32.03577733400146,0.0
O0044789,D0199,True,33.296297675238606,0.0
O0045132,D0267,True,34.5299845958507,0.0
O0045520,D0171,True,20.523198410413194,0.0
O0045059,D0264,True,27.263639002590708,0.0
O0044956,D0081,True,32.79904051859722,0.0
O0045473,D0117,True,25.68679836907087,0.0
O0044829,D0196,True,24.912842752623014,0.0
O0045171,D0294,True,65.9830830165149,0.0
O0045000,D0006,True,48.171738687574745,0.0
O0044936,D0036,True,29.746754725673647,0.0
O0045155,D0112,True,28.71303565444468,0.0
O0045084,D0187,True,40.70394258497058,0.0
O0045079,D0268,True,23.712719350294627,0.0
O0044883,D0043,True,19.27837449667434,0.0
O0045422,D0227,True,26.764577214079893,0.0
O0044819,D0057,True,33.175523196894794,0.0
O0044729,D0088,True,31.675971366464353,0.0
O0044942,D0111,True,23.58425508946931,0.0
O0044930,D0151,True,30.98298664662904,0.0
O0045131,D0158,True,21.068829673098904,0.0
O0045370,D0183,True,24.23386155036379,0.0
O0045263,D0228,True,22.529594711997035,0.0
O0045507,D0062,True,42.63252289558979,0.0
O0045062,D0254,True,34.67396186511598,0.0
O0045495,D0272,True,53.42324958861544,0.0
O0045240,D0260,True,34.34382506977279,0.0
O0045225,D0002,True,17.167065156686526,0.0
O0045404,D0051,True,23.20619569693683,0.0
O0045007,D0092,True,22.411047808583902,0.0
O0045511,D0131,True,23.093242637312656,0.0
O0045386,D0224,True,53.784240677577884,0.0
O0044854,D0050,True,36.91448397653708,0.0
O0045233,D0181,True,21.382311082013018,0.0
O0045106,D0238,True,31.496844195368446,0.0
O0045184,D0146,True,25.91226137265833,0.0
O0045051,D0235,True,17.92025602587183,0.0
O0045134,D0042,True,31.27041165634488,0.0
O0045364,D0064,True,25.141369130417328,0.0
O0044894,D0255,True,30.86156845174869,0.0
O0044775,D0218,True,37.466597978418164,0.0
O0045012,D0004,True,33.46757243059289,0.0
O0045181,D0059,True,34.46541496144737,0.0
O0045540,D0271,True,21.715556819795296,0.0
O0044741,D0253,True,48.61658901937578,0.0
O0045502,D0130,True,25.864064827946713,0.0
O0045016,D0278,True,29.553547568836365,0.0
O0045546,D0077,True,26.67448835444557,0.0
O0044881,D0020,True,28.545727474854104,0.0
O0044814,D0021,True,25.609863981315016,0.0
O0045095,D0172,True,25.963555214559328,0.0
O0045412,D0246,True,27.30035942785612,0.0
O0045408,D0003,True,40.41944731652925,0.0
O0045384,D0194,True,16.432172369353175,0.0
O0044808,D0116,True,28.36068445152266,0.0
O0045192,D0202,True,33.003970314294975,0.0
O0045542,D0072,True,33.343495337061185,0.0
O0045374,D0175,True,42.94758976512757,0.0
O0045436,D0191,True,31.17041354692426,0.0
O0045611,D0034,True,21.41348662599533,0.0
O0045326,D0082,True,22.163442759400482,0.0
O0045117,D0163,True,32.91252501404845,0.0
O0044904,D0118,True,30.098429121677366,0.0
O0045063,D0008,True,47.46581117087536,0.0
O0044899,D0100,True,35.00040649012474,0.0
O0045447,D0110,True,40.924879393477035,0.0
O0045085,D0111,True,30.869213497189683,0.0
O0044842,D0275,True,41.704186814586855,0.0
O0044747,D0070,True,34.110413307270974,0.0
O0045338,D0180,True,29.628999125018968,0.0
O0044821,D0185,True,22.761577009175674,0.0
O0045590,D0121,True,32.78136551630604,0.0
O0045033,D0126,True,25.097224712745188,0.0
O0045435,D0173,True,28.05086936949687,0.0
O0045573,D0235,True,25.197720994508757,0.0
O0045180,D0159,True,74.21130313932397,0.0
O0045585,D0117,True,32.65686336902101,0.0
O0045297,D0228,True,28.35308320400005,0.0
O0044718,D0074,True,34.62955638335452,0.0
O0045198,D0096,True,28.04462529690707,0.0
O0045037,D0181,True,28.65825290690335,0.0
O0045581,D0087,True,32.85328028508604,0.0
O0044790,D0268,True,33.2098535058144,0.0
O0045289,D0183,True,31.238309913956385,0.0
O0045241,D0271,True,20.823571254345204,0.0
O0045489,D0012,True,51.97163982682271,0.0
O0044870,D0101,True,27.36242360766581,0.0
O0044754,D0064,True,24.332510858205566,0.0
O0045544,D0097,True,28.769488777999925,0.0
O0045009,D0154,True,24.881369992151196,0.0
O0045143,D0057,True,25.288441763804375,0.0
O0045076,D0187,True,32.07131601034066,0.0
O0045163,D0260,True,29.696453957100104,0.0
O0045157,D0130,True,57.29712235079852,0.0
O0044957,D0276,True,34.44236103145003,0.0
O0045324,D0036,True,74.44938319400666,0.0
O0044963,D0042,True,29.32791398389874,0.0
O0044777,D0021,True,27.004199206611197,0.0
O0045522,D0153,True,39.785181999661155,0.0
O0045188,D0158,True,24.75436237837562,0.0
O0044992,D0246,True,53.96629096382595,0.0
O0045551,D0062,True,31.73369643849916,0.0
O0045556,D0241,True,53.93586320051491,0.0
O0045503,D0248,True,29.127587427006524,0.0
O0045025,D0251,True,20.300840485210344,0.0
O0045392,D0002,True,23.40101285184947,0.0
O0045569,D0264,True,17.760285742526357,0.0
O0045452,D0188,True,29.957050148990533,0.0
O0044779,D0239,True,22.075389623503295,0.0
O0045126,D0162,True,20.846312844795257,0.0
O0045347,D0221,True,18.55648340181932,0.0
O0044799,D0191,True,23.38033752963691,0.0
O0044751,D0202,True,32.48607803285878,0.0
O0044890,D0106,True,25.624163958539775,0.0
O0045442,D0272,True,27.29759325253513,0.0
O0045335,D0077,True,29.721143190504854,0.0
O0044798,D0122,True,21.00987822504507,0.0
O0044764,D0172,True,65.5870123658221,0.0
O0045622,D0117,True,28.709644329722096,0.0
O0045077,D0146,True,30.02675186337663,0.0
O0045472,D0267,True,17.950839281464404,0.0
O0044912,D0278,True,25.797196448820017,0.0
O0045409,D0294,True,22.520341559228612,0.0
O0045604,D0222,True,36.353569960877095,0.0
O0045595,D0138,True,31.004883026990864,0.0
O0045242,D0175,True,27.350755047960803,0.0
O0044810,D0100,True,26.908154877778152,0.0
O0045420,D0203,True,17.515977509411226,0.0
O0045150,D0253,True,29.578066964257957,0.0
O0045545,D0087,True,22.612073511831714,0.0
O0045519,D0228,True,27.743367149342877,0.0
O0044742,D0081,True,32.63465283771061,0.0
O0045177,D0251,True,40.33423203435942,0.0
O0044967,D0265,True,26.414404779502647,0.0
O0045558,D0116,True,36.57342381725334,0.0
O0045575,D0133,True,40.12081674661371,0.0
O0044797,D0227,True,25.37051921248836,0.0
O0045341,D0009,True,33.84285804206001,0.0
O0045339,D0260,True,28.898352983907756,0.0
O0045413,D0187,True,29.892874619778794,0.0
O0044863,D0064,True,25.941947044526348,0.0
O0044882,D0148,True,25.297313083479274,0.0
O0045265,D0238,True,26.173044932687873,0.0
O0045429,D0051,True,26.460948273311125,0.0
O0044872,D0112,True,29.983214178393887,0.0
O0044935,D0137,True,19.690409714402687,0.0
O0045199,D0194,True,32.62341864109121,0.0
O0044999,D0225,True,35.07433202886016,0.0
O0045292,D0062,True,38.467642191170995,0.0
O0044721,D0002,True,24.40213847637458,0.0
O0045287,D0115,True,20.23614208531872,0.0
O0044716,D0268,True,22.737508763260855,0.0
O0045308,D0022,True,15.942563907832799,0.0
O0045227,D0126,True,24.85887163812319,0.0
O0044983,D0037,True,49.16230653933297,0.0
O0045538,D0184,True,21.87755681497118,0.0
O0045102,D0275,True,27.286934824957058,0.0
O0045361,D0079,True,14.879598397047664,0.0
O0044893,D0097,True,29.111363460949292,0.0
O0045071,D0118,True,28.471822822891674,0.0
O0045098,D0162,True,19.710261166220846,0.0
O0045395,D0121,True,36.288647438442595,0.0
O0045078,D0264,True,31.96079760756061,0.0
O0044839,D0188,True,23.190500403642574,0.0
O0044760,D0003,True,26.77633556546842,0.0
O0045149,D0082,True,33.12836149605695,0.0
O0044898,D0157,True,40.142740633503685,0.0
O0045426,D0021,True,28.209055749621253,0.0
O0045230,D0070,True,36.21788681712885,0.0
O0045497,D0106,True,21.16152041957158,0.0
O0045118,D0110,True,48.07468970847376,0.0
O0045479,D0294,True,24.68691363034896,0.0
O0045057,D0008,True,22.346156907546856,0.0
O0045470,D0059,True,24.49569101653048,0.0
O0045485,D0100,True,41.24478321070892,0.0
O0044833,D0020,True,21.637150041287555,0.0
O0045048,D0199,True,31.26171540039116,0.0
O0045045,D0204,True,32.474378276284895,0.0
O0045151,D0229,True,30.459475391381346,0.0
O0045005,D0181,True,27.86628353838182,0.0
O0045183,D0076,True,32.66395366912567,0.0
O0045246,D0111,True,26.30388153396828,0.0
O0045334,D0151,True,30.096012485002714,0.0
O0045346,D0231,True,28.982790318287343,0.0
O0044887,D0241,True,29.49374930653935,0.0
O0044906,D0064,True,43.170304775033586,0.0
O0045219,D0276,True,26.048268603866003,0.0
O0045350,D0084,True,19.790597611343436,0.0
O0045035,D0022,True,29.845651800660466,0.0
O0044923,D0079,True,47.45839831633303,0.0
O0045112,D0117,True,30.565891665953004,0.0
O0045446,D0077,True,38.87690169452327,0.0
O0045015,D0234,True,18.298519576887664,0.0
O0044770,D0200,True,30.858178670109112,0.0
O0045223,D0222,True,25.70819598381271,0.0
O0045337,D0228,True,24.48112442170629,0.0
O0045238,D0002,True,29.86019954590049,0.0
O0045424,D0056,True,20.85196968851168,0.0
O0045215,D0253,True,46.31492232204988,0.0
O0045050,D0260,True,27.359270796545587,0.0
O0045201,D0017,True,25.723763752983807,0.0
O0044832,D0136,True,34.581544192157565,0.0
O0044809,D0163,True,27.554710862040867,0.0
O0045214,D0238,True,29.880712358279148,0.0
O0044941,D0251,True,28.113723389239034,0.0
O0044931,D0144,True,26.178272677320344,0.0
O0045512,D0153,True,17.701039775622938,0.0
O0044736,D0194,True,30.18876163782503,0.0
O0045433,D0188,True,43.107236790204176,0.0
O0044917,D0081,True,40.64917965257928,0.0
O0045122,D0042,True,22.099389674561586,0.0
O0045494,D0170,True,27.971488207223317,0.0
O0045516,D0268,True,42.86329489870083,0.0
O0045501,D0122,True,33.62973620851254,0.0
O0044812,D0062,True,71.95830166523096,0.0
O0045156,D0072,True,29.84817838904143,0.0
O0045093,D0036,True,29.38842291221009,0.0
O0044811,D0187,True,24.399760768544933,0.0
O0045141,D0229,True,24.784624039675727,0.0
O0044724,D0172,True,30.23294380350014,0.0
O0044737,D0087,True,30.58080365385681,0.0
O0045448,D0133,True,32.892850777022296,0.0
O0044780,D0008,True,31.874096466767888,0.0
O0045144,D0015,True,25.602224795988292,0.0
O0044845,D0009,True,32.37711226775509,0.0
O0045165,D0262,True,22.22700518398187,0.0
O0044873,D0294,True,17.095682384604558,0.0
O0044988,D0037,True,18.92407416075364,0.0
O0045046,D0184,True,41.57778503317613,0.0
O0044843,D0191,True,42.04245143374197,0.0
O0044876,D0003,True,37.13094146101463,0.0
O0045107,D0021,True,26.9627563691004,0.0
O0045383,D0051,True,21.79575156476467,0.0
O0045586,D0153,True,33.474004088335775,0.0
O0045354,D0222,True,27.083508010888387,0.0
O0044951,D0168,True,31.203892393676817,0.0
O0044866,D0030,True,30.44900629957401,0.0
O0045333,D0076,True,34.116545905953345,0.0
O0044932,D0129,True,29.4935877995311,0.0
O0045421,D0267,True,27.337898525133184,0.0
O0044918,D0117,True,59.429531049232125,0.0
O0045537,D0241,True,32.22762206720907,0.0
O0044975,D0050,True,25.323208936133284,0.0
O0045124,D0014,True,16.85896545939189,0.0
O0045204,D0100,True,19.271580494372685,0.0
O0045353,D0219,True,26.472469890962458,0.0
O0045146,D0002,True,15.949595916055195,0.0
O0044765,D0154,True,27.40986944406011,0.0
O0044961,D0136,True,14.263468732145096,0.0
O0044928,D0163,True,22.14496166225755,0.0
O0044785,D0251,True,34.60898776675956,0.0
O0045490,D0077,True,31.831252245150758,0.0
O0044982,D0228,True,29.536801388956224,0.0
O0045369,D0248,True,32.88248947317033,0.0
O0045160,D0234,True,28.11441382522412,0.0
O0044871,D0173,True,28.742320841669326,0.0
O0045325,D0079,True,35.3093858839033,0.0
O0045191,D0145,True,22.464187933086148,0.0
O0045236,D0165,True,28.00145447113261,0.0
O0045576,D0022,True,30.917891368731837,0.0
O0045393,D0037,True,27.323696873721673,0.0
O0045008,D0294,True,38.98510411821319,0.0
O0044974,D0064,True,24.199807751848496,0.0
O0045159,D0112,True,29.451689222550804,0.0
O0045342,D0171,True,25.655722155064204,0.0
O0046326,D0100,True,28.32926444407201,0.0
O0045689,D0057,True,35.92404259810858,0.0
O0046382,D0163,True,17.04620945123773,0.0
O0046184,D0163,True,32.37124573043665,0.0
O0046215,D0227,True,26.782675008900327,0.0
O0046162,D0148,True,17.658525837422246,0.0
O0046030,D0079,True,19.386687195937803,0.0
O0045692,D0171,True,20.771348860290257,0.0
O0045653,D0013,True,18.708712176671973,0.0
O0046374,D0037,True,34.45272557181939,0.0
O0045823,D0162,True,16.599665878273285,0.0
O0045869,D0281,True,25.388126490840648,0.0
O0046228,D0019,True,25.03883008224175,0.0
O0046395,D0275,True,18.921751094458628,0.0
O0045985,D0253,True,23.867509310640223,0.0
O0045688,D0009,True,18.105484951402588,0.0
O0046297,D0294,True,25.583084073986118,0.0
O0045871,D0079,True,72.2861612813596,0.0
O0046375,D0035,True,29.3345968640973,0.0
O0045838,D0172,True,76.15963813523186,0.0
O0046402,D0248,True,20.439115288067143,0.0
O0046022,D0012,True,21.504020700893548,0.0
O0046291,D0199,True,19.05336689992776,0.0
O0045746,D0002,True,23.83275953897332,0.0
O0046085,D0072,True,25.833239854741368,0.0
O0046173,D0108,True,30.621125337715753,0.0
O0045919,D0253,True,25.084533217841695,0.0
O0045940,D0014,True,55.117079861103406,0.0
O0046390,D0171,True,21.510426237670853,0.0
O0046138,D0015,True,15.589405922416175,0.0
O0046361,D0042,True,22.311477192732355,0.0
O0045945,D0133,True,37.418731977376375,0.0
O0045801,D0184,True,21.669736349268916,0.0
O0045951,D0188,True,25.951758722651352,0.0
O0046024,D0013,True,25.93438086691265,0.0
O0046129,D0294,True,20.25162210884816,0.0
O0046020,D0154,True,25.505384985953537,0.0
O0045834,D0042,True,19.002026258989385,0.0
O0046158,D0264,True,25.66656798159763,0.0
O0046351,D0162,True,46.37254542219139,0.0
O0045659,D0267,True,25.458808768101107,0.0
O0046002,D0214,True,29.38942044490838,0.0
O0046420,D0035,True,19.40968969620036,0.0
O0045796,D0155,True,65.38558695445403,0.0
O0045886,D0140,True,30.955121551641643,0.0
O0045954,D0264,True,16.284156758750402,0.0
O0046021,D0210,True,17.784158008080922,0.0
O0046179,D0251,True,21.800612971981934,0.0
O0046355,D0260,True,36.65976713887396,0.0
O0046371,D0295,True,24.161629150274486,0.0
O0045820,D0199,True,19.005941838797227,0.0
O0046216,D0227,True,17.971386961529205,0.0
O0046386,D0184,True,21.01091768561495,0.0
O0046089,D0272,True,31.545031280268084,0.0
O0045713,D0057,True,27.743921295209606,0.0
O0046104,D0158,True,20.53120084978245,0.0
O0046078,D0052,True,18.89802980118213,0.0
O0045929,D0140,True,38.21178979147535,0.0
O0046110,D0207,True,70.7306471105802,0.0
O0045824,D0012,True,20.078009364658968,0.0
O0046097,D0187,True,25.15394484864661,0.0
O0046324,D0294,True,28.831838563516467,0.0
O0046168,D0248,True,18.75343847211402,0.0
O0045731,D0008,True,46.80194935678241,0.0
O0046399,D0100,True,40.62198086000353,0.0
O0045961,D0140,True,43.24040904448629,0.0
O0045973,D0117,True,20.96618641701832,0.0
O0046027,D0096,True,25.427097746899268,0.0
O0045952,D0207,True,19.745852930684897,0.0
O0046226,D0170,True,40.3409270264446,0.0
O0046275,D0126,True,36.52822686444801,0.0
O0045802,D0227,True,25.637352261761635,0.0
O0045977,D0074,True,27.893008113724495,0.0
O0046289,D0163,True,26.886999154830455,0.0
O0046334,D0187,True,24.002251039445248,0.0
O0046282,D0159,True,42.41391685663143,0.0
O0046340,D0238,True,36.210080704952894,0.0
O0046280,D0294,True,75.09916678139736,0.0
O0046174,D0087,True,27.133188330624435,0.0
O0045676,D0251,True,94.41579081886819,0.0
O0045677,D0248,True,26.32542575108649,0.0
O0045726,D0021,True,29.327456796347526,0.0
O0046300,D0253,True,33.097288253321906,0.0
O0046082,D0013,True,24.26648744574362,0.0
O0045751,D0163,True,22.104096547883756,0.0
O0045763,D0101,True,29.68787639046995,0.0
O0045853,D0108,True,48.55642400230197,0.0
O0045755,D0210,True,16.554518472694813,0.0
O0045924,D0015,True,28.031570428784207,0.0
O0046124,D0163,True,29.562543948692497,0.0
O0045639,D0199,True,43.3028924415491,0.0
O0046198,D0037,True,25.784807494592542,0.0
O0045655,D0230,True,25.02148443031208,0.0
O0046148,D0267,True,30.263104374787705,0.0
O0046060,D0008,True,36.33162339922879,0.0
O0046332,D0021,True,42.17352221812069,0.0
O0045963,D0076,True,42.688559214062174,0.0
O0045797,D0214,True,22.04288664039445,0.0
O0046041,D0210,True,18.930736894913103,0.0
O0045714,D0253,True,24.793290459523796,0.0
O0045904,D0003,True,39.2901411721476,0.0
O0046163,D0175,True,24.773378679066752,0.0
O0046391,D0112,True,27.910506992028438,0.0
O0046065,D0170,True,24.42873279615076,0.0
O0045874,D0262,True,24.466500953013977,0.0
O0046333,D0295,True,37.50490185320066,0.0
O0045729,D0194,True,30.167407115165815,0.0
O0045918,D0184,True,28.03976895354815,0.0
O0045682,D0219,True,21.069443015076402,0.0
O0046318,D0238,True,34.30058034811147,0.0
O0046135,D0248,True,28.568953127647834,0.0
O0046251,D0222,True,27.50170961954524,0.0
O0046346,D0267,True,28.55523978409835,0.0
O0046407,D0108,True,26.022116507967176,0.0
O0045712,D0064,True,24.63494769462021,0.0
O0045956,D0187,True,20.480168231058464,0.0
O0045657,D0191,True,35.78824975214644,0.0
O0046331,D0037,True,27.458585149818397,0.0
O0046415,D0013,True,15.521959884547348,0.0
O0045847,D0129,True,20.58634496868023,0.0
O0045968,D0163,True,28.68099735494905,0.0
O0046204,D0022,True,54.47677357465609,0.0
O0046087,D0228,True,37.03490939982092,0.0
O0046309,D0112,True,22.48762363666099,0.0
O0046349,D0199,True,21.350393622529403,0.0
O0045845,D0021,True,40.83901138961386,0.0
O0045843,D0081,True,34.67701232796188,0.0
O0045778,D0173,True,22.00269737641088,0.0
O0046091,D0056,True,26.94597479158763,0.0
O0045800,D0137,True,19.602078461647807,0.0
O0046317,D0214,True,31.413283662990345,0.0
O0046252,D0162,True,21.49921672346244,0.0
O0045735,D0253,True,74.96071556856002,0.0
O0045939,D0003,True,29.71638175112685,0.0
O0045844,D0076,True,22.20987509176154,0.0
O0045906,D0236,True,19.248220405009057,0.0
O0046203,D0116,True,27.97007463776033,0.0
O0046377,D0050,True,24.604885896667476,0.0
O0045922,D0117,True,28.055362733256135,0.0
O0045808,D0009,True,81.91171562255086,0.0
O0045673,D0008,True,13.819392111341887,0.0
O0045993,D0210,True,34.09349706416704,0.0
O0046170,D0096,True,21.61025485514013,0.0
O0046083,D0153,True,23.008073722690472,0.0
O0045696,D0179,True,19.521489329440627,0.0
O0046249,D0163,True,31.581440366041434,0.0
O0045959,D0072,True,21.88717542067385,0.0
O0045646,D0196,True,33.49832066220159,0.0
O0045964,D0013,True,33.183308588649744,0.0
O0046007,D0078,True,27.092014289262735,0.0
O0046181,D0064,True,23.739758518712,0.0
O0046383,D0012,True,30.485979635475342,0.0
O0045724,D0148,True,25.995837300812724,0.0
O0045969,D0222,True,25.150005848723357,0.0
O0045857,D0077,True,23.67543939645907,0.0
O0046257,D0228,True,24.99104840086342,0.0
O0046156,D0008,True,23.88032718511333,0.0
O0046315,D0172,True,19.404068015692605,0.0
O0045623,D0037,True,22.044735064907105,0.0
O0045666,D0140,True,25.001624330042887,0.0
O0045903,D0260,True,35.242601972773215,0.0
O0046210,D0080,True,22.810423751309663,0.0
O0045990,D0126,True,25.59518430636599,0.0
O0045926,D0034,True,25.533483899117854,0.0
O0045992,D0010,True,27.09220102816463,0.0
O0046102,D0236,True,26.515728734525453,0.0
O0045925,D0252,True,25.130128977713305,0.0
O0046320,D0107,True,22.04097065945495,0.0
O0046076,D0117,True,25.807789047064347,0.0
O0046074,D0173,True,22.734105926715223,0.0
O0045720,D0197,True,19.021106677427944,0.0
O0046278,D0033,True,30.958982473927122,0.0
O0045641,D0187,True,24.705202691163258,0.0
O0046322,D0050,True,28.815662965947716,0.0
O0046206,D0088,True,41.946183061606675,0.0
O0046392,D0153,True,23.470566891438438,0.0
O0045899,D0281,True,26.786614320419382,0.0
O0046401,D0258,True,27.389601622382365,0.0
O0046286,D0268,True,37.24945460341764,0.0
O0045718,D0035,True,21.129559090293803,0.0
O0046093,D0248,True,34.0170546508401,0.0
O0046232,D0076,True,26.580198489805046,0.0
O0045644,D0165,True,16.81056291027052,0.0
O0046393,D0191,True,35.18900119805197,0.0
O0046330,D0074,True,25.42109282815193,0.0
O0045663,D0148,True,35.818600715553494,0.0
O0045901,D0194,True,19.249540642189913,0.0
O0045930,D0188,True,24.46563695685779,0.0
O0046294,D0222,True,31.37325993470778,0.0
O0046358,D0064,True,37.425219777940704,0.0
O0045630,D0108,True,27.214401204789525,0.0
O0046171,D0118,True,22.96627266349152,0.0
O0046169,D0262,True,25.08623506755059,0.0
O0046267,D0265,True,32.384984058195876,0.0
O0045913,D0151,True,22.563244120781864,0.0
O0045790,D0294,True,48.71120971095681,0.0
O0046218,D0130,True,26.07707805384389,0.0
O0046394,D0078,True,34.24836204271454,0.0
O0046290,D0155,True,20.81593978924335,0.0
O0046222,D0249,True,29.233188696491403,0.0
O0045972,D0116,True,23.377178614554083,0.0
O0046049,D0239,True,37.73274156983916,0.0
O0045736,D0036,True,26.327745799430424,0.0
O0045887,D0172,True,32.64629034384163,0.0
O0046063,D0271,True,15.91828525198128,0.0
O0045915,D0241,True,39.78327161764398,0.0
O0046180,D0034,True,22.989226131816032,0.0
O0045779,D0179,True,18.831018486180014,0.0
O0046327,D0033,True,39.660218254749054,0.0
O0046370,D0236,True,23.236402630596956,0.0
O0045949,D0013,True,29.31652922486478,0.0
O0046084,D0129,True,30.720387033371,0.0
O0046092,D0163,True,19.374245873892487,0.0
O0046054,D0070,True,20.323316386364056,0.0
O0046231,D0037,True,58.68507666790933,0.0
O0045938,D0022,True,27.461277916722494,0.0
O0046187,D0076,True,40.31207243570327,0.0
O0046064,D0117,True,21.05469391273604,0.0
O0045776,D0261,True,33.73247083584338,0.0
O0045744,D0155,True,52.397431919590765,0.0
O0045651,D0187,True,31.052924059989316,0.0
O0046288,D0131,True,49.79973498234211,0.0
O0046167,D0197,True,21.36713802033644,0.0
O0045937,D0260,True,28.966178131577696,0.0
O0045879,D0194,True,29.6403725251053,0.0
O0045730,D0245,True,37.39144958350458,0.0
O0046056,D0118,True,26.03686066560772,0.0
O0046121,D0159,True,46.31224507969378,0.0
O0046026,D0077,True,29.946785031951464,0.0
O0045783,D0203,True,29.819424954454856,0.0
O0045978,D0081,True,27.886392230109696,0.0
O0045694,D0116,True,38.22835529426262,0.0
O0046172,D0148,True,26.42240376564465,0.0
O0046329,D0010,True,16.441700188477277,0.0
O0046149,D0088,True,18.406026964126745,0.0
O0046342,D0096,True,25.818351107772784,0.0
O0045971,D0191,True,23.680219912437423,0.0
O0046088,D0036,True,39.270707867240034,0.0
O0045792,D0281,True,22.656805195890083,0.0
O0045669,D0035,True,35.97878815443238,0.0
O0045984,D0072,True,18.5571892235453,0.0
O0046245,D0100,True,67.64163043552612,0.0
O0046313,D0119,True,23.68934038043596,0.0
O0045624,D0170,True,20.838013888993753,0.0
O0045698,D0276,True,15.865110696265946,0.0
O0045772,D0080,True,27.90317028900713,0.0
O0045749,D0012,True,25.50038254450913,0.0
O0045649,D0267,True,40.860576333859896,0.0
O0046270,D0117,True,52.422560649765614,0.0
O0046116,D0078,True,24.659068015847424,0.0
O0045870,D0112,True,27.590385025662513,0.0
O0045813,D0249,True,26.537454801784282,0.0
O0046354,D0087,True,76.18043959329914,0.0
O0046000,D0238,True,39.02198734014,0.0
O0045719,D0239,True,29.798122296302772,0.0
O0046398,D0260,True,23.959342479494495,0.0
O0046023,D0218,True,32.481878504100365,0.0
O0046359,D0002,True,24.268628139774663,0.0
O0046344,D0261,True,24.23804866150758,0.0
O0045799,D0070,True,62.159666077371554,0.0
O0046071,D0077,True,28.08741762974751,0.0
O0045660,D0050,True,30.218331363264138,0.0
O0045632,D0076,True,74.1055017778119,0.0
O0045935,D0126,True,24.018809714026386,0.0
O0046235,D0270,True,25.541216607991267,0.0
O0046311,D0199,True,27.926999414161926,0.0
O0045811,D0021,True,31.580827512994265,0.0
O0045917,D0108,True,27.22909437610998,0.0
O0046258,D0133,True,24.155144236810585,0.0
O0045761,D0154,True,23.617555944814853,0.0
O0045743,D0194,True,22.017958128197108,0.0
O0046048,D0191,True,30.977525578494895,0.0
O0046299,D0229,True,28.29762618216217,0.0
O0046146,D0009,True,33.77894675687535,0.0
O0046304,D0136,True,56.82833357660885,0.0
O0045881,D0134,True,43.56608127928097,0.0
O0045675,D0173,True,22.30309935171124,0.0
O0045900,D0214,True,27.849497628146676,0.0
O0046040,D0258,True,24.286740986462874,0.0
O0046164,D0187,True,18.815062364640156,0.0
O0046277,D0220,True,49.532764609948245,0.0
O0045768,D0170,True,22.824788731294213,0.0
O0046075,D0148,True,27.38545664889034,0.0
O0046256,D0295,True,90.62802506238911,0.0
O0046112,D0130,True,26.731941171516173,0.0
O0046017,D0003,True,31.34521760545204,0.0
O0046421,D0012,True,29.341792975367387,0.0
O0046253,D0072,True,25.393809490018356,0.0
O0045833,D0205,True,19.187926058073852,0.0
O0045955,D0036,True,31.479697029222542,0.0
O0046099,D0078,True,28.73899165112143,0.0
O0046353,D0207,True,43.00756609020074,0.0
O0045882,D0267,True,24.561581984706393,0.0
O0045948,D0079,True,33.151864102153425,0.0
O0045936,D0022,True,27.49522676772377,0.0
O0045742,D0249,True,40.984455788704636,0.0
O0046255,D0077,True,36.37932001720224,0.0
O0045934,D0088,True,26.3896187117425,0.0
O0046185,D0154,True,19.725836182964798,0.0
O0046090,D0050,True,25.341355511948812,0.0
O0045782,D0056,True,16.56068588575088,0.0
O0046219,D0112,True,41.74089956345583,0.0
O0045654,D0110,True,20.33359375073237,0.0
O0046050,D0132,True,25.936894648768458,0.0
O0045923,D0245,True,21.68458657111821,0.0
O0045680,D0296,True,61.716391136313035,0.0
O0045860,D0107,True,21.858222914188133,0.0
O0046113,D0205,True,31.17211070274619,0.0
O0046328,D0021,True,50.4815484674961,0.0
O0045734,D0281,True,58.845113795437705,0.0
O0045983,D0261,True,52.26630254200306,0.0
O0045890,D0163,True,34.83049622986402,0.0
O0046409,D0036,True,26.748931968934656,0.0
O0045721,D0118,True,24.2220472772766,0.0
O0046312,D0140,True,29.349685652931903,0.0
O0046055,D0189,True,34.493070628391294,0.0
O0046043,D0002,True,23.870354559940814,0.0
O0045944,D0107,True,26.69695348772047,0.0
O0046018,D0159,True,25.46868218094476,0.0
O0046165,D0078,True,32.90648817263763,0.0
O0045851,D0020,True,21.95742866422136,0.0
O0046244,D0130,True,23.783057601599815,0.0
O0046281,D0271,True,20.229430558548216,0.0
O0046014,D0220,True,63.04298953770197,0.0
O0046101,D0035,True,20.08998125210298,0.0
O0046070,D0136,True,19.450836855496163,0.0
O0046240,D0012,True,37.868029157557515,0.0
O0045643,D0110,True,21.511460681501756,0.0
O0045855,D0245,True,29.02514802843711,0.0
O0046175,D0052,True,18.890535253185696,0.0
O0045827,D0056,True,19.579200529604957,0.0
O0046200,D0267,True,17.668244200183807,0.0
O0045873,D0082,True,20.507773799710172,0.0
O0045739,D0162,True,31.541859481527702,0.0
O0045840,D0218,True,31.37541577364973,0.0
O0046015,D0030,True,36.16064965879628,0.0
O0046193,D0088,True,25.01264069762432,0.0
O0045633,D0010,True,34.16307855491597,0.0
O0046212,D0123,True,23.862420103961146,0.0
O0045962,D0296,True,43.006143790300044,0.0
O0046379,D0009,True,27.092522745329102,0.0
O0046114,D0249,True,49.135173301424885,0.0
O0045884,D0276,True,23.899484038007472,0.0
O0045664,D0258,True,26.414101409710142,0.0
O0046058,D0295,True,62.7116421332337,0.0
O0046199,D0021,True,26.280233343949448,0.0
O0045864,D0116,True,42.688833615655824,0.0
O0046059,D0017,True,26.05509253074684,0.0
O0046368,D0036,True,56.279536873160986,0.0
O0045837,D0112,True,34.60822877608036,0.0
O0046284,D0077,True,34.43894629413532,0.0
O0046408,D0290,True,28.182899115224117,0.0
O0046325,D0254,True,27.67328363920614,0.0
O0046118,D0163,True,41.550152582760305,0.0
O0046276,D0003,True,68.27659514634306,0.0
O0046011,D0218,True,18.30624015428996,0.0
O0045678,D0134,True,22.188425953999133,0.0
O0045897,D0035,True,62.879098960802935,0.0
O0046034,D0178,True,22.39241414081308,0.0
O0045970,D0132,True,40.69428144179675,0.0
O0045725,D0168,True,23.628721733804646,0.0
O0046062,D0281,True,27.683347569618164,0.0
O0046057,D0097,True,24.074125016858503,0.0
O0045656,D0070,True,30.455823191282136,0.0
O0045995,D0110,True,44.08591634429755,0.0
O0045828,D0230,True,22.49262479350054,0.0
O0045943,D0009,True,43.832032597794765,0.0
O0046271,D0136,True,24.60894721560034,0.0
O0045932,D0052,True,38.770299224800304,0.0
O0046009,D0010,True,44.7974685680934,0.0
O0045752,D0004,True,35.4343401753218,0.0
O0046080,D0241,True,55.02989159795098,0.0
O0046103,D0012,True,32.70080719424418,0.0
O0045760,D0021,True,119.72283104446413,0.0
O0046410,D0022,True,38.29222082691974,0.0
O0046047,D0197,True,66.70272305267368,0.0
O0045958,D0220,True,39.98734326821598,0.0
O0045807,D0122,True,32.63655495481509,0.0
O0045832,D0163,True,38.0045413070424,0.0
O0046008,D0270,True,25.443748685414576,0.0
O0046005,D0077,True,38.870524362667744,0.0
O0046414,D0030,True,63.992978389473905,0.0
O0046381,D0112,True,44.29169841607641,0.0
O0045997,D0267,True,24.932521397725406,0.0
O0045957,D0255,True,20.2700426783923,0.0
O0046100,D0051,True,37.242759342192464,0.0
O0046178,D0150,True,47.05354232524738,0.0
O0046343,D0214,True,20.905988579487413,0.0
O0046013,D0082,True,51.934161640670794,0.0
O0046201,D0087,True,22.245204053589063,0.0
O0045883,D0096,True,38.93803891528458,0.0
O0045967,D0108,True,37.533870278824324,0.0
O0046272,D0276,True,32.15806517462341,0.0
O0046128,D0148,True,24.927046016118382,0.0
O0045695,D0168,True,32.36993790619812,0.0
O0046166,D0271,True,47.443030207281694,0.0
O0046283,D0151,True,40.09659174042298,0.0
O0045987,D0070,True,46.56389825729733,0.0
O0046045,D0100,True,28.52560609444355,0.0
O0046039,D0158,True,24.95562702468089,0.0
O0046397,D0036,True,87.48772781323586,0.0
O0045754,D0244,True,152.1103275107027,0.0
O0046217,D0254,True,22.761412566036405,0.0
O0046205,D0033,True,31.81999867619625,0.0
O0046384,D0097,True,70.89097341219403,0.0
O0046073,D0270,True,68.08789669738721,0.0
O0045771,D0003,True,33.79700690916986,0.0
O0046230,D0218,True,20.45109581594472,0.0
O0045909,D0006,True,158.7483727720641,0.0
O0046150,D0072,True,77.82848833760553,0.0
O0045856,D0131,True,143.42388576283696,0.0
O0046319,D0050,True,55.28071203526869,0.0
O0046287,D0132,True,79.28160760982499,0.0
O0046380,D0184,True,79.31343716498638,0.0
O0045825,D0222,True,23.498957225511248,0.0
O0046195,D0002,True,131.22566052375032,0.0
O0045670,D0057,True,40.613547368202354,0.0
O0046242,D0187,True,31.070667049557642,0.0
O0045661,D0103,True,94.9983762099089,0.0
O0046314,D0136,True,38.56410779419778,0.0
O0046061,D0214,True,37.26387287997283,0.0
O0046223,D0281,True,78.38877392512903,0.0
O0045898,D0121,True,30.202541060002666,0.0
O0046339,D0134,True,48.11573687512577,0.0
O0045741,D0182,True,85.78532579945232,0.0
O0046016,D0245,True,51.670823387399714,0.0
O0045638,D0004,True,25.391475742948103,0.0
O0046364,D0012,True,23.19906159602973,0.0
O0046182,D0077,True,31.524441325962783,0.0
O0045920,D0267,True,38.270163814904436,0.0
O0046373,D0218,True,36.29336725320775,0.0
O0046176,D0112,True,58.53430324752991,0.0
O0045905,D0010,True,65.01156339683344,0.0
O0045991,D0100,True,23.8448972618408,0.0
O0046243,D0252,True,91.30899404952412,0.0
O0045979,D0175,True,64.12709447060443,0.0
O0045706,D0110,True,39.58657763745342,0.0
O0045818,D0191,True,53.126101354040124,0.0
O0046296,D0221,True,32.041206313828376,0.0
O0046225,D0009,True,29.68308817025558,0.0
O0045773,D0211,True,97.43652529030892,0.0
O0045687,D0168,True,29.33629771311952,0.0
O0046323,D0258,True,36.98526031075877,0.0
O0046025,D0013,True,41.94169103082784,0.0
O0046003,D0268,True,37.68741576384864,0.0
O0045849,D0022,True,45.31056563843859,0.0
O0046159,D0159,True,63.966791534838094,0.0
O0045650,D0162,True,31.890470809595264,0.0
O0045642,D0239,True,36.50136565465263,0.0
O0045835,D0173,True,39.879401416866614,0.0
O0045976,D0070,True,48.13650966270873,0.0
O0046367,D0076,True,48.30740436959871,0.0
O0045850,D0035,True,59.40392574963842,0.0
O0046366,D0209,True,37.19368233013245,0.0
O0046389,D0151,True,26.209790333458777,0.0
O0046136,D0150,True,77.08165772041632,0.0
O0045896,D0254,True,62.27232884282096,0.0
O0046190,D0030,True,79.42828348536766,0.0
O0046238,D0032,True,120.35893772484152,0.0
O0046236,D0084,True,40.39945715928459,0.0
O0046229,D0052,True,36.86697302095714,0.0
O0045885,D0003,True,41.433779573098484,0.0
O0045839,D0248,True,29.743822275856395,0.0
O0046403,D0056,True,41.401739910687915,0.0
O0046127,D0012,True,98.43594927277942,0.0
O0045691,D0165,True,40.983597622233276,0.0
O0045819,D0118,True,28.609954595280175,0.0
O0045878,D0123,True,102.47070387915697,0.0
O0046260,D0197,True,31.198823207306308,0.0
O0045705,D0004,True,30.414457354666258,0.0
O0045683,D0153,True,59.68099580289772,0.0
O0046417,D0199,True,40.68396747671894,0.0
O0045764,D0262,True,97.67620522791486,0.0
O0045946,D0077,True,32.44937361200748,0.0
O0046209,D0136,True,29.999904500844735,0.0
O0046241,D0255,True,26.291137687385067,0.0
O0045965,D0186,True,107.20469802230106,0.0
O0045895,D0187,True,39.14396548851805,0.0
O0045634,D0259,True,30.38943450291751,0.0
O0046107,D0082,True,90.16394341971844,0.0
O0045793,D0140,True,53.105001585471214,0.0
O0046098,D0295,True,40.22596889664796,0.0
O0045717,D0108,True,43.684144885886944,0.0
O0045674,D0057,True,43.095308330431024,0.0
O0046183,D0221,True,48.58148168445526,0.0
O0045891,D0158,True,37.04754006567732,0.0
O0045631,D0220,True,34.77851443359609,0.0
O0045711,D0129,True,30.301599839536905,0.0
O0046406,D0224,True,40.02337509179966,0.0
O0045877,D0267,True,39.25789360594185,0.0
O0045697,D0218,True,92.88083245228621,0.0
O0046106,D0085,True,83.80664115178676,0.0
O0046265,D0121,True,42.633734410880884,0.0
O0045852,D0050,True,70.92081020553182,0.0
O0045830,D0148,True,30.058628227290953,0.0
O0045785,D0134,True,34.74836872456258,0.0
O0046347,D0110,True,37.559118764985776,0.0
O0046298,D0133,True,37.44140470341443,0.0
O0046254,D0013,True,39.018371657644124,0.0
O0046067,D0225,True,63.17689567278331,0.0
O0045927,D0154,True,43.27444098576638,0.0
O0046191,D0205,True,26.713609248634477,0.0
O0046274,D0276,True,48.41711253722392,0.0
O0046094,D0034,True,46.57429110971674,0.0
O0045953,D0270,True,35.13635344298617,0.0
O0045685,D0033,True,27.33668516693148,0.0
O0045703,D0258,True,23.506399273278774,0.0
O0045894,D0209,True,33.199744008562774,0.0
O0046196,D0179,True,32.014774706201926,0.0
O0045803,D0038,True,32.781815770904316,0.0
O0045709,D0136,True,34.52306959202318,0.0
O0045826,D0160,True,51.390010828101424,0.0
O0046321,D0162,True,36.05857271566064,0.0
O0046004,D0173,True,27.897555832167125,0.0
O0046130,D0264,True,31.128770379723186,0.0
O0046188,D0004,True,40.99278269143126,0.0
O0046295,D0196,True,41.934375342110606,0.0
O0046400,D0255,True,21.35318265078297,0.0
O0046137,D0184,True,31.25804469733226,0.0
O0046033,D0137,True,39.44697855565928,0.0
O0046155,D0084,True,31.979309820727302,0.0
O0045848,D0223,True,19.29249915779605,0.0
O0045868,D0097,True,48.515160013446014,0.0
O0045766,D0165,True,21.44942914175917,0.0
O0046141,D0072,True,27.883855409833608,0.0
O0046423,D0219,True,66.47178873981906,0.0
O0046305,D0087,True,26.07282370437233,0.0
O0046160,D0056,True,27.32357559553744,0.0
O0046273,D0058,True,28.930931877512272,0.0
O0045667,D0070,True,51.00275162451575,0.0
O0045759,D0093,True,39.699237982391445,0.0
O0046053,D0239,True,26.41502529307481,0.0
O0046306,D0129,True,44.23671956739905,0.0
O0046405,D0158,True,30.36989424360395,0.0
O0046117,D0174,True,53.20911233190135,0.0
O0045982,D0075,True,24.35865066240284,0.0
O0045912,D0057,True,29.49693597611406,0.0
O0045770,D0224,True,30.6599250431383,0.0
O0046422,D0258,True,29.37982935531927,0.0
O0046412,D0103,True,40.11838416214502,0.0
O0046035,D0268,True,33.35819892105872,0.0
O0045686,D0099,True,27.83281654852603,0.0
O0046246,D0132,True,44.14868528287814,0.0
O0046066,D0013,True,69.93304019673081,0.0
O0045787,D0270,True,38.43282907975342,0.0
O0045765,D0159,True,41.953965439796484,0.0
O0045645,D0223,True,31.325624615147092,0.0
O0045668,D0121,True,36.0575361801893,0.0
O0046352,D0014,True,23.796214846866448,0.0
O0045635,D0150,True,77.66074265590177,0.0
O0046301,D0197,True,29.037134820328987,0.0
O0046068,D0252,True,44.67690831556945,0.0
O0045690,D0077,True,45.413950495802574,0.0
O0046152,D0112,True,40.23966202379377,0.0
O0046151,D0152,True,57.186824972833,0.0
O0046396,D0188,True,49.59330688973887,0.0
O0046285,D0010,True,43.45114280483799,0.0
O0045907,D0038,True,77.30782413340592,0.0
O0045816,D0081,True,32.007226518528824,0.0
O0045809,D0108,True,51.46176739642861,0.0
O0046239,D0221,True,27.174443206117367,0.0
O0045662,D0153,True,31.894163017552195,0.0
O0046192,D0154,True,45.94099497392624,0.0
O0046202,D0205,True,39.9959452038229,0.0
O0045966,D0209,True,26.665619459926063,0.0
O0046234,D0254,True,37.11819232182742,0.0
O0045931,D0026,True,28.659948403336237,0.0
O0046388,D0055,True,40.46385471262849,0.0
O0046302,D0084,True,22.99449158012807,0.0
O0046046,D0030,True,26.505652839078472,0.0
O0045798,D0133,True,40.81611131226263,0.0
O0046086,D0040,True,25.65767808797714,0.0
O0045636,D0211,True,40.30168824582121,0.0
O0045804,D0196,True,29.774436382012148,0.0
O0045727,D0255,True,57.30524012019592,0.0
O0046310,D0056,True,35.935875135976204,0.0
O0045728,D0069,True,35.43444082574262,0.0
O0045775,D0075,True,23.10592144652915,0.0
O0045960,D0178,True,75.14145387865622,0.0
O0046336,D0184,True,27.809841308292647,0.0
O0045625,D0072,True,40.47309822851272,0.0
O0045974,D0175,True,24.847555212281975,0.0
O0045757,D0061,True,65.5808672365932,0.0
O0045700,D0158,True,25.1894212797567,0.0
O0046042,D0225,True,27.403054326038877,0.0
O0046213,D0171,True,30.293651053099467,0.0
O0045921,D0124,True,40.45282051240604,0.0
O0045994,D0149,True,32.84414521343563,0.0
O0046197,D0182,True,86.32875322444978,0.0
O0045786,D0136,True,24.864977871925348,0.0
O0045822,D0189,True,78.03447925889574,0.0
O0045910,D0260,True,28.263418883093948,0.0
O0046044,D0064,True,36.067994617565496,0.0
O0045708,D0287,True,28.647656586148322,0.0
O0045715,D0097,True,37.32711495861024,0.0
O0046372,D0179,True,25.49866716400146,0.0
O0046081,D0230,True,25.95820796992635,0.0
O0046308,D0084,True,41.23814782530002,0.0
O0045684,D0137,True,39.32737979942258,0.0
O0046153,D0111,True,35.981769441011224,0.0
O0046072,D0036,True,55.959589769238285,0.0
O0045637,D0226,True,21.041770555905174,0.0
O0045975,D0057,True,21.874418447444967,0.0
O0045902,D0135,True,40.41192630197906,0.0
O0046095,D0258,True,26.725704680808775,0.0
O0045756,D0156,True,22.408444562240806,0.0
O0045652,D0210,True,24.47419588083194,0.0
O0045999,D0268,True,42.520334089698956,0.0
O0046248,D0085,True,59.28859635348144,0.0
O0046363,D0203,True,24.900729707285997,0.0
O0046418,D0132,True,31.831063984360373,0.0
O0046157,D0148,True,22.47973498551371,0.0
O0045841,D0262,True,50.5650816454226,0.0
O0045805,D0165,True,31.176351949373018,0.0
O0045794,D0159,True,25.604843297930643,0.0
O0045914,D0136,True,34.096916336318884,0.0
O0046337,D0211,True,22.248745851623084,0.0
O0045812,D0069,True,23.235073276366734,0.0
O0045795,D0244,True,24.153780709132104,0.0
O0046362,D0186,True,73.88654843295161,0.0
O0046038,D0103,True,58.58488599806742,0.0
O0046051,D0131,True,26.32760852267714,0.0
O0046411,D0032,True,40.25151109422858,0.0
O0046115,D0082,True,31.45176383773154,0.0
O0046132,D0174,True,17.57042471627924,0.0
O0046369,D0140,True,27.667395945159637,0.0
O0046350,D0006,True,37.275164972023106,0.0
O0046293,D0106,True,79.96395788455125,0.0
O0046237,D0287,True,23.334272540641187,0.0
O0045865,D0019,True,19.04758688311988,0.0
O0046122,D0078,True,40.95868331457103,0.0
O0046120,D0055,True,22.468720350328447,0.0
O0046211,D0197,True,28.01239354641779,0.0
O0046365,D0252,True,33.89063942217318,0.0
O0046123,D0040,True,20.56102807814322,0.0
O0046419,D0153,True,36.494113398778424,0.0
O0045821,D0225,True,19.87186506960653,0.0
O0046224,D0276,True,21.250616641924076,0.0
O0046345,D0270,True,38.390245523268995,0.0
O0045774,D0184,True,28.59899527741628,0.0
O0045767,D0226,True,22.66273925906128,0.0
O0045629,D0209,True,24.174740723513146,0.0
O0045980,D0004,True,38.76957779636761,0.0
O0045859,D0148,True,21.392952376569752,0.0
O0046341,D0097,True,25.455361283631888,0.0
O0046259,D0070,True,24.107084096881216,0.0
O0045745,D0171,True,30.721525895478788,0.0
O0045769,D0271,True,33.46366311478099,0.0
O0046307,D0026,True,16.071404556589357,0.0
O0045862,D0137,True,23.81289473241347,0.0
O0045702,D0248,True,41.37817215477218,0.0
O0045707,D0196,True,37.05946136190953,0.0
O0045701,D0034,True,33.467045866646316,0.0
O0045704,D0048,True,24.445291906162318,0.0
O0046416,D0168,True,40.88465024256056,0.0
O0045889,D0255,True,25.82676523690113,0.0
O0046133,D0069,True,39.7061313472917,0.0
O0045658,D0230,True,31.09743517046988,0.0
O0045789,D0187,True,27.12210109492565,0.0
O0045942,D0265,True,20.364036160133494,0.0
O0046413,D0030,True,58.589122872814094,0.0
O0046096,D0061,True,23.99849947118957,0.0
O0046376,D0205,True,15.412477983562546,0.0
O0046220,D0211,True,28.843731864469675,0.0
O0046279,D0226,True,23.9687729476374,0.0
O0046266,D0223,True,19.7298280918154,0.0
O0046001,D0236,True,36.17301197205658,0.0
O0046140,D0123,True,30.188669463350156,0.0
O0045866,D0260,True,36.5707345713323,0.0
O0046338,D0124,True,30.30707474821546,0.0
O0046208,D0191,True,22.67869460376733,0.0
O0045996,D0097,True,24.965214705403007,0.0
O0046119,D0276,True,23.408738689659337,0.0
O0046010,D0252,True,27.673106743022053,0.0
O0045648,D0048,True,21.691009738616692,0.0
O0046360,D0078,True,23.04184531819522,0.0
O0045733,D0149,True,35.67727100523515,0.0
O0045981,D0261,True,29.416689199932613,0.0
O0046385,D0114,True,26.4264024243759,0.0
O0046378,D0254,True,43.29362310385207,0.0
O0046006,D0156,True,46.15624732669675,0.0
O0045814,D0040,True,27.08986162438435,0.0
O0045941,D0132,True,22.259791319667322,0.0
O0045780,D0150,True,55.81413496590338,0.0
O0045831,D0184,True,32.6568316707099,0.0
O0045858,D0270,True,58.93355353236917,0.0
O0046111,D0055,True,49.121821725693025,0.0
O0045872,D0061,True,27.614933093650173,0.0
O0045998,D0182,True,22.761741913589603,0.0
O0045846,D0178,True,35.77170886322315,0.0
O0046356,D0203,True,28.008532352100026,0.0
O0046387,D0064,True,25.55135590995942,0.0
O0045815,D0082,True,24.77517187060932,0.0
O0045747,D0171,True,27.732135763851986,0.0
O0046227,D0205,True,21.59197032384586,0.0
O0045791,D0175,True,15.019348056551454,0.0
O0045876,D0211,True,30.894262942541896,0.0
O0045892,D0145,True,23.348011858738637,0.0
O0046264,D0103,True,21.347649581902786,0.0
O0045626,D0197,True,28.565178780685446,0.0
O0046109,D0218,True,43.29756159346035,0.0
O0045888,D0262,True,25.65396915654012,0.0
O0045628,D0140,True,22.70890843267728,0.0
O0046357,D0191,True,29.726984884421476,0.0
O0045710,D0003,True,38.29717872224934,0.0
O0046186,D0289,True,31.701641458950192,0.0
O0046077,D0131,True,32.884384822783936,0.0
O0045722,D0158,True,20.489382555160038,0.0
O0046263,D0097,True,39.36594233012176,0.0
O0046028,D0121,True,25.98105966863001,0.0
O0046269,D0225,True,23.857950704625132,0.0
O0045863,D0244,True,30.105622091821694,0.0
O0046147,D0070,True,51.971318518642875,0.0
O0046262,D0137,True,32.42479686833892,0.0
O0046131,D0252,True,86.74798146907598,0.0
O0045861,D0111,True,13.548721821444264,0.0
O0045740,D0226,True,18.004940465689486,0.0
O0046233,D0006,True,24.957793904261447,0.0
O0045836,D0069,True,45.73674077717136,0.0
O0046247,D0114,True,18.174856780338366,0.0
O0045738,D0229,True,24.56120836355405,0.0
O0045750,D0135,True,23.044590842290347,0.0
O0045672,D0261,True,19.956679462244473,0.0
O0046250,D0061,True,21.958168304618063,0.0
O0045640,D0149,True,27.290035160860036,0.0
O0045723,D0123,True,27.12233109742872,0.0
O0046194,D0196,True,21.810557236781428,0.0
O0045737,D0040,True,24.624922443313856,0.0
O0045893,D0199,True,22.857158443655567,0.0
O0045806,D0072,True,28.681242811375483,0.0
O0046032,D0182,True,34.341246113704784,0.0
O0045784,D0156,True,28.494394348747196,0.0
O0046037,D0187,True,56.41460336883189,0.0
O0046335,D0211,True,19.3406871316597,0.0
O0046189,D0260,True,33.811573288879636,0.0
O0046404,D0082,True,29.832745898197267,0.0
O0045665,D0124,True,31.27571047438492,0.0
O0046029,D0103,True,29.76626615549106,0.0
O0045928,D0189,True,16.455763111414328,0.0
O0045788,D0226,True,16.482021268981917,0.0
O0046292,D0197,True,22.981574754119418,0.0
O0046108,D0223,True,23.622836421698985,0.0
O0045947,D0097,True,29.326082422190225,0.0
O0046052,D0131,True,32.75520957904109,0.0
O0046261,D0159,True,35.35053598906459,0.0
O0046316,D0236,True,19.363508377811385,0.0
O0045681,D0184,True,24.085502766228174,0.0
O0045950,D0175,True,72.47358191156064,0.0
O0046177,D0275,True,22.184665871811085,0.0
O0046125,D0238,True,20.765090604210922,0.0
O0045875,D0148,True,42.06397628202967,0.0
O0046145,D0069,True,21.73845031051728,0.0
O0046348,D0135,True,20.2777267171561,0.0
O0045988,D0123,True,36.32683902639241,0.0
O0046069,D0106,True,32.169140328337114,0.0
O0045867,D0006,True,32.93564604514653,0.0
O0045781,D0156,True,35.88587234730332,0.0
O0045829,D0261,True,18.79770578614955,0.0
O0046221,D0019,True,28.709364442408162,0.0
O0045647,D0021,True,24.454180764426887,0.0
O0045908,D0262,True,36.683807119724996,0.0
O0046268,D0111,True,38.04807838608904,0.0
O0045699,D0171,True,27.816703412462026,0.0
O0046105,D0223,True,21.499318967216873,0.0
O0045911,D0040,True,32.53782538425396,0.0
O0045753,D0061,True,25.100629211021943,0.0
O0045732,D0170,True,17.87263576548532,0.0
O0045986,D0199,True,25.524816409974278,0.0
O0046134,D0218,True,33.41841974542915,0.0
O0046012,D0226,True,15.51820577360443,0.0
O0046126,D0231,True,31.665198757077082,0.0
O0046142,D0196,True,22.35280220833839,0.0
O0045842,D0030,True,54.5177770757181,0.0
O0045693,D0135,True,24.6744403670115,0.0
O0045716,D0137,True,34.74780613183851,0.0
O0045758,D0072,True,44.140661604552605,0.0
O0046019,D0084,True,17.77713157137824,0.0
O0045817,D0268,True,30.333570472665414,0.0
O0045916,D0149,True,29.60383732917161,0.0
O0045933,D0261,True,30.13763345354495,0.0
O0046144,D0186,True,23.981650084799757,0.0
O0045810,D0103,True,30.617836170502883,0.0
O0046031,D0107,True,30.897234444468516,0.0
O0046143,D0129,True,63.25417247743036,0.0
O0045854,D0211,True,64.46918186658779,0.0
O0045627,D0266,True,21.295472816529838,0.0
O0045762,D0236,True,16.668603061702957,0.0
O0045989,D0226,True,16.349829101022543,0.0
O0046036,D0114,True,30.67816051782438,0.0
O0046079,D0131,True,26.051513841531822,0.0
O0046214,D0034,True,28.629613227718735,0.0
O0046154,D0036,True,25.447638164911382,0.0
O0046139,D0006,True,25.933935247977686,0.0
O0046207,D0135,True,23.122226231834958,0.0
O0046303,D0156,True,22.841633303208948,0.0
O0045679,D0238,True,27.112264539211758,0.0
O0045748,D0061,True,77.55084549610203,0.0
O0045777,D0106,True,23.460761056655457,0.0
O0046161,D0231,True,22.46376909969672,0.0
O0045880,D0032,True,23.18075941939957,0.0
O0045671,D0122,True,28.48610469442868,0.0
O0046948,D0197,True,24.955294622860393,0.0
O0046574,D0166,True,83.87849230493735,0.0
O0046922,D0163,True,33.6840870558216,0.0
O0047032,D0184,True,33.912096757183576,0.0
O0047104,D0189,True,32.254199590600365,0.0
O0047132,D0078,True,20.38570280914806,0.0
O0046605,D0196,True,19.94480413438951,0.0
O0046539,D0226,True,30.003395539498595,0.0
O0047121,D0258,True,19.571368249314414,0.0
O0046848,D0108,True,23.793377139270525,0.0
O0046659,D0006,True,25.11738014063604,0.0
O0047079,D0171,True,40.016053779401574,0.0
O0046863,D0295,True,34.48189825930658,0.0
O0047091,D0130,True,32.58326598087546,0.0
O0046723,D0196,True,35.00868431650092,0.0
O0047282,D0042,True,26.685034064644174,0.0
O0046880,D0267,True,26.35815986560398,0.0
O0047035,D0187,True,35.0838407583017,0.0
O0047313,D0205,True,21.960597446535843,0.0
O0047061,D0069,True,16.09460521136115,0.0
O0047214,D0175,True,24.486825917669563,0.0
O0046589,D0072,True,21.49065422945899,0.0
O0047098,D0132,True,26.63604486057065,0.0
O0046676,D0276,True,33.11670211291832,0.0
O0047054,D0187,True,42.18342856942777,0.0
O0046873,D0226,True,18.064902422572022,0.0
O0046756,D0266,True,70.84945814235563,0.0
O0046637,D0042,True,30.496886825347904,0.0
O0047161,D0182,True,21.392142026631646,0.0
O0047198,D0008,True,41.31395212497463,0.0
O0046812,D0255,True,42.60042189372975,0.0
O0047106,D0129,True,94.01758945029047,0.0
O0046679,D0270,True,30.04144954650972,0.0
O0046790,D0069,True,26.15822178082446,0.0
O0047036,D0114,True,24.48429906625934,0.0
O0046445,D0267,True,27.75088766882417,0.0
O0046638,D0123,True,43.37055213660853,0.0
O0046908,D0132,True,30.05215376014547,0.0
O0047097,D0191,True,21.590865110732334,0.0
O0047175,D0182,True,45.70249465343692,0.0
O0046633,D0170,True,17.549889490225755,0.0
O0046694,D0197,True,26.19264933636548,0.0
O0046879,D0226,True,57.49331573952741,0.0
O0047140,D0003,True,90.13007375122598,0.0
O0046875,D0082,True,30.38655484507993,0.0
O0047094,D0008,True,30.424216853434963,0.0
O0046982,D0262,True,39.881489463629904,0.0
O0046534,D0148,True,26.86810600449531,0.0
O0046521,D0123,True,34.14126575610545,0.0
O0046859,D0270,True,32.29321126815928,0.0
O0047022,D0069,True,17.368208808926983,0.0
O0046882,D0114,True,27.982364254410836,0.0
O0046976,D0228,True,20.606572683454864,0.0
O0046525,D0135,True,22.227904082417044,0.0
O0047259,D0158,True,16.86060929368026,0.0
O0047082,D0223,True,35.468225614403245,0.0
O0046778,D0236,True,23.494825833085596,0.0
O0046944,D0191,True,23.633075874514127,0.0
O0046712,D0123,True,34.954150295477135,0.0
O0047114,D0241,True,29.945135929119843,0.0
O0046791,D0133,True,35.652347754948515,0.0
O0046933,D0129,True,22.11485604459991,0.0
O0047149,D0223,True,25.511589857958793,0.0
O0046456,D0182,True,78.51000182727417,0.0
O0046538,D0211,True,36.9708660340678,0.0
O0046704,D0175,True,30.061813235409417,0.0
O0046841,D0123,True,117.65977874162816,0.0
O0047087,D0042,True,43.2901720933883,0.0
O0047328,D0270,True,22.38797492793343,0.0
O0046651,D0082,True,37.49275764393931,0.0
O0047231,D0260,True,38.75460988224741,0.0
O0046905,D0021,True,29.413827669657525,0.0
O0047251,D0236,True,37.83408511322793,0.0
O0046515,D0097,True,122.7478636299077,0.0
O0047007,D0134,True,31.195508371169506,0.0
O0046891,D0171,True,68.16020410747116,0.0
O0047283,D0186,True,36.37792651087783,0.0
O0046833,D0137,True,45.031189926415756,0.0
O0047066,D0199,True,57.02012758614769,0.0
O0046646,D0189,True,21.969465691642203,0.0
O0047018,D0030,True,48.20047201347894,0.0
O0046980,D0134,True,57.185978855561366,0.0
O0046579,D0149,True,46.61365201268624,0.0
O0047287,D0214,True,31.782544651166877,0.0
O0047131,D0152,True,38.931333680576785,0.0
O0046493,D0106,True,34.98633135569102,0.0
O0046758,D0236,True,49.314791767289876,0.0
O0046780,D0178,True,38.357264058744036,0.0
O0046927,D0226,True,129.9594780767328,0.0
O0046741,D0081,True,26.730588586480966,0.0
O0047023,D0078,True,38.29632831129415,0.0
O0046817,D0003,True,19.88060548612813,0.0
O0047151,D0159,True,66.58499128304337,0.0
O0046442,D0040,True,39.75424762320261,0.0
O0046784,D0072,True,75.33713250354391,0.0
O0046443,D0036,True,19.650419700050154,0.0
O0047107,D0258,True,27.29274027531943,0.0
O0047301,D0111,True,26.2972575237257,0.0
O0046822,D0030,True,33.265260376555084,0.0
O0047193,D0082,True,42.855818432532736,0.0
O0047238,D0106,True,25.67024668936954,0.0
O0047001,D0078,True,25.192542069500586,0.0
O0046608,D0140,True,30.707667575751756,0.0
O0046711,D0267,True,28.321656671226624,0.0
O0046897,D0103,True,21.167636022832276,0.0
O0047330,D0236,True,43.87718673017262,0.0
O0046686,D0203,True,65.84913484543053,0.0
O0047261,D0197,True,39.00403731894183,0.0
O0046447,D0013,True,35.637928334783105,0.0
O0046499,D0124,True,24.242197669593715,0.0
O0047228,D0107,True,30.63316564962543,0.0
O0046683,D0228,True,20.94575621948052,0.0
O0046545,D0294,True,23.482606083449515,0.0
O0046970,D0077,True,52.033588453894566,0.0
O0046431,D0117,True,42.04133209902029,0.0
O0047252,D0064,True,55.72533195468057,0.0
O0046524,D0030,True,22.358510446835318,0.0
O0046837,D0262,True,33.03605378512698,0.0
O0046907,D0069,True,19.7350698864535,0.0
O0047063,D0003,True,111.43075140060947,0.0
O0046813,D0218,True,22.75005396015126,0.0
O0046957,D0148,True,77.3290221915562,0.0
O0046474,D0137,True,17.616645725521252,0.0
O0046901,D0182,True,47.31086364257859,0.0
O0046805,D0078,True,32.2860651639098,0.0
O0047089,D0082,True,36.944438159319816,0.0
O0047008,D0223,True,21.220358179296202,0.0
O0046670,D0205,True,36.34581989516253,0.0
O0047164,D0222,True,23.963718998927046,0.0
O0046697,D0133,True,33.16378019722899,0.0
O0047041,D0129,True,25.784103658066158,0.0
O0047077,D0267,True,44.82808687398398,0.0
O0047311,D0008,True,38.43784814815431,0.0
O0046728,D0036,True,28.643884579269514,0.0
O0046469,D0134,True,41.57980445075713,0.0
O0047069,D0191,True,24.68624463633476,0.0
O0046777,D0040,True,26.98774688234051,0.0
O0047203,D0199,True,22.00095002298726,0.0
O0047067,D0069,True,17.74909602371287,0.0
O0047042,D0258,True,21.22050400573777,0.0
O0047247,D0111,True,25.39857543383614,0.0
O0046453,D0197,True,42.556913898206574,0.0
O0046635,D0084,True,20.445718115751585,0.0
O0047047,D0124,True,32.48597682727674,0.0
O0046492,D0117,True,19.426687094337897,0.0
O0046436,D0218,True,26.294983745201744,0.0
O0046622,D0294,True,24.245065838380338,0.0
O0047322,D0122,True,31.108619448245328,0.0
O0046620,D0223,True,23.102880967081568,0.0
O0046739,D0107,True,24.90780571725714,0.0
O0047135,D0137,True,32.92526246943189,0.0
O0046641,D0230,True,17.998814601363335,0.0
O0046802,D0268,True,29.623494806565628,0.0
O0046715,D0228,True,21.154255015571863,0.0
O0046971,D0207,True,27.652888040855167,0.0
O0046803,D0013,True,29.45083529009348,0.0
O0047217,D0236,True,23.994915203258703,0.0
O0046870,D0140,True,21.869336918121782,0.0
O0046886,D0203,True,22.414290733732386,0.0
O0046437,D0276,True,22.558877175868492,0.0
O0046720,D0006,True,45.54570016770341,0.0
O0046634,D0196,True,66.08184544863812,0.0
O0047028,D0112,True,31.834923312721443,0.0
O0047234,D0123,True,34.26515774349546,0.0
O0046810,D0012,True,27.367485429798883,0.0
O0046991,D0149,True,29.86625847472372,0.0
O0046533,D0056,True,18.01231808516753,0.0
O0046917,D0205,True,26.678677345251728,0.0
O0046851,D0214,True,30.306994479062897,0.0
O0046463,D0040,True,26.29452497603043,0.0
O0046826,D0182,True,43.299803491891964,0.0
O0047154,D0192,True,27.051490165573092,0.0
O0046631,D0266,True,21.95800115215026,0.0
O0046818,D0287,True,23.865474722626416,0.0
O0046532,D0034,True,17.767730599507257,0.0
O0046742,D0077,True,41.12573799117285,0.0
O0047071,D0111,True,26.024907241973562,0.0
O0047323,D0189,True,41.01365539802912,0.0
O0046495,D0244,True,32.120874720322206,0.0
