tree
version=v4
num_class=1
num_tree_per_iteration=1
label_index=0
max_feature_idx=9
objective=poisson
feature_names=lag_1day lag_7day rolling_7day_mean rolling_7day_std day_of_week is_weekend hour_sin hour_cos rain_forecast_prob restaurant_zone
feature_infos=[0:24] [0:25] [0:15.857142857142858] [0:7.5875838427940012] [0:6] [0:1] [-1:1] [-1:1] [0.005825003710739466:0.98628302420079206] -1:0:1:2:3:4:5:6:7:8:9
tree_sizes=3217 3406 3380 3387 3353 3374 3398 3397 3371 3386 3387 3339 3394 3390 3386 3398 3387 3418 3378 3391 3364 3401 3406 3384 3394 3408 3382 3391 3401 3386 3422 3406 3398 3378 3410 3405 3397 3370 3395 3429 3413 3417 3412 3413 3425 3442 3408 3443 3445 3456 3404 3411 3406 3414 3434 3422 3422 3396 3409 3418 3420 3419 3398 3411 3416 3414 3428 3402 3449 3412 3429 3453 3428 3473 3405 3417 3411 3427 3416 3458 3401 3447 3459 3475 3451 3433 3446 3446 3431 3445 3469 3404 3440 3443 3425 3449 3436 3466 3455 3454 3430 3447 3437 3435 3455 3455 3462 3427 3445 3432 3470 3434 3473 3494 3480 3471 3469 3464 3478 3462 3438 3458 3480 3454 3444 3414 3438 3451 3415 3443 3456 3461 3463 3432 3458 3470 3444 3439 3483 3448 3444 3439 3457 3452 3450 3450 3439 3421 3438 3491 3468 3454 3471 3470 3451 3468 3451 3444 3458 3454 3454 3449 3468 3462 3501 3450 3463 3445 3452 3446 3475 3471 3463 3485 3465 3472 3463 3483 3453 3459 3453 3441 3445 3460 3432 3464 3457 3487 3434 3457 3460 3451 3451 3472 3498 3460 3449 3459 3460 3451 3454 3459 3463 3442 3470 3467 3471 3457

Tree=0
num_leaves=31
num_cat=2
split_feature=2 2 2 2 2 2 9 1 6 6 1 6 9 7 7 4 4 4 1 7 8 2 2 2 6 2 6 4 8 8
split_gain=6260.32 1090.33 563.052 233.252 66.9622 48.886 32.9536 30.8782 30.839 28.9261 24.7445 22.2356 14.7776 20.273 27.7547 24.9292 21.5122 14.1567 14.0816 12.938 11.7493 11.7114 11.477 11.0945 9.56132 9.43267 9.39629 8.33469 7.45954 7.06868
threshold=3.9285714285714293 8.9285714285714306 1.9285714285714288 6.6428571428571432 12.357142857142859 4.6428571428571432 0 9.5000000000000018 -1.0000000180025095e-35 0.37940952255126054 8.5000000000000018 -0.78656609248549303 1 0.78656609248549303 -0.12940952255126037 4.5000000000000009 3.5000000000000004 3.5000000000000004 10.500000000000002 -0.78656609248549325 0.36584051347854402 2.6428571428571437 5.3571428571428585 7.2142857142857153 -0.25881904510252113 1.2142857142857146 -0.5 3.5000000000000004 0.27933612258163404 0.21059862830058115
decision_type=2 2 2 2 2 2 1 2 2 2 2 2 1 2 2 2 2 2 2 2 2 2 2 2 2 2 2 2 2 2
left_child=2 3 8 5 6 -2 11 12 -1 21 19 17 -7 14 15 22 -15 -3 26 -5 -16 -4 -14 28 -17 -10 -13 -6 -21 -8
right_child=1 4 9 10 27 7 29 -9 25 -11 -12 18 13 16 20 24 -18 -19 -20 23 -22 -23 -24 -25 -26 -27 -28 -29 -30 -31
leaf_value=1.2077771033926725 1.2246819923924179 1.2842336876366602 1.211440877165183 1.2470925289952206 1.2893268702836633 1.2280239753447799 1.2479085292863876 1.245302826558299 1.1970978383885544 1.2021214954206636 1.2499668894091907 1.2520299181915464 1.2307612142673183 1.2221428394643405 1.2380871226405286 1.2192767452479365 1.2391917843739086 1.268713245921806 1.2718604875712025 1.2389892484557821 1.2488985133912158 1.2161846337425473 1.2385955423125168 1.2428353219218629 1.2322584661104719 1.200103203166758 1.2656247073356655 1.2767627736643088 1.2286923334609106 1.2582762007469195
leaf_weight=767.99493217468262 2439.9131031036377 353.41359710693359 1753.475154876709 856.34833145141602 353.41359710693359 1889.4034614562988 278.65302848815918 468.95265769958496 16766.756616592407 468.95265769958496 1542.7862796783447 217.48529052734375 808.77342414855957 652.45587158203125 693.2343635559082 407.78491973876953 258.2637825012207 251.46736717224121 475.74907302856445 441.76699638366699 394.19208908081055 5042.9401741027832 1107.8156986236572 1094.2228679656982 217.48529052734375 3092.3689746856689 305.83868980407715 210.68887519836426 292.24585914611816 400.98850440979004
leaf_count=113 359 52 258 126 52 278 41 69 2467 69 227 32 119 96 102 60 38 37 70 65 58 742 163 161 32 455 45 31 43 59
internal_value=1.21658 1.24108 1.20216 1.23518 1.26921 1.23076 1.2654 1.23292 1.19795 1.21413 1.24492 1.26988 1.23201 1.23361 1.23532 1.23246 1.22698 1.27778 1.26563 1.24202 1.24201 1.21496 1.23529 1.23965 1.22379 1.19757 1.25997 1.28463 1.23489 1.25348
internal_weight=44305.8 16413.3 27892.5 13565.6 2847.7 9338.27 2283.6 6898.36 20627.1 7265.37 4227.37 1603.95 6429.41 4540.01 3629.29 2541.86 910.72 604.881 999.073 2684.58 1087.43 6796.42 1916.59 1828.24 625.27 19859.1 523.324 564.102 734.013 679.642
internal_count=6519 2415 4104 1996 419 1374 336 1015 3035 1069 622 236 946 668 534 374 134 89 147 395 160 1000 282 269 92 2922 77 83 108 100
cat_boundaries=0 1 2
cat_threshold=33 28
is_linear=0
shrinkage=1


Tree=1
num_leaves=31
num_cat=1
split_feature=2 2 2 2 2 2 6 6 1 1 2 9 7 7 5 1 7 1 2 2 8 2 2 6 5 7 6 8 2 3
split_gain=5888.47 938.676 554.727 208.22 53.3826 44.6607 30.7202 28.0166 27.5819 21.5066 18.6336 13.3838 18.3797 24.8058 22.7061 13.6758 11.3401 11.2554 11.2122 10.3121 10.2939 9.84007 9.47722 8.85297 8.00959 22.5274 8.0892 6.71689 6.41259 7.8856
threshold=3.9285714285714293 8.9285714285714306 1.9285714285714288 6.6428571428571432 12.357142857142859 4.6428571428571432 -1.0000000180025095e-35 0.37940952255126054 9.5000000000000018 8.5000000000000018 9.3571428571428594 0 0.78656609248549303 -0.12940952255126037 1.0000000180025095e-35 5.5000000000000009 -0.78656609248549325 12.500000000000002 2.6428571428571437 5.3571428571428585 0.36584051347854402 7.2142857142857153 1.2142857142857146 -0.25881904510252113 1.0000000180025095e-35 0.60355339059327384 -0.91597561503675329 0.27933612258163404 6.2142857142857153 2.5634797778466258
decision_type=2 2 2 2 2 2 2 2 2 2 2 1 2 2 2 2 2 2 2 2 2 2 2 2 2 2 2 2 2 2
left_child=2 3 6 5 10 -2 -1 18 11 16 -3 -7 13 14 19 -14 -5 24 -4 -13 -15 27 -8 -16 25 26 -12 -18 29 -21
right_child=1 4 7 9 -6 8 22 -9 -10 -11 17 12 15 20 23 -17 21 -19 -20 28 -22 -23 -24 -25 -26 -27 -28 -29 -30 -31
leaf_value=-0.0084779071884120167 0.0080133807365275044 0.037356136595846655 -0.0048557340310522654 0.029018592307661597 0.062098293561579782 0.011209343711682043 -0.019189699285050571 -0.014122081378791194 0.027376344267102982 0.031643503105802703 0.058729558128990555 0.013806841530838469 0.0062174257010421292 0.020693538183616064 0.0028016893300707151 0.019515501629651846 0.021534460554061666 0.054708672591900535 -0.00020550332824920223 0.027436563935959897 0.030669659644165587 0.025102201109936786 -0.01615189376851759 0.015222725084454096 0.039499850164302915 0.034338427021506648 0.048169908507426931 0.011843262590395859 0.015344469696513534 0.017171182420165368
leaf_weight=761.40460538864136 2460.215931892395 546.75211954116821 1744.8090991973877 883.04349517822266 603.95115756988525 1911.5029258728027 16446.302780151367 462.30646848678589 482.70674657821655 1595.4592351913452 286.62442684173584 820.47605848312378 644.19103908538818 708.4361743927002 408.96162986755371 276.24454879760742 451.86187744140625 453.24282932281494 5041.8776731491089 500.3268928527832 407.21509075164795 1123.5400176048279 3042.3959350585938 220.96279907226562 384.7402548789978 233.23539543151855 493.84120655059814 295.86180067062378 333.55126190185547 298.80633878707886
leaf_count=113 359 77 258 126 83 278 2467 69 69 227 40 119 94 102 60 40 65 63 742 72 58 161 455 32 54 33 69 43 48 43
internal_value=0.000173641 0.0234717 -0.0140816 0.0179678 0.0488121 0.0138097 -0.0183305 -0.00221233 0.015843 0.0270241 0.0454665 0.0149905 0.0164953 0.0181043 0.0154133 0.0102085 0.0243483 0.0478613 -0.00140104 0.0180756 0.0243348 0.0221443 -0.0187155 0.0071587 0.0456421 0.0479733 0.0520479 0.0176998 0.0211677 0.0235982
internal_weight=44324.8 16825.8 27499.1 13823.4 3002.39 9473.6 20250.1 7248.99 7013.38 4349.77 2398.44 6530.67 4619.17 3698.74 2583.08 920.436 2754.31 1851.68 6786.69 1953.16 1115.65 1871.26 19488.7 629.924 1398.44 1013.7 780.466 747.724 1132.68 799.133
internal_count=6519 2415 4104 1996 419 1374 3035 1069 1015 622 336 946 668 534 374 134 395 259 1000 282 160 269 2922 92 196 142 109 108 163 115
cat_boundaries=0 1
cat_threshold=28
is_linear=0
shrinkage=0.05


Tree=2
num_leaves=31
num_cat=1
split_feature=2 2 2 2 2 2 6 6 1 1 1 9 7 7 4 4 2 2 7 7 2 8 8 2 6 2 6 3 8 4
split_gain=5544.98 813.306 546.349 186.428 43.1772 40.864 30.5903 27.1291 24.71 18.7836 16.0109 12.144 16.6938 22.2348 20.716 18.8852 10.8497 10.7328 9.98129 9.58298 9.28666 9.06691 8.97805 8.75655 8.27094 6.91475 6.17688 6.14838 6.06255 6.03901
threshold=3.9285714285714293 8.9285714285714306 1.9285714285714288 6.6428571428571432 12.357142857142859 4.6428571428571432 -1.0000000180025095e-35 0.37940952255126054 9.5000000000000018 8.5000000000000018 14.500000000000002 0 0.78656609248549303 -0.12940952255126037 4.5000000000000009 3.5000000000000004 9.3571428571428594 2.6428571428571437 -0.78656609248549325 -0.70710678118654757 5.3571428571428585 0.36337846166411325 0.17805266688795099 7.2142857142857153 -0.5 10.928571428571431 -0.78656609248549303 3.8637497247020094 0.27933612258163404 3.5000000000000004
decision_type=2 2 2 2 2 2 2 2 2 2 2 1 2 2 2 2 2 2 2 2 2 2 2 2 2 2 2 2 2 2
left_child=2 3 6 5 10 -2 -1 17 11 18 16 26 13 14 20 -14 -3 -4 -5 -8 -13 -15 25 28 -16 -18 -7 -25 -20 -6
right_child=1 4 7 9 29 8 19 -9 -10 -11 -12 12 15 21 24 -17 22 -19 23 -21 -22 -23 -24 27 -26 -27 -28 -29 -30 -31
leaf_value=-0.0083386922109107749 0.0077512523591777432 0.03488395152252529 -0.0047585118238741772 0.027478457981020939 0.060583365219381471 0.013457685489353961 -0.01520577174677458 -0.013969801554490655 0.025966530506884106 0.02988448421558855 0.054531550249493826 0.013277064909505322 0.0053165859886660513 0.019713962202260488 -0.00024230640684794579 0.02104663109649671 0.043706653024249809 -0.00020044241719535335 0.020546717407107274 -0.018968987848536983 0.020203531422711765 0.028919266693306619 0.040238446174974601 0.025719041711558002 0.011473908406178407 0.054555509907193794 0.0077837114476015969 0.016670699616449073 0.01141150189321663 0.050547352465063422
leaf_weight=754.97678852081299 2480.0096578598022 545.10545444488525 1736.3573513031006 909.04357624053955 404.50692367553711 1049.9660844802856 1875.6183109283447 455.82360363006592 496.10404872894287 1646.752429485321 243.19306802749634 831.8827748298645 661.78260803222656 716.15825891494751 246.06540870666504 268.11465454101562 395.41310596466064 5040.8417081832886 461.69798612594604 17251.743648052216 1156.9345936775208 426.98839902877808 1092.70787525177 915.95550537109375 388.39579391479492 233.67201280593872 883.08405780792236 236.14477872848511 299.38660192489624 238.13751125335693
leaf_count=113 359 74 258 126 52 151 286 69 69 227 32 119 96 101 36 38 53 742 65 2636 163 59 146 128 56 31 127 33 43 31
internal_value=0.000163651 0.0223461 -0.0139295 0.0172043 0.0453003 0.0132792 -0.0182103 -0.00216239 0.0152031 0.0256409 0.0423396 0.0143977 0.0158178 0.0173327 0.0147967 0.00985199 0.0410316 -0.00136825 0.0231647 -0.0186 0.0173063 0.0231523 0.042978 0.0211151 0.00692997 0.0477364 0.0108097 0.0238644 0.0169532 0.0568644
internal_weight=44342.6 17227.2 27115.4 14074.5 3152.74 9605.49 19882.3 7233.02 7125.48 4468.98 2510.09 6629.37 4696.32 3766.43 2623.28 929.897 2266.9 6777.2 2822.23 19127.4 1988.82 1143.15 1721.79 1913.18 634.461 629.085 1933.05 1152.1 761.085 642.644
internal_count=6519 2415 4104 1996 419 1374 3035 1069 1015 622 336 946 668 534 374 134 304 1000 395 2922 282 160 230 269 92 84 278 161 108 83
cat_boundaries=0 1
cat_threshold=28
is_linear=0
shrinkage=0.05


Tree=3
num_leaves=31
num_cat=1
split_feature=2 2 2 2 2 2 6 6 1 1 1 9 7 7 4 4 2 2 2 6 6 2 3 6 2 7 4 2 3 3
split_gain=5226.84 708.708 537.922 167.39 37.4397 35.4878 30.4495 26.2635 22.2 16.5111 14.0801 11.051 15.1931 19.9819 18.9329 17.3061 10.2725 9.6578 8.38431 8.35858 7.82969 7.38868 6.79018 5.68462 5.68399 5.73662 8.17114 5.61888 6.85303 5.45758
threshold=3.9285714285714293 8.9285714285714306 1.9285714285714288 6.6428571428571432 4.6428571428571432 10.785714285714286 -1.0000000180025095e-35 0.37940952255126054 9.5000000000000018 7.5000000000000009 15.500000000000002 0 0.78656609248549303 -0.12940952255126037 4.5000000000000009 3.5000000000000004 2.6428571428571437 1.2142857142857146 5.3571428571428585 -0.98296291314453399 -0.25881904510252113 12.357142857142859 3.6839419880650368 -0.78656609248549303 7.2142857142857153 0.37940952255126048 4.5000000000000009 6.2142857142857153 2.5634797778466258 3.2513733362117274
decision_type=2 2 2 2 2 2 2 2 2 2 2 1 2 2 2 2 2 2 2 2 2 2 2 2 2 2 2 2 2 2
left_child=2 3 6 4 -2 19 -1 16 11 24 21 23 13 14 18 -14 -4 -8 -13 -3 -16 -7 -21 -6 -5 26 -26 28 -20 -27
right_child=1 5 7 9 8 10 17 -9 -10 -11 -12 12 15 -15 20 -17 -18 -19 27 22 -22 -23 -24 -25 25 29 -28 -29 -30 -31
leaf_value=-0.0082006076298705068 0.0074996886864611371 0.045893370900029762 -0.0046627777582185399 0.01836187436490502 0.012945882509465979 0.042177121973377731 -0.018971721206689319 -0.013817032440454128 0.024664518059793972 0.02736570567289049 0.056402187871270063 0.012774468669243264 0.0051567383213243822 0.022053739479363663 0.0026017508365470863 0.020091187241022278 -0.00019550521755530201 -0.015851540753569746 0.025004995086497131 0.03800458109111924 0.014167618872544861 0.05044378030821664 0.030494437009759262 0.0075308466561723594 0.030017870314176517 0.02466653754092947 0.01884490322173972 0.013941459080628158 0.015630400761529259 0.015247380734356481
leaf_weight=748.70744037628174 2499.3076333999634 245.32456922531128 1728.1144981384277 934.2193865776062 1064.1917448043823 765.59865951538086 15834.282052516937 449.50011491775513 509.15486240386963 2290.4505610466003 358.85114288330078 843.00140380859375 665.31038665771484 1169.9335646629333 411.94245529174805 273.8173713684082 5039.8315715789795 2940.6119060516357 524.73940658569336 1096.5427684783936 226.94120788574219 417.81223964691162 414.83124256134033 889.98455715179443 502.30517673492432 301.03562688827515 242.70639610290527 345.62159729003906 310.18546295166016 314.39756441116333
leaf_count=113 359 31 258 129 151 97 2467 69 69 308 44 119 96 160 60 38 742 455 72 142 32 51 54 127 68 41 33 48 43 43
internal_value=0.000154248 0.0212992 -0.013777 0.0164858 0.0127755 0.0421918 -0.0180887 -0.00211347 0.0145981 0.0243625 0.0477265 0.013836 0.0151788 0.0166073 0.014214 0.00951111 -0.00133617 -0.018483 0.0165831 0.0373328 0.00671012 0.0450957 0.0359432 0.0104264 0.0213649 0.023427 0.026378 0.0193028 0.0215222 0.0198547
internal_weight=44359.3 17618.2 26741 14319.2 9734.13 3298.96 19523.6 7217.45 7234.82 4585.11 1542.26 6725.67 4771.49 3832.37 2662.43 939.128 6767.95 18774.9 2023.55 1756.7 638.884 1183.41 1511.37 1954.18 2294.66 1360.44 745.012 1180.55 834.925 615.433
internal_count=6519 2415 4104 1996 1374 419 3035 1069 1015 622 192 946 668 534 374 134 1000 2922 282 227 92 148 196 278 314 185 101 163 115 84
cat_boundaries=0 1
cat_threshold=28
is_linear=0
shrinkage=0.05


Tree=4
num_leaves=31
num_cat=2
split_feature=2 2 2 2 2 6 2 6 1 1 3 7 9 7 7 5 1 2 7 1 7 8 8 2 6 2 9 6 2 7
split_gain=4931.6 620.721 529.453 150.685 34.3505 30.2978 29.59 25.4194 19.9959 14.8751 12.6523 11.4266 10.0733 13.8513 18.0049 17.3292 11.3075 9.83061 9.74864 8.77545 8.19536 7.91036 7.83635 7.58485 7.39721 7.36417 6.81591 6.70473 6.14494 5.71261
threshold=3.9285714285714293 8.9285714285714306 1.9285714285714288 6.6428571428571432 4.6428571428571432 -1.0000000180025095e-35 10.785714285714286 0.37940952255126054 9.5000000000000018 8.5000000000000018 2.609506430251479 0.1294095225512602 0 0.78656609248549303 -0.12940952255126037 1.0000000180025095e-35 5.5000000000000009 2.6428571428571437 -0.70710678118654757 14.500000000000002 -0.78656609248549325 0.41995218212365443 0.36584051347854402 5.3571428571428585 -0.5 7.2142857142857153 1 -0.5 9.3571428571428594 0.1294095225512602
decision_type=2 2 2 2 2 2 2 2 2 2 2 2 1 2 2 2 2 2 2 2 2 2 2 2 2 2 1 2 2 2
left_child=2 3 5 4 -2 -1 21 17 12 20 -8 -12 -6 14 15 23 -15 -4 -7 -13 -5 28 -16 -14 -17 -22 27 -11 -3 -30
right_child=1 6 7 9 8 18 10 -9 -10 26 11 19 13 16 22 24 -18 -19 -20 -21 25 -23 -24 -25 -26 -27 -28 -29 29 -31
leaf_value=-0.0080636819998877486 0.0072581387188195559 0.028331068647981579 -0.0045685261243049056 0.02481894173144053 0.010060560230124123 -0.01488556862324553 0.034376371126906877 -0.013663819047026222 0.0234587090988265 0.034680199198688096 0.040463383138167892 0.04580671006354417 0.012297155806159437 0.005560534897387683 0.017933231439742976 -0.00030024956981612727 0.01741082301095203 -0.00019068849798012136 -0.01874471520559241 0.056307692503856172 0.015438783720216313 0.041162603765867521 0.026318612350231915 0.018458561825865853 0.010727566830196418 0.021648918420771032 0.022625299483512509 0.02500991123464763 0.039286606171477167 0.031645219851678445
leaf_weight=742.59268140792847 2518.1220126152039 434.53451919555664 1720.0754957199097 957.73851919174194 1974.7704081535339 1815.2203197479248 266.02196836471558 443.33208703994751 521.86905813217163 537.7295970916748 516.90352058410645 507.53173923492432 853.83937883377075 658.11554050445557 754.16552066802979 246.64667129516602 290.00886535644531 5038.8462018966675 16615.855857849121 327.2244930267334 789.70799112319946 410.65665245056152 441.85606002807617 1203.5716252326965 396.54825973510742 1207.0179085731506 937.18586921691895 268.8647985458374 490.51816940307617 487.8309178352356
leaf_count=113 359 55 258 126 278 286 32 69 69 70 62 60 119 94 102 36 40 742 2636 38 108 51 58 163 56 161 122 35 60 61
internal_value=0.000145438 0.0203233 -0.013624 0.0158089 0.0122973 -0.0179657 0.0394212 -0.00206556 0.0140258 0.023178 0.0443438 0.0463055 0.0133039 0.0145751 0.0159239 0.0136621 0.00918526 -0.0013048 -0.0183646 0.0499231 0.0210166 0.0350542 0.0210311 0.0159015 0.00649872 0.0191928 0.0268401 0.0310716 0.0332788 0.0354764
internal_weight=44374.9 17999 26375.9 14557.8 9859.51 19173.7 3441.22 7202.25 7341.39 4698.24 1617.68 1351.66 6819.52 4844.75 3896.63 2700.61 948.124 6758.92 18431.1 834.756 2954.46 1823.54 1196.02 2057.41 643.195 1996.73 1743.78 806.594 1412.88 978.349
internal_count=6519 2415 4104 1996 1374 3035 419 1069 1015 622 192 160 946 668 534 374 134 1000 2922 98 395 227 160 282 92 269 227 105 176 121
cat_boundaries=0 1 2
cat_threshold=28 97
is_linear=0
shrinkage=0.05


Tree=5
num_leaves=31
num_cat=3
split_feature=2 2 2 2 9 6 9 2 6 2 4 9 6 4 4 7 2 4 7 3 2 6 4 8 7 0 6 3 7 4
split_gain=4658.37 620.986 472.075 107.621 73.0722 36.1145 30.7596 27.7071 25.8391 15.4905 15.2662 13.5472 12.9886 19.5837 14.3466 38.5624 14.3081 13.2918 12.2111 11.0796 10.6862 9.64244 9.11811 8.40591 8.00404 6.85861 5.87107 9.48851 5.63598 5.10949
threshold=3.785714285714286 7.7857142857142865 1.7857142857142858 5.6428571428571432 0 0.37940952255126054 1 9.3571428571428594 -1.0000000180025095e-35 4.6428571428571432 3.5000000000000004 2 -0.78656609248549303 4.5000000000000009 4.5000000000000009 0.60355339059327384 6.6428571428571432 2.5000000000000004 0.91597561503675351 3.8668308667927249 2.2142857142857149 -0.78656609248549303 4.5000000000000009 0.44908987642340409 -0.70710678118654757 14.500000000000002 1.0000000180025095e-35 2.1491969707422411 0.1294095225512602 3.5000000000000004
decision_type=2 2 2 2 1 2 1 2 2 2 2 1 2 2 2 2 2 2 2 2 2 2 2 2 2 2 2 2 2 2
left_child=2 3 8 9 7 20 -5 19 -1 -2 23 -10 13 17 18 16 -16 -8 -14 -3 -4 22 25 -6 -13 -9 27 -11 -12 -19
right_child=1 4 5 6 10 -7 12 21 11 26 28 24 14 -15 15 -17 -18 29 -20 -21 -22 -23 -24 -25 -26 -27 -28 -29 -30 -31
leaf_value=-0.0074136764591858214 0.0064949308082289971 0.034354255431035555 -0.0068007858034322237 0.0087124031408045734 0.027136729275355809 -0.013951439204901031 0.021705303579375477 0.04890509101764854 -0.014988897423953641 0.015810902372124624 0.0139624373867549 -0.015515479971206447 0.016912282059368133 0.013629634564682087 0.0080853708366549967 0.035479289610397619 0.023965089597009579 0.035305671448623954 0.0046736093828586003 0.02131142702840802 -0.00098887966600071965 0.037765491393144841 0.036660231867190821 0.037389144709245217 -0.019426658659602879 0.04000731961366788 0.006676802076173151 0.010190967370719235 0.023144310852351798 0.026042450967928062
leaf_weight=554.10126447677612 3042.3765835762024 518.7254786491394 920.76540565490723 802.37141132354736 908.28627681732178 675.68653583526611 861.72497081756592 735.74928760528564 2972.4385695457458 1115.8910613059998 237.16411876678467 1449.4645385742188 2291.4818911552429 435.52988052368164 329.64058828353882 376.39767837524414 249.00421285629272 349.21463394165039 223.70701885223389 237.31763505935669 5608.1308488845825 1127.0912075042725 322.00621223449707 256.35499048233032 13410.192865848541 306.92548179626465 603.05843830108643 2297.2434463500977 565.93654537200928 259.47620868682861
leaf_count=85 434 65 140 110 114 107 113 83 479 153 30 232 301 58 46 49 32 45 31 30 830 133 37 32 2169 34 83 317 71 34
internal_value=1.211e-05 0.0191616 -0.013796 0.0134041 0.0337743 -0.00294736 0.0182229 0.0385256 -0.018047 0.00918613 0.0256062 -0.0183774 0.0195897 0.0229423 0.0178048 0.023022 0.0149188 0.0257007 0.0158237 0.0302602 -0.00180853 0.041188 0.0440147 0.0293934 -0.0190323 0.0462859 0.0112248 0.0120284 0.0204328 0.0313569
internal_weight=44043.5 18452.7 25590.8 13237.1 5215.56 7204.58 6178.55 3247.82 18386.2 7058.57 1967.74 17832.1 5376.18 1905.95 3470.23 955.042 578.645 1470.42 2515.19 756.043 6528.9 2491.77 1364.68 1164.64 14859.7 1042.67 4016.19 3413.13 803.101 608.691
internal_count=6477 2435 4042 1806 629 1077 819 382 2965 987 247 2880 709 250 459 127 78 192 332 95 970 287 154 146 2401 117 553 470 101 79
cat_boundaries=0 1 2 3
cat_threshold=33 28 33
is_linear=0
shrinkage=0.05


Tree=6
num_leaves=31
num_cat=2
split_feature=2 2 2 2 2 6 9 6 2 9 1 7 4 2 2 4 3 7 7 3 1 6 4 6 4 1 3 0 7 6
split_gain=4405.66 551.601 465.025 98.1504 63.1657 35.0045 27.841 25.6865 14.3311 13.6222 12.5279 13.2606 12.1278 11.6379 10.2621 9.47525 8.11139 8.03835 7.88787 7.63304 6.48719 6.32002 15.1191 7.12004 5.87758 5.71238 5.69991 4.8148 4.69138 4.99428
threshold=3.785714285714286 7.7857142857142865 1.7857142857142858 5.6428571428571432 9.3571428571428594 0.37940952255126054 0 -1.0000000180025095e-35 4.6428571428571432 1 8.5000000000000018 -0.37940952255126015 3.5000000000000004 13.071428571428573 2.2142857142857149 2.5000000000000004 2.2360679774997938 -0.70710678118654757 0.60355339059327384 3.1471831698777746 4.5000000000000009 -0.78656609248549303 4.5000000000000009 -0.25881904510252113 2.5000000000000004 1.0000000180025095e-35 1.982053317447358 3.5000000000000004 -0.98296291314453399 -0.91597561503675329
decision_type=2 2 2 2 2 2 1 2 2 1 2 2 2 2 2 2 2 2 2 2 2 2 2 2 2 2 2 2 2 2
left_child=2 3 7 8 12 14 -5 -1 -2 -9 21 -12 18 16 -4 -13 -6 -11 -3 -17 -10 22 24 26 -8 -16 -23 -22 -27 -30
right_child=1 4 5 6 13 -7 10 9 20 17 11 15 -14 -15 25 19 -18 -19 -20 -21 27 23 -24 -25 -26 28 -28 -29 29 -31
leaf_value=-0.0072840828241174556 0.0062921412385766031 0.030260899477237244 -0.0066777604288025434 0.0084249944612640668 0.026876852026544808 -0.013798614298721416 0.020562257392125197 -0.014840795583235672 0.0083096588651487176 -0.015369846214104078 0.015912244265254276 0.019070527360751689 0.02087958266872493 0.043198723419303552 -0.0076466335701420021 0.035063503296336736 0.036022499956237825 -0.019320678374686161 0.020891543089157957 0.024189926187454761 0.0089193740427328944 0.019827252397940955 0.011730343332398032 0.019132327173448344 0.028684772000866998 0.0065079188669335515 0.012395858365364807 0.013796944834034319 0.0039186214690663064 -0.0014066809477722823
leaf_weight=550.00854969024658 3062.2009916305542 1119.0745277404785 914.52469873428345 809.39255380630493 270.76099967956543 666.32518482208252 632.27665328979492 2928.2172179222107 1573.678129196167 1427.1489286422729 472.49108743667603 317.7691502571106 876.19797611236572 529.92894840240479 302.63117074966431 322.24257469177246 2317.9278316497803 13152.191378116608 281.05364799499512 323.3427472114563 706.69515800476074 321.34167289733887 385.67152738571167 1054.3294062614441 343.83501958847046 223.37680006027222 1309.5994138717651 1781.1739664077759 486.99231004714966 4589.5874238014221
leaf_count=85 434 137 140 110 31 107 82 479 216 232 60 40 109 56 45 40 261 2169 35 40 96 42 51 136 44 33 174 241 72 680
internal_value=7.29829e-06 0.0183237 -0.0136431 0.0128942 0.0318256 -0.00288295 0.0174447 -0.0179236 0.0088749 -0.0182578 0.0187267 0.0227733 0.025493 0.0364479 -0.0017669 0.0261385 0.0350659 -0.018921 0.0283801 0.0296174 0.0108222 0.0173372 0.0201118 0.0159301 0.0234234 -0.000965293 0.0138601 0.0124114 -0.000583784 -0.000895829
internal_weight=44052 18811 25241 13416 5394.94 7183.44 6292.29 18057.6 7123.75 17507.6 5482.9 1435.85 2276.33 3118.62 6517.11 963.354 2588.69 14579.3 1400.13 645.585 4061.55 4047.05 1361.78 2685.27 976.112 5602.59 1630.94 2487.87 5299.96 5076.58
internal_count=6477 2435 4042 1806 629 1077 819 2965 987 2880 709 180 281 348 970 120 292 2401 172 80 553 529 177 352 126 830 216 337 785 752
cat_boundaries=0 1 2
cat_threshold=28 33
is_linear=0
shrinkage=0.05


Tree=7
num_leaves=31
num_cat=3
split_feature=2 2 2 2 9 6 6 9 6 5 9 2 1 1 7 5 2 3 7 3 0 8 1 7 7 5 8 6 3 6
split_gain=4169.72 491.676 457.922 89.6675 57.4317 33.9193 25.5252 25.252 20.0608 15.6973 13.6913 13.2711 12.2748 11.2132 11.7981 10.687 9.85264 9.59947 8.06985 6.49465 6.38792 6.30276 6.07051 7.76943 6.449 7.21378 7.31619 5.98051 5.84027 5.68881
threshold=3.785714285714286 7.7857142857142865 1.7857142857142858 5.6428571428571432 0 0.37940952255126054 -1.0000000180025095e-35 1 -0.78656609248549303 1.0000000180025095e-35 2 4.6428571428571432 11.500000000000002 8.5000000000000018 -0.37940952255126015 1.0000000180025095e-35 2.2142857142857149 3.2768851754563917 -0.70710678118654757 2.609506430251479 14.500000000000002 0.11052988660247588 8.5000000000000018 0.78656609248549303 -0.12940952255126037 1.0000000180025095e-35 0.11617398296320354 1.0000000180025095e-35 1.9518001458970675 -0.78656609248549303
decision_type=2 2 2 2 1 2 2 1 2 2 1 2 2 2 2 2 2 2 2 2 2 2 2 2 2 2 2 2 2 2
left_child=2 3 6 11 8 16 -1 -5 9 20 -8 -2 17 29 -15 21 -4 -10 -12 -16 -3 -6 23 24 25 26 -13 -28 -27 -9
right_child=1 4 5 7 15 -7 10 13 12 -11 18 22 -14 14 19 -17 -18 -19 -20 -21 -22 -23 -24 -25 -26 28 27 -29 -30 -31
leaf_value=-0.0071558152493455878 0.0060969360017743314 0.043125018095961892 -0.0065561434044822901 0.0081493808860665928 0.018726502713471777 -0.013645352053468807 -0.014691969312229894 0.019216142404944205 0.031486461513946219 0.029357044767410787 -0.015223333343189097 0.018609398259875249 0.036386884649601665 0.015269086299047491 0.031382894099767529 0.017155736073882637 -0.00094232807117760253 0.022575870648635574 -0.019213212465160102 0.022319692948187319 0.035030157721861244 0.026843110410137812 0.017125878792356046 0.0044048898348944361 0.013769847242085071 0.010354072837087433 0.011534710978758371 0.0040412694438616299 -0.00034625942995386393 0.01528573195096051
leaf_weight=546.01679801940918 3081.5293974876404 913.11388874053955 908.43806171417236 816.24049615859985 297.31997871398926 657.19396114349365 2885.0810618400574 1389.4751706123352 728.03819561004639 380.16982412338257 1405.3815956115723 254.38167524337769 622.38477897644043 480.0696063041687 273.07259178161621 556.15098571777344 5597.201587677002 516.82163619995117 12900.521837234497 715.81645011901855 332.44557094573975 1223.0906624794006 313.42998313903809 552.43601894378662 1178.7835826873779 217.43246841430664 903.36655712127686 377.54756212234497 308.37716817855835 2728.4060087203979
leaf_count=85 434 96 140 110 35 107 479 177 83 41 232 34 68 60 33 67 830 60 2169 87 34 145 41 76 157 30 121 51 43 352
internal_value=2.93153e-06 0.0175379 -0.0134898 0.0124104 0.0300496 -0.00281982 -0.0177988 0.0167132 0.0340916 0.0382501 -0.0181368 0.00857695 0.0306536 0.0179178 0.0217003 0.0229758 -0.00172623 0.0277871 -0.0188081 0.0248224 0.0409645 0.0252559 0.0104383 0.00988559 0.0108201 0.00913309 0.0108642 0.00932603 0.00407854 0.0166119
internal_weight=44059.7 19159.9 24899.8 13590.4 5569.54 7162.83 17737 6403.08 3492.97 1625.73 17191 7187.28 1867.24 5586.84 1468.96 2076.56 6505.64 1244.86 14305.9 988.889 1245.56 1520.41 4105.76 3792.33 3239.89 2061.11 1535.3 1280.91 525.81 4117.88
internal_count=6477 2435 4042 1806 629 1077 2965 819 382 171 2880 987 211 709 180 247 970 143 2401 120 130 180 553 512 436 279 206 172 73 529
cat_boundaries=0 1 2 3
cat_threshold=33 28 33
is_linear=0
shrinkage=0.05


Tree=8
num_leaves=31
num_cat=1
split_feature=2 2 2 2 2 2 2 9 2 2 1 1 7 3 1 2 7 7 3 8 7 4 4 8 7 2 2 8 7 1
split_gain=3952.84 468.325 400.757 91.9093 65.0452 23.4064 19.9175 17.7205 11.3808 9.99476 9.16997 8.51306 10.4609 8.49011 7.24076 7.69756 7.14137 7.03258 6.31093 5.90201 5.60983 12.5775 11.1061 6.49935 5.47964 5.31862 5.25323 5.769 5.11303 4.40345
threshold=3.6428571428571437 7.0714285714285721 1.7857142857142858 9.2142857142857171 5.2142857142857153 2.2142857142857149 1.2142857142857146 0 3.9285714285714293 11.357142857142859 8.5000000000000018 8.5000000000000018 0.1294095225512602 1.496026483086194 8.5000000000000018 8.7857142857142865 0.1294095225512602 -0.98296291314453399 3.4846602621858493 0.43145210309338916 0.78656609248549303 4.5000000000000009 2.5000000000000004 0.24037403943294891 0.60355339059327384 7.7857142857142865 6.5000000000000009 0.17240966028634555 -0.5 3.5000000000000004
decision_type=2 2 2 2 2 2 2 1 2 2 2 2 2 2 2 2 2 2 2 2 2 2 2 2 2 2 2 2 2 2
left_child=2 4 6 14 8 -4 -1 -6 -2 19 13 20 -13 -10 18 -16 -11 -7 25 -5 21 23 -22 26 -20 -3 27 -9 -8 -19
right_child=1 3 5 9 7 17 28 11 10 16 -12 12 -14 -15 15 -17 -18 29 24 -21 22 -23 -24 -25 -26 -27 -28 -29 -30 -31
leaf_value=-0.018435611763188593 0.0022784682792060498 0.018082351649014127 -0.0089682911809097435 0.028789170492859058 0.010148307396759634 0.007633529062221131 -0.011226110082968897 0.015209521666877744 0.014273809698711821 0.029251776705368767 0.017152945061268476 0.016096233119253366 0.028701100215172293 0.0065718087961887861 0.021756840355161414 0.02992693475601817 0.037662158727517353 -0.0030237111224198847 0.018706739925100878 0.035543558160595304 0.0041641611846592128 0.010101222090397925 0.018051691523165169 0.015288099083250968 0.0097247753765052417 0.023873463976802119 0.026895380028748847 0.024846878713093046 -0.015531976485834606 0.00015316942851364504
leaf_weight=14475.291524410248 1191.5418801307678 802.81291103363037 1374.4427309036255 1818.4044179916382 2281.419529914856 197.14876890182495 1099.0097618103027 452.06165075302124 391.27357864379883 340.23013114929199 245.34201145172119 428.82801198959351 267.13809823989868 4182.9779644012451 1408.1451749801636 362.51602554321289 977.73416614532471 3368.4078001976013 447.90512895584106 393.38892459869385 320.76236200332642 731.45272445678711 261.18820142745972 1233.879668712616 273.48466062545776 783.32365989685059 257.13081121444702 236.53204727172852 1850.0016350746155 1613.1333737373352
leaf_count=2475 174 99 218 195 300 29 180 57 53 35 32 53 32 573 166 41 97 503 54 42 44 96 34 156 34 93 32 30 310 240
internal_value=-1.11154e-06 0.016359 -0.0137084 0.0261372 0.0103988 -0.00316787 -0.0176726 0.0138778 0.00665397 0.0320443 0.00773572 0.0158469 0.0209345 0.00723062 0.0210244 0.0234295 0.035491 -0.00162842 0.0191789 0.0299905 0.0148786 0.0157745 0.0103971 0.0176785 0.0153016 0.0209423 0.0207971 0.01852 -0.0139273 -0.00199497
internal_weight=44066.9 20089.5 23977.4 7607.95 12481.5 6553.13 17424.3 6470.39 6011.14 3529.76 4819.59 4188.97 695.966 4574.25 4078.19 1770.66 1317.96 5178.69 2307.53 2211.79 3493.01 2911.06 581.951 2179.6 721.39 1586.14 945.725 688.594 2949.01 4981.54
internal_count=6477 2522 3955 856 1666 990 2965 834 832 369 658 534 85 626 487 207 132 772 280 237 449 371 78 275 88 192 119 87 490 743
cat_boundaries=0 1
cat_threshold=540
is_linear=0
shrinkage=0.05


Tree=9
num_leaves=31
num_cat=0
split_feature=2 2 2 2 2 6 6 2 1 7 1 6 4 3 2 2 8 8 6 2 2 4 1 0 7 6 0 3 7 4
split_gain=3748.96 421.844 394.672 80.5859 59.9367 30.3636 25.5345 10.6402 9.07251 8.54084 8.43838 8.76857 21.253 8.34215 8.01579 7.70447 7.41491 5.85868 8.04497 6.5346 5.81914 5.57804 5.42307 7.08718 5.04937 4.99434 4.48719 8.43347 5.50971 14.7854
threshold=3.6428571428571437 7.0714285714285721 1.7857142857142858 9.3571428571428594 5.2142857142857153 0.37940952255126054 -1.0000000180025095e-35 3.9285714285714293 10.500000000000002 -0.98296291314453399 8.5000000000000018 -0.91597561503675329 4.5000000000000009 2.2360679774997938 1.2142857142857146 2.2142857142857149 0.39807457594501033 0.43145210309338916 -0.37940952255126059 6.5000000000000009 12.928571428571431 1.5000000000000002 7.5000000000000009 9.5000000000000018 -0.12940952255126037 0.25881904510252091 4.5000000000000009 2.0701966780270653 0.1294095225512602 2.5000000000000004
decision_type=2 2 2 2 2 2 2 2 2 2 2 2 2 2 2 2 2 2 2 2 2 2 2 2 2 2 2 2 2 2
left_child=2 4 6 16 7 9 -1 -2 17 -4 11 12 24 -5 -8 -11 22 19 -19 26 -15 -18 23 -3 -9 -13 27 -6 -28 -30
right_child=1 3 5 13 8 -7 14 10 -10 15 -12 25 -14 20 -16 -17 21 18 -20 -21 -22 -23 -24 -25 -26 -27 28 -29 29 -31
leaf_value=-0.0067944795435406508 0.0022167744154599624 0.014673630953430798 0.0077395371520899842 0.022498642862846731 0.017719717829703472 -0.013410139319324568 -0.018345908846241876 0.011215937764167898 0.021667438844335626 -0.0066599845301504382 0.016438967692550776 0.0063090628648774551 -0.0014221543109500117 0.03022176771344437 -0.01523052355901958 -0.0015583656408456278 0.029231020432945516 0.012339684872150198 0.0032860663202670401 0.016675033764481869 0.035635772258234319 0.021419804859368778 0.020920772872173889 0.022491282536341067 0.018672135787494999 -0.00024357029716417724 0.011973427842297584 0.0076677017628497797 0.010540577617490957 0.023047333094366493
leaf_weight=535.07705116271973 1194.2598924636841 1042.9615001678467 218.00003337860107 295.80855464935303 272.62696075439453 643.65695571899414 14167.045508384705 563.18173456192017 311.85006046295166 875.10344552993774 249.58665037155151 3060.5368218421936 281.96559810638428 2539.4618892669678 2416.9834752082825 4795.6891598701477 341.28565359115601 883.80220651626587 339.67232370376587 1339.6202630996704 616.88542079925537 691.90580177307129 1879.7798585891724 401.51690864562988 380.4475154876709 321.3250617980957 1578.6888146400452 889.31376361846924 472.15363931655884 473.09125661849976
leaf_count=85 174 125 32 31 35 107 2468 76 37 137 32 416 39 259 412 714 39 112 44 166 58 80 216 48 51 44 202 116 62 60
internal_value=-4.70232e-06 0.0156889 -0.0135552 0.0248211 0.010034 -0.00309928 -0.017545 0.00644499 0.0133443 -0.00197229 0.00748463 0.00699957 0.0106229 0.0305274 -0.0178919 -0.00234564 0.0203003 0.012929 0.00982614 0.0136844 0.0312799 0.024 0.0191505 0.0168467 0.0142221 0.00568647 0.0125974 0.0100262 0.0137811 0.0168002
internal_weight=44073.3 20421.7 23651.6 7809.61 12612.1 6532.45 17119.1 6051.3 6560.82 5888.79 4857.04 4607.46 1225.59 3452.16 16584 5670.79 4357.45 6248.97 1223.47 5025.49 3156.35 1033.19 3324.26 1444.48 943.629 3381.86 3685.87 1161.94 2523.93 945.245
internal_count=6477 2522 3955 856 1666 990 2965 832 834 883 658 626 166 348 2880 851 508 797 156 641 317 119 389 173 127 460 475 151 324 122
is_linear=0
shrinkage=0.05


Tree=10
num_leaves=31
num_cat=2
split_feature=2 2 2 9 2 6 6 2 1 7 7 9 8 1 1 2 6 0 5 6 6 6 2 7 1 5 8 2 0 8
split_gain=3545.23 388.659 362.894 82.0374 59.7688 27.8019 24.9409 21.4875 20.0442 13.9166 12.0749 13.705 11.2489 10.1177 9.99607 8.32414 8.19271 11.2391 7.89807 9.64967 7.22585 7.01428 6.54135 6.14253 5.82797 5.5892 5.58687 7.37417 7.11172 5.40758
threshold=3.6428571428571437 1.7857142857142858 7.0714285714285721 0 4.6428571428571432 0.37940952255126054 -1.0000000180025095e-35 9.3571428571428594 8.5000000000000018 -0.78656609248549325 0.78656609248549303 1 0.40724232142280653 8.5000000000000018 5.5000000000000009 1.0714285714285716 -0.78656609248549303 14.500000000000002 1.0000000180025095e-35 -0.91597561503675329 -0.98296291314453399 -0.5 3.9285714285714293 0.60355339059327384 3.5000000000000004 1.0000000180025095e-35 0.24037403943294891 6.5000000000000009 6.5000000000000009 0.26860109004631538
decision_type=2 2 2 1 2 2 2 2 2 2 2 1 2 2 2 2 2 2 2 2 2 2 2 2 2 2 2 2 2 2
left_child=1 6 4 7 22 24 -1 13 10 -10 11 -6 23 -4 -12 -8 17 29 20 -20 -13 -15 -2 -5 -3 -26 27 28 -22 -9
right_child=2 5 3 12 8 -7 15 16 9 -11 14 18 -14 21 -16 -17 -18 -19 19 -21 26 -23 -24 -25 25 -27 -28 -29 -30 -31
leaf_value=-0.0066528288607938637 0.0014860045570627199 -0.0027849548141686991 0.0184104473921155 0.01711633188678888 0.0086357663773144449 -0.01300103119516402 -0.01831919161851954 0.037931430530675388 0.0099931596185129958 0.021168679922878079 0.0029595253108124489 0.021047940945755426 0.022880244089149997 0.032409732697086614 0.013361246629893339 -0.015605159360195906 0.027527188855225378 0.026271117331696223 0.0031562422147649923 0.013078005861680526 0.017298804034875034 0.021789257076626649 0.005898544834681811 0.010124671950751752 -0.00076487548688613984 0.0062172883096361636 0.011882159578358675 0.023798388802231028 0.0086110590670432762 0.030833410872331737
leaf_weight=525.40553379058838 1265.4250044822693 3935.2557644844055 662.58534574508667 2584.2998485565186 2535.8900990486145 604.4858512878418 12787.873509407043 759.23313808441162 406.34734964370728 885.90914011001587 770.09468841552734 389.08210563659668 822.68714809417725 322.332688331604 329.92487859725952 3626.3678593635559 1327.4390163421631 469.66380214691162 368.04763841629028 733.36854124069214 702.61943054199219 300.30982112884521 2497.7374129295349 357.61350536346436 1371.3208894729614 362.35906457901001 1668.4179501533508 259.11182308197021 354.3625922203064 414.99980926513672
leaf_count=84 184 593 76 292 333 102 2270 71 50 105 104 47 92 35 42 632 133 44 48 94 88 33 342 42 205 54 209 31 44 39
internal_value=5.89281e-05 -0.0134391 0.0148474 0.0232311 0.00973995 -0.00280779 -0.0173763 0.0280466 0.0118711 0.0176546 0.0109497 0.0117138 0.0176648 0.0227109 0.00607928 -0.0177196 0.0304489 0.0328082 0.0134088 0.00976256 0.014639 0.0272873 0.00441476 0.0162664 -0.00172087 0.000694477 0.0138035 0.0162392 0.0143862 0.0354228
internal_weight=44400.6 23213.1 21187.5 8021.16 13166.3 6273.42 16939.6 4256.56 9403.18 1292.26 8110.92 7010.9 3764.6 1285.23 1100.02 16414.2 2971.34 1643.9 4475.01 1101.42 3373.59 622.643 3763.16 2941.91 5668.94 1733.68 2984.51 1316.09 1056.98 1174.23
internal_count=6518 3940 2578 857 1721 954 2986 431 1195 155 1040 894 426 144 146 2902 287 154 561 142 419 68 526 334 852 259 372 163 132 110
cat_boundaries=0 1 2
cat_threshold=33 29
is_linear=0
shrinkage=0.05


Tree=11
num_leaves=31
num_cat=6
split_feature=3 1 6 9 6 7 0 9 9 7 1 6 7 9 7 7 7 6 7 7 6 4 6 7 9 6 4 9 1 6
split_gain=2860.51 450.89 262.223 153.069 130.025 91.1473 66.1689 34.6577 28.8532 28.8272 28.7415 26.0918 24.2427 18.5412 17.7386 15.8081 15.8936 21.2158 15.2616 16.2531 17.6326 15.0917 14.5057 13.8374 16.6576 13.7009 13.6667 12.4612 11.6081 9.30821
threshold=1.4638501094227998 6.5000000000000009 -1.0000000180025095e-35 0 0.12940952255126045 -0.9159756150367534 3.5000000000000004 1 2 -0.9159756150367534 8.5000000000000018 0.25881904510252091 -0.12940952255126037 3 -0.78656609248549325 0.78656609248549303 -0.12940952255126037 -0.5 0.91597561503675351 -0.12940952255126037 -0.5 4.5000000000000009 -0.5 -0.37940952255126015 4 -0.60355339059327362 4.5000000000000009 5 3.5000000000000004 -0.60355339059327362
decision_type=2 2 2 1 2 2 2 1 1 2 2 2 2 1 2 2 2 2 2 2 2 2 2 2 1 2 2 1 2 2
left_child=2 4 7 10 6 11 14 -1 18 -6 -3 -4 22 -7 -2 16 17 -10 19 20 26 -17 -5 -16 29 -21 -8 -14 -9 -25
right_child=1 3 5 12 9 13 8 28 15 -11 -12 -13 27 -15 23 21 -18 -19 -20 25 -22 -23 -24 24 -26 -27 -28 -29 -30 -31
leaf_value=0.0093581288300035766 0.0092198559580020222 0.019100766660141127 0.012279804856782059 0.0022176361893478762 -0.0016621323803927297 -0.013712963998258077 0.011331948618874455 -0.0060830309187844649 -0.00092467019687632757 -0.01424862396705312 0.028439147501335166 -0.0067356404405922226 0.018203714776351878 -0.018498533044938811 -0.0035969596335239337 -0.0030146106002449297 0.011522104098143157 0.0093100090571121407 0.003960879107893142 0.023581243751738694 0.017672450164924622 0.012080846473176692 0.011838588303917852 0.0030848427195406744 0.0082638540001213883 0.011446457480651203 -0.0017433703550375644 0.011432572109458607 0.0030134475528478463 -0.0048503446227587885
leaf_weight=775.32726716995239 747.44954299926758 1096.0611219406128 264.0863790512085 493.58703947067261 1092.064356803894 2778.5438995361328 652.63295888900757 1178.9034280776978 792.73461961746216 779.725914478302 3319.0401396751404 569.26127815246582 2670.4625754356384 13005.602348804474 1212.7745547294617 598.22170782089233 2363.0471563339233 1401.6115174293518 357.76131725311279 734.34468412399292 732.91159725189209 228.9345531463623 1899.4839730262756 868.7363429069519 905.54659748077393 340.4480767250061 288.05467796325684 1119.2393198013306 499.23296403884888 643.17788934707642
leaf_count=106 102 122 35 66 161 490 86 184 113 136 322 90 299 2349 180 85 297 182 48 82 88 33 230 121 123 43 39 140 70 96
internal_value=5.41989e-05 0.0110634 -0.0145728 0.0189295 0.00540782 -0.0168257 0.00719883 0.000685684 0.00977329 -0.00690525 0.0260618 -0.00070968 0.0137719 -0.0176765 0.00220557 0.00750861 0.00867673 0.0056126 0.0136311 0.0149394 0.0118581 0.0011634 0.0098542 0.000761362 0.00294781 0.0197375 0.00732806 0.0162821 -0.00335689 -0.000288925
internal_weight=44409 25338.1 19071 10597.9 14740.2 16617.5 12868.4 2453.46 8490.7 1871.79 4415.1 833.348 6182.77 15784.1 4377.68 5384.55 4557.39 2194.35 3106.15 2748.39 1673.6 827.156 2393.07 3630.24 2417.46 1074.79 940.688 3789.7 1678.14 1511.91
internal_count=6518 3194 3324 1179 2015 2964 1718 360 1096 297 444 125 735 2839 622 710 592 295 386 338 213 118 296 520 340 125 125 439 254 217
cat_boundaries=0 1 2 3 4 5 6
cat_threshold=33 898 291 33 156 834
is_linear=0
shrinkage=0.05


Tree=12
num_leaves=31
num_cat=3
split_feature=2 2 2 2 2 6 2 9 9 6 2 1 0 7 4 9 1 7 3 6 7 7 7 4 6 4 4 7 7 4
split_gain=3217.43 451.798 121.889 109.815 95.909 25.8863 16.8114 14.7949 11.512 10.966 8.55689 8.36718 8.65258 10.97 8.07608 7.99345 6.81633 7.67728 6.4132 6.62733 6.17393 6.0152 7.95955 26.695 5.93577 15.9114 8.86757 8.57102 6.565 5.78111
threshold=2.6428571428571437 6.3571428571428585 1.5000000000000002 3.9285714285714293 9.071428571428573 0.37940952255126054 4.6428571428571432 0 1 -1.0000000180025095e-35 11.357142857142859 9.5000000000000018 4.5000000000000009 0.60355339059327384 4.5000000000000009 2 5.5000000000000009 -0.12940952255126037 3.4434132843243348 -0.91597561503675329 -0.70710678118654757 -0.98296291314453399 -0.12940952255126037 4.5000000000000009 -0.78656609248549303 4.5000000000000009 4.5000000000000009 0.60355339059327384 0.78656609248549303 4.5000000000000009
decision_type=2 2 2 2 2 2 2 1 1 2 2 2 2 2 2 1 2 2 2 2 2 2 2 2 2 2 2 2 2 2
left_child=2 3 8 21 7 15 -5 -3 -1 -10 -6 12 13 14 -8 -4 -14 -18 -12 -20 -11 -2 29 -24 25 -9 28 -28 -26 -23
right_child=1 4 5 6 10 -7 11 24 9 20 18 -13 16 -15 -16 -17 17 -19 19 -21 -22 22 23 -25 26 -27 27 -29 -30 -31
leaf_value=-0.013867643234297473 0.0074041444810601046 0.0094719249931627947 -0.00012326836211236662 0.0055168212056487774 0.02353543770274821 -0.013519048326710931 0.011841781488409607 0.020639603099051704 -0.0058342097295083131 -0.014813250743411494 0.024467492931941809 0.017028315101796743 0.0094363221179829867 0.001835822062083616 0.0046054962420263327 -0.006308199254194867 0.01058473964222334 0.017018557530790249 0.034782243948362858 0.026102268294841937 -0.018640107201216002 -0.00071197463781316761 -0.0013563248216937737 0.013688754813656041 0.014921697075715473 0.011138111559951385 0.015248504439399076 0.025931165003007458 0.0081798948540917748 -0.0056012733890480684
leaf_weight=2265.9671783447266 251.29206132888794 956.38899374008179 758.97494506835938 2529.1564407348633 2732.364556312561 1149.4032740592957 1173.9506759643555 1910.0981287956238 178.99395227432251 1158.1452431678772 666.37241840362549 428.83510875701904 2499.5923533439636 645.03820323944092 574.15107727050781 1723.0694098472595 1051.8437604904175 829.19487428665161 498.22593879699707 393.66574573516846 11714.032214641571 2268.0823040008545 1201.3833656311035 390.7262110710144 1855.3009977340698 572.74124383926392 439.1461935043335 328.01140785217285 448.36039113998413 824.31904983520508
leaf_count=408 36 113 117 342 265 202 148 212 29 208 60 49 320 84 75 273 131 101 43 35 2160 335 177 57 210 66 50 36 54 122
internal_value=4.9819e-05 0.0116574 -0.0155515 0.00594271 0.019418 -0.00731559 0.0090238 0.0155929 -0.0175041 -0.018111 0.0252217 0.0102553 0.00982647 0.00740872 0.00946508 -0.00444284 0.0111473 0.0134209 0.0281784 0.0309511 -0.0182958 -0.000132169 -0.000536441 0.00233595 0.0166 0.0184478 0.0151601 0.0198161 0.0136095 -0.00201528
internal_weight=44416.8 25468.2 18948.6 14667.6 10800.7 3631.45 9731.76 6510.05 15317.1 13051.2 4290.63 7202.61 6773.77 2393.14 1748.1 2482.04 4380.63 1881.04 1558.26 891.892 12872.2 4935.8 4684.51 1592.11 5553.66 2482.84 3070.82 767.158 2303.66 3092.4
internal_count=6518 3121 3397 1977 1144 592 1250 741 2805 2397 403 908 859 307 223 390 552 232 138 78 2368 727 691 234 628 278 350 86 264 457
cat_boundaries=0 1 2 3
cat_threshold=148 33 962
is_linear=0
shrinkage=0.05


Tree=13
num_leaves=31
num_cat=4
split_feature=2 2 2 2 2 6 9 9 6 2 2 9 2 7 4 6 7 7 7 4 4 8 9 8 7 7 4 4 8 8
split_gain=3071.84 414.929 120.739 112.541 77.5054 25.2535 21.525 11.5406 10.8837 9.87124 7.89662 7.68751 6.56752 6.75123 18.4934 20.8354 6.18646 5.68122 7.56906 25.0082 5.54443 5.39026 5.16324 6.52929 5.33149 5.15329 14.0946 5.32682 4.97018 4.71497
threshold=2.6428571428571437 5.7857142857142865 1.5000000000000002 9.071428571428573 3.9285714285714293 0.37940952255126054 0 1 -1.0000000180025095e-35 4.6428571428571432 10.214285714285717 2 7.0714285714285721 -0.12940952255126037 4.5000000000000009 -0.78656609248549303 -0.70710678118654757 -0.98296291314453399 -0.12940952255126037 4.5000000000000009 4.5000000000000009 0.26033105384034122 3 0.2944248289310793 0.1294095225512602 0.78656609248549303 3.5000000000000004 4.5000000000000009 0.39807457594501033 0.3132335323496222
decision_type=2 2 2 2 2 2 1 1 2 2 2 1 2 2 2 2 2 2 2 2 2 2 1 2 2 2 2 2 2 2
left_child=2 4 7 6 17 11 -3 -1 -9 -6 -5 -4 13 21 15 -15 -10 -2 20 -20 -19 -8 23 24 -11 27 -27 -24 29 -14
right_child=1 3 5 10 9 -7 12 8 16 22 -12 -13 28 14 -16 -17 -18 18 19 -21 -22 -23 25 -25 -26 26 -28 -29 -30 -31
leaf_value=-0.013715254099588806 0.0071663649332204026 0.0091881640736279895 -0.00012026229089582362 0.021040693312642071 0.0053498681147968194 -0.013365106821990226 0.014464917913854833 -0.0057230649731422169 -0.014663775980308845 0.0057059771095235847 0.025503865084387341 -0.006191675916496291 0.016886865504638918 0.021003597526484386 0.02573210237518361 0.0066386176460778365 -0.01852365856140514 -0.00069479764503671982 -0.0013244662901444448 0.013165083351547858 -0.0054932699877884824 0.0088338489376161254 0.012214287315910856 0.0018538576917361098 0.013274117879983088 0.0007165953788017249 0.015233907476097347 0.007090327668859058 0.020217965321590269 0.011781613931745052
leaf_weight=2234.7604651451111 253.15957164764404 1849.2907738685608 758.8814001083374 1507.5226202011108 2543.1479148864746 1133.9689793586731 856.3608455657959 177.95270156860352 1141.1158447265625 548.54649209976196 2892.7268991470337 1712.23415184021 2351.6083154678345 445.09548091888428 382.70325660705566 583.13424110412598 11497.7044672966 2266.4680671691895 1199.7549929618835 396.1115403175354 819.71472883224487 843.6533784866333 2348.5868439674377 498.44240665435791 404.16358661651611 430.59813737869263 273.31834411621094 646.93807744979858 866.86794090270996 559.94285106658936
leaf_count=408 36 221 117 146 342 202 100 29 208 70 257 273 257 50 43 72 2160 335 177 57 122 101 290 64 52 58 33 84 93 61
internal_value=4.55362e-05 0.0112331 -0.0154063 0.0174536 0.00476148 -0.00718752 0.0141699 -0.0173749 -0.0179882 0.00789863 0.0239748 -0.00435268 0.0154713 0.0137924 0.0163492 0.0128569 -0.0181752 -0.000129196 -0.000523669 0.002272 -0.00196931 0.0116704 0.00915711 0.00644625 0.00891657 0.0101755 0.00635341 0.0111077 0.0168945 0.015905
internal_weight=44424.5 25767.9 18656.6 13138.9 12629 3605.08 8738.66 15051.5 12816.8 7693.74 4400.25 2471.12 6889.37 3110.95 1410.93 1028.23 12638.8 4935.21 4682.05 1595.87 3086.18 1700.01 5150.59 1451.15 952.71 3699.44 703.916 2995.52 3778.42 2911.55
internal_count=6518 3121 3397 1401 1720 592 998 2805 2397 993 403 390 777 366 165 122 2368 727 691 234 457 201 651 186 122 465 91 374 411 318
cat_boundaries=0 1 2 3 4
cat_threshold=156 33 962 25
is_linear=0
shrinkage=0.05


Tree=14
num_leaves=31
num_cat=4
split_feature=2 2 2 2 2 9 9 2 2 9 7 7 3 2 2 7 4 7 1 7 0 9 8 7 7 7 4 0 8 4
split_gain=2933.7 381.346 119.551 101.098 72.7724 19.643 11.5636 11.0824 9.17357 8.18525 7.87533 7.58344 7.1952 6.33137 5.96018 6.14818 16.6265 19.0105 5.43037 7.44602 7.96554 5.44321 5.53065 6.39866 5.36699 7.19784 23.4414 5.35989 6.30598 5.31651
threshold=2.6428571428571437 5.7857142857142865 1.5000000000000002 9.071428571428573 3.9285714285714293 0 1 1.9285714285714288 4.6428571428571432 2 -0.9159756150367534 -0.70710678118654757 2.1491969707422411 10.214285714285717 7.0714285714285721 -0.12940952255126037 4.5000000000000009 0.60355339059327384 8.5000000000000018 0.78656609248549303 4.5000000000000009 3 0.2944248289310793 0.1294095225512602 -0.98296291314453399 -0.12940952255126037 4.5000000000000009 14.500000000000002 0.13575817621790323 4.5000000000000009
decision_type=2 2 2 2 2 1 1 2 2 1 2 2 2 2 2 2 2 2 2 2 2 1 2 2 2 2 2 2 2 2
left_child=2 4 6 5 24 -3 -1 -4 -6 -9 -11 -8 -5 -14 15 -7 17 -17 19 21 -21 22 23 -10 -2 29 -27 28 -15 -26
right_child=1 3 7 12 8 14 11 9 18 10 -12 -13 13 27 -16 16 -18 -19 -20 20 -22 -23 -24 -25 25 26 -28 -29 -30 -31
leaf_value=-0.0135624658571846 0.0069378922702107914 0.0088786960354453638 -0.010308332984086659 0.016317161531128416 0.0051888449329804427 0.011246795245712633 -0.014061444096485125 -9.8490883960779222e-05 0.0057611481544863428 0.002442889984443183 -0.008408943690673628 -0.018272856806844508 0.020631125032770835 0.031253336848029521 0.016195419579251427 0.020050981590300776 0.024447649215145306 0.0064304061372595818 0.014081714303595125 -0.0021825111779835058 0.0084652941538942844 0.010527172246855059 0.0023383407296351777 0.014787949197411838 -0.00067802323432511599 -0.0012933143057812263 0.012668162773948975 0.021075424990777733 0.024610651261704489 -0.0053867598353297538
leaf_weight=2204.3193755149841 254.98031902313232 1866.3606691360474 1515.0542593002319 388.85515213012695 2556.7898678779602 1719.9771676063538 1179.4401288032532 673.29007482528687 562.26765632629395 194.3374080657959 1196.6878986358643 11408.687366485596 1353.9259042739868 460.92725849151611 3842.8083238601685 454.54295444488525 392.67880821228027 587.01832962036133 452.31449317932129 322.34200000762939 385.94894599914551 2665.5606479644775 507.95789670944214 301.63655281066895 2264.8938903808594 1198.1670169830322 401.36086130142212 714.52394008636475 1588.7971858978271 815.22416210174561
leaf_count=408 36 221 264 37 342 201 217 104 72 30 194 2180 128 39 411 50 43 72 53 43 50 330 65 38 335 177 57 61 138 122
internal_value=4.1505e-05 0.010829 -0.0152603 0.0167214 0.00462041 0.0136211 -0.0172443 -0.00706077 0.00764087 -0.00467731 -0.00684366 -0.0178641 0.0228185 0.0234324 0.0148521 0.0132626 0.01568 0.0123745 0.00884697 0.00834804 0.0036195 0.00917758 0.00643166 0.0089129 -0.00012628 -0.000511186 0.00220996 0.0248045 0.0261044 -0.0019243
internal_weight=44431.7 26059.9 18371.8 13370.4 12689.4 8863.39 14792.4 3579.37 7754.82 2064.32 1391.03 12588.1 4507.03 4118.17 6997.03 3154.22 1434.24 1041.56 5198.03 4745.71 708.291 4037.42 1371.86 863.904 4934.63 4679.65 1599.53 2764.25 2049.72 3080.12
internal_count=6518 3121 3397 1401 1720 998 2805 592 993 328 224 2397 403 366 777 366 165 122 651 598 93 505 175 110 727 691 234 238 177 457
cat_boundaries=0 1 2 3 4
cat_threshold=156 33 720 57
is_linear=0
shrinkage=0.05


Tree=15
num_leaves=31
num_cat=5
split_feature=2 2 2 2 2 6 9 9 6 2 9 9 1 6 2 7 7 9 4 1 7 8 1 7 4 6 4 0 0 7
split_gain=2761.34 384.756 114.603 80.6248 60.3525 24.6691 15.0757 12.6565 11.1193 9.99748 10.1404 7.96452 6.75847 6.23246 5.47924 5.4569 5.45179 7.56071 7.48563 5.23724 5.05198 5.80456 4.94799 6.40692 19.5715 7.37764 5.50829 6.80444 4.49604 8.19895
threshold=2.6428571428571437 6.3571428571428585 1.5000000000000002 3.9285714285714293 9.9285714285714306 0.37940952255126054 0 1 -1.0000000180025095e-35 5.0714285714285721 2 3 6.5000000000000009 0.25881904510252091 6.5000000000000009 -0.70710678118654757 0.91597561503675351 4 4.5000000000000009 15.500000000000002 0.78656609248549303 0.34352979593996008 1.0000000180025095e-35 -0.12940952255126037 4.5000000000000009 -0.60355339059327362 4.5000000000000009 2.5000000000000004 4.5000000000000009 0.60355339059327384
decision_type=2 2 2 2 2 2 1 1 2 2 1 1 2 2 2 2 2 1 2 2 2 2 2 2 2 2 2 2 2 2
left_child=2 3 6 22 7 11 -1 12 -8 13 -11 -4 20 16 -9 -10 17 18 -5 -6 21 -3 -2 26 25 -25 -24 -28 29 -12
right_child=1 4 5 9 19 -7 8 14 15 10 28 -13 -14 -15 -16 -17 -18 -19 -20 -21 -22 -23 23 24 -26 -27 27 -29 -30 -31
leaf_value=-0.012947165269956123 -0.0074921389761440707 0.012968733013876788 -0.00026495334789461021 0.006042189245834855 0.022084194403185164 -0.013095885418931112 -0.0057283959397142897 0.0045860165657404302 -0.014660564590530212 0.0054729154521956265 0.010846781086350534 -0.0063615641295769083 0.01732912198524228 -0.00076666269979147519 0.012222652456022425 -0.01838031991073966 0.0014630549021058567 0.0084360993169379662 -0.0034029143641312273 0.027538686168014949 0.0082816307435359081 0.019645022057941525 0.00030077585256298145 0.0068042422104775142 0.013356247594257704 -0.0023062418365884657 -0.0093487634349002542 -0.00063484956899629652 0.011622356096703909 0.0022694128073786385
leaf_weight=2110.693555355072 213.41484069824219 1121.7525234222412 800.04884910583496 732.0678768157959 2824.3493690490723 1223.006519317627 185.85541296005249 275.36707305908203 1081.7508034706116 1499.7359914779663 839.49885416030884 1665.8064517974854 3817.7456665039062 322.07655143737793 1597.7580637931824 11133.601757526398 486.83417510986328 2778.1339650154114 294.03047227859497 521.31120491027832 351.84792566299438 458.6920051574707 2457.2184200286865 293.99206209182739 349.6090259552002 910.17976188659668 381.12459993362427 543.51384973526001 2692.6099920272827 416.99451112747192
leaf_count=396 32 122 124 95 243 223 31 32 203 188 100 269 390 43 176 2170 64 360 39 42 41 50 362 43 49 135 57 81 318 52
internal_value=-0.0002014 0.0101977 -0.0151593 0.00505036 0.0173357 -0.00728998 -0.0171597 0.0148787 -0.0178518 0.00765439 0.00910457 -0.00441039 0.0160816 0.00594151 0.0110411 -0.0180509 0.00644501 0.00708256 0.00330348 0.0229341 0.0137001 0.0149064 -3.82967e-05 0.000284004 0.0029417 -8.19662e-05 -0.000937065 -0.00422662 0.0104434 0.0080002
internal_weight=44380.6 26179.9 18200.8 15211 10968.8 3688.86 14511.9 7623.16 12401.2 10062 5448.84 2465.86 5750.04 4613.14 1873.13 12215.4 4291.07 3804.23 1026.1 3345.66 1932.29 1580.44 5149.05 4935.64 1553.78 1204.17 3381.86 924.638 3949.1 1256.49
internal_count=6530 3114 3416 2018 1096 616 2800 811 2404 1259 658 393 603 601 208 2373 558 494 134 285 213 172 759 727 227 178 500 138 470 152
cat_boundaries=0 1 2 3 4 5
cat_threshold=33 355 28 962 42
is_linear=0
shrinkage=0.05


Tree=16
num_leaves=31
num_cat=5
split_feature=2 2 2 2 2 6 9 9 6 2 9 9 6 7 2 7 9 4 7 4 6 4 0 3 2 0 7 0 7 7
split_gain=2639.96 353.901 113.434 75.7014 54.2432 24.054 15.0763 11.5104 11.0291 9.28852 9.3909 7.661 5.85821 5.46436 5.28164 5.10712 7.05566 7.07572 4.65104 19.4532 6.41194 6.1105 5.9551 4.40878 6.23995 5.25492 4.20356 4.14697 7.63113 6.90619
threshold=2.6428571428571437 6.3571428571428585 1.5000000000000002 3.9285714285714293 9.9285714285714306 0.37940952255126054 0 1 -1.0000000180025095e-35 5.0714285714285721 2 3 0.25881904510252091 -0.70710678118654757 7.7857142857142865 0.91597561503675351 4 4.5000000000000009 -0.12940952255126037 4.5000000000000009 -0.60355339059327362 4.5000000000000009 2.5000000000000004 3.8637497247020094 7.0714285714285721 7.5000000000000009 0.37940952255126048 4.5000000000000009 0.60355339059327384 -0.12940952255126037
decision_type=2 2 2 2 2 2 1 1 2 2 1 1 2 2 2 2 1 2 2 2 2 2 2 2 2 2 2 2 2 2
left_child=2 3 6 18 7 11 -1 23 -8 12 -11 -4 15 -10 -9 16 17 -5 21 20 -20 -2 -23 24 25 -3 -25 28 -12 -29
right_child=1 4 5 9 -6 -7 8 14 13 10 27 -13 -14 -15 -16 -17 -18 -19 19 -21 -22 22 -24 26 -26 -27 -28 29 -30 -31
leaf_value=-0.012793065102462692 0.00022753379973535732 0.015460390470639705 -0.00025852447359684663 0.0058562205557141193 0.021851062171358654 -0.012941215880646301 -0.0056186643449653894 0.0091667140026787369 -0.014510387385887695 0.0053086167255771768 0.010461901839474423 -0.0062444139663166464 -0.00074820775793104938 -0.018260689166741142 0.0152403273879613 0.0014246158608999129 0.0081576436652215697 -0.003329878117355395 0.0055536220430105294 0.012405257823880515 -0.0027021280912694549 -0.0092126527135714797 -0.0012338067197503987 0.015469464442992865 0.01724145341876069 0.008531496127346886 0.0095290962759497361 0.0090122612625697079 0.0022079845180819741 0.014096716078472968
leaf_weight=2083.5422382354736 2524.2649726867676 791.76651096343994 799.83690118789673 736.50455331802368 3423.2836170196533 1207.0945892333984 184.7938084602356 1414.8731999397278 1066.0073952674866 1507.9664244651794 848.65428161621094 1655.242947101593 321.82972383499146 10930.832010269165 479.16633987426758 487.5469651222229 2801.6697111129761 293.03161287307739 309.38468456268311 361.22390985488892 980.6962308883667 390.60967588424683 582.73925924301147 651.38529872894287 3433.5044631958008 418.15592479705811 548.62918710708618 1551.3484654426575 417.94191646575928 1172.738579750061
leaf_count=396 372 88 124 95 285 223 31 159 203 188 100 269 43 2170 49 64 360 39 45 50 146 59 87 65 345 47 58 184 52 134
internal_value=-0.000198982 0.00984134 -0.0150119 0.00489964 0.0166105 -0.00716217 -0.017027 0.014292 -0.0177262 0.0074069 0.00879717 -0.00432077 0.00575957 -0.0179274 0.010647 0.00624452 0.00685789 0.00321044 -3.76523e-05 0.0021494 -0.00072225 -0.00107021 -0.00443576 0.0154288 0.0161534 0.0130657 0.0127536 0.0100768 0.00773834 0.0112012
internal_weight=44376.3 26448.9 17927.3 15288.2 11160.8 3662.17 14265.2 7737.48 12181.6 10139.2 5498.65 2455.08 4640.58 11996.8 1894.04 4318.75 3831.21 1029.54 5148.92 1651.3 1290.08 3497.61 973.349 5843.44 4643.43 1209.92 1200.01 3990.68 1266.6 2724.09
internal_count=6530 3114 3416 2018 1096 616 2800 811 2404 1259 658 393 601 2373 208 558 494 134 759 241 191 518 146 603 480 135 123 470 152 318
cat_boundaries=0 1 2 3 4 5
cat_threshold=33 355 28 962 42
is_linear=0
shrinkage=0.05


Tree=17
num_leaves=31
num_cat=5
split_feature=2 2 2 2 2 6 9 6 1 2 9 9 1 6 7 4 9 7 4 1 7 4 6 4 0 8 2 9 7 3
split_gain=2524.47 325.934 112.231 71.1061 49.1475 23.4454 15.0697 10.9357 9.22174 8.63603 8.70411 7.36747 5.67235 5.50847 5.46967 4.95626 6.02119 5.23707 6.29476 4.71648 5.79948 17.1302 6.64112 5.01605 6.35268 4.24898 6.49496 4.14242 6.80886 4.12648
threshold=2.6428571428571437 6.3571428571428585 1.5000000000000002 3.9285714285714293 9.5000000000000018 0.37940952255126054 0 -1.0000000180025095e-35 6.5000000000000009 5.0714285714285721 1 2 15.500000000000002 0.25881904510252091 -0.70710678118654757 1.0000000180025095e-35 3 0.78656609248549303 3.5000000000000004 1.0000000180025095e-35 -0.12940952255126037 4.5000000000000009 -0.60355339059327362 4.5000000000000009 2.5000000000000004 0.19189064008869036 11.785714285714286 4 0.78656609248549303 1.397276262011544
decision_type=2 2 2 2 2 2 1 2 2 2 1 1 2 2 2 2 1 2 2 2 2 2 2 2 2 2 2 1 2 2
left_child=2 3 6 19 8 11 -1 -8 27 13 -11 -4 25 15 -9 -5 -17 -18 -19 -2 23 22 -22 -21 -25 26 -6 28 -3 -13
right_child=1 4 5 9 12 -7 7 14 -10 10 -12 29 -14 -15 -16 16 17 18 -20 20 21 -23 -24 24 -26 -27 -28 -29 -30 -31
leaf_value=-0.012638845779929797 -0.0073462174801566726 0.016373924309149888 -0.00025224988831774815 0.010341828854189612 0.019459823333026413 -0.012786370323740205 -0.0055104226269659818 -0.014359564812524107 0.014877076230254494 0.0051500958040921335 0.0097266625024119875 -0.0082932336425471237 0.025044242279341235 -0.00073018333325961578 -0.018139640455169248 0.0016930475687032234 0.007733722857014561 -0.0015742070183256682 0.0078203285093170968 0.00028750287922998165 0.0064157251734533911 0.012385094187616807 -0.0021931552146682376 -0.0090587401524592562 -0.00058959623533078639 0.018219084656864285 0.026943967112107343 0.0093660225801600848 0.0078719432311979837 -0.003217832967759396
leaf_weight=2057.0570783615112 211.63357925415039 793.62788438796997 799.63015604019165 582.86500597000122 921.22013378143311 1191.5739598274231 183.75842523574829 1050.6509203910828 4553.4288358688354 1515.9929237365723 4031.2254056930542 955.48923969268799 559.41523361206055 321.58901834487915 10733.039174079895 879.75244760513306 2166.5702123641968 382.71243953704834 333.84795141220093 2458.5169429779053 297.64771509170532 358.73249626159668 905.63263893127441 374.11563777923584 542.49915933609009 2112.7406797409058 422.99850845336914 1649.5354585647583 334.85000991821289 689.44991159439087
leaf_count=396 32 83 124 75 78 223 31 203 462 188 470 158 43 43 2170 114 276 51 42 362 43 49 135 57 81 177 33 182 38 111
internal_value=-0.000196502 0.00950097 -0.0148636 0.00475416 0.0159275 -0.00703569 -0.0168932 -0.0175992 0.013492 0.00716919 0.00850276 -0.00423259 0.0203732 0.00558422 -0.0178026 0.00605149 0.00538693 0.0064857 0.00280274 -3.69755e-05 0.000276339 0.00279535 -6.36319e-05 -0.000889459 -0.00404627 0.0196173 0.0218149 0.0112217 0.0137295 -0.0061287
internal_weight=44371.8 26711.2 17660.6 15363.3 11347.8 3636.14 14024.5 11967.4 7331.44 10214.6 5547.22 2444.57 4016.37 4667.34 11783.7 4345.75 3762.88 2883.13 716.56 5148.78 4937.14 1562.01 1203.28 3375.13 916.615 3456.96 1344.22 2778.01 1128.48 1644.94
internal_count=6530 3114 3416 2018 1096 616 2800 2404 765 1259 658 393 331 601 2373 558 483 369 93 759 727 227 178 500 138 288 111 303 121 269
cat_boundaries=0 1 2 3 4 5
cat_threshold=33 28 962 296 289
is_linear=0
shrinkage=0.05


Tree=18
num_leaves=31
num_cat=4
split_feature=2 2 2 6 2 9 2 9 2 9 0 4 2 3 4 6 1 1 1 9 2 2 2 3 0 8 2 6 8 2
split_gain=2416.87 345.647 90.7411 51.5834 44.4076 19.7457 15.118 8.77767 8.12489 6.26592 6.58796 6.38112 5.37674 6.25853 5.37317 5.36646 5.31508 5.10204 5.04646 4.84654 4.80248 4.46085 3.83692 10.8883 8.93646 3.80052 5.75906 3.54232 3.61227 3.49535
threshold=2.2142857142857149 6.3571428571428585 3.9285714285714293 -1.0000000180025095e-35 9.5000000000000018 0 1.7857142857142858 1 4.6428571428571432 2 4.5000000000000009 5.5000000000000009 3.2142857142857149 1.0000000000000009 2.5000000000000004 -0.70710678118654735 8.5000000000000018 6.5000000000000009 15.500000000000002 3 6.5000000000000009 5.2142857142857153 7.2142857142857153 3.7320987732847892 7.5000000000000009 0.19189064008869036 11.785714285714286 -0.25881904510252113 0.43145210309338916 11.214285714285717
decision_type=2 2 2 2 2 1 2 1 2 1 2 2 2 2 2 2 2 2 2 1 2 2 2 2 2 2 2 2 2 2
left_child=3 2 12 -1 7 -5 -7 17 -4 11 -11 -10 13 -2 15 -12 -16 22 25 -14 -9 -17 24 -24 -3 26 -6 28 29 -27
right_child=1 4 8 5 18 6 -8 20 9 10 14 -13 19 -15 16 21 -18 -19 -20 -21 -22 -23 23 -25 -26 27 -28 -29 -30 -31
leaf_value=-0.0052023224405269124 0.0076678220794848782 0.014009892974640076 0.0045964011364144318 -0.01246972581975684 0.018606297078382197 -0.017580281015792936 -0.0050323858673942019 0.0038534736462202297 0.0065480994170247983 0.00632946569331665 0.011637902508940609 -0.0012339238105909336 0.0044655628375120954 -0.0023549334646865072 0.010629913487570964 0.00061626671031620622 0.017657681561748788 0.015189676393758468 0.023810708927234664 -0.00023821695498839888 0.010914872160033291 0.007851149438444496 0.017712600878242078 0.0074087959709738613 0.0037319894066246925 0.012595529341739718 0.025567616334044779 0.021263992277795761 0.020185520026648071 0.017973926642485757
leaf_weight=1103.0755228996277 163.09154176712036 482.76020574569702 2718.7149891853333 2878.319019317627 939.32247924804688 11898.220423221588 244.98810434341431 282.39981079101562 1926.5480308532715 1846.994348526001 616.99334907531738 305.14498090744019 735.80716419219971 3461.7269558906555 1514.4174785614014 300.64217233657837 327.15930652618408 3548.3197221755981 573.60227870941162 2063.8559880256653 1633.8343572616577 731.32487010955811 704.01237010955811 403.25005912780762 376.38402652740479 688.04652690887451 434.55069923400879 472.9542064666748 452.07368946075439 538.51124286651611
leaf_count=183 25 54 356 555 78 2434 42 32 238 222 70 38 108 527 178 38 34 350 43 301 174 85 71 42 42 59 33 39 37 42
internal_value=-0.000193863 0.00862393 0.00402951 -0.0156383 0.0152834 -0.0164047 -0.0173129 0.0129788 0.00694094 0.00778306 0.00872795 0.00545958 -0.000632761 -0.00190398 0.0100221 0.00794896 0.0118784 0.0140321 0.0194614 0.00101313 0.00982296 0.00574342 0.0120146 0.0139601 0.00950723 0.0187537 0.0208081 0.0174419 0.016365 0.0149569
internal_weight=44367 28242.4 16712.4 16124.6 11530 15021.5 12143.2 7430.96 10287.9 7569.22 5337.53 2231.69 6424.48 3624.82 3490.54 1648.96 1841.58 5514.73 4099.06 2799.66 1916.23 1031.97 1966.41 1107.26 859.144 3525.46 1373.87 2151.59 1678.63 1226.56
internal_count=6530 3316 2220 3214 1096 3031 2476 765 1259 903 627 276 961 552 405 193 212 559 331 409 206 123 209 113 96 288 111 177 138 101
cat_boundaries=0 1 2 3 4
cat_threshold=33 355 28 547
is_linear=0
shrinkage=0.05


Tree=19
num_leaves=31
num_cat=4
split_feature=2 2 2 6 2 9 2 9 6 1 9 6 6 4 1 2 9 1 2 1 3 4 0 8 8 6 2 3 0 8
split_gain=2315.45 319.448 85.3833 50.9393 40.217 19.6997 14.9696 8.02499 7.85724 6.69986 6.48311 6.10078 7.94566 7.47687 5.2819 4.86201 4.69641 4.65331 4.61924 4.50391 4.35327 5.38128 4.17873 3.69397 4.12862 3.65824 3.51894 9.94956 8.26545 3.40929
threshold=2.2142857142857149 6.3571428571428585 3.9285714285714293 -1.0000000180025095e-35 9.5000000000000018 0 1.7857142857142858 1 0.25881904510252091 5.5000000000000009 2 -0.25881904510252113 -0.70710678118654735 4.5000000000000009 1.0000000180025095e-35 3.2142857142857149 3 6.5000000000000009 7.7857142857142865 15.500000000000002 2.9760844834419728 2.5000000000000004 4.5000000000000009 0.32367821786423551 0.43530903479281757 -0.91597561503675329 7.2142857142857153 3.7320987732847892 7.5000000000000009 0.19189064008869036
decision_type=2 2 2 2 2 1 2 1 2 2 1 2 2 2 2 2 1 2 2 2 2 2 2 2 2 2 2 2 2 2
left_child=3 2 14 -1 7 -5 -7 17 9 10 -4 12 13 -12 -2 25 -17 26 -9 29 -11 -22 -13 -14 -25 -16 28 -28 -3 -6
right_child=1 4 8 5 19 6 -8 18 -10 20 11 22 23 -15 15 16 -18 -19 -20 -21 21 -23 -24 24 -26 -27 27 -29 -30 -31
leaf_value=-0.0050999507186362883 -0.006735725431964934 0.013469554392085912 0.0023897185159614106 -0.012315184274562232 0.019868083418817739 -0.017451716430281313 -0.0049325091689106267 0.0081375539607211212 -0.00057207314284696644 0.0076050113214216203 0.010287026709996499 0.014778971209654082 0.0019494702748866341 0.0033341381790527344 0.0039149846703891572 0.0047207602210230905 3.3377377235868075e-05 0.014586395090061217 0.013808950099260789 0.022666236274947748 0.0073172842890858909 0.014761307948828127 0.0077554807579513609 0.011007003204845019 0.0025381346143145932 -0.0020540851662474058 0.0169657077852754 0.0071708334643441358 0.0036255977531185314 0.01671073166163925
leaf_weight=1097.351861000061 334.37349128723145 489.57122325897217 1130.6852245330811 2842.6500973701477 1402.7677717208862 11690.873883247375 243.75833034515381 1459.0427913665771 356.59526872634888 3345.2264623641968 1252.9796738624573 338.31347227096558 1254.7269101142883 559.23638582229614 280.05601406097412 719.2140097618103 2011.0358877182007 3602.6289834976196 476.21247291564941 587.4240550994873 443.28241014480591 536.74393558502197 566.21586084365845 288.81355237960815 286.8376259803772 3075.7166481018066 716.59335994720459 406.24874687194824 377.79131317138672 2189.456111907959
leaf_count=183 52 54 143 555 111 2434 42 159 47 395 150 41 160 70 42 105 293 350 47 43 52 60 68 37 36 469 71 42 42 177
internal_value=-0.000191297 0.00833582 0.00391319 -0.0154936 0.0146745 -0.0162654 -0.0171816 0.012491 0.00672101 0.006981 0.00585159 0.00669244 0.00579451 0.00814142 -0.000617363 -0.000281213 0.00128556 0.0134903 0.00948412 0.0186074 0.00846359 0.0113943 0.0103824 0.0034709 0.0067871 -0.00155594 0.011574 0.0134219 0.00918189 0.0179437
internal_weight=44362.4 28487.8 16780.1 15874.6 11707.7 14777.3 11934.6 7528.09 10359.7 10003.1 5677.81 4547.12 3642.59 1812.22 6420.4 6086.02 2730.25 5592.83 1935.26 4179.65 4325.25 980.026 904.529 1830.38 575.651 3355.77 1990.2 1122.84 867.363 3592.22
internal_count=6530 3316 2220 3214 1096 3031 2476 765 1259 1212 705 562 453 220 961 909 398 559 206 331 507 112 109 233 73 511 209 113 96 288
cat_boundaries=0 1 2 3 4
cat_threshold=33 355 12 547
is_linear=0
shrinkage=0.05


Tree=20
num_leaves=31
num_cat=5
split_feature=2 2 2 2 9 6 9 6 2 7 9 2 9 6 8 4 3 3 8 6 4 4 6 7 5 4 7 3 9 4
split_gain=2217.17 238.171 106.433 69.7015 42.0399 19.7667 13.387 12.2429 11.64 7.49075 7.10916 6.46854 5.95979 6.95029 7.23606 9.56317 5.73075 5.04675 5.49498 4.50516 6.38625 4.63819 9.97668 4.44863 10.483 9.44603 6.52238 7.85923 4.25298 5.12127
threshold=2.6428571428571437 6.3571428571428585 1.5000000000000002 3.9285714285714293 0 0.37940952255126054 1 -1.0000000180025095e-35 9.071428571428573 -0.70710678118654757 2 4.7857142857142865 3 -0.78656609248549303 0.39278107739570151 4.5000000000000009 1.5118578920369108 2.0470322187799894 0.14048500878141076 -0.78656609248549303 4.5000000000000009 4.5000000000000009 -0.5 0.60355339059327384 1.0000000180025095e-35 4.5000000000000009 -0.12940952255126037 2.7211375645779543 4 5.5000000000000009
decision_type=2 2 2 2 1 2 1 2 2 2 1 2 1 2 2 2 2 2 2 2 2 2 2 2 2 2 2 2 1 2
left_child=2 3 6 -2 8 10 -1 -8 -3 -9 -4 16 13 14 15 -6 -5 -15 -19 20 -10 22 -21 25 -25 26 27 -18 29 -13
right_child=1 4 5 11 12 -7 7 9 19 -11 -12 28 -14 17 -16 -17 23 18 -20 21 -22 -23 -24 24 -26 -27 -28 -29 -30 -31
leaf_value=-0.012392572515242808 -0.00045435190758702764 0.013579085784401514 0.00035408053584696023 0.011651077619658147 0.013928345783769622 -0.012038543654214827 -0.0039740213813589239 -0.013229085396916467 0.021492178099755413 -0.01771194110843961 -0.0057511246408520032 0.006783160803265369 0.0071392554048309758 0.015482128128511657 0.018224599860689084 0.0067290709677415217 0.0038667190377058786 0.013554720922405908 0.0072674623326731691 0.0097290177940164355 0.01541159565644821 0.020940102166583468 0.018389710631368204 -0.0018853075975697132 0.0105462850184352 -0.00011306555067780078 0.013686838863854293 0.013418875172475265 0.008618135322707764 -3.4202252371994435e-06
leaf_weight=2080.4506363868713 4914.8892874717712 1839.4437174797058 659.02519130706787 293.30864715576172 1729.9827938079834 1164.9069423675537 175.01593589782715 1025.8461260795593 1637.4705677032471 10172.362044811249 1764.1924290657043 2299.728590965271 1025.340145111084 313.80706405639648 584.15196704864502 628.99386787414551 1034.9880266189575 446.80091190338135 1564.0223722457886 530.98702526092529 586.4685640335083 457.72972869873047 889.65550899505615 653.76690053939819 228.97170448303223 552.26937294006348 333.62668085098267 271.90864515304565 4392.3837518692017 316.20272970199585
leaf_count=416 725 183 103 37 165 226 30 208 119 2169 292 277 112 32 54 62 133 45 159 45 45 37 71 85 29 72 42 34 505 39
internal_value=-0.000163972 0.00861075 -0.0143374 0.00445067 0.0138103 -0.00668608 -0.016378 -0.0170812 0.0168556 -0.0173013 -0.00411301 0.00677381 0.010891 0.0116063 0.0132425 0.0120087 0.00497328 0.00958481 0.00866448 0.0183659 0.0198887 0.016563 0.0151526 0.00433643 0.0013393 0.00554296 0.00744702 0.00585411 0.00763931 0.00594012
internal_weight=44568.7 27526.9 17041.8 15292 12234.9 3588.12 13453.7 11373.2 5941.76 11198.2 2423.22 10377.2 6293.1 5267.76 2943.13 2358.98 3368.84 2324.63 2010.82 4102.31 2223.94 1878.37 1420.64 3075.53 882.739 2192.79 1640.52 1306.9 7008.32 2615.93
internal_count=6551 3107 3444 1978 1129 621 2823 2407 500 2377 395 1253 629 517 281 227 432 236 204 317 164 153 116 395 114 281 209 167 821 316
cat_boundaries=0 1 2 3 4 5
cat_threshold=33 33 960 834 92
is_linear=0
shrinkage=0.05


Tree=21
num_leaves=31
num_cat=5
split_feature=2 2 2 2 9 6 1 9 6 7 9 1 6 9 6 4 2 7 4 4 7 6 9 1 3 2 7 7 6 7
split_gain=2121.42 232.856 86.0637 73.362 38.2907 16.4109 16.1459 13.3585 12.1036 7.47952 6.4672 6.27152 6.02489 5.48408 6.38077 5.66868 6.23642 5.38609 38.6699 21.3347 8.36521 6.57344 4.84599 4.75977 4.6367 4.60448 5.58929 4.24122 4.08782 3.88487
threshold=2.5000000000000004 6.3571428571428585 1.5000000000000002 3.9285714285714293 0 0.37940952255126054 8.5000000000000018 1 -1.0000000180025095e-35 -0.70710678118654757 2 9.5000000000000018 0.25881904510252091 3 -0.78656609248549303 3.5000000000000004 7.5000000000000009 0.60355339059327384 4.5000000000000009 4.5000000000000009 0.1294095225512602 1.0000000180025095e-35 4 1.5000000000000002 2.0470322187799894 9.2142857142857171 -0.78656609248549325 -0.12940952255126037 1.0000000180025095e-35 -0.98296291314453399
decision_type=2 2 2 2 1 2 2 1 2 2 1 2 2 1 2 2 2 2 2 2 2 2 1 2 2 2 2 2 2 2
left_child=2 3 7 23 6 10 25 -1 -9 -10 -4 12 17 14 15 -6 -17 19 22 28 21 -21 -19 -2 -16 26 -3 -28 -5 -25
right_child=1 4 5 11 13 -7 -8 8 9 -11 -12 -13 -14 -15 24 16 -18 18 -20 20 -22 -23 -24 29 -26 -27 27 -29 -30 -31
leaf_value=-0.012238242046727495 -0.0038804028851306955 0.015061179580862206 -0.00095986905131287953 0.009389061837984311 0.014435705692879851 -0.011860499288478182 0.018051889218322396 -0.0038909771601117419 -0.01307460586298391 -0.017584756541149237 -0.006730552710941147 0.011639060376078337 -0.00017030119400460433 0.0069140177914358662 0.014862828283760419 0.015655447924772112 0.0075095682684123274 0.0039840752905512915 0.01630178264822001 -0.0011581106874378568 0.009821152843086144 0.0071343892356093598 -0.0010507612195281614 0.0063050516596335378 0.0083754129270366875 0.015434369700575754 0.003359786004693271 0.010984249710064056 0.0057652067268979899 -0.00030984900484706335
leaf_weight=2054.8275957107544 937.99843215942383 451.23588180541992 850.8635311126709 4417.2235569953918 1859.1634874343872 1129.6371555328369 3971.4415769577026 174.32180261611938 1012.3645334243774 9993.7758159637451 1164.0223379135132 574.47112417221069 350.78522062301636 1032.6864986419678 318.70327091217041 334.69423484802246 788.52565860748291 843.71193647384644 540.95388126373291 1083.5973362922668 304.46963214874268 306.5982346534729 1081.2500095367432 234.46796751022339 2028.3286504745483 849.40170288085938 296.21429920196533 474.68113899230957 944.6150951385498 4159.9685425758362
leaf_count=416 141 44 137 523 173 222 308 30 208 2169 196 60 46 112 32 34 74 104 63 136 37 37 135 33 204 68 31 49 112 617
internal_value=-0.000161926 0.00815437 -0.014472 0.0041249 0.0132801 -0.00703642 0.0161586 -0.0162386 -0.0169477 -0.0171699 -0.00433183 0.00656049 0.00626499 0.0105042 0.0111856 0.0127414 0.00993686 0.00650206 0.00449047 0.00720501 0.00231474 0.000670744 0.00117125 -0.000647067 0.00925634 0.0126068 0.0106416 0.00805457 0.00875063 4.30932e-05
internal_weight=44565 28185.2 16379.8 15780.1 12405.1 3144.52 6042.97 13235.3 11180.5 11006.1 2014.89 10447.7 9873.2 6362.1 5329.42 2982.38 1123.22 9522.42 2465.92 7056.5 1694.67 1390.2 1924.96 5332.43 2347.03 2071.53 1222.13 770.895 5361.84 4394.44
internal_count=6551 3173 3378 2044 1129 555 500 2823 2407 2377 333 1253 1193 629 517 281 108 1147 302 845 210 173 239 791 236 192 124 80 635 650
cat_boundaries=0 1 2 3 4 5
cat_threshold=33 33 964 834 291
is_linear=0
shrinkage=0.05


Tree=22
num_leaves=31
num_cat=3
split_feature=2 2 2 6 2 7 9 9 9 1 8 2 1 8 8 7 3 6 6 4 2 7 4 4 7 3 7 6 4 6
split_gain=2032.54 242.84 73.2765 52.9252 27.8369 20.1935 23.7906 14.6568 10.904 9.24895 7.18099 6.29183 6.17888 5.43872 5.46118 5.25419 5.2101 4.70969 4.63075 4.2194 4.13594 4.04061 9.10242 8.36409 5.88128 7.16926 3.96812 3.76059 3.39401 7.38823
threshold=2.2142857142857149 4.7857142857142865 7.7857142857142865 -1.0000000180025095e-35 3.9285714285714293 -0.9159756150367534 0 1 2 8.5000000000000018 0.5955299525109542 6.3571428571428585 1.0000000180025095e-35 0.14048500878141076 0.11224064369766358 -0.70710678118654757 1.5118578920369108 0.25881904510252091 -0.25881904510252113 5.5000000000000009 9.2142857142857171 0.60355339059327384 4.5000000000000009 4.5000000000000009 -0.12940952255126037 2.7211375645779543 -0.70710678118654757 -0.5 2.5000000000000004 -0.37940952255126059
decision_type=2 2 2 2 2 2 1 1 1 2 2 2 2 2 2 2 2 2 2 2 2 2 2 2 2 2 2 2 2 2
left_child=3 4 8 -1 12 -5 26 9 11 20 -9 19 -2 14 -13 -8 -6 18 28 -3 -4 23 -23 24 25 -18 -7 -25 29 -14
right_child=1 2 7 5 16 6 15 10 -10 -11 -12 13 17 -15 -16 -17 21 -19 -20 -21 -22 22 -24 27 -26 -27 -28 -29 -30 -31
leaf_value=-0.0043292631693435044 -0.0079841551559517929 0.0074895260475845715 0.0091645808784761567 -0.0040868982632235136 0.010958317288973687 -0.0052558411052846862 -0.013767949019090092 0.010381969360599234 0.0066004822311148421 0.017491908228636534 0.018166315086512348 0.011044678979343484 -0.00056260173718142672 0.010045190278868014 0.019056746547781053 -0.017474935425516216 0.0035524269989101985 -0.0035448343153118254 0.0055249666798966347 0.013208298936980051 0.014817697093115718 -0.001842363906529871 0.009633333582910247 -0.0037493440434828301 0.012808221327955328 0.012586171427150803 -0.012361234009527931 0.0045713920725346793 0.00096907391522994086 -0.0087716605758263698
leaf_weight=1099.9998841285706 299.79026651382446 2824.981897354126 517.7407693862915 363.98931884765625 298.98638820648193 212.02217578887939 1057.7402811050415 2323.122184753418 5484.7400722503662 3707.3641242980957 339.56978511810303 468.3064661026001 1784.3408961296082 2400.0374765396118 389.64579677581787 9926.1250710487366 1046.4492292404175 1115.8390898704529 359.09325790405273 364.11374711990356 862.61337661743164 652.54554748535156 235.03740978240967 313.09415006637573 341.41493463516235 277.9601411819458 2682.8613920211792 239.79055595397949 2248.2067461013794 323.83410310745239
leaf_count=186 47 322 49 67 37 42 219 213 623 277 30 46 266 241 39 2191 133 173 51 42 68 85 29 41 42 34 544 31 334 49
internal_value=-0.000159909 0.00757815 0.010751 -0.0148962 0.0010296 -0.0157123 -0.0160172 0.0145364 0.00829224 0.0161593 0.0113321 0.00970618 -0.000983643 0.0112666 0.0146834 -0.0171024 0.00465437 -0.000623743 6.74843e-05 0.00814246 0.0126973 0.00404761 0.00119647 0.00518819 0.0069568 0.00544838 -0.0118001 -0.000140574 -0.000382372 -0.00182358
internal_weight=44561.4 29218.6 19682.2 15342.7 9536.38 14242.7 13878.7 7750.41 11931.8 5087.72 2662.69 6447.09 6131.1 3257.99 857.952 10983.9 3405.28 5831.31 4715.48 3189.1 1380.35 3106.29 887.583 2218.71 1665.82 1324.41 2894.88 552.885 4356.38 2108.17
internal_count=6551 3302 1950 3249 1352 3063 2996 637 1313 394 243 690 920 326 85 2410 432 873 700 364 117 395 114 281 209 167 586 72 649 315
cat_boundaries=0 1 2 3
cat_threshold=33 33 355
is_linear=0
shrinkage=0.05


Tree=23
num_leaves=31
num_cat=3
split_feature=2 2 2 6 2 9 7 9 9 8 2 3 6 4 4 6 7 4 7 3 0 4 7 7 7 7 4 4 7 3
split_gain=1947.78 226.439 67.3271 52.1422 26.3422 20.0232 23.6469 13.332 10.2782 6.55546 6.16264 5.84669 5.49207 8.91174 5.79645 6.15548 5.24694 5.00011 5.31353 4.85669 4.56962 8.09628 9.79381 4.50426 3.8878 3.8018 8.57691 7.85743 5.45096 6.66896
threshold=2.2142857142857149 4.7857142857142865 7.7857142857142865 -1.0000000180025095e-35 3.9285714285714293 0 -0.9159756150367534 1 2 0.5955299525109542 5.7857142857142865 1.5735915849388891 -0.78656609248549303 4.5000000000000009 4.5000000000000009 -0.5 -0.70710678118654757 2.5000000000000004 0.78656609248549303 1.5118578920369108 4.5000000000000009 5.5000000000000009 0.1294095225512602 -0.98296291314453399 -0.70710678118654757 0.60355339059327384 4.5000000000000009 4.5000000000000009 -0.12940952255126037 2.7211375645779543
decision_type=2 2 2 2 2 1 2 1 1 2 2 2 2 2 2 2 2 2 2 2 2 2 2 2 2 2 2 2 2 2
left_child=3 4 8 -1 23 24 -7 12 -3 -9 11 -10 13 -4 15 -14 -8 18 -13 -6 -12 -22 -23 -2 -5 27 -27 28 29 -21
right_child=1 2 7 5 19 6 16 9 10 -11 20 17 14 -15 -16 -17 -18 -19 -20 25 21 22 -24 -25 -26 26 -28 -29 -30 -31
leaf_value=-0.0042403208376730088 0.0048097571807592006 0.0050012358252518908 0.018944081699210996 -0.0051526953384956912 0.01056828637356105 -0.0040019528320007821 -0.01361460423145631 0.010018298506484462 0.0010734511700018108 0.017392295528198067 0.0071008899791646001 0.0072077356891089243 0.0089858242296855101 0.012217175103790837 0.017878916694251578 0.014770862731314956 -0.017345289016984778 0.0097742427609367015 -0.0003223769680741383 0.0034517819822509378 0.009597792101951429 0.0090244988303193815 0.021518598201305968 -0.0012789203943031895 -0.012206157612625598 -0.0017999745843930157 0.0093029376133169309 -0.00013731275330532594 0.012329226297976245 0.012118205625721183
leaf_weight=1095.2479991912842 320.52339124679565 2385.1422367095947 1882.4240293502808 210.91074657440186 302.28079319000244 362.50477027893066 1043.2771730422974 2347.3664026260376 370.61750078201294 345.79488945007324 1371.7440390586853 1097.1688690185547 751.14395427703857 666.73072528839111 684.88047790527344 1185.6022357940674 9754.1740231513977 1476.7288885116577 297.87543487548828 1050.1732778549194 4402.0608158111572 295.38812732696533 334.42749786376953 5804.5859375 2649.9020128250122 651.3444242477417 237.31254816055298 552.81169128417969 345.81597661972046 281.48070049285889
leaf_count=186 45 283 132 42 37 67 219 213 42 30 145 123 64 50 55 93 2191 170 38 133 449 31 32 875 544 85 29 72 42 34
internal_value=-0.000157741 0.0073329 0.0103704 -0.0147472 0.00100265 -0.015568 -0.0165483 0.0139681 0.00801879 0.0109245 0.00875068 0.00698368 0.0155022 0.0171847 0.0139253 0.0125272 -0.0169848 0.00774643 0.00559988 0.004517 0.00965904 0.0103564 0.0156588 -0.000960303 -0.0116454 0.00393052 0.00116502 0.00503243 0.00673613 0.00528366
internal_weight=44557.4 29441.4 19895.1 15116 9546.33 14020.8 11160 7863.94 12031.2 2693.16 9646.01 3242.39 5170.78 2549.15 2621.63 1936.75 10797.5 2871.77 1395.04 3421.22 6403.62 5031.88 629.816 6125.11 2860.81 3118.94 888.657 2230.28 1677.47 1331.65
internal_count=6551 3302 1950 3249 1352 3063 2477 637 1313 243 1030 373 394 182 212 157 2410 331 161 432 657 512 63 920 586 395 114 281 209 167
cat_boundaries=0 1 2 3
cat_threshold=33 33 28
is_linear=0
shrinkage=0.05


Tree=24
num_leaves=31
num_cat=5
split_feature=6 1 7 7 9 9 9 1 7 7 6 7 6 6 4 0 6 7 6 9 0 9 7 4 4 4 8 7 4 6
split_gain=1592.01 281.456 109.61 105.579 82.0107 25.0424 24.7385 22.0411 21.0586 20.2334 12.7482 11.3956 18.2155 13.6729 34.6905 9.14675 7.53018 9.09514 7.84539 7.3432 6.2561 6.18083 5.68855 5.60167 5.52328 4.89113 4.20293 4.09293 4.08917 6.95894
threshold=0.12940952255126045 3.5000000000000004 0.98296291314453421 -0.9159756150367534 0 1 2 8.5000000000000018 -0.78656609248549325 -0.37940952255126015 -0.60355339059327362 -0.12940952255126037 -0.5 -0.60355339059327362 4.5000000000000009 4.5000000000000009 -0.78656609248549303 -0.12940952255126037 -0.25881904510252113 3 4.5000000000000009 4 -0.70710678118654757 1.5000000000000002 4.5000000000000009 4.5000000000000009 0.2296828188065729 -0.70710678118654757 4.5000000000000009 -0.78656609248549303
decision_type=2 2 2 2 1 1 1 2 2 2 2 2 2 2 2 2 2 2 2 1 2 1 2 2 2 2 2 2 2 2
left_child=1 2 8 21 7 27 16 15 -1 19 -11 12 -8 26 -15 -3 17 -6 25 -10 -12 -2 -7 -20 -21 -18 28 -5 29 -13
right_child=3 4 -4 5 6 22 11 -9 9 10 20 13 -14 14 -16 -17 18 -19 23 24 -22 -23 -24 -25 -26 -27 -28 -29 -30 -31
leaf_value=0.006619791952291002 0.0009906386935218572 0.0044535559570240057 -0.015440250889347987 -0.0055927306072266151 -0.0025628569706665112 -0.013421854846944621 0.0018451345208187562 0.01579366672246528 0.00012140610644327194 0.0047065446578936519 -0.0032023584676540346 0.0120920128851433 0.0084644914368430541 -0.0016760857411513509 0.015155992643815168 0.011554840555714249 -0.0044380553446717015 0.0071898776201098722 0.010099391608082958 -0.0042997433474805009 0.0031829858912389556 -0.0050397184832829504 -0.017345909747703697 0.0017144650455456084 -0.01090344004980134 0.0027679980894976136 0.012137614009169736 -0.011949557740657509 0.0056688278776100076 0.0045161874743068139
leaf_weight=1262.3589930534363 725.80028629302979 563.47029972076416 1224.8356990814209 283.31506443023682 280.69188165664673 1034.4152417182922 1505.188512802124 4390.3773488998413 641.21665716171265 1821.5176854133606 1241.5090303421021 1401.630784034729 3357.9869403839111 770.95243310928345 507.68710899353027 2322.4426784515381 627.7214560508728 1611.5359535217285 313.49616575241089 1018.0461239814758 555.11426210403442 1015.7078123092651 8619.1278171539307 546.26836347579956 459.57779788970947 376.84895992279053 2709.181896686554 2383.5945820808411 595.11917209625244 386.77202033996582
leaf_count=161 102 65 274 56 40 220 198 329 94 232 185 131 354 99 58 217 87 190 39 164 75 167 1970 68 74 51 259 495 57 40
internal_value=-0.000155563 0.00626296 -0.00164153 -0.0140733 0.00918238 -0.0157022 0.00705166 0.0135439 0.000773147 -0.000513342 0.00175897 0.00823113 0.00641575 0.00962972 0.00500713 0.0101683 0.00351177 0.00574316 0.00126583 -0.00439356 -0.00122944 -0.00254972 -0.0169079 0.00477186 -0.00631095 -0.00173482 0.0107903 -0.0112321 0.00925895 0.0104536
internal_weight=44553.5 30491.5 8224.18 14062 22267.4 12320.5 14991.1 7276.29 6999.34 5736.98 3618.14 11234.5 4863.18 6371.34 1278.64 2885.91 3756.56 1892.23 1864.33 2118.84 1796.62 1741.51 9653.54 859.765 1477.62 1004.57 5092.7 2666.91 2383.52 1788.4
internal_count=6551 3541 1259 3010 2282 2741 1671 611 985 824 492 1196 552 644 157 282 475 230 245 332 260 269 2190 107 238 138 487 551 228 171
cat_boundaries=0 1 2 3 4 5
cat_threshold=33 33 28 673 547
is_linear=0
shrinkage=0.05


Tree=25
num_leaves=31
num_cat=5
split_feature=2 2 2 2 2 6 9 6 9 9 9 7 7 1 1 4 7 4 6 4 1 7 4 6 4 8 8 9 6 4
split_gain=1790.74 159.887 94.2121 45.5129 26.2362 16.8961 12.6791 10.3475 11.3366 7.34897 7.14969 5.40768 5.21592 6.30811 4.94009 4.30023 4.32696 4.27871 4.23729 5.90645 4.22534 4.19906 17.9973 5.45374 5.09861 4.17193 4.16519 4.14238 3.93332 10.2545
threshold=2.6428571428571437 5.3571428571428585 1.5000000000000002 8.2142857142857171 3.9285714285714293 0.37940952255126054 0 -1.0000000180025095e-35 1 2 3 -0.70710678118654757 -0.37940952255126015 5.5000000000000009 8.5000000000000018 4.5000000000000009 -0.9159756150367534 2.5000000000000004 -0.78656609248549303 4.5000000000000009 3.5000000000000004 -0.12940952255126037 4.5000000000000009 -0.60355339059327362 4.5000000000000009 0.23826765303948647 0.14394529680184895 4 -0.78656609248549303 4.5000000000000009
decision_type=2 2 2 2 2 2 1 2 1 1 1 2 2 2 2 2 2 2 2 2 2 2 2 2 2 2 2 1 2 2
left_child=2 4 7 6 21 10 -3 -1 -9 14 -4 -10 15 18 -5 -6 -17 -15 19 -14 -8 24 23 -23 -2 -20 -16 -13 -22 -30
right_child=1 3 5 9 12 -7 20 8 11 -11 -12 27 13 17 26 16 -18 -19 25 -21 28 22 -24 -25 -26 -27 -28 -29 29 -31
leaf_value=-0.003634954829402866 0.00030334235351433202 0.0035322929953728317 0.00073657924594187365 0.011906125091746468 0.0043384000290633768 -0.011522547313073065 0.0058183583092237846 -0.012053766406509786 -0.01285725983863685 0.010747348938748911 -0.0055186179234875572 -0.018587091572022197 0.0087464326019731139 0.005507946233715642 0.018585282595114043 0.0029417974369276428 -0.0057939653366077676 0.011435025377256328 -0.00099314188366365365 0.0012192916639695763 0.01074239665911849 0.0047115031086496367 0.011414842160877951 -0.0028530567519192279 -0.0040454677276022403 0.0050393967396495393 0.014646709701710725 -0.015854407129704619 0.0071064422520982599 0.012176286798553211
leaf_weight=176.93427991867065 2546.4926342964172 1262.7894639968872 623.59114646911621 1220.8935222625732 2036.5017004013062 1044.5851497650146 944.60831642150879 1985.8744630813599 906.28095817565918 2046.077974319458 1729.8843307495117 3410.0099730491638 938.17856645584106 512.57183074951172 876.43432426452637 360.08705139160156 233.77619600296021 750.04913997650146 492.94928741455078 360.86451959609985 3130.3007516860962 326.66719913482666 401.44456815719604 880.49765157699585 916.57937049865723 684.66408014297485 2867.566930770874 5783.7738313674927 3666.7420029640198 1370.0646886825562
leaf_count=31 376 147 98 97 246 214 104 422 196 177 293 794 111 60 60 45 30 86 63 46 304 47 54 133 139 86 205 1345 377 136
internal_value=1.24127e-05 0.00740636 -0.0135975 0.0104272 0.00281614 -0.00623042 0.00832412 -0.0156389 -0.0158147 0.0135392 -0.00388152 -0.0165258 0.00495263 0.00615266 0.0146386 0.00324669 -0.000497064 0.00902888 0.00468633 0.00665545 0.0089745 0.000132871 0.00224381 -0.000806034 -0.000847667 0.00251417 0.0155687 -0.0169054 0.00935052 0.00848549
internal_weight=44487.7 28826.8 15660.9 17385.5 11441.3 3398.06 10374.5 12262.9 12085.9 7010.97 2353.48 10100.1 6369.64 3739.28 4964.89 2630.36 593.863 1262.62 2476.66 1299.04 9111.72 5071.68 1608.61 1207.16 3463.07 1177.61 3744 9193.78 8167.11 5036.81
internal_count=6522 3129 3393 1607 1522 605 1068 2788 2757 539 391 2335 773 452 362 321 75 146 306 157 921 749 234 180 515 149 265 2139 817 513
cat_boundaries=0 1 2 3 4 5
cat_threshold=28 33 33 960 28
is_linear=0
shrinkage=0.05


Tree=26
num_leaves=31
num_cat=5
split_feature=6 1 7 7 9 9 1 9 0 7 6 7 6 4 6 4 9 0 9 6 6 4 7 4 6 7 7 4 6 6
split_gain=1461.17 234.89 107.159 104.889 69.8282 24.307 20.3029 19.9463 17.5258 16.395 19.346 14.0987 11.0622 10.0696 9.62393 32.5799 8.78547 7.70401 7.21501 5.66588 6.26581 10.8572 5.45724 5.00378 4.85343 4.59645 4.32462 7.35208 4.71302 4.30079
threshold=0.12940952255126045 3.5000000000000004 -0.9159756150367534 0.98296291314453421 0 1 8.5000000000000018 2 4.5000000000000009 -0.12940952255126037 -0.5 -0.78656609248549325 -0.91597561503675329 3.5000000000000004 -0.60355339059327362 4.5000000000000009 3 4.5000000000000009 4 -0.78656609248549303 -0.25881904510252113 4.5000000000000009 -0.12940952255126037 4.5000000000000009 -0.91597561503675329 -0.70710678118654757 -0.12940952255126037 3.5000000000000004 -0.5 1.0000000180025095e-35
decision_type=2 2 2 2 1 1 2 1 2 2 2 2 2 2 2 2 1 2 1 2 2 2 2 2 2 2 2 2 2 2
left_child=1 3 16 8 6 19 17 -4 11 10 24 -1 13 -13 -11 -16 -2 -3 -14 22 21 -21 -6 -24 -7 -9 28 -28 -10 -12
right_child=2 4 7 -5 5 9 -8 25 26 14 29 12 18 -15 15 -17 -18 -19 -20 20 -22 -23 23 -25 -26 -27 27 -29 -30 -31
leaf_value=0.0062035775448096471 0.0018062618502691756 0.0037290623595172922 -0.011328310265605997 -0.015544076043316868 -0.001249745916120685 0.0036331390182049953 0.014761947096060789 -0.013225997802402752 -0.00068854088189604097 0.010341686720703019 0.0089557334767005423 0.01062773610091047 -0.0052829436662706454 -0.0020658111164912549 -0.00087028662733465347 0.014882038941011795 -0.0052749700386671566 0.01056491027583052 -0.00042757508903589256 -0.0053802037766322282 0.0044184439240758161 0.0053880579718706741 0.0075738379287381271 4.8859889333925995e-05 -0.0019571626670101274 -0.016894725382933417 0.00310084537215021 0.010814712763726496 0.0050911398445194688 0.0050802997902863016
leaf_weight=594.53141689300537 780.23375940322876 498.97880220413208 2615.6137766838074 1109.293438911438 286.26537752151489 829.16396713256836 4485.843957901001 952.31796789169312 689.70590114593506 5460.4720630645752 2314.6367692947388 298.95365047454834 1847.0395846366882 327.27897930145264 795.10902261734009 559.03477573394775 982.02208566665649 2369.0338549613953 1317.7069134712219 645.27535629272461 813.73894691467285 367.33895635604858 1273.0262289047241 267.30310010910034 730.14713335037231 8248.7454333305359 748.29636001586914 526.03556203842163 721.91535711288452 1036.457733631134
leaf_count=80 110 57 553 256 41 97 326 208 94 511 234 42 297 45 101 63 163 217 193 90 101 49 148 32 107 1951 94 63 85 114
internal_value=1.03018e-05 0.00601578 -0.0136612 -0.00124954 0.00863043 0.0066985 0.0126441 -0.0153765 0.000992829 0.0078122 0.00561628 -0.000955192 -0.00207789 0.00399389 0.00940597 0.00563279 -0.00215946 0.0093756 -0.00327936 0.00311224 0.00115147 -0.00147388 0.0050898 0.00626798 0.00101548 -0.0164971 0.00417347 0.00628508 0.00226724 0.0077571
internal_weight=44491.5 30912.6 13578.9 8180.76 22731.8 15378 7353.86 11816.7 7071.46 11725 4910.41 4385.51 3790.98 626.233 6814.62 1354.14 1762.26 2868.01 3164.75 3652.95 1826.35 1012.61 1826.59 1540.33 1559.31 9201.06 2685.95 1274.33 1411.62 3351.09
internal_count=6522 3537 2985 1249 2288 1688 600 2712 993 1227 552 657 577 87 675 164 273 274 490 461 240 139 221 180 204 2159 336 157 179 348
cat_boundaries=0 1 2 3 4 5
cat_threshold=33 28 33 547 156
is_linear=0
shrinkage=0.05


Tree=27
num_leaves=31
num_cat=6
split_feature=2 2 6 2 2 7 9 9 9 2 7 1 7 1 9 4 7 9 7 4 2 4 9 6 4 8 4 6 4 4
split_gain=1642.19 172.404 48.7269 39.0058 34.7943 16.5441 17.651 11.202 6.11686 5.74893 4.88415 5.55828 4.50644 4.17158 4.1316 4.00736 4.10508 3.97695 5.11064 18.6283 3.96801 3.88225 3.84216 3.82552 5.35733 3.91504 3.78395 3.7174 13.3317 10.2078
threshold=2.2142857142857149 5.3571428571428585 -1.0000000180025095e-35 8.2142857142857171 3.9285714285714293 -0.9159756150367534 0 1 2 2.785714285714286 -0.37940952255126015 5.5000000000000009 -0.70710678118654757 7.5000000000000009 3 4.5000000000000009 -0.9159756150367534 4 -0.12940952255126037 4.5000000000000009 3.2142857142857149 4.5000000000000009 5 -0.78656609248549303 4.5000000000000009 0.23826765303948647 2.5000000000000004 -0.78656609248549303 4.5000000000000009 4.5000000000000009
decision_type=2 2 2 2 2 2 1 1 1 2 2 2 2 2 1 2 2 1 2 2 2 2 1 2 2 2 2 2 2 2
left_child=2 4 -1 7 9 -4 -7 -3 13 22 15 23 -8 -5 -14 -6 -17 -11 21 20 -20 -19 -2 24 -12 -25 -13 28 -9 -29
right_child=1 3 5 8 10 6 12 27 -10 17 11 26 14 -15 -16 16 -18 18 19 -21 -22 -23 -24 25 -26 -27 -28 29 -30 -31
leaf_value=-0.0039536036755846611 -0.005996066431940862 0.0032902351957690384 -0.0042784893826024809 0.010079868905514641 0.0040719950309272227 -0.011501160713098762 -0.013008205502660075 0.011400189352263704 0.010020145552314957 0.0026174276168885687 0.0082774331418546277 0.0051993090658123027 -0.018363118694132121 0.014151556631371583 -0.015607727766931149 0.0027438337131238562 -0.0057579423350001147 -0.00072470360131748023 -0.0071303462479690802 0.012180711205563638 0.00054912469098903878 -0.0054968581606725415 -0.001072724263179399 -0.001013009029721299 0.0011313983252285919 0.0048204570430104591 0.010734344538502649 0.0063219317558887633 0.004132269955765753 0.011032022652210744
leaf_weight=1082.6004214286804 664.25044727325439 1273.7458820343018 350.35173654556274 734.76471519470215 2055.2737030982971 2690.9311199188232 934.77237844467163 2662.1985092163086 2088.9821968078613 1350.7574853897095 951.46908283233643 517.84010362625122 3291.5478563308716 4372.6630792617798 5683.0093231201172 362.67232847213745 233.33462715148926 1632.4710917472839 259.90287590026855 326.93887376785278 476.78359508514404 576.75177192687988 998.07153511047363 493.36049556732178 362.08627653121948 689.71978282928467 764.82675218582153 4202.0857262611389 826.95892333984375 1583.880654335022
leaf_count=187 110 147 66 58 246 578 207 251 177 197 111 60 794 304 1364 45 30 242 40 43 71 88 155 63 46 86 86 430 84 156
internal_value=8.35526e-06 0.00652805 -0.0141439 0.00971231 0.00208456 -0.0149958 -0.0152937 0.00777612 0.0125505 -0.000560771 0.00467039 0.00582454 -0.0162956 0.0135393 -0.0166562 0.0030252 -0.000584582 0.000345892 -0.000597779 0.00224794 -0.00216019 -0.00197055 -0.00308258 0.00445014 0.0063076 0.00238782 0.00849973 0.00837959 0.00967763 0.0076113
internal_weight=44495 30461.8 14033.2 17745.3 12716.5 12950.6 12600.3 10548.9 7196.41 6285.93 6430.58 3779.3 9909.33 5107.43 8974.56 2651.28 596.007 4623.61 3272.85 1063.63 736.686 2209.22 1662.32 2496.64 1313.56 1183.08 1282.67 9275.12 3489.16 5785.97
internal_count=6522 3326 3196 1607 1719 3009 2943 1068 539 946 773 452 2365 362 2158 321 75 681 484 154 111 330 265 306 157 149 146 921 335 586
cat_boundaries=0 1 2 3 4 5 6
cat_threshold=33 28 33 28 43 45
is_linear=0
shrinkage=0.05


Tree=28
num_leaves=31
num_cat=4
split_feature=2 2 2 6 2 7 9 9 9 3 4 6 7 7 4 6 6 4 4 6 9 6 4 7 6 8 8 8 8 6
split_gain=1574.02 161.113 49.2543 47.9198 19.0538 16.2942 17.5548 8.84904 8.01362 6.0104 5.19173 4.81501 4.49024 4.31262 15.6672 25.0289 7.00144 5.54816 5.04824 11.9638 4.17427 4.13661 5.22789 4.05601 4.34403 5.03793 4.40737 3.76745 3.79118 3.59112
threshold=2.2142857142857149 4.7857142857142865 7.7857142857142865 -1.0000000180025095e-35 3.6428571428571437 -0.9159756150367534 0 1 2 1.0000000000000009 5.5000000000000009 1.0000000180025095e-35 -0.70710678118654757 -0.12940952255126037 4.5000000000000009 -0.60355339059327362 -0.60355339059327362 2.5000000000000004 4.5000000000000009 -0.25881904510252113 3 -0.78656609248549303 4.5000000000000009 -0.37940952255126015 -0.5 0.1424479740619076 0.13847868258732229 0.43530903479281757 0.62801887433740056 -0.91597561503675329
decision_type=2 2 2 2 2 2 1 1 1 2 2 2 2 2 2 2 2 2 2 2 1 2 2 2 2 2 2 2 2 2
left_child=3 4 7 -1 9 -5 -7 21 11 -2 -10 -4 -8 18 15 17 -16 -15 27 -20 -14 22 -3 24 25 -6 -26 -9 -29 -19
right_child=1 2 8 5 23 6 12 13 10 -11 -12 -13 20 14 16 -17 -18 29 19 -21 -22 -23 -24 -25 26 -27 -28 28 -30 -31
leaf_value=-0.0038709061942926006 0.0079337182428879608 0.0077403116521368087 0.013419080141999929 -0.0041903749206473016 -0.0076380807484420308 -0.011347564473969809 -0.012853429659255469 0.0084741431762956048 0.010304926039801161 -0.0014459661642555631 0.0038241075950689023 0.0080154178150462253 -0.018243653287326349 0.0082991876436204915 0.010431733799957967 0.0010483818939724507 0.018383770324065719 0.017311700494354508 -0.0015509406535963062 0.0092151160807512431 -0.015462931034548972 0.0031553584266794214 0.0020047954151558136 0.0045906431776126955 0.0082848167947912818 0.0014121032753535653 0.001695116153305721 0.00035519764740315856 0.0079521968812415449 0.010502844957223458
leaf_weight=1078.3286957740784 177.02905559539795 1647.2427730560303 5026.3612251281738 348.85596323013306 229.76892709732056 2660.1595768928528 922.69143438339233 2583.8196182250977 2506.1057901382446 4847.4768137931824 352.48904323577881 449.08333969116211 3231.6562728881836 1195.3470964431763 623.91879749298096 1109.0652852058411 497.53505420684814 367.81311798095703 539.12814950942993 494.94217014312744 5594.9989652633667 1884.9637136459351 523.58828973770142 2668.2611951828003 332.18495941162109 464.91477870941162 1074.483118057251 321.62687206268311 335.55550289154053 408.97642135620117
leaf_count=187 27 177 353 66 31 578 207 264 214 739 31 35 794 114 60 127 46 33 62 50 1364 213 59 340 42 62 139 34 35 39
internal_value=6.47481e-06 0.00632363 0.00880667 -0.0139921 0.00103319 -0.0148476 -0.0151472 0.00682584 0.0117856 -0.00111549 0.00947265 0.0129522 -0.0161557 0.00775287 0.00889941 0.00705764 0.0139597 0.0104371 0.00664389 0.00360207 -0.0165192 0.00485701 0.00635695 0.00329671 0.00165369 -0.00158127 0.00325128 0.00761441 0.0042342 0.0137269
internal_weight=44498.4 30661.7 20867.6 13836.7 9794.12 12758.4 12409.5 12533.5 8334.04 5024.51 2858.59 5475.44 9749.35 8477.73 4202.66 3081.2 1121.45 1972.14 4275.07 1034.07 8826.66 4055.79 2170.83 4769.61 2101.35 694.684 1406.67 3241 657.182 776.79
internal_count=6522 3326 1946 3196 1380 3009 2943 1313 633 766 245 388 2365 864 419 313 106 186 445 112 2158 449 236 614 274 93 181 333 69 72
cat_boundaries=0 1 2 3 4
cat_threshold=33 156 33 28
is_linear=0
shrinkage=0.05


Tree=29
num_leaves=31
num_cat=4
split_feature=2 2 6 2 2 7 9 9 9 3 1 4 7 9 7 4 6 6 4 4 6 6 4 7 6 8 8 8 8 8
split_gain=1508.75 150.708 47.108 45.5509 18.0595 16.0419 17.4508 8.24621 7.34827 5.68413 4.87001 4.81985 4.47217 4.21441 4.0036 14.4512 23.3558 6.37325 5.10362 4.71502 11.2474 3.87632 4.89078 3.82042 4.11732 4.82919 4.135 3.50972 3.55953 3.50301
threshold=2.2142857142857149 4.7857142857142865 -1.0000000180025095e-35 7.7857142857142865 3.6428571428571437 -0.9159756150367534 0 1 2 1.0000000000000009 8.5000000000000018 5.5000000000000009 -0.70710678118654757 3 -0.12940952255126037 4.5000000000000009 -0.60355339059327362 -0.60355339059327362 2.5000000000000004 4.5000000000000009 -0.25881904510252113 -0.78656609248549303 4.5000000000000009 -0.37940952255126015 -0.5 0.1424479740619076 0.13847868258732229 0.43530903479281757 0.62801887433740056 0.2944248289310793
decision_type=2 2 2 2 2 2 1 1 1 2 2 2 2 1 2 2 2 2 2 2 2 2 2 2 2 2 2 2 2 2
left_child=2 4 -1 7 9 -4 -7 21 10 -2 -5 -10 -8 -14 19 16 18 29 -16 27 -21 22 -3 24 25 -6 -26 -9 -29 -17
right_child=1 3 5 8 23 6 12 14 11 -11 -12 -13 13 -15 15 17 -18 -19 -20 20 -22 -23 -24 -25 26 -27 -28 28 -30 -31
leaf_value=-0.0037896210907519944 0.007674814210585388 0.0074891861528867364 -0.0041037088234439009 0.010007665707775833 -0.0075062702588977633 -0.011194291168355401 -0.012698506320482091 0.0081931177171629642 0.0099447298550849623 -0.0014121302261459645 0.01337321507279157 0.0037147432163988589 -0.018122785635040547 -0.015317238309158829 0.0080253861519010341 0.0062961279438857156 0.0010212663780660928 0.017596609351742055 0.013201008015691471 -0.0015148092609824481 0.0089028341546958985 0.0030671961168506194 0.0019510525325720646 0.0044558963233071311 0.0080116061200773189 0.0013750739124039197 0.001650192351935587 0.00034625378304758959 0.0076925460900948445 0.013750646958604784
leaf_weight=1074.1626596450806 178.43914031982422 1660.0424127578735 347.39718627929688 1458.2226037979126 228.0206184387207 2630.1439371109009 910.90753555297852 2605.8083143234253 2532.0645427703857 4840.4725995063782 4088.7397613525391 353.83958053588867 3173.2336926460266 5509.1495022773743 1205.3087892532349 311.64265060424805 1110.2286205291748 506.76622009277344 787.53049945831299 538.29263830184937 499.52420139312744 1890.920835018158 524.63903570175171 2680.5384068489075 334.94847965240479 465.57174968719482 1076.3060345649719 321.74113178253174 338.23454475402832 318.81876564025879
leaf_count=187 27 177 66 113 31 578 207 264 214 739 275 31 794 1364 114 30 127 46 72 62 50 213 59 340 42 62 139 34 35 30
internal_value=4.64186e-06 0.00612677 -0.0138399 0.00851141 0.00100635 -0.0146987 -0.0149998 0.00661018 0.0113565 -0.00108906 0.012466 0.00914917 -0.0160148 -0.0163811 0.00750083 0.00860001 0.00683295 0.0134217 0.0100707 0.00643525 0.00349943 0.00471308 0.00615923 0.00320401 0.00160971 -0.0015447 0.00316002 0.00736821 0.0041112 0.0100658
internal_weight=44501.7 30856.7 13645 21052.4 9804.3 12570.8 12223.4 12619.5 8432.87 5018.91 5546.96 2885.9 9593.29 8682.38 8543.9 4240.3 3103.07 1137.23 1992.84 4303.6 1037.82 4075.6 2184.68 4785.39 2104.85 693.592 1411.25 3265.78 659.976 630.461
internal_count=6522 3326 3196 1946 1380 3009 2943 1313 633 766 388 245 2365 2158 864 419 313 106 186 445 112 449 236 614 274 93 181 333 69 60
cat_boundaries=0 1 2 3 4
cat_threshold=33 156 33 28
is_linear=0
shrinkage=0.05


Tree=30
num_leaves=31
num_cat=4
split_feature=3 6 1 7 6 0 1 9 9 1 9 6 7 9 3 6 3 7 7 0 3 7 7 4 4 4 6 4 6 4
split_gain=1252.44 159.304 122.524 62.7177 41.8005 39.0668 19.8845 18.7953 17.0475 15.4686 15.4499 10.7857 10.7043 7.81931 7.41574 5.44559 5.20125 5.1419 6.1264 4.99623 5.77459 4.20498 13.7941 10.4923 7.89611 4.1354 4.46711 4.08439 6.73069 3.88218
threshold=1.4638501094227998 -1.0000000180025095e-35 5.5000000000000009 -0.9159756150367534 0.37940952255126054 5.5000000000000009 1.5000000000000002 0 1 9.5000000000000018 2 0.25881904510252091 0.91597561503675351 3 2.8990705651295676 1.0000000180025095e-35 2.9560022436496336 -0.12940952255126037 -0.9159756150367534 4.5000000000000009 0.89973541084243769 0.60355339059327384 0.1294095225512602 3.5000000000000004 4.5000000000000009 3.5000000000000004 0.25881904510252091 2.5000000000000004 -0.78656609248549303 2.5000000000000004
decision_type=2 2 2 2 2 2 2 1 1 2 1 2 2 1 2 2 2 2 2 2 2 2 2 2 2 2 2 2 2 2
left_child=1 10 4 11 6 9 16 -5 -7 17 -1 -3 13 14 25 -10 -2 18 -4 20 -12 22 24 -23 -15 26 -8 28 -19 -14
right_child=2 3 5 7 -6 8 12 -9 15 -11 19 -13 29 21 -16 -17 -18 27 -20 -21 -22 23 -24 -25 -26 -27 -28 -29 -30 -31
leaf_value=0.0051901018546627832 -0.0031859566008141864 0.0058151292669689388 0.0048391859168448702 -0.010893023180580117 -0.011373187321722262 0.0067027613066234018 0.0067915356142570996 -0.0161712535853266 0.011762743590971278 0.010129396454623681 0.0038221239811360714 -0.0056314828932695071 -0.0043345283156623294 0.003463956811711336 0.0086458108918561951 0.0068818567381938728 0.0045658989072740906 0.0062588585796354767 -0.00076535454226228335 0.0044078904944881937 -0.0055336395135419034 -0.0030163978147113991 0.0087433253294034209 0.0083438541607976976 -0.002107615159085599 0.0015414339059434221 0.0005117549929078085 0.0073605299685547479 -0.003042821903093513 0.0021022036175917178
leaf_weight=856.05066061019897 1540.8919486999512 332.85043239593506 883.09295177459717 2293.2243323326111 546.22157788276672 2626.9473152160645 1497.432032585144 9426.1494889259338 8085.0986204147339 1154.2203869819641 191.96276760101318 539.12477397918701 524.52490615844727 2306.2060551643372 1436.8899412155151 614.92620801925659 251.74208927154541 509.84099769592285 1088.7673449516296 191.53709936141968 1171.2499132156372 772.47983121871948 968.05160331726074 275.82573461532593 878.01722383499146 948.02188587188721 349.23613834381104 1105.9405589103699 314.41570854187012 423.29663038253784
leaf_count=106 236 39 100 510 122 262 179 2363 621 101 32 92 72 300 139 54 30 52 131 22 192 101 107 36 116 118 50 119 36 57
internal_value=-0.000209182 -0.0119444 0.00584036 -0.014199 0.00215826 0.00869888 0.00276546 -0.0151615 0.0103302 0.00504449 -0.000169406 -0.00126208 0.00360527 0.00411426 0.0057132 0.0114046 -0.00209735 0.00354038 0.00174463 -0.0031336 -0.00421619 0.00279689 0.00351664 -2.73363e-05 0.00192765 0.00422584 0.00560392 0.0053749 0.0027107 -0.00145989
internal_weight=44104.2 15002.1 29102.1 12591.3 12718.8 16383.3 12172.6 11719.4 11327 5056.28 2410.8 871.975 10380 9432.16 4231.58 8700.02 1792.63 3902.06 1971.86 1554.75 1363.21 5200.58 4152.27 1048.31 3184.22 2794.69 1846.67 1930.2 824.257 947.822
internal_count=6495 3356 3139 3004 1663 1476 1541 2873 937 539 352 131 1275 1146 486 675 266 438 231 246 224 660 523 137 416 347 229 207 88 129
cat_boundaries=0 1 2 3 4
cat_threshold=33 158 898 355
is_linear=0
shrinkage=0.05


Tree=31
num_leaves=31
num_cat=4
split_feature=2 2 6 2 2 7 9 3 3 6 9 3 3 7 5 5 7 2 8 3 6 1 1 0 9 6 1 3 0 9
split_gain=1403.65 146.243 47.9326 43.2209 18.3851 17.6098 17.273 9.75254 5.60689 5.43449 6.44493 4.91304 4.69435 4.38755 11.5551 10.1099 4.98997 4.69736 4.21358 5.77376 5.58554 4.08194 3.99584 4.06509 3.93746 3.82892 3.15627 4.07217 2.96086 2.93473
threshold=2.2142857142857149 6.5000000000000009 -1.0000000180025095e-35 3.785714285714286 9.071428571428573 -0.70710678118654757 0 1.4638501094227998 2.2038661803717079 0.25881904510252091 1 1.0000000000000009 1.6256701746404121 0.60355339059327384 1.0000000180025095e-35 1.0000000180025095e-35 0.1294095225512602 4.2142857142857153 0.29988145735451305 1.7043362064926948 -0.25881904510252113 1.5000000000000002 7.5000000000000009 7.5000000000000009 2 -0.5 8.5000000000000018 3.4982989063393721 4.5000000000000009 3
decision_type=2 2 2 2 2 2 1 2 2 2 1 2 2 2 2 2 2 2 2 2 2 2 2 2 1 2 2 2 2 1
left_child=2 3 -1 11 26 7 -7 -4 -6 10 18 -2 -13 15 17 -12 25 -15 20 -20 28 -14 23 -21 -8 -17 27 29 -5 -3
right_child=1 4 5 9 8 6 24 -9 -10 -11 13 12 21 14 -16 16 -18 -19 19 22 -22 -23 -24 -25 -26 -27 -28 -29 -30 -31
leaf_value=-0.0033864592807989974 0.0069629285520308344 0.0096313524079489152 -0.011334124820295218 0.0015084555947969388 0.0067236884389898985 -0.011255026390899141 -0.018034552858219144 -0.00070003854371238907 0.012179980947167657 -0.0012360897851629868 0.0054510727157054111 -0.0031817508907612813 -0.0032285792201662863 0.003836526192336378 0.0080853592762797303 -0.0062080028466117839 0.0054787312775923516 -0.0041758461266230172 0.012836616262611865 0.0039909964489676123 0.0090938535967633443 0.00086651923071262972 0.011338004866341744 0.010128315676513894 -0.015282841008579563 0.00080477274509254423 0.0093529393826740619 0.004412208243484708 0.0049800837298764004 0.0065109594924377887
leaf_weight=1039.9758348464966 188.72557544708252 1613.542947769165 1237.4825434684753 990.97412919998169 515.0072546005249 2354.6476845741272 3205.4845378398895 261.09415340423584 5489.1688098907471 415.37435293197632 3576.5783233642578 1972.5128517150879 798.58575201034546 247.68198156356812 396.48029136657715 330.26762199401855 300.25079393386841 699.64202976226807 408.85808181762695 1280.3492383956909 577.77706289291382 2556.8396320343018 327.64430332183838 341.8428750038147 5316.4228522777557 473.97916746139526 2602.2312250137329 1034.4895963668823 1615.2650651931763 1928.34898853302
leaf_count=182 28 148 280 118 38 531 830 52 369 54 405 306 124 34 43 42 35 84 44 146 63 379 32 37 1358 56 222 98 173 184
internal_value=-0.000205435 0.0056931 -0.0136963 0.00269703 0.00967026 -0.0145627 -0.0152628 -0.00948137 0.011712 0.00438304 0.00458481 -0.000965204 -0.00124603 0.00343116 0.000918531 0.0041598 -2.16057e-05 -0.00208098 0.00582212 0.00743435 0.00464609 -0.000108108 0.00630155 0.00528431 -0.0163378 -0.00207506 0.00796259 0.007172 0.00366006 0.00797806
internal_weight=44097.5 30682.4 13415.1 17499.6 13182.8 12375.1 10876.6 1498.58 6004.18 11983 11567.6 5516.66 5327.94 6024.88 1343.8 4681.08 1104.5 947.324 5542.71 2358.69 3184.02 3355.43 1949.84 1622.19 8521.91 804.247 7178.61 4576.38 2606.24 3541.89
internal_count=6495 3262 3233 2203 1059 3051 2719 332 407 1366 1312 837 809 699 161 538 133 118 613 259 354 503 215 183 2188 98 652 430 291 332
cat_boundaries=0 1 2 3 4
cat_threshold=33 929 28 770
is_linear=0
shrinkage=0.05


Tree=32
num_leaves=31
num_cat=3
split_feature=2 2 6 2 7 9 2 3 3 6 9 4 7 4 7 6 2 3 3 4 7 4 4 7 2 9 1 6 4 7
split_gain=1346.22 136.557 47.07 40.8448 17.4278 17.1747 16.9608 9.47869 5.1682 5.12734 6.04267 6.1832 8.67385 8.34484 7.26847 5.59768 4.71352 4.64936 4.48468 4.4478 4.13714 10.9113 9.52195 4.72903 4.4779 3.97401 3.89159 3.66897 2.94849 5.63036
threshold=2.2142857142857149 6.5000000000000009 -1.0000000180025095e-35 3.785714285714286 -0.70710678118654757 0 9.071428571428573 1.4638501094227998 2.2038661803717079 0.25881904510252091 1 2.5000000000000004 -0.12940952255126037 4.5000000000000009 0.78656609248549303 -0.5 5.3571428571428585 1.0000000000000009 1.6256701746404121 5.5000000000000009 0.60355339059327384 4.5000000000000009 4.5000000000000009 0.1294095225512602 4.2142857142857153 2 1.5000000000000002 -0.5 2.5000000000000004 -0.12940952255126037
decision_type=2 2 2 2 2 1 2 2 2 2 1 2 2 2 2 2 2 2 2 2 2 2 2 2 2 1 2 2 2 2
left_child=2 3 -1 17 7 -6 -3 -4 -8 10 11 14 13 16 -5 -15 -13 -2 -19 -14 22 24 -12 27 -22 -7 -20 -24 -28 -30
right_child=1 6 4 9 5 25 8 -9 -10 -11 20 12 19 15 -16 -17 -18 18 26 -21 21 -23 23 -25 -26 -27 28 -29 29 -31
leaf_value=-0.0033137209568932474 0.0067423304623312284 0.0077031859785049121 -0.011180299863307659 0.0053289791572722943 -0.01110204184955638 -0.017911292997514698 0.0065122479090491698 -0.00068314136178210607 0.011731943107811666 -0.0012069084352229035 0.0052864614143114212 0.0048956253324935715 0.0083449171248213289 -0.0036843216230874713 -0.00094213719549450471 0.0053014638857807059 0.01235737628072636 -0.0031127642169188475 -0.0031587270356325074 0.014676657234462287 0.0037267599730740502 0.0078203056579665472 -0.0060920424383889725 0.0053131359715693788 -0.0040894203062990919 -0.015136104004914986 -0.00089101132954471024 0.00078415149815492266 -1.0012053495333102e-05 0.0067846890432563091
leaf_weight=1036.4599657058716 190.04424285888672 7235.8519325256348 1223.5359044075012 1956.3473062515259 2328.2946400642395 3148.1932175159454 518.48166942596436 260.91144132614136 5556.4356288909912 414.86123180389404 3596.127739906311 533.22315454483032 1058.0516991615295 368.88251638412476 604.92830848693848 326.90878486633301 350.93247127532959 1966.2467761039734 796.01161241531372 375.89300441741943 248.63404369354248 399.69897651672363 328.2236704826355 301.90030241012573 696.72652292251587 5235.7905373573303 1251.1355299949646 474.360764503479 823.957106590271 483.96350145339966
leaf_count=182 28 652 280 208 531 830 38 52 369 54 405 62 111 47 76 37 35 306 124 37 34 43 42 35 84 1358 187 56 124 68
internal_value=-0.000201798 0.0055196 -0.0135432 0.00262263 -0.0144125 -0.0151161 0.00933856 -0.00933528 0.0112865 0.00425504 0.00445003 0.005644 0.00718914 0.00463375 0.00384785 0.000537537 0.00785729 -0.000942234 -0.00121668 0.0100047 0.00333413 0.000894503 0.00403931 -2.13172e-05 -0.00203373 -0.0161983 -0.000105472 -0.00202793 0.000844263 0.0025042
internal_weight=44091 30857.8 13233.2 17547.1 12196.7 10712.3 13310.8 1484.45 6074.92 12035.7 11620.8 5575.17 3013.89 1579.95 2561.28 695.791 884.156 5511.36 5321.31 1433.94 6045.67 1345.06 4700.61 1104.48 945.361 8383.98 3355.07 802.584 2559.06 1307.92
internal_count=6495 3262 3233 2203 3051 2719 1059 332 407 1366 1312 613 329 181 284 84 97 837 809 148 699 161 538 133 118 2188 503 98 379 192
cat_boundaries=0 1 2 3
cat_threshold=33 929 28
is_linear=0
shrinkage=0.05


Tree=33
num_leaves=31
num_cat=4
split_feature=2 2 6 2 7 9 2 3 6 9 4 7 4 7 6 3 3 2 3 4 9 7 4 4 7 2 1 6 1 9
split_gain=1291.14 127.577 46.2055 38.6064 17.2401 17.0688 15.6691 9.20959 4.8386 5.66722 5.77974 8.06794 7.83126 6.85457 5.31153 4.76912 4.40065 4.36898 4.28372 4.08931 4.00804 3.90196 10.306 8.97077 4.48228 4.26859 3.70973 3.5152 2.902 3.81674
threshold=2.2142857142857149 6.5000000000000009 -1.0000000180025095e-35 3.785714285714286 -0.70710678118654757 0 9.071428571428573 1.4638501094227998 0.25881904510252091 1 2.5000000000000004 -0.12940952255126037 4.5000000000000009 0.78656609248549303 -0.5 2.2038661803717079 1.0000000000000009 5.3571428571428585 1.6256701746404121 5.5000000000000009 2 0.60355339059327384 4.5000000000000009 4.5000000000000009 0.1294095225512602 4.2142857142857153 1.5000000000000002 -0.5 8.5000000000000018 3
decision_type=2 2 2 2 2 1 2 2 2 1 2 2 2 2 2 2 2 2 2 2 1 2 2 2 2 2 2 2 2 1
left_child=2 3 -1 16 7 -6 28 -4 9 10 13 12 17 -5 -14 -8 -2 -12 -18 -13 -7 23 25 -11 27 -23 -20 -25 29 -3
right_child=1 6 4 8 5 20 15 -9 -10 21 11 19 14 -15 -16 -17 18 -19 26 -21 -22 22 -24 24 -26 -27 -28 -29 -30 -31
leaf_value=-0.0032423062296223076 0.0065301805099251004 0.0078137797295658399 -0.011026843403776724 0.0051686939222688119 -0.010949455283613928 -0.017786670338942736 0.0063088073323808065 -0.00066664050679663041 -0.0011783812298815956 0.0051276758774388542 0.0047504590618597346 0.0080692331786811969 -0.00360627302322165 -0.00091962157404325458 0.0051421495469368807 0.011305515421157257 -0.003045060546387032 0.011900674648618909 -0.0030901674693838426 0.014101076543337109 -0.014988557408770734 0.0036205364404430043 0.0075659716732804361 -0.0059775462087684941 0.0051534099756474312 -0.004004432764846951 0.00082248931688734908 0.000764074578023538 0.0087748672986249134 0.004712763102092208
leaf_weight=1033.031102180481 191.3299126625061 2936.9766979217529 1209.9326219558716 1966.8004655838013 2302.5887770652771 3092.306961774826 521.86916828155518 260.73326206207275 414.36083364486694 3615.1888771057129 535.84002304077148 1066.9179997444153 367.52593612670898 604.35865259170532 328.64648151397705 5622.0072889328003 1960.1358289718628 355.29597949981689 793.50119733810425 381.4505443572998 5157.137850522995 249.56237268447876 402.83699607849121 326.23019695281982 303.50860357284546 693.88313484191895 2561.2283205986023 474.73288440704346 2646.9958791732788 1707.8337306976318
leaf_count=182 28 267 280 208 531 830 38 52 54 405 62 111 47 76 37 369 306 35 124 37 1358 34 43 42 35 84 379 56 222 163
internal_value=-0.000198298 0.00535216 -0.0133898 0.00255042 -0.0142618 -0.0149686 0.00902089 -0.00919009 0.00413127 0.00431975 0.00547219 0.00695936 0.00449711 0.00373762 0.00052365 0.0108811 -0.000919833 0.00760125 -0.00118803 0.00965781 -0.0160577 0.00324017 0.000871136 0.0039228 -2.10241e-05 -0.00198746 -0.00010298 -0.00198177 0.00745355 0.00670055
internal_weight=44084.7 31029 13055.7 17593.3 12022.7 10552 13435.7 1470.67 12087.1 11672.8 5606.84 3035.68 1587.31 2571.16 696.172 6143.88 5506.2 891.136 5314.87 1448.37 8249.44 6065.94 1346.28 4719.66 1104.47 943.446 3354.73 800.963 7291.81 4644.81
internal_count=6495 3262 3233 2203 3051 2719 1059 332 1366 1312 613 329 181 284 84 407 837 97 809 148 2188 699 161 538 133 118 503 98 652 430
cat_boundaries=0 1 2 3 4
cat_threshold=33 929 28 834
is_linear=0
shrinkage=0.05


Tree=34
num_leaves=31
num_cat=5
split_feature=2 2 6 2 7 9 2 3 9 3 3 3 6 9 4 1 1 7 4 9 4 7 6 4 7 4 3 9 1 3
split_gain=1238.35 119.265 45.3398 36.4964 17.0469 16.9556 14.4856 8.94526 4.62603 4.40551 4.16587 4.09156 4.04977 4.03952 3.75436 3.53638 3.31092 3.83731 4.38524 3.77732 2.79435 5.29948 4.35869 3.86582 3.83866 3.13281 2.78779 2.77929 2.72282 3.72834
threshold=2.2142857142857149 6.5000000000000009 -1.0000000180025095e-35 3.785714285714286 -0.70710678118654757 0 9.071428571428573 1.4638501094227998 1 2.2038661803717079 1.0000000000000009 1.6256701746404121 0.25881904510252091 2 2.5000000000000004 1.5000000000000002 2.5000000000000004 0.60355339059327384 3.5000000000000004 3 2.5000000000000004 -0.12940952255126037 -0.78656609248549303 4.5000000000000009 -0.78656609248549325 4.5000000000000009 2.6412440555234498 4 4.5000000000000009 3.7320987732847892
decision_type=2 2 2 2 2 1 2 2 1 2 2 2 2 1 2 2 2 2 2 1 2 2 2 2 2 2 2 1 2 2
left_child=2 3 -1 10 7 -6 28 -4 14 -8 -2 27 16 -7 -5 -13 17 18 -10 26 22 23 -17 -22 -24 -23 -18 -12 -3 -30
right_child=1 6 4 8 5 13 9 -9 12 -11 11 15 -14 -15 -16 20 19 -19 -20 -21 21 25 24 -25 -26 -27 -28 -29 29 -31
leaf_value=-0.0031722011479199531 0.0063260647676577301 0.0047656160078442238 -0.010873804215122825 0.0040074425529781988 -0.010797312096426608 -0.017660699858667805 0.0061129816066692079 -0.00065052745191444307 0.007503691217453032 0.010899293689444887 -0.0052742064301011258 -0.0030228861109560141 -0.0011504950289898282 -0.014840241094638038 0.010001520388420025 0.0033066531171318907 -0.00097262384626227872 -0.0023566749249299751 0.00035035604689104098 0.0045463425099994369 0.0023246679026002462 0.0023087381915667424 0.0013501999786126719 -0.0050071170479637711 -0.0056221075615061041 0.01033619563771688 0.0047812065416409479 -0.0013969000870541655 0.0081314270929462359 0.004873451168468451
leaf_weight=1029.6871194839478 192.58341884613037 983.2781457901001 1196.6641826629639 480.29061126708984 2277.5141944885254 3037.7913484573364 525.17194747924805 260.55950736999512 375.77757692337036 5685.9276342391968 779.98957967758179 791.05292892456055 413.87284708023071 5080.4160771369934 572.76916694641113 414.06148099899292 578.45527219772339 427.18706798553467 498.41893577575684 8459.5538945198059 559.77157783508301 230.30434131622314 318.9522762298584 264.85524797439575 518.03605222702026 257.35479402542114 330.9639949798584 1174.1865963935852 5310.8714628219604 1052.0923271179199
leaf_count=182 28 94 280 53 531 830 38 52 43 369 122 124 54 1358 60 61 69 54 62 933 83 34 47 41 79 34 38 184 466 92
internal_value=-0.000194757 0.00519082 -0.0132361 0.00248041 -0.0141104 -0.0148203 0.00871713 -0.00904583 0.00401161 0.0104946 -0.000897898 -0.00115997 0.00369893 -0.0159161 0.00719931 -0.000100467 0.00389049 0.0015273 0.00342525 0.00421874 0.0008014 0.00241327 -0.000889371 -3.0169e-05 -0.00296516 0.00654511 0.00110917 -0.00297863 0.00721433 0.00759273
internal_weight=44078.4 31195.8 12882.6 17638.4 11852.9 10395.7 13557.3 1457.22 12137.3 6211.1 5501.15 5308.56 11084.2 8118.21 1053.06 3354.39 10670.4 1301.38 874.197 9368.97 2563.34 1312.29 1251.05 824.627 836.988 487.659 909.419 1954.18 7346.24 6362.96
internal_count=6495 3262 3233 2203 3051 2719 1059 332 1366 407 837 809 1253 2188 113 503 1199 159 105 1040 379 192 187 124 126 68 107 306 652 558
cat_boundaries=0 1 2 3 4 5
cat_threshold=33 256 28 8 84
is_linear=0
shrinkage=0.05


Tree=35
num_leaves=31
num_cat=6
split_feature=3 6 0 7 6 1 9 1 9 3 9 6 9 3 0 1 7 6 9 1 0 8 7 7 9 0 4 8 1 4
split_gain=1005.27 135.587 73.8334 68.0281 32.7574 21.6526 15.8864 15.6239 10.3681 10.3025 10.095 6.75842 6.73022 6.46626 5.91483 5.5448 4.99578 4.95062 8.89635 4.82756 5.06351 4.62325 4.2176 5.65409 4.12949 4.02815 5.9466 4.66322 4.98511 3.99914
threshold=1.4638501094227998 -1.0000000180025095e-35 5.5000000000000009 -0.9159756150367534 0.37940952255126054 5.5000000000000009 0 1.5000000000000002 1 2.6992062325273145 2 0.25881904510252091 3 2.7817135724978912 4.5000000000000009 2.5000000000000004 -0.12940952255126037 -0.78656609248549303 4 4.5000000000000009 3.5000000000000004 0.27394533849557229 -0.78656609248549325 -0.37940952255126015 5 6.5000000000000009 3.5000000000000004 0.69541055724776146 16.500000000000004 4.5000000000000009
decision_type=2 2 2 2 2 2 1 2 1 2 1 2 1 2 2 2 2 2 1 2 2 2 2 2 1 2 2 2 2 2
left_child=1 10 4 11 7 13 -5 16 25 12 -1 -3 22 15 -12 -4 -2 29 -19 -14 -21 -18 -9 -24 -17 26 -7 28 -27 -11
right_child=2 3 5 6 -6 8 -8 9 -10 17 14 -13 19 -15 -16 24 21 18 -20 20 -22 -23 23 -25 -26 27 -28 -29 -30 -31
leaf_value=0.0039564835365498482 -0.0044642952365729618 0.0052799738145202718 -0.0016129209387493173 -0.010382449624257927 -0.010136381639983627 0.0089935320293201195 -0.015357054158023338 0.0062691396276961953 0.0061370771035802671 0.0089449652281198971 -0.0040068644911634378 -0.0035546762015337715 -0.00086651330687438687 0.0066928360347331562 0.0045020168697071953 0.0014364551861938924 0.0055224144414712005 0.0072193359463439176 0.0011674918092717274 -0.00010572421659079778 0.0046354152988653408 -0.0036515130529953081 -0.00062281409344736428 0.0046642260183541017 0.005708685871123804 0.0083498154383818881 0.017746553994719007 0.013638225640901683 0.013500487201740564 0.0033361884617744055
leaf_weight=867.11085510253906 876.50509643554688 350.39079236984253 536.26013898849487 2218.7467126846313 507.04819250106812 444.96615362167358 8620.3286447525024 1268.5538129806519 3695.5810976028442 1250.9537444114685 1359.1132135391235 566.40342235565186 1921.7325396537781 1958.9430160522461 240.35771656036377 970.30026531219482 319.58692622184753 1135.0825090408325 1322.7928738594055 1011.1820163726807 1271.0132737159729 240.81876063346863 822.09490203857422 1313.84920835495 1429.1369171142578 6538.7586326599121 344.09202766418457 517.31993770599365 506.13423824310303 426.05384922027588
leaf_count=109 139 40 71 520 118 40 2338 154 345 118 225 98 271 193 28 109 47 114 143 129 141 37 113 158 156 474 28 35 29 40
internal_value=-3.50631e-05 -0.0110201 0.00506584 -0.0132563 0.00233467 0.00727239 -0.0143625 0.00281443 0.00841178 0.00341661 -0.000362207 -0.00017815 0.00232484 0.00446809 -0.00271126 0.00298355 -0.00210691 0.00542552 0.00399644 0.000977606 0.00253474 0.00158017 0.00397388 0.00262932 0.00401083 0.00939978 0.0128105 0.00905632 0.00871986 0.00752002
internal_weight=44851.2 14222.5 30628.8 11755.9 13687.3 16941.5 10839.1 13180.2 12046.9 11743.3 2466.58 916.794 7608.43 4894.64 1599.47 2935.7 1436.91 4134.88 2457.88 4203.93 2282.2 560.406 3404.5 2135.94 2399.44 8351.27 789.058 7562.21 7044.89 1677.01
internal_count=6560 3358 3202 2996 1722 1480 2858 1604 951 1381 362 138 966 529 253 336 223 415 257 541 270 84 425 271 265 606 68 538 503 158
cat_boundaries=0 1 2 3 4 5 6
cat_threshold=33 801 706 115 163 344
is_linear=0
shrinkage=0.05


Tree=36
num_leaves=31
num_cat=6
split_feature=2 2 2 2 9 2 6 6 9 8 9 8 0 7 9 8 0 3 3 9 7 4 3 9 8 6 2 6 4 6
split_gain=1139.16 101.863 40.2327 25.7765 12.0286 9.64248 8.26823 7.28713 6.01256 5.16374 4.82133 4.64497 4.50602 4.45605 3.72091 3.37103 3.34228 4.31794 3.11567 3.06738 3.66058 4.05436 2.98465 3.14277 3.30332 4.61373 5.25697 3.27149 9.43287 2.80722
threshold=2.2142857142857149 4.6428571428571432 1.5000000000000002 7.0714285714285721 0 3.9285714285714293 -1.0000000180025095e-35 0.37940952255126054 1 0.40081179838971209 2 0.30186166507344808 2.5000000000000004 -0.70710678118654757 3 0.095306067757215937 9.5000000000000018 2.6457513110645916 1.5118578920369108 4 0.60355339059327384 3.5000000000000004 1.0000000000000009 5 0.27933612258163404 -0.60355339059327362 3.3571428571428572 -0.91597561503675329 3.5000000000000004 1.0000000180025095e-35
decision_type=2 2 2 2 1 2 2 2 1 2 1 2 2 2 1 2 2 2 2 1 2 2 2 1 2 2 2 2 2 2
left_child=2 5 4 10 12 22 -6 18 -5 16 11 -3 -1 -8 -15 -7 -10 -18 -4 -17 21 -21 -2 24 -24 -26 -27 28 -25 -12
right_child=1 3 7 8 6 15 13 -9 9 -11 29 -13 -14 14 -16 19 17 -19 -20 20 -22 -23 23 27 25 26 -28 -29 -30 -31
leaf_value=-0.01088191923232284 0.0049568501988315698 0.0043633174400890826 -0.0056779411883150048 0.0093266444016986867 -0.0031978883489722307 -0.0018352821133288241 -0.011670294050831575 -0.010203992726158758 0.0051086487196265818 0.0099459580350115869 0.005762848368631359 -0.001109398581086203 -0.0013509483844948795 -0.017212386580487064 -0.01441813088729558 0.0058661981850403246 0.0043335434126836108 0.010305427607959121 -0.00023360700561485742 0.0059288639878439953 -0.00095850004971871757 -0.00030479671355776515 -0.0010603510170643492 0.0079019235559137316 -0.000944569045962603 0.0018139217180541502 0.012342995012197846 -0.0022771542093647313 -0.0059701502181478154 0.0033048240024891383
leaf_weight=1638.3044972419739 226.61565208435059 1145.8390107154846 861.55922889709473 6693.0360355377197 147.9332537651062 347.91710329055786 843.53100967407227 772.63517951965332 2682.2176122665405 1132.990571975708 8296.2558183670044 586.00666952133179 134.16634273529053 2864.9696021080017 4840.4123003482819 850.00632381439209 469.77642440795898 851.01071071624756 378.11551570892334 773.77918195724487 607.43758773803711 393.48457098007202 1159.0769309997559 290.2430477142334 406.11778879165649 279.62120389938354 205.79862403869629 3409.8803477287292 212.09903001785278 1350.674614906311
leaf_count=394 33 128 160 446 27 43 208 181 228 91 847 67 32 809 1335 103 37 69 66 91 75 49 178 42 61 45 29 515 32 139
internal_value=-3.52291e-05 0.00491289 -0.0128677 0.00667522 -0.0141122 0.000448845 -0.0149005 -0.00639274 0.00830954 0.0069524 0.00497623 0.00249709 -0.0101035 -0.0151204 -0.0154981 0.00278942 0.00612248 0.00818135 -0.00401735 0.00340245 0.0021771 0.0038275 -0.000675271 -0.000889318 0.000696272 0.00298784 0.00627783 -0.0017178 0.00204485 0.00541309
internal_weight=44851.5 32369.9 12481.6 23207.8 10469.3 9162.08 8696.85 2012.31 11829 5136 11378.8 1731.85 1772.47 8548.91 7705.38 2972.62 4003 1320.79 1239.67 2624.71 1774.7 1167.26 6189.45 5962.84 2050.61 891.538 485.42 3912.22 502.342 9646.93
internal_count=6560 3348 3212 2052 2805 1296 2379 407 871 425 1181 195 426 2352 2144 361 334 106 226 318 215 140 935 902 313 135 74 589 74 986
cat_boundaries=0 1 2 3 4 5 6
cat_threshold=33 33 24 28 417 675
is_linear=0
shrinkage=0.05


Tree=37
num_leaves=31
num_cat=5
split_feature=2 2 2 2 9 2 6 6 9 8 1 0 9 1 7 8 0 9 3 8 8 3 1 7 3 4 3 6 2 9
split_gain=1092.31 95.6925 39.5778 24.0222 11.9196 9.14847 8.13234 7.07617 5.57495 4.7966 4.5895 5.56414 4.52496 4.47435 4.42371 4.39142 4.38336 3.74273 3.39685 3.19226 3.14992 3.14863 3.00546 4.51792 4.01737 3.19526 2.99287 2.91334 4.77049 2.88633
threshold=2.2142857142857149 4.6428571428571432 1.5000000000000002 7.0714285714285721 0 3.9285714285714293 -1.0000000180025095e-35 0.37940952255126054 1 0.40081179838971209 10.500000000000002 9.5000000000000018 2 7.5000000000000009 -0.70710678118654757 0.30186166507344808 2.5000000000000004 3 2.609506430251479 0.095306067757215937 0.1960593970239147 2.7602622373694188 10.500000000000002 0.60355339059327384 3.3022358947782506 4.5000000000000009 1.5118578920369108 -0.5 11.071428571428573 4
decision_type=2 2 2 2 1 2 2 2 1 2 2 2 1 2 2 2 2 1 2 2 2 2 2 2 2 2 2 2 2 1
left_child=2 5 4 12 16 -2 -6 26 22 10 11 13 15 18 -8 -3 -1 -16 -10 -7 -15 -13 23 25 -25 -5 -4 28 -24 -21
right_child=1 3 7 8 6 19 14 -9 9 -11 -12 21 -14 20 17 -17 -18 -19 -20 29 -22 -23 27 24 -26 -27 -28 -29 -30 -31
leaf_value=-0.010729316186043456 -0.00065911215980294085 0.0042362184803465697 -0.005568891809060228 0.010366036510568173 -0.0031286028830653902 -0.0017930427942985543 -0.011515825245526839 -0.010053992500213469 0.006996315642166003 0.0096017994064619 0.0030963155693046135 0.0065307328333719661 0.0052498135713945201 0.0049474459478180775 -0.017080615988201941 -0.0010830691808987553 -0.0013192088300410193 -0.014267250856259048 0.0012540761540524449 0.005688735211426937 0.010837822016940793 0.012422341229845382 0.013790576113651915 0.0087542558572155614 0.0019413359793161045 0.0065750380673101688 -0.00022786048589093055 0.0077650674139077246 0.0092418494607969144 0.002118220442977093
leaf_weight=1620.5733118057251 6185.3145751953125 1150.8495903015137 856.68121004104614 1611.0104837417603 147.46093654632568 347.27915811538696 833.74397850036621 764.79131007194519 403.76324844360352 1144.3154745101929 1052.7981634140015 374.68114471435547 9699.3496475219727 429.86614418029785 2816.0785331726074 585.35691356658936 133.98521614074707 4771.1231944561005 711.18189144134521 855.00728225708008 480.83545207977295 574.47186756134033 937.34202194213867 381.13930702209473 500.54908466339111 848.60981178283691 378.02719593048096 980.23175811767578 1496.8691415786743 1778.6007385253906
leaf_count=394 935 128 160 109 27 43 208 181 35 91 83 30 986 36 809 67 32 1335 63 103 40 47 61 30 39 59 66 63 85 215
internal_value=-3.5437e-05 0.00476702 -0.0127132 0.00646565 -0.0139603 0.000437471 -0.0147518 -0.00627462 0.00803551 0.00673211 0.00593349 0.00693758 0.00482823 0.00545736 -0.0149729 0.00242885 -0.00995399 -0.0153528 0.00333356 0.00271287 0.00805747 0.0100966 0.00901003 0.00795729 0.00488645 0.00905808 -0.00393364 0.0100666 0.0109934 0.00330704
internal_weight=44851.9 32529.4 12322.5 23363.2 10323 9166.2 8568.41 1999.5 11927.7 5171.91 4027.6 2974.8 11435.6 2025.65 8420.95 1736.21 1754.56 7587.2 1114.95 2980.89 910.702 949.153 6755.75 3341.31 881.688 2459.62 1234.71 3414.44 2434.21 2633.61
internal_count=6560 3348 3212 2052 2805 1296 2379 407 871 425 334 251 1181 174 2352 195 426 2144 98 361 76 77 446 237 69 168 226 209 146 318
cat_boundaries=0 1 2 3 4 5
cat_threshold=33 33 24 28 417
is_linear=0
shrinkage=0.05


Tree=38
num_leaves=31
num_cat=6
split_feature=2 2 2 2 9 2 6 6 9 7 0 9 9 1 0 6 7 7 4 7 9 3 4 6 3 3 3 9 1 7
split_gain=1047.37 89.9194 38.917 22.3941 11.8058 8.68101 7.99575 6.86887 5.17128 4.38965 4.26259 4.249 3.76205 3.20484 5.52923 3.97633 3.22573 2.90244 5.30993 2.88799 3.8858 6.36894 4.3706 4.94307 3.61941 2.87433 2.83039 3.17692 3.57415 3.55639
threshold=2.2142857142857149 4.6428571428571432 1.5000000000000002 7.0714285714285721 0 3.9285714285714293 -1.0000000180025095e-35 0.37940952255126054 1 -0.70710678118654757 2.5000000000000004 2 3 10.500000000000002 9.5000000000000018 -0.98296291314453399 0.60355339059327384 0.1294095225512602 3.5000000000000004 0.91597561503675351 4 2.6947885345327536 4.5000000000000009 -0.78656609248549303 2.3247636217416905 1.5118578920369108 1.0000000000000009 5 2.5000000000000004 -0.9159756150367534
decision_type=2 2 2 2 1 2 2 2 1 2 2 1 1 2 2 2 2 2 2 2 1 2 2 2 2 2 2 1 2 2
left_child=2 5 4 11 10 26 -6 25 -5 -8 -1 17 -11 14 15 -10 -17 18 -3 20 21 -7 23 -22 -25 -4 -2 28 29 -28
right_child=1 3 7 8 6 19 9 -9 13 12 -12 -13 -14 -15 -16 16 -18 -19 -20 -21 22 -23 -24 24 -26 -27 27 -29 -30 -31
leaf_value=-0.010577219390867788 0.004829112101561177 0.0034707540301175798 -0.0054613335601056585 0.0087063693159317151 -0.0030606037691987293 0.0031711523845072498 -0.011361623878090754 -0.0099046927977081336 0.0011209683600142224 -0.016947607470534167 -0.0012881738157515931 0.0050924791416358155 -0.014115801877243131 0.0045162108173861784 0.0099175078858016689 0.0076887875977153172 0.0026706641031226932 0.0042720572957273576 -0.0048247413900633709 -0.0020123031257203716 0.0064802406534098305 0.012587962703551224 -0.0025150324157475622 0.0033874386114141571 -0.0036019416071282812 -0.00022225430658622404 0.0033856737714307453 -0.0014869132171480151 0.0034414413295720172 -0.0046489136300924827
leaf_weight=1603.2785634994507 227.59168243408203 485.86539173126221 851.92370939254761 6817.015380859375 147.00030994415283 598.20536422729492 824.19780325889587 757.14062190055847 369.93886756896973 2768.3866584300995 133.80857849121094 9750.4033150672913 4703.5355997085571 1429.5218772888184 1312.3520822525024 1700.5938320159912 394.54646682739258 934.66542482376099 319.92763757705688 300.21525287628174 630.7988395690918 256.56630802154541 439.18158006668091 448.31600952148438 315.63093519210815 377.94106769561768 217.96963691711426 4567.4432873725891 794.10820007324219 374.12628698348999
leaf_count=394 33 54 160 446 27 72 208 181 31 809 32 986 1335 111 105 143 35 103 38 37 73 30 55 55 39 66 33 690 119 60
internal_value=-3.56077e-05 0.00462616 -0.0125586 0.00626388 -0.0138079 0.000426583 -0.0146025 -0.00615795 0.00777228 -0.0148246 -0.00980523 0.00468549 -0.0152066 0.00652012 0.00729574 0.00589997 0.0067438 0.00236264 0.000177156 0.0026389 0.00315825 0.00592832 0.00182487 0.00320452 0.000499719 -0.00385135 -0.000643176 -0.000852367 0.0012402 -0.00169112
internal_weight=44852.2 32685 12167.2 23514.8 10180.2 9170.15 8443.12 1987.01 12024 8296.12 1737.09 11490.9 7471.92 5206.95 3777.43 2465.08 2095.14 1740.46 805.793 2988.91 2688.7 854.772 1833.93 1394.75 763.947 1229.86 6181.24 5953.65 1386.2 592.096
internal_count=6560 3348 3212 2052 2805 1296 2379 407 871 2352 426 1181 2144 425 314 209 178 195 92 361 324 102 222 167 94 226 935 902 212 93
cat_boundaries=0 1 2 3 4 5 6
cat_threshold=33 33 24 28 449 547
is_linear=0
shrinkage=0.05


Tree=39
num_leaves=31
num_cat=3
split_feature=2 2 2 2 9 2 6 6 9 1 0 1 4 7 7 0 9 0 7 4 4 7 8 6 4 8 8 7 8 8
split_gain=1004.27 84.5417 38.2509 20.9923 11.6873 8.23405 7.85856 6.6653 5.08623 5.19504 6.26668 5.05748 5.21444 5.45463 4.3539 4.14376 3.77889 3.44403 6.43755 8.10457 7.27291 6.3068 6.89127 4.97936 3.63891 3.25866 3.06816 4.35959 3.01217 2.96793
threshold=2.2142857142857149 4.6428571428571432 1.5000000000000002 6.6428571428571432 0 3.9285714285714293 -1.0000000180025095e-35 0.37940952255126054 1 10.500000000000002 9.5000000000000018 10.500000000000002 3.5000000000000004 0.60355339059327384 -0.70710678118654757 2.5000000000000004 2 4.5000000000000009 -0.12940952255126037 4.5000000000000009 5.5000000000000009 0.60355339059327384 0.32367821786423551 -0.60355339059327362 2.5000000000000004 0.32541777490528317 0.30556668825806638 0.1294095225512602 0.095306067757215937 0.11455791692738743
decision_type=2 2 2 2 1 2 2 2 1 2 2 2 2 2 2 2 1 2 2 2 2 2 2 2 2 2 2 2 2 2
left_child=2 5 4 17 15 -2 -6 -4 11 10 -10 12 13 -5 -8 -1 -16 21 19 -19 23 22 29 -20 -25 -23 27 -14 -7 -3
right_child=1 3 7 8 6 28 14 -9 9 -11 -12 -13 26 -15 16 -17 -18 18 20 -21 -22 25 -24 24 -26 -27 -28 -29 -30 -31
leaf_value=-0.010425672035641258 -0.00062773775762426439 0.0024342316070693521 -0.0037704616089749392 0.0093997871090519027 -0.0029938765023012162 -0.0018104219078569021 -0.011207737446557151 -0.0097561349628039976 0.0054674688427345164 0.0028669496512820076 0.010417521155981489 0.0093539881271703668 0.0040975238966439531 0.0048589383301344278 -0.01681338698918174 -0.0012578293380009166 -0.013963827459062411 0.0046525051687506726 0.0067322532740991467 -0.0015262497234932123 0.012097076236630144 -0.0030679127693012584 0.00061713737178166873 -0.0015439812142657786 0.0058020781185008823 0.0034338059191168983 0.0026201245429351653 0.0097617231046900725 0.0031403481139508772 0.007457481288085749
leaf_weight=1586.409734249115 6177.2960529327393 390.63221025466919 1225.1408233642578 2566.5332269668579 146.55109071731567 347.54135608673096 814.88655376434326 749.67838716506958 2274.172513961792 1097.6229124069214 889.44279098510742 3961.0039052963257 793.38221740722656 890.92625713348389 2721.8644607067108 133.63631963729858 4637.6080105304718 2593.1278638839722 2103.8278064727783 667.2956109046936 496.93523120880127 542.24570894241333 842.94822931289673 369.33197975158691 310.1398458480835 298.97671127319336 790.54580593109131 594.08536720275879 2649.3036885261536 1189.3425068855286
leaf_count=394 935 41 226 189 27 43 208 181 199 85 72 247 61 72 809 32 1335 265 210 75 46 62 90 44 30 33 61 44 318 126
internal_value=-3.57395e-05 0.0044901 -0.0124039 0.00606981 -0.013655 0.000415605 -0.0144525 -0.00604274 0.0073225 0.00581719 0.00685916 0.00797655 0.00702254 0.00822969 -0.0146756 -0.00965725 -0.0150595 0.00429931 0.00496131 0.00338793 0.0065252 0.00297281 0.00426782 0.00553038 0.00180907 -0.000757154 0.00510627 0.00652282 0.00256621 0.00621554
internal_weight=44852.4 32836.7 12015.8 23662.5 10041 9174.14 8320.91 1974.82 13857.7 4261.24 3163.62 9596.48 5635.47 3457.46 8174.36 1720.05 7359.47 9804.8 6540.66 3260.42 3280.23 3264.15 2422.92 2783.3 679.472 841.222 2178.01 1387.47 2996.85 1579.97
internal_count=6560 3348 3212 2052 2805 1296 2379 407 1030 356 271 674 427 261 2352 426 2144 1022 670 340 330 352 257 284 74 95 166 105 361 167
cat_boundaries=0 1 2 3
cat_threshold=33 547 28
is_linear=0
shrinkage=0.05


Tree=40
num_leaves=31
num_cat=5
split_feature=2 2 2 2 9 2 8 9 7 9 2 3 2 7 4 4 7 1 7 1 9 2 8 2 3 7 9 4 0 8
split_gain=963.417 72.6619 35.9174 18.554 13.2338 9.02678 5.70336 4.99395 4.96948 5.11693 4.68344 4.45637 4.21475 3.83188 4.81874 4.40282 10.9232 10.9935 3.79736 3.69728 3.48799 3.03945 2.99485 3.59849 2.97136 2.75269 3.79173 5.0569 3.0589 7.08641
threshold=2.2142857142857149 4.6428571428571432 1.5000000000000002 7.6428571428571432 0 3.9285714285714293 0.70885705491653817 1 -0.70710678118654757 2 10.928571428571431 1.0000000000000009 1.0714285714285716 -0.37940952255126015 4.5000000000000009 4.5000000000000009 0.78656609248549303 2.5000000000000004 0.78656609248549303 10.500000000000002 3 1.9285714285714288 0.16986667569563149 3.3571428571428572 2.7211375645779543 0.91597561503675351 4 3.5000000000000004 3.5000000000000004 0.18875845997418905
decision_type=2 2 2 2 1 2 2 1 2 1 2 2 2 2 2 2 2 2 2 2 1 2 2 2 2 2 1 2 2 2
left_child=2 5 4 7 -1 11 10 19 -6 12 -5 -2 -10 14 -13 16 17 -15 -17 24 -4 -22 -16 -24 -3 26 27 -7 -28 -30
right_child=1 3 20 6 8 25 -8 -9 9 -11 -12 13 -14 15 22 18 -18 -19 -20 -21 21 -23 23 -25 -26 -27 28 -29 29 -31
leaf_value=-0.0092278334717516095 0.0069676333026691198 0.0060726363187861123 -0.0099698442736994141 0.0064639098314022026 -0.010665636452804293 0.003688895034510259 0.012391215432116437 0.0035742212687127311 -0.017192742212961486 -0.013548056496234129 0.0089605190038773534 -0.00064853105834230206 -0.0087165590707080909 0.013874537263475798 -0.0008532442806812034 -0.00067188662087190967 -0.0036299397918740602 0.00030634219184816461 0.0077044101118925014 0.0095193412320652895 -0.0066077517774438118 -0.0019657549796947018 -0.0092099510501499528 -0.0010403754186784067 0.003986633077497693 -0.0016933288788597936 0.007692856534026616 -0.0040269609200402909 -0.003156760574937786 0.0055496378726915697
leaf_weight=1672.4284720420837 194.98757123947144 4213.3329463005066 481.155925989151 6087.5893812179565 815.46901941299438 543.51331996917725 570.92223072052002 6112.4277143478394 2677.9206762313843 4608.1478695869446 2716.7974557876587 2818.3594264984131 155.15705037117004 214.44921398162842 327.41045904159546 213.18538093566895 1040.1274328231812 491.33485507965088 370.38545036315918 540.05102157592773 993.33132028579712 546.72269868850708 444.96192073822021 193.36757755279541 2869.9435067176819 298.23733711242676 581.14289474487305 348.51908254623413 316.06868314743042 897.00408172607422
leaf_count=418 28 410 111 448 207 65 39 629 809 1345 157 429 36 32 52 32 161 71 49 44 210 100 72 29 279 37 70 44 38 105
internal_value=-0.000142904 0.00433215 -0.0122773 0.00583354 -0.0135141 0.000598326 0.00754833 0.00466311 -0.0143537 -0.0147772 0.0072343 -0.000473505 -0.0166697 -0.000710834 -0.00169298 0.000884602 -0.000372126 0.00442898 0.00464445 0.00552425 -0.00620181 -0.00492783 -0.00474104 -0.00673516 0.00522745 0.00286395 0.00336992 0.000666817 0.004684 0.00328117
internal_weight=44354.5 32404.1 11950.3 23111.1 9929.12 9293.05 9375.31 13735.8 8256.69 7441.23 8804.39 6308.57 2833.08 6113.58 3784.1 2329.48 1745.91 705.784 583.571 7623.33 2021.21 1540.05 965.74 638.329 7083.28 2984.49 2686.25 892.032 1794.22 1213.07
internal_count=6556 3320 3236 2006 2815 1314 644 1362 2397 2190 605 955 845 927 582 345 264 103 81 733 421 310 153 101 689 359 322 109 213 143
cat_boundaries=0 1 2 3 4 5
cat_threshold=33 611 28 34 42
is_linear=0
shrinkage=0.05


Tree=41
num_leaves=31
num_cat=5
split_feature=2 2 6 2 9 7 2 9 3 8 9 2 3 7 6 5 5 1 1 8 2 3 7 9 3 0 8 1 7 9
split_gain=923.875 68.3544 36.8439 17.3214 16.9653 11.5907 8.55797 6.61672 6.23432 5.27517 4.68119 4.35199 4.21298 3.64866 5.96459 7.05829 4.61603 3.44393 2.91838 2.88397 3.48148 2.78198 2.60547 3.57386 3.59322 2.86301 6.70041 3.71595 2.67617 2.50642
threshold=2.2142857142857149 4.6428571428571432 -1.0000000180025095e-35 7.6428571428571432 0 -0.70710678118654757 3.9285714285714293 1 1.4638501094227998 0.70885705491653817 2 10.928571428571431 1.0000000000000009 -0.37940952255126015 -0.37940952255126059 1.0000000180025095e-35 1.0000000180025095e-35 10.500000000000002 5.5000000000000009 0.16986667569563149 3.3571428571428572 2.7211375645779543 0.91597561503675351 3 1.8126539343499324 3.5000000000000004 0.18875845997418905 5.5000000000000009 -0.37940952255126015 4
decision_type=2 2 2 2 1 2 2 1 2 2 1 2 2 2 2 2 2 2 2 2 2 2 2 1 2 2 2 2 2 1
left_child=2 6 -1 10 -4 8 12 -7 -6 11 17 -5 -2 16 18 -16 -14 21 -15 -18 -21 -3 23 24 -8 28 -27 -28 -25 -23
right_child=1 3 4 9 5 7 22 -9 -10 -11 -12 -13 13 14 15 -17 19 -19 -20 20 -22 29 -24 25 -26 26 27 -29 -30 -31
leaf_value=-0.0030323451590486463 0.006746854173222034 0.0058855489355379032 -0.0090665345012655215 0.0062622859133917826 -0.011021355668969031 -0.016959061352350802 0.0056877141203654598 -0.0134586797055882 -0.0011205370336207275 0.011932854433527106 0.0034730470760375633 0.0086590974435918778 -0.00063284404256156519 0.0036291449532411899 -0.0055506938599378629 0.0051204393803373277 -0.00083277820879895789 0.0091939164459949093 -0.0022489797345331079 -0.0090654334314372708 -0.0010156131894138985 0.0019463040465738776 -0.0016541188510333237 0.004165560452481747 -0.0013434518683974484 -0.0030882375960676724 0.0032720608220258179 0.010263940263163029 0.010928704640835578 0.0050366042406209816
leaf_weight=1018.4925174713135 196.35091733932495 4238.9968395233154 2353.0609040260315 6127.0664558410645 927.00490665435791 2689.8402752876282 253.95698356628418 4624.6157965660095 191.91244316101074 578.04066276550293 6134.3139610290527 2741.2507762908936 2816.5322241783142 1291.3581552505493 575.7688045501709 212.02212572097778 327.13121604919434 545.2165002822876 252.43259334564209 440.88265800476074 193.16650915145874 1108.4932255744934 297.73275136947632 301.77798414230347 638.68343734741211 315.07250070571899 629.86351680755615 272.1324520111084 283.85280561447144 1772.9145317077637
leaf_count=185 28 410 584 448 235 827 31 1366 39 39 629 157 429 190 91 29 52 44 35 72 29 111 37 36 78 38 74 31 34 168
internal_value=-0.000140392 0.00420591 -0.0121227 0.00565517 -0.012981 -0.0140459 0.000582841 -0.0147875 -0.0093232 0.00730481 0.00452595 0.00700315 -0.000462211 -0.000693908 0.00086145 -0.00267872 -0.00165387 0.00535699 0.00266798 -0.00464575 -0.00661301 0.00507072 0.0027845 0.0032748 0.000649643 0.00454587 0.00318888 0.00538151 0.00744363 0.00387198
internal_weight=44349.9 32545 11804.9 23246.3 10786.4 8433.37 9298.72 7314.46 1118.92 9446.36 13799.9 8868.32 6305.65 6109.29 2331.58 787.791 3777.71 7665.62 1543.79 961.18 634.049 7120.4 2993.07 2695.34 892.64 1802.7 1217.07 901.996 585.631 2881.41
internal_count=6556 3320 3236 2006 3051 2467 1314 2193 274 644 1362 605 955 927 345 120 582 733 225 153 101 689 359 322 109 213 143 105 70 279
cat_boundaries=0 1 2 3 4 5
cat_threshold=33 28 611 42 514
is_linear=0
shrinkage=0.05


Tree=42
num_leaves=31
num_cat=4
split_feature=2 2 6 9 2 7 2 9 3 9 7 4 6 4 3 3 7 6 4 4 1 1 3 7 9 4 3 0 7 1
split_gain=885.951 64.3246 36.0536 16.7463 16.1782 11.458 8.1136 6.61479 6.05896 4.39113 4.05093 8.87057 7.21992 5.0429 4.25901 3.9836 3.4746 5.66773 6.73323 4.42116 3.20962 2.76396 2.60409 2.4664 3.36907 4.79775 2.68803 2.6809 2.48712 2.375
threshold=2.2142857142857149 4.6428571428571432 -1.0000000180025095e-35 0 7.6428571428571432 -0.70710678118654757 3.9285714285714293 1 1.4638501094227998 2 0.60355339059327384 4.5000000000000009 -0.91597561503675329 3.5000000000000004 3.9761191895520214 1.0000000000000009 -0.37940952255126015 -0.37940952255126059 4.5000000000000009 4.5000000000000009 10.500000000000002 5.5000000000000009 2.7211375645779543 0.91597561503675351 3 3.5000000000000004 2.2200321333125124 3.5000000000000004 -0.37940952255126015 5.5000000000000009
decision_type=2 2 2 1 2 2 2 1 2 1 2 2 2 2 2 2 2 2 2 2 2 2 2 2 1 2 2 2 2 2
left_child=2 6 -1 -4 9 8 15 -7 -5 20 11 14 -13 -12 -6 -2 19 21 -19 -17 22 -18 -3 24 25 26 -8 28 -26 -29
right_child=1 4 3 5 10 7 23 -9 -10 -11 13 12 -14 -15 -16 16 17 18 -20 -21 -22 -23 -24 -25 27 -27 -28 29 -30 -31
leaf_value=-0.0029661490829502469 0.0065345317459720546 0.0057053063197362811 -0.0089235842922580615 -0.010868332154962235 0.0077539800969946629 -0.016824958523314885 0.0069192155605325174 -0.013304949295088943 -0.0010939554254553547 0.0033750814741193174 0.0025978421199416247 0.0013944907396738759 0.007571310876431832 0.0084899164630485319 0.010943231220076436 -0.00061752661603495013 0.0035260524975898825 -0.0054433868345063873 0.00496747580597058 -0.0045519308863485467 0.0088825438038646117 -0.0021981399858629 0.0037617279836624651 -0.0016157528137096704 0.0040450319426825216 -0.0039542335162101117 -0.00010465096470040708 0.0016228648158470582 0.010540044045359746 0.0063929098187772461
leaf_weight=1015.40877866745 197.68014812469482 4264.0192174911499 2331.8232159614563 916.84415316581726 4709.4756412506104 2644.6077172756195 285.05300951004028 4562.7915194034576 191.69751906394958 6155.6557807922363 995.36563205718994 928.54738616943359 964.48902320861816 571.7427339553833 1346.0061359405518 2814.7503623962402 1296.0531949996948 572.58174753189087 213.11055707931519 956.73325634002686 550.25228500366211 251.86551713943481 2892.5193147659302 297.24067115783691 303.03767776489258 347.30486154556274 260.87363386154175 843.03229808807373 286.97196245193481 377.93651342391968
leaf_count=185 28 410 584 235 315 827 34 1366 39 629 74 67 67 40 81 429 190 91 29 153 44 35 279 37 36 44 31 100 34 43
internal_value=-0.000137905 0.00408394 -0.0119683 -0.0128267 0.00548333 -0.0138938 0.000567798 -0.0146383 -0.00917807 0.00439357 0.00707089 0.00752897 0.00454154 0.0047475 0.00846288 -0.000451113 -0.000677305 0.000839109 -0.00261955 -0.00161559 0.00519595 0.00259466 0.00491975 0.00270742 0.00318261 0.00063297 0.00356283 0.00441232 0.00720411 0.00309938
internal_weight=44345.5 32682.3 11663.2 10647.8 23378.1 8315.94 9304.23 7207.4 1108.54 13862.4 9515.63 7948.52 1893.04 1567.11 6055.48 6302.77 6105.09 2333.61 785.692 3771.48 7706.79 1547.92 7156.54 3001.45 2704.21 893.232 545.927 1810.98 590.01 1220.97
internal_count=6556 3320 3236 3051 2006 2467 1314 2193 274 1362 644 530 134 114 396 955 927 345 120 582 733 225 689 359 322 109 65 213 70 143
cat_boundaries=0 1 2 3 4
cat_threshold=33 28 611 42
is_linear=0
shrinkage=0.05


Tree=43
num_leaves=31
num_cat=3
split_feature=2 2 6 2 9 2 9 8 9 3 2 2 6 4 3 4 8 4 4 8 4 4 6 6 0 0 4 3 8 4
split_gain=849.548 60.5479 35.267 20.173 16.5223 9.94364 6.08811 4.78959 4.01147 7.04896 3.91298 3.81776 4.13129 3.7707 3.76738 3.74788 3.28194 3.11998 3.053 2.96782 2.46335 5.90965 6.09676 5.82871 4.57066 2.95066 4.03554 4.41432 2.45 2.44694
threshold=2.2142857142857149 3.9285714285714293 -1.0000000180025095e-35 7.6428571428571432 0 1.7857142857142858 1 0.70885705491653817 2 1.8126539343499324 10.928571428571431 5.5000000000000009 -0.91597561503675329 4.5000000000000009 1.0000000000000009 1.0000000180025095e-35 0.50736915055398313 5.5000000000000009 3.5000000000000004 0.25833650015791426 2.5000000000000004 3.5000000000000004 -0.78656609248549303 -0.91597561503675329 6.5000000000000009 4.5000000000000009 5.5000000000000009 2.7342623276105904 0.63980975727213563 1.5000000000000002
decision_type=2 2 2 2 1 2 1 2 1 2 2 2 2 2 2 2 2 2 2 2 2 2 2 2 2 2 2 2 2 2
left_child=2 14 -1 8 -4 6 -6 10 9 -3 29 12 18 15 -2 19 20 -11 -10 -14 24 22 -22 -23 -13 -25 27 -27 -18 -5
right_child=1 3 4 7 5 -7 -8 -9 11 17 -12 16 13 -15 -16 -17 28 -19 -20 -21 21 23 -24 25 -26 26 -28 -29 -30 -31
leaf_value=-0.0029012035130736684 0.0063302524720299418 0.0087497429511538671 -0.0087816278171975702 0.0072634155765210042 -0.012450946993722636 -0.0028866748295062316 -0.015542251169307953 0.011211656600636609 0.0071386777186650558 0.0017015451518603956 0.0081164176114275656 0.0059814520912074487 0.0016505805478177482 0.0050950990660495604 -0.00066105570847034502 0.00094239594284919776 -0.00098605217019912136 -0.0039686807902993143 0.0022769719899878725 0.0084024515336567594 0.013333260225228436 0.0011411657735822555 0.0058744844117325778 0.0028815438973938249 0.002449698758154757 0.0028334169904906544 0.010944223733617626 0.0095874806145692364 0.0041056413517980691 0.0051582776755998453
leaf_weight=1012.4013819694519 198.97612285614014 333.54171562194824 2311.1075484752655 2072.1235647201538 3984.7503893375397 205.0806188583374 4011.5606281757355 589.6075611114502 1021.3356533050537 1705.5641832351685 2786.4045400619507 2054.4799270629883 313.44593286514282 1114.476478099823 6100.9898223876953 2766.6047487258911 362.78667640686035 282.83004236221313 472.2160382270813 338.53201246261597 507.041916847229 729.67599105834961 596.01840782165527 467.32666492462158 1653.2885990142822 600.0864200592041 531.11956787109375 405.32594585418701 677.38252925872803 4135.0503530502319
leaf_count=185 28 37 584 148 1194 41 1232 39 106 189 157 192 36 123 927 315 33 33 55 38 42 69 55 45 152 56 46 36 63 300
internal_value=-0.000135489 0.00396594 -0.011814 0.0050128 -0.0126723 -0.0137412 -0.0140368 0.006846 0.0039753 0.00201465 0.0065598 0.00428257 0.00332088 0.00256945 -0.000440244 0.00174608 0.00496269 0.00089501 0.00560155 0.00515641 0.0053257 0.00621389 0.00930305 0.00496732 0.00440665 0.00636056 0.00741868 0.00555628 0.00232978 0.00586103
internal_weight=44341.1 32816.2 11524.9 26516.3 10512.5 8201.39 7996.31 9583.19 16933.1 2321.94 8993.58 14611.1 6026.61 4533.06 6299.97 3418.58 8584.53 1988.39 1493.55 651.978 7544.36 3836.59 1103.06 2733.53 3707.77 2003.86 1536.53 1005.41 1040.17 6207.17
internal_count=6556 3320 3236 2365 3051 2467 2426 644 1721 259 605 1462 673 512 955 389 789 222 161 74 693 349 97 252 344 183 138 92 96 448
cat_boundaries=0 1 2 3
cat_threshold=33 834 12
is_linear=0
shrinkage=0.05


Tree=44
num_leaves=31
num_cat=3
split_feature=2 2 6 9 2 2 2 9 8 9 2 3 0 1 6 6 1 6 8 3 4 2 0 4 3 6 8 4 6 8
split_gain=814.602 57.099 34.4844 16.2934 14.1184 9.75507 7.25531 6.06284 4.44164 4.0092 3.64401 3.56344 3.02495 4.97933 2.68052 2.73841 2.33207 2.30905 2.92221 4.79349 3.51576 3.17725 3.18816 3.32019 2.35936 2.29673 5.55119 3.73184 2.28402 4.34758
threshold=2.2142857142857149 4.6428571428571432 -1.0000000180025095e-35 0 7.6428571428571432 1.7857142857142858 3.9285714285714293 1 0.70885705491653817 2 10.928571428571431 1.0000000000000009 4.5000000000000009 8.5000000000000018 -0.91597561503675329 -0.5 1.0000000180025095e-35 1.0000000180025095e-35 0.21383974548520426 1.9148542155126764 1.0000000180025095e-35 6.7857142857142865 3.5000000000000004 2.5000000000000004 2.7559425675602971 -0.25881904510252113 0.2944248289310793 2.5000000000000004 0.25881904510252091 0.20477470605459988
decision_type=2 2 2 1 2 2 2 1 2 1 2 2 2 2 2 2 2 2 2 2 2 2 2 2 2 2 2 2 2 2
left_child=2 6 -1 -4 9 7 11 -5 10 12 -6 -2 14 25 -3 -16 -13 18 19 -11 -20 22 -21 24 -24 -14 27 -27 -18 -30
right_child=1 4 3 5 8 -7 -8 -9 -10 17 -12 16 13 -15 15 -17 28 -19 20 21 -22 -23 23 -25 -26 26 -28 -29 29 -31
leaf_value=-0.0028374933849904006 0.0061336275393100628 0.0065838699840419096 -0.008640697904838443 -0.012296254955526572 0.0056816643721320712 -0.0028232420656077364 0.0025519924734302632 -0.015397149264792388 0.010809834640244126 0.0090694422847892274 0.0078500989616891483 -0.0052712876006034259 0.0040406251872335498 0.0082398448073830229 -0.00014157066021651006 0.0040281498562330853 4.6529263318510288e-05 7.9924091636454964e-05 0.006514520704781479 0.00017596440298971562 0.0017744247010106811 -0.00059900213735781898 0.0058938427891108676 0.0082017729908369485 -0.00015772918845659379 0.0056304908420803266 0.0020298822851608045 0.012916622307238425 -0.0065622669671166756 -0.00011531717423091547
leaf_weight=1009.4684643745422 200.2396879196167 479.09894847869873 2290.9011425971985 3935.4440755844116 6243.6642551422119 204.48947072029114 3018.488082408905 3949.6940271854401 596.25524139404297 511.81892347335815 2809.1121835708618 260.76315975189209 3268.1107749938965 1292.7472229003906 664.29856491088867 966.82255697250366 4705.3773565292358 547.99053478240967 457.82599830627441 327.93140268325806 2687.5971059799194 361.11865234375 356.40925693511963 655.44412899017334 293.86090850830078 343.07562923431396 407.68233680725098 360.30415153503418 410.57648801803589 720.24105501174927
leaf_count=185 28 45 584 1194 448 41 359 1232 39 52 157 43 314 104 67 99 703 58 47 35 273 32 36 66 30 32 39 33 65 116
internal_value=-0.000133105 0.00385177 -0.0116598 -0.0125178 0.00515867 -0.0135882 0.000536554 -0.0138846 0.00662985 0.00414342 0.00635454 -0.000429523 0.00490561 0.00551319 0.00329576 0.00232997 -0.000645074 0.00317369 0.00347927 0.00475284 0.00246436 0.00364528 0.00458348 0.00569043 0.0031591 0.00470828 0.00667212 0.00936279 -0.000438373 -0.00245607
internal_weight=44336.9 32946.9 11390 10380.5 23631.2 8089.63 9315.69 7885.14 9649.03 13982.1 9052.78 6297.2 7782.14 5671.92 2110.22 1631.12 6096.96 6200 5652.01 2506.58 3145.42 1994.76 1633.65 1305.71 650.27 4379.17 1111.06 703.38 5836.19 1130.82
internal_count=6556 3320 3236 3051 2006 2467 1314 2426 644 1362 605 955 733 522 211 166 927 629 571 251 320 199 167 132 66 418 104 65 884 181
cat_boundaries=0 1 2 3
cat_threshold=33 834 611
is_linear=0
shrinkage=0.05


Tree=45
num_leaves=31
num_cat=4
split_feature=2 2 2 2 9 6 7 7 7 9 9 6 4 8 7 6 6 4 9 7 6 4 7 4 7 7 4 3 4 2
split_gain=775.24 55.7962 32.1418 14.5849 11.2947 7.95766 5.92541 5.35404 6.04691 5.22302 4.09445 9.87973 4.27232 4.08734 4.02149 3.90869 4.5915 3.83947 4.21228 3.49016 3.42176 17.4858 11.4188 8.47256 20.9651 7.23837 7.22219 5.27849 4.44315 4.62292
threshold=2.2142857142857149 4.3571428571428585 1.2142857142857146 8.9285714285714306 0 -1.0000000180025095e-35 -0.9159756150367534 -0.98296291314453399 -0.37940952255126015 1 2 -0.37940952255126059 4.5000000000000009 0.094036794843479279 -0.70710678118654757 1.0000000180025095e-35 -0.25881904510252113 4.5000000000000009 3 -0.78656609248549325 -0.78656609248549303 4.5000000000000009 0.1294095225512602 4.5000000000000009 0.60355339059327384 0.78656609248549303 2.5000000000000004 2.8618887078569801 1.5000000000000002 7.7857142857142865
decision_type=2 2 2 2 1 2 2 2 2 1 1 2 2 2 2 2 2 2 1 2 2 2 2 2 2 2 2 2 2 2
left_child=2 7 4 9 -1 -4 -7 -2 17 -3 12 13 -10 -12 -6 16 20 18 -9 -19 21 26 -23 25 -25 -22 28 -26 29 -11
right_child=1 3 5 -5 14 6 -8 8 10 15 11 -13 -14 -15 -16 -17 -18 19 -20 -21 23 22 -24 24 27 -27 -28 -29 -30 -31
leaf_value=-0.015296018099674688 0.0046448864365920802 0.0017700764944688409 -0.0032255785354540047 0.0067914359877407644 -0.0043319936149671832 -0.0021941956173192746 -0.0098768166777125251 0.0011310465042628749 0.001863421196811944 0.0051228764086334901 -0.0039598626600778012 -0.006103378212505773 0.0095013926982531298 0.0028282616293666919 -0.011673330389062537 0.0023523911071245897 0.0071334575289760081 -0.0010402384431909709 -0.0026302851207032751 -0.0070738189300406503 0.0040348585339546666 -0.0038728832122677179 0.0050364276461855543 -0.0023591708976722914 0.014120702469597247 -3.8830224615408446e-05 0.0089415854888010345 0.0072742759367873449 0.0023893699077846683 0.010619405407437128
leaf_weight=3661.1825084686279 573.38376379013062 2138.485221862793 918.82466125488281 7061.829478263855 195.14792728424072 291.58293724060059 1802.3803832530975 1451.7810840606689 591.92243719100952 1699.3776531219482 258.75201654434204 496.63869142532349 265.06919956207275 1551.1148290634155 4230.0301251411438 1995.8312864303589 1725.4474992752075 428.769118309021 1510.2632040977478 543.49521398544312 2797.5905532836914 765.87647724151611 678.03550243377686 458.38704347610474 504.49335861206055 1786.9795436859131 1943.9841976165771 637.00138282775879 1037.8918685913086 493.67154407501221
leaf_count=1167 74 236 169 428 54 60 477 215 82 156 36 78 32 213 1268 197 155 67 228 87 262 79 61 48 43 194 169 52 93 37
internal_value=-6.48078e-05 0.00373996 -0.0115129 0.004856 -0.0131553 -0.00710482 -0.00880702 -2.60715e-06 -0.000378047 0.00412366 0.00124947 0.000142958 0.00417712 0.00185778 -0.011324 0.0044245 0.00471219 -0.0016867 -0.000791812 -0.00441301 0.00438588 0.00517601 0.000310771 0.00354027 0.00667306 0.00244701 0.00653351 0.0103001 0.00508462 0.00636019
internal_weight=44495.2 33396.1 11099.1 25724.9 8086.36 3012.79 2093.96 7671.19 7097.81 18663.1 3163.5 2306.51 856.992 1809.87 4425.18 16524.6 14528.7 3934.31 2962.04 972.264 12803.3 6618.84 1443.91 6184.45 1599.88 4584.57 5174.93 1141.49 3230.94 2193.05
internal_count=6517 3322 3195 2210 2489 706 537 1112 1038 1782 441 327 114 249 1322 1546 1349 597 443 154 1194 595 140 599 143 456 455 95 286 193
cat_boundaries=0 1 2 3 4
cat_threshold=156 24 834 227
is_linear=0
shrinkage=0.05


Tree=46
num_leaves=31
num_cat=4
split_feature=2 2 2 9 9 2 7 7 7 7 4 7 4 7 7 7 9 7 4 4 9 7 4 7 7 8 2 3 3 7
split_gain=743.202 52.6015 31.5672 13.7584 11.203 7.31264 5.7437 5.06972 5.75493 4.04168 17.4163 8.76206 23.3776 5.37954 3.96276 3.93171 3.87163 7.2941 3.99869 3.67676 4.06923 3.67464 4.38658 19.8953 5.17836 3.53254 3.68793 3.72072 3.36554 3.36148
threshold=2.2142857142857149 4.3571428571428585 1.2142857142857146 0 1 5.7857142857142865 -0.5 -0.98296291314453399 -0.37940952255126015 0.1294095225512602 3.5000000000000004 0.60355339059327384 4.5000000000000009 -0.78656609248549325 -0.98296291314453399 -0.70710678118654757 2 0.91597561503675351 4.5000000000000009 4.5000000000000009 3 0.78656609248549303 4.5000000000000009 0.37940952255126048 0.60355339059327384 0.094036794843479279 3.9285714285714293 2.4784787961282118 4.3670770190722736 -0.78656609248549325
decision_type=2 2 2 1 1 2 2 2 2 2 2 2 2 2 2 2 1 2 2 2 1 2 2 2 2 2 2 2 2 2
left_child=2 7 4 5 -1 -3 -4 -2 19 10 14 28 -13 -12 -7 -6 18 25 -10 20 -9 22 24 -24 -5 -18 27 -27 -11 -21
right_child=1 3 6 21 15 9 -8 8 16 11 13 12 -14 -15 -16 -17 17 -19 -20 29 -22 -23 23 -25 -26 26 -28 -29 -30 -31
leaf_value=-0.015149482633867842 0.0045082998545735191 0.0031808568170977082 -0.0047689434659578802 0.0046339567610848374 -0.0042430070782704847 0.0035092690071179579 -0.0091509064117868844 0.0024243937162076799 0.0018137278678211908 0.0079985031614668873 0.0037645800603021261 0.0019931822112760531 0.012519750072393896 -0.0012542648823704299 0.0078834040416177822 -0.011518856688363659 -0.0038770588093730712 -0.0054586541518141414 0.0091767485255408402 -0.0010154793429937796 -0.0018385301232999635 -0.00023324797061066 -0.0011610423048296224 0.0087930234851623067 0.00061263377817874314 0.0023545469086068659 0.0063055243375844845 -0.0047960048311889002 0.012075775365550368 -0.0069477749401242045
leaf_weight=3605.6071095466614 576.05325984954834 2411.6281909942627 1483.0270614624023 6879.7635440826416 194.30437350273132 608.7117977142334 1508.4487087726593 738.46070003509521 593.02646732330322 3012.6933670043945 1309.7224235534668 1912.5771503448486 728.26551628112793 901.37857055664062 3466.5468492507935 4180.9387319087982 257.72942066192627 464.62137842178345 267.5997257232666 428.323326587677 2221.2593474388123 670.84031963348389 1725.9428496360779 707.86376762390137 905.98583126068115 914.14699029922485 443.23408794403076 227.12228918075562 608.31798553466797 539.6641902923584
leaf_count=1167 74 258 320 652 54 47 386 109 82 190 97 159 52 70 244 1268 36 72 32 67 334 76 177 65 90 135 51 33 33 87
internal_value=-6.40199e-05 0.00363308 -0.011359 0.00471205 -0.013001 0.00569867 -0.00697854 -2.77425e-06 -0.000369025 0.0061871 0.00529151 0.0070862 0.0048961 0.0017186 0.00723005 -0.0111702 0.00121667 0.0001392 0.00405603 -0.0016478 -0.000772936 0.00334845 0.00358684 0.00173406 0.00416602 0.00155177 0.0024348 0.000931526 0.00868347 -0.0043228
internal_weight=44493.8 33521.5 10972.3 25850.2 7980.85 14959.8 2991.48 7671.24 7095.19 12548.2 6286.36 6261.85 2640.84 2211.1 4075.26 4375.24 3167.48 2306.85 860.626 3927.71 2959.72 10890.4 10219.6 2433.81 7785.75 1842.23 1584.5 1141.27 3621.01 967.988
internal_count=6517 3322 3195 2210 2489 1150 706 1112 1038 892 458 434 211 167 291 1322 441 327 114 597 443 1060 984 242 742 255 219 168 223 154
cat_boundaries=0 1 2 3 4
cat_threshold=291 156 834 161
is_linear=0
shrinkage=0.05


Tree=47
num_leaves=31
num_cat=3
split_feature=2 2 2 9 9 6 2 6 5 7 1 7 8 8 7 7 7 6 5 3 5 9 7 5 7 7 8 6 3 0
split_gain=712.452 49.6006 30.9899 12.9 11.1065 7.69 6.84726 6.49879 11.4218 14.1703 6.94025 5.709 5.14141 11.6341 4.80103 5.47631 3.84239 3.68379 12.152 3.6566 3.52075 3.90677 3.47059 4.13231 18.7396 4.8776 3.4571 3.39931 3.34348 5.89858
threshold=2.2142857142857149 4.3571428571428585 1.2142857142857146 0 1 -1.0000000180025095e-35 5.7857142857142865 -0.78656609248549303 1.0000000180025095e-35 0.1294095225512602 6.5000000000000009 -0.9159756150367534 0.088106513886023183 0.13575817621790323 -0.98296291314453399 -0.37940952255126015 -0.70710678118654757 -0.60355339059327362 1.0000000180025095e-35 4.1317494908358929 1.0000000180025095e-35 2 0.78656609248549303 1.0000000180025095e-35 0.37940952255126048 0.60355339059327384 0.25297822189684127 0.78656609248549325 2.2886885410853197 3.5000000000000004
decision_type=2 2 2 1 1 2 2 2 2 2 2 2 2 2 2 2 2 2 2 2 2 1 2 2 2 2 2 2 2 2
left_child=2 14 4 6 27 -4 -3 8 10 -10 -8 -7 -9 -14 -2 20 -6 28 -19 -12 21 -16 23 25 -25 -5 -20 -1 -17 -30
right_child=1 3 5 22 16 11 7 12 9 -11 19 -13 13 -15 15 17 -18 18 26 -21 -22 -23 -24 24 -26 -27 -28 -29 29 -31
leaf_value=-0.013661975680883063 0.0043763350084489892 0.0030919022146446489 -0.0030267748064606837 0.0044977412960263167 -0.0041554739309358924 -0.0020360345757667181 0.013720423685758569 0.00044547277856455693 -0.0034305308789600131 0.0070866890643717408 0.0067901725764892579 -0.0096090663269853948 0.011233685090973848 0.0045486893964097148 0.0010934125785180711 0.00520291847670453 -0.011364650228715842 -0.0030743841116367223 0.001506312481648752 0.010224402821096436 -0.0042340546206133438 -0.0025315168849708233 -0.00022751034755884539 -0.0011335465353602317 0.0084986778716832304 0.00059705188247829142 0.0094506193213064089 -0.016775380751241194 -0.0047153975398460746 0.0053819421789083046
leaf_weight=1974.5168449878693 578.65614414215088 2419.3114485740662 910.44645547866821 6911.7180461883545 193.48168396949768 289.55965614318848 542.1574239730835 583.5866641998291 507.03933620452881 869.47110557556152 2950.7166013717651 1770.673321723938 740.37203502655029 5381.5863733291626 1453.903263092041 805.80221128463745 4133.0552427768707 1234.2057776451111 250.61155223846436 1051.2451963424683 963.81631326675415 1503.5291728973389 670.6838641166687 1723.9401135444641 714.115478515625 906.54103946685791 301.92633867263794 1576.8789827823639 295.81580638885498 283.00755882263184
leaf_count=639 74 258 169 652 54 60 41 45 40 56 188 477 56 408 215 107 1268 187 32 58 154 228 76 177 65 90 38 528 41 36
internal_value=-6.32216e-05 0.00352963 -0.0112054 0.004573 -0.0128464 -0.00685358 0.005525 0.00599559 0.0072028 0.00321266 0.0084115 -0.0085447 0.00492969 0.00535715 -2.88091e-06 -0.000360162 -0.0110168 0.00118473 -0.000315396 0.00769228 -0.00160962 -0.000754328 0.00325415 0.003485 0.00168777 0.00404545 0.00584736 -0.0150021 0.00312053 0.000221555
internal_weight=44492.4 33643.8 10848.6 25972.5 7877.93 2970.68 15045.5 12626.2 5920.63 1376.51 4544.12 2060.23 6705.55 6121.96 7671.27 7092.62 4326.54 3171.37 1786.74 4001.96 3921.25 2957.43 10927 10256.3 2438.06 7818.26 552.538 3551.4 1384.63 578.823
internal_count=6517 3322 3195 2210 2489 706 1150 892 383 96 287 537 509 464 1112 1038 1322 441 257 246 597 443 1060 984 242 742 70 1167 184 77
cat_boundaries=0 1 2 3
cat_threshold=291 156 227
is_linear=0
shrinkage=0.05


Tree=48
num_leaves=31
num_cat=3
split_feature=2 2 2 9 9 6 3 7 1 9 2 3 1 7 4 6 7 4 7 7 4 7 4 6 4 6 6 0 6 2
split_gain=682.916 46.7841 30.4069 12.2185 11.0027 7.45099 6.99123 5.54125 4.68985 4.28263 4.14472 3.94859 4.7599 3.86388 7.39575 9.62962 5.0135 4.62105 3.7536 3.61845 18.2844 4.31579 9.7751 8.48875 4.41322 3.93655 3.68441 3.51686 3.38484 3.31128
threshold=2.2142857142857149 4.3571428571428585 1.2142857142857146 0 1 -1.0000000180025095e-35 2.2360679774997938 -0.9159756150367534 1.0000000180025095e-35 2 2.6428571428571437 2.8535691936340264 11.500000000000002 -0.12940952255126037 4.5000000000000009 -0.78656609248549303 -0.98296291314453399 4.5000000000000009 -0.70710678118654757 0.78656609248549303 4.5000000000000009 0.1294095225512602 4.5000000000000009 -0.25881904510252113 2.5000000000000004 -0.91597561503675329 1.0000000180025095e-35 2.5000000000000004 0.78656609248549325 6.3571428571428585
decision_type=2 2 2 1 1 2 2 2 2 1 2 2 2 2 2 2 2 2 2 2 2 2 2 2 2 2 2 2 2 2
left_child=2 8 4 6 28 -4 29 -7 -2 -5 -10 -8 -13 16 15 -15 -12 -18 -6 21 -21 22 26 -24 25 -23 -11 -19 -1 -3
right_child=1 3 5 9 18 7 11 -9 10 19 13 12 -14 14 -16 -17 17 27 -20 20 -22 24 23 -25 -26 -27 -28 -29 -30 -31
leaf_value=-0.013508361424969313 -0.006111544699091238 -0.0011876549967619135 -0.0029606836184446848 0.0015345300183735077 -0.0040693858668240466 -0.0019895795371741541 0.0085354909566372553 -0.0094621093967530556 -0.0026138313808072898 0.0050041554142744339 0.0043177211344874273 0.0047552755982373908 0.0075741294137357772 0.0088333977122665632 0.006838971715537984 -0.0013349953486806636 0.00016058828464055749 -0.0079933008201719304 -0.011210756151200953 -0.002072893136678289 0.010228152315199891 0.006193624350826786 -0.0031553516264782506 0.0038447470687794447 0.0064998595258867232 0.0022948856296277731 0.0017479605467669525 -0.0014452978987835739 -0.016639134130972143 0.0044935535888982409
leaf_weight=1947.7244820594788 301.85299491882324 444.13218688964844 907.69490528106689 2157.6808013916016 192.67934370040894 288.97070217132568 1742.8570294380188 1753.7402896881104 1080.3300199508667 4680.991886138916 538.64917135238647 3866.8844118118286 2444.1883668899536 285.18242931365967 663.12501192092896 1268.3943872451782 2679.0873365402222 341.53077745437622 4086.350576877594 1019.4946675300598 429.29573917388916 1036.3315734863281 925.07519626617432 814.32621669769287 3131.271653175354 1725.39963722229 1066.7027525901794 513.17211723327637 1550.6468572616577 607.03577709197998
leaf_count=639 50 49 169 236 54 60 125 477 179 420 68 280 136 34 80 185 384 54 1268 119 37 81 96 76 257 150 106 78 528 42
internal_value=-6.23466e-05 0.00342949 -0.011052 0.0044387 -0.0126915 -0.00673006 0.00592173 -0.00840501 -3.04303e-06 0.00363814 0.000247161 0.00642877 0.00584698 0.000738613 0.00241842 0.000531566 -0.000175737 -0.000860666 -0.0108638 0.00394299 0.00157207 0.00420266 0.00340598 0.000121847 0.00521484 0.00375788 0.00439984 -0.00406181 -0.0148536 0.00209317
internal_weight=44490.8 33763 10727.8 26091.7 7777.4 2950.41 9105.1 2042.71 7671.32 16986.6 7369.47 8053.93 6311.07 6289.14 2216.7 1553.58 4072.44 3533.79 4279.03 14828.9 1448.79 13380.1 7487.1 1739.4 5893 2761.73 5747.69 854.703 3498.37 1051.17
internal_count=6517 3322 3195 2210 2489 706 632 537 1112 1578 1062 541 416 883 299 219 584 516 1322 1342 156 1186 698 172 488 231 526 132 1167 91
cat_boundaries=0 1 2 3
cat_threshold=33 156 24
is_linear=0
shrinkage=0.05


Tree=49
num_leaves=31
num_cat=2
split_feature=2 2 2 9 9 6 2 6 4 7 1 7 8 8 1 2 7 7 4 6 7 8 4 0 6 3 7 4 7 7
split_gain=654.571 44.1376 29.8219 11.5532 10.8943 7.217 6.07487 5.93468 10.4756 13.0763 6.46652 5.37661 4.80018 10.7194 4.48653 3.94765 3.66541 3.6628 6.96364 9.08242 4.75174 4.59161 4.41608 3.3906 3.36893 3.32731 3.16157 3.76539 17.2086 4.54876
threshold=2.2142857142857149 4.3571428571428585 1.2142857142857146 0 1 -1.0000000180025095e-35 5.7857142857142865 -0.78656609248549303 4.5000000000000009 0.1294095225512602 6.5000000000000009 -0.9159756150367534 0.088106513886023183 0.13575817621790323 1.0000000180025095e-35 2.6428571428571437 -0.70710678118654757 -0.12940952255126037 4.5000000000000009 -0.78656609248549303 -0.98296291314453399 0.25297822189684127 4.5000000000000009 2.5000000000000004 0.78656609248549325 4.1317494908358929 0.78656609248549303 4.5000000000000009 0.37940952255126048 0.60355339059327384
decision_type=2 2 2 1 1 2 2 2 2 2 2 2 2 2 2 2 2 2 2 2 2 2 2 2 2 2 2 2 2 2
left_child=2 14 4 6 24 -4 -3 8 10 -10 -8 -7 -9 -14 -2 -16 -6 20 19 -19 -17 -20 -22 -24 -1 -12 27 29 -29 -5
right_child=1 3 5 26 16 11 7 12 9 -11 25 -13 13 -15 15 17 -18 18 21 -21 22 -23 23 -25 -26 -27 -28 28 -30 -31
leaf_value=-0.013354397465625216 -0.0059968002478121979 0.0029184724827798904 -0.0028958417044497938 0.0042492954877539823 -0.0039847336427247188 -0.0019440928833036844 0.013011529563698807 0.00030763706022836779 -0.0034186978434752229 0.006661314036153442 0.0063885537040114827 -0.0093160136303593374 0.010630503061865623 0.0042648175301560716 -0.0025556880296525968 0.004192143874085316 -0.01105722387305526 0.0085373514918448169 0.0025098555503168746 -0.0013036096995073202 0.00015657555799475424 0.010802892851558592 -0.0078581866001411569 -0.0014114766274381512 -0.016501718061535307 0.009638759092345385 -0.00025749891272440538 -0.0011451802708224502 0.0080394407197365431 0.00049118406949985745
leaf_weight=1921.5907964706421 300.01383495330811 2434.4327049255371 905.01147842407227 6970.7714319229126 191.89685225486755 288.39634323120117 552.31398105621338 586.78670024871826 506.75910568237305 881.2159252166748 2988.6777257919312 1737.2244675159454 752.96600246429443 5434.0946636199951 1077.509907245636 540.97993421554565 4040.7951884269714 287.71271800994873 336.51411533355713 1266.7022166252136 2679.5176005363464 331.16152811050415 338.81170082092285 512.43096542358398 1525.0589275360107 1069.1068201065063 671.50240039825439 1724.7869272232056 724.0930061340332 910.33139848709106
leaf_count=639 50 258 169 652 54 60 41 45 40 56 188 477 56 408 179 68 1268 34 41 185 384 39 54 78 528 58 76 177 65 90
internal_value=-6.14382e-05 0.00333256 -0.010899 0.00430896 -0.0125365 -0.00660794 0.0052041 0.00564383 0.00678922 0.00298103 0.00793576 -0.00826644 0.00462962 0.00503952 -3.14101e-06 0.000240801 -0.0107113 0.000719563 0.00235234 0.000517892 -0.000171503 0.00662313 -0.000840098 -0.0039774 -0.0147043 0.00724489 0.00306418 0.00328308 0.00157056 0.0038152
internal_weight=44489.2 33879.2 10610 26207.8 7679.34 2930.63 15206.4 12771.9 5998.07 1387.98 4610.1 2025.62 6773.85 6187.06 7671.35 7371.34 4232.69 6293.83 2222.09 1554.41 4071.74 667.676 3530.76 851.243 3446.65 4057.78 11001.5 10330 2448.88 7881.1
internal_count=6517 3322 3195 2210 2489 706 1150 892 383 96 287 537 509 464 1112 1062 1322 883 299 219 584 80 516 132 1167 246 1060 984 242 742
cat_boundaries=0 1 2
cat_threshold=291 156
is_linear=0
shrinkage=0.05


Tree=50
num_leaves=31
num_cat=5
split_feature=3 6 6 7 0 9 9 9 1 7 9 8 6 7 4 4 7 6 6 6 4 1 4 4 6 9 6 1 4 6
split_gain=555.501 74.5489 48.8287 29.911 26.5404 14.6024 14.5971 11.44 8.75035 5.90529 7.87219 7.50312 5.63298 5.4963 9.62573 8.54715 14.1706 6.39263 6.28192 7.28997 5.59656 5.44384 4.5891 4.36657 4.2275 3.92687 3.915 3.82195 3.73332 7.27698
threshold=1.3451854182691001 -1.0000000180025095e-35 0.37940952255126054 -0.9159756150367534 4.5000000000000009 0 1 2 1.5000000000000002 -0.12940952255126037 3 0.18382851788433854 -0.91597561503675329 0.78656609248549303 4.5000000000000009 4.5000000000000009 0.37940952255126048 -0.25881904510252113 -0.91597561503675329 -0.5 2.5000000000000004 6.5000000000000009 3.5000000000000004 2.5000000000000004 -0.78656609248549303 4 -0.78656609248549303 11.500000000000002 4.5000000000000009 -0.60355339059327362
decision_type=2 2 2 2 2 1 1 1 2 2 1 2 2 2 2 2 2 2 2 2 2 2 2 2 2 1 2 2 2 2
left_child=1 5 4 -3 8 -1 21 -5 -2 -8 24 12 -12 15 -15 18 17 -17 20 23 -10 -6 -14 26 -11 -9 -20 28 29 -13
right_child=2 3 -4 7 6 -7 9 25 13 10 11 27 22 14 -16 16 -18 -19 19 -21 -22 -23 -24 -25 -26 -27 -28 -29 -30 -31
leaf_value=-0.0054463297743763094 -0.002419900442290927 -0.001319447335441501 -0.0090288263100092216 -0.0084472438257560886 0.0040434306001830688 0.0036379148042672174 0.0018960359075144908 -0.011835209549847098 0.0044550647432989969 0.0021615829241052021 0.005142718492547993 0.0071001318607618177 -0.0028990756892452365 -0.0024300514244717996 0.0063287437944584152 -0.0045699421807430781 0.010617576479975816 0.0022388299603339963 0.0011029533964401568 0.0045928948558749934 0.011011302611348431 0.0066183339517967843 0.0035676067520419501 0.0032558082560392638 -0.0048905790350699859 -0.014633128810228388 -0.004643564737566162 0.0017227623329900015 0.0099260437478905453 -0.00040203333160194246
leaf_weight=774.10685920715332 1238.3215844631195 667.80610656738281 784.78832697868347 1708.24294090271 2795.0282349586487 1005.144199848175 4381.6157426834106 3406.8156497478485 1290.7927250862122 828.05845880508423 1139.3973932266235 2140.6605281829834 585.95024919509888 1379.5127146244049 405.99513244628906 992.13581514358521 251.08019542694092 528.29724192619324 636.2741379737854 2039.2792346477509 435.26096200942993 7728.7299156188965 515.90189504623413 770.8721137046814 285.87640857696533 3383.2749514579773 554.848219871521 399.21621799468994 779.73698616027832 380.72263097763062
leaf_count=135 204 103 219 462 266 133 456 1109 131 87 90 176 55 185 46 121 25 65 81 247 47 488 46 98 38 1165 70 28 69 46
internal_value=8.04101e-05 -0.00969047 0.00329506 -0.0115085 0.0035928 -0.000324573 0.0045821 -0.0123092 0.00152811 0.00333483 0.00423308 0.00495243 0.00267771 0.00205469 -0.000438445 0.00264832 -0.000386885 -0.00220413 0.00358713 0.00249953 0.00610836 0.00592883 0.000128711 0.000323711 0.000348611 -0.0132488 -0.00157389 0.00634358 0.00690239 0.00596732
internal_weight=44213.7 10945.4 33268.4 9166.14 32483.6 1779.25 21960.9 8498.33 10522.7 11437.1 7055.52 5941.59 2241.25 9284.35 1785.51 7498.84 1771.51 1520.43 5727.33 4001.27 1726.05 10523.8 1101.85 1961.99 1113.93 6790.09 1191.12 3700.34 3301.12 2521.38
internal_count=6491 3107 3384 2839 3165 268 1845 2736 1320 1091 635 510 191 1116 231 885 211 186 674 496 178 754 101 249 125 2274 151 319 291 222
cat_boundaries=0 1 2 3 4 5
cat_threshold=12 545 33 12 834
is_linear=0
shrinkage=0.05


Tree=51
num_leaves=31
num_cat=4
split_feature=2 2 6 9 2 7 6 9 3 9 9 2 6 7 4 4 7 6 6 4 6 0 0 4 3 3 3 4 1 4
split_gain=629.625 54.6737 18.4866 14.9965 11.6034 10.173 7.47549 6.04817 4.75246 4.43057 3.50677 3.03256 2.81369 3.20242 27.0294 8.84039 13.2366 8.36849 4.74843 4.7567 2.91831 2.9671 2.79669 2.60567 2.54326 2.37936 2.97507 2.32554 2.3205 2.30079
threshold=1.9285714285714288 4.3571428571428585 -1.0000000180025095e-35 0 9.2142857142857171 -0.70710678118654757 0.37940952255126054 1 1.3972762620115453 2 3 3.6428571428571437 1.0000000180025095e-35 0.78656609248549303 4.5000000000000009 4.5000000000000009 0.1294095225512602 -0.25881904510252113 -0.91597561503675329 2.5000000000000004 -0.5 4.5000000000000009 2.5000000000000004 5.5000000000000009 2.2360679774997938 2.8618887078569801 1.8644544714716087 1.5000000000000002 7.5000000000000009 5.5000000000000009
decision_type=2 2 2 1 2 2 2 1 2 1 1 2 2 2 2 2 2 2 2 2 2 2 2 2 2 2 2 2 2 2
left_child=2 6 -1 22 10 8 7 -2 -5 -7 23 -9 13 15 -15 18 17 -17 19 -12 -20 -22 29 -3 -23 26 -14 -13 -18 -4
right_child=1 4 3 5 -6 9 -8 11 -10 -11 12 27 25 14 -16 16 28 -19 20 -21 21 24 -24 -25 -26 -27 -28 -29 -30 -31
leaf_value=-0.0027077124208014173 -0.001266761448112308 0.00280866995572731 -0.0075806141126914042 -0.0093877784753348282 0.0061829549035098529 -0.015493968823400445 -0.0081419101760091712 0.00026256770236593793 0.00069622543043737918 -0.012319798204400413 0.0054342272515543848 0.0057378922311761378 0.0045277295739432986 -0.00077074347872375189 0.010957515334743956 -0.0027639441115815109 0.008432138974714334 0.0057817822273711532 0.0033808738032697324 0.0092124021572679085 0.009678392333632534 0.0029429241331186294 -0.0021349234263975422 -0.0013085083860988197 0.0063995212269112554 0.0048448057285871808 -0.00040725638009764449 0.0017425563466001341 0.0037934111720058479 -0.013137933014820129
leaf_weight=605.74409580230713 4295.4971461296082 2845.7263398170471 1443.5911736488342 790.07935428619385 6613.5220079421997 2271.480171918869 290.63923215866089 2205.8970417976379 137.11783480644226 4046.7908873558044 2283.2791080474854 554.51672506332397 449.63730621337891 1687.5517315864563 692.99332237243652 1223.6395711898804 608.81374073028564 374.0479621887207 2887.2597923278809 1311.6278810501099 395.56437397003174 905.58218860626221 207.10007905960083 444.28842639923096 1290.4760236740112 645.34455394744873 952.01013851165771 1061.2746233940125 483.88207149505615 213.83363604545593
leaf_count=116 635 303 399 226 378 815 69 348 34 1354 190 71 45 180 55 125 52 32 250 107 37 77 55 50 108 56 92 136 37 59
internal_value=7.7557e-05 0.0032436 -0.0111659 -0.0117283 0.00437337 -0.0127696 -0.000262864 1.9249e-05 -0.00789651 -0.013505 0.00375907 0.00146418 0.00406264 0.00431589 0.00264343 0.00465432 0.00213715 -0.000763233 0.00540066 0.00681272 0.00447416 0.00569215 -0.00757247 0.00224585 0.00497413 0.00233254 0.00117585 0.0031137 0.00637796 -0.00829759
internal_weight=44218.8 34503.1 9715.74 9109.99 26095.2 7245.47 8407.82 8117.19 927.197 6318.27 19481.7 3821.69 16191.7 14144.7 2380.55 11764.2 2690.38 1597.69 9073.79 3594.91 5478.88 2591.62 1864.52 3290.01 2196.06 2046.99 1401.65 1615.79 1092.7 1657.42
internal_count=6491 3433 3058 2942 2174 2429 1259 1190 260 2169 1796 555 1443 1250 235 1015 246 157 769 297 472 222 513 353 185 193 137 207 89 458
cat_boundaries=0 1 2 3 4
cat_threshold=33 204 28 28
is_linear=0
shrinkage=0.05


Tree=52
num_leaves=31
num_cat=5
split_feature=3 6 6 7 9 9 1 9 7 6 4 4 6 3 4 6 1 4 4 6 6 6 1 9 8 8 4 7 3 9
split_gain=509.486 70.3516 44.4418 28.4018 24.0381 13.6889 11.2942 11.1029 7.23928 14.3075 29.1301 10.3307 11.0169 5.60374 5.45756 8.60032 5.02607 4.5475 5.15926 4.20954 5.15566 4.15074 4.25724 3.90439 4.07805 4.03013 3.77688 3.69492 4.36618 3.65628
threshold=1.3451854182691001 -1.0000000180025095e-35 0.37940952255126054 -0.9159756150367534 0 1 1.5000000000000002 2 -0.12940952255126037 -0.78656609248549303 4.5000000000000009 4.5000000000000009 -0.70710678118654735 2.2360679774997938 4.5000000000000009 -0.98296291314453399 5.5000000000000009 2.5000000000000004 3.5000000000000004 -0.5 1.0000000180025095e-35 -0.91597561503675329 5.5000000000000009 3 0.23826765303948647 0.49627040232450564 2.5000000000000004 0.78656609248549303 3.1997023671109224 4
decision_type=2 2 2 2 1 1 2 1 2 2 2 2 2 2 2 2 2 2 2 2 2 2 2 1 2 2 2 2 2 1
left_child=1 5 4 -3 13 -1 -6 -5 11 14 23 19 -13 -2 17 -16 -17 29 -19 21 -21 22 -8 24 -11 -26 -23 -15 -29 -10
right_child=2 3 -4 7 6 -7 8 -9 9 10 -12 12 -14 27 15 16 -18 18 -20 20 -22 26 -24 -25 25 -27 -28 28 -30 -31
leaf_value=-0.0053078529841381443 0.0026109687219511013 -0.001273852608391688 -0.0087497140576942127 -0.0090360170915427772 -0.0014415685878719068 0.0034958220666877118 0.0056566951631343114 -0.013227353948190052 0.002351614568532355 -0.0021664267632815338 0.0074802462187311836 -0.0091849916483298637 0.0003634127733066395 0.0063900420295322615 -0.0034402823402953941 0.0087297340002191366 0.0021429102530259344 0.0096964640883994077 0.0046694101674415621 0.0046665526100085723 0.0013374410478569948 -0.0036777834677363553 -0.00019178590924520954 -0.0034246417192841539 0.0048539267639952279 -0.0018705532101552199 0.0022395205726296716 0.0072688265759374886 0.00091103524867084036 0.0058143728016821147
leaf_weight=768.5447359085083 1457.7135252952576 666.51348257064819 771.16580820083618 2478.2970817089081 1680.3706963062286 1010.2366671562195 657.67978954315186 5816.4791593551636 1202.1863946914673 937.65836262702942 1380.3984661102295 370.7426872253418 1631.4264092445374 7205.4769921302795 446.49154424667358 469.32269430160522 756.33498764038086 1222.2768611907959 876.31053686141968 3212.3198213577271 1822.9271812438965 671.3477668762207 590.56366109848022 1225.6345639228821 624.93279266357422 346.27377891540527 450.70362949371338 436.16300296783447 709.0049352645874 2328.1131443977356
leaf_count=135 143 103 219 727 262 133 78 2009 111 102 135 52 186 460 44 45 62 101 73 307 216 103 62 163 70 37 68 37 61 187
internal_value=7.48522e-05 -0.00940106 0.00311432 -0.011204 0.003394 -0.000318103 0.00250328 -0.0120019 0.00281679 0.00364076 0.00142825 0.00178188 -0.00140467 0.00546585 0.00500897 0.00250083 0.0046651 0.00575405 0.00759731 0.0026434 0.0034613 0.00090593 0.00288969 -0.00123698 0.000184633 0.00245638 -0.00130093 0.00597075 0.00333254 0.00465832
internal_weight=44223.6 10740.1 33483.5 8961.29 32712.4 1778.78 22904 8294.78 21223.6 11815.9 4514.9 9407.71 2002.17 9808.36 7301.04 1672.15 1225.66 5628.89 2098.59 7405.54 5035.25 2370.29 1248.24 3134.5 1908.86 971.207 1122.05 8350.64 1145.17 3530.3
internal_count=6491 3107 3384 2839 3165 268 2464 2736 2202 1130 507 1072 238 701 623 151 107 472 174 834 523 311 140 372 209 107 171 558 98 298
cat_boundaries=0 1 2 3 4 5
cat_threshold=33 12 289 450 76
is_linear=0
shrinkage=0.05


Tree=53
num_leaves=31
num_cat=5
split_feature=2 2 2 2 9 2 9 9 8 3 7 9 9 3 2 1 1 7 3 8 2 7 7 2 4 7 4 7 0 7
split_gain=579.033 54.277 12.4154 10.1849 7.92596 7.37086 7.10048 4.10356 4.05293 3.99582 3.97044 4.08571 3.29725 2.88847 2.91189 2.66001 2.6514 2.80701 2.61647 3.17631 2.58012 2.5797 2.69107 2.53582 2.43295 2.38183 6.7603 7.87181 5.16391 4.93436
threshold=1.7857142857142858 4.3571428571428585 1.0714285714285716 9.2142857142857171 0 2.6428571428571437 1 2 0.21711361408645521 1.4638501094228011 -0.70710678118654757 3 4 2.3401261667248803 3.2142857142857149 4.5000000000000009 6.5000000000000009 -0.60355339059327384 1.5735915849388891 0.28877184969271236 3.785714285714286 -0.70710678118654757 -0.37940952255126015 2.3571428571428572 5.5000000000000009 -0.12940952255126037 4.5000000000000009 -0.78656609248549325 5.5000000000000009 0.60355339059327384
decision_type=2 2 2 2 1 2 1 1 2 2 2 1 1 2 2 2 2 2 2 2 2 2 2 2 2 2 2 2 2 2
left_child=2 5 4 12 -1 6 21 8 13 -4 -6 -12 24 14 -7 -16 17 -9 -19 20 -20 23 -23 -2 -3 26 -14 28 -28 -27
right_child=1 3 9 -5 10 7 -8 16 -10 -11 11 -13 25 -15 15 -17 -18 18 19 -21 -22 22 -24 -25 -26 29 27 -29 -30 -31
leaf_value=-0.0068858605500768588 3.9731551021424225e-05 0.0026304526069108529 -0.0089369025174391836 0.005810414160731258 -0.007989651138442409 -0.0045432984998925929 0.00027582475034963787 0.00063286995930112973 0.00068627862059841577 -0.0029062628515976359 -0.01519150193781027 -0.011955013014498955 0.0040000799098994606 -0.0066219649088238566 0.0038960758575178247 -0.0031173236116295144 -0.0024560577044578352 0.0084281242846791036 0.0073222645912814329 -0.00027819604701231985 0.0012288981976455887 -0.011652952526053466 -0.005240005925109658 -0.0076413699361972433 -0.001343624806987027 0.0055429896328791136 -0.00084932726846188812 -0.0049001949091747061 0.0056527381240229022 0.0031381417531570971
leaf_weight=694.89927744865417 315.65406823158264 2864.1954941749573 2271.5313396453857 6693.9342918395996 380.05620980262756 436.26217269897461 991.72087407112122 1523.8313579559326 1832.2164821624756 312.45720148086548 2148.0001022815704 3325.9834554195404 6026.8451976776123 378.96886587142944 318.53407764434814 234.89377880096436 350.86609792709351 243.55489540100098 433.88293409347534 507.10622453689575 289.73645877838135 239.06536173820496 518.14108204841614 162.90534496307373 444.95273590087891 4573.252818107605 577.56613349914551 491.74396419525146 647.9232931137085 3997.5103964805603
leaf_count=199 64 303 638 378 117 67 170 221 257 82 793 1146 539 55 45 31 46 33 63 68 36 48 109 29 50 362 58 56 56 372
internal_value=7.22728e-05 0.00299073 -0.0111425 0.00412629 -0.0123005 -0.000414124 -0.00289872 0.000430842 -0.000848798 -0.00820767 -0.0129094 -0.0132746 0.00355181 -0.00291 -0.00148862 0.000919348 0.0016515 0.00213771 0.00369312 0.00275609 0.00488249 -0.00540483 -0.0072647 -0.00257498 0.00208978 0.00384472 0.00321151 0.000443945 0.00258835 0.00442134
internal_weight=44228.2 35095.3 9132.93 26317.9 6548.94 8777.34 2227.49 6549.85 3200.88 2583.99 5854.04 5473.98 19624 1368.66 989.69 553.428 3348.98 2998.11 1474.28 1230.73 723.619 1235.77 757.206 478.559 3309.15 16314.8 7744.08 1717.23 1225.49 8570.76
internal_count=6491 3516 2975 2174 2255 1342 420 922 455 720 2056 1939 1796 198 143 76 467 421 200 167 99 250 157 93 353 1443 709 170 114 734
cat_boundaries=0 1 2 3 4 5
cat_threshold=33 45 212 28 28
is_linear=0
shrinkage=0.05


Tree=54
num_leaves=31
num_cat=4
split_feature=2 2 2 6 2 9 6 1 3 6 9 2 9 9 8 4 4 2 3 6 3 6 8 6 8 1 4 4 6 3
split_gain=555.282 51.2685 12.1955 9.72345 9.55367 7.79209 4.84594 4.32943 4.14751 5.88778 3.94581 3.42525 3.16396 3.1051 2.90226 2.96718 3.46697 3.01919 3.47843 2.51165 2.34527 2.33379 3.66969 8.11283 3.25552 2.47258 2.42101 5.86733 2.86543 2.15139
threshold=1.7857142857142858 4.3571428571428585 1.0714285714285716 0.60355339059327384 9.2142857142857171 0 -1.0000000180025095e-35 1.0000000180025095e-35 1.4638501094228011 0.78656609248549325 1 3.6428571428571437 2 3 0.21208920454428073 2.5000000000000004 3.5000000000000004 2.6428571428571437 1.9518001458970675 1.0000000180025095e-35 1.9760470401187085 -0.25881904510252113 0.073222357743145686 -0.91597561503675329 0.36337846166411325 8.5000000000000018 2.5000000000000004 3.5000000000000004 -0.78656609248549303 2.8618887078569801
decision_type=2 2 2 2 2 1 2 2 2 2 1 2 1 1 2 2 2 2 2 2 2 2 2 2 2 2 2 2 2 2
left_child=2 3 5 7 13 -1 -4 -2 -8 -10 14 -12 -7 20 -9 17 -17 -16 -19 21 -3 22 23 -15 -23 -24 -27 -28 -29 -21
right_child=1 4 6 -5 -6 12 8 10 9 -11 11 -13 -14 19 15 16 -18 18 -20 29 -22 24 25 -25 -26 26 27 28 -30 -31
leaf_value=-0.0067636494066643828 -0.0051643457816739997 0.0046491793642859944 -0.0031216354940637988 -0.010531060272264484 0.0056329011329783922 -0.014423127293354668 -0.0098750301241499645 -0.0024833610058755582 0.0030174832635743911 -0.011630946543567909 2.3076254748202639e-05 0.0030394235736204197 -0.011594031219627593 0.005966025149807719 -0.0063417931143068054 0.0050996111189730228 -0.00011982561811777691 0.0031489796513660311 -0.0033777179750788771 0.0010078414562154131 0.0013621247249601628 0.0069673153951009554 0.0035651600710942762 -0.0026363784347179994 0.0018387467190300645 0.0035448555228188581 0.01034799668471496 0.00091890760647525722 0.0061199553008738309 0.0044782581884494303
leaf_weight=690.13070702552795 406.81580710411072 683.55031394958496 414.60077142715454 230.79820346832275 6732.9420471191406 2324.9961936473846 1869.0357658863068 1763.18665599823 158.00767779350281 121.22756195068359 2263.3682277202606 1611.1271104812622 3454.1089835166931 475.72209548950195 273.15794777870178 486.15256404876709 920.70076584815979 389.58841419219971 428.87349605560303 1410.7616753578186 2632.5445189476013 1273.7218713760376 8459.407009601593 646.6035795211792 408.72938060760498 1258.1887722015381 618.29712581634521 403.91215705871582 769.00159740447998 653.41583919525146
leaf_count=199 71 73 81 60 378 859 563 267 41 35 371 205 1197 41 48 71 134 55 60 137 280 105 783 59 33 96 45 31 57 56
internal_value=6.9749e-05 0.0029075 -0.0109897 -0.000404187 0.00400699 -0.0121462 -0.00807072 -0.000130598 -0.00902586 -0.00334201 0.000121095 0.00127407 -0.0127552 0.00345113 -0.000927949 0.000166 0.0016838 -0.00179011 -0.000271006 0.00373463 0.00203356 0.00397205 0.00373904 0.00100994 0.0057214 0.00400518 0.00522583 0.00640659 0.00432889 0.0021064
internal_weight=44232.7 35200.6 9032.11 8773.77 26426.8 6469.24 2562.87 8542.97 2148.27 279.235 8136.16 3874.5 5779.11 19693.9 4261.66 2498.47 1406.85 1091.62 818.462 16377.8 3316.09 14313.6 12631.1 1122.33 1682.45 11508.8 3049.4 1791.21 1172.91 2064.18
internal_count=6491 3516 2975 1342 2174 2255 720 1282 639 76 1211 576 2056 1796 635 368 205 163 115 1443 353 1250 1112 100 138 1012 229 133 88 193
cat_boundaries=0 1 2 3 4
cat_threshold=33 204 28 28
is_linear=0
shrinkage=0.05


Tree=55
num_leaves=31
num_cat=3
split_feature=2 2 2 9 9 7 6 7 8 6 4 4 1 6 8 2 6 8 0 7 1 6 8 7 4 7 7 0 7 9
split_gain=518.434 35.9927 25.4124 10.1277 9.86051 6.47639 7.45709 5.13081 7.96367 5.59634 24.0771 6.44033 6.80065 5.63015 5.40065 4.62145 3.76784 3.94635 3.92233 3.34009 3.25306 3.17062 3.10105 3.03389 3.21761 12.8247 3.66043 2.98302 4.53342 2.76191
threshold=2.2142857142857149 4.6428571428571432 1.2142857142857146 0 1 -0.5 -1.0000000180025095e-35 -0.12940952255126037 0.68017882499574511 -0.91597561503675329 4.5000000000000009 4.5000000000000009 7.5000000000000009 -0.60355339059327362 0.21919467882353119 3.2142857142857149 -0.70710678118654735 0.26466697349085722 8.5000000000000018 -0.70710678118654757 5.5000000000000009 -0.5 0.44908987642340409 0.78656609248549303 4.5000000000000009 0.37940952255126048 0.60355339059327384 1.5000000000000002 -0.60355339059327384 2
decision_type=2 2 2 1 1 2 2 2 2 2 2 2 2 2 2 2 2 2 2 2 2 2 2 2 2 2 2 2 2 1
left_child=2 15 3 -1 7 29 -7 8 14 11 13 12 -9 -11 21 27 -16 -18 22 -5 -15 -3 -19 24 26 -26 -6 28 -2 -4
right_child=1 4 5 19 23 6 -8 9 -10 10 -12 -13 -14 20 16 -17 17 18 -20 -21 -22 -23 -24 -25 25 -27 -28 -29 -30 -31
leaf_value=-0.0092742535518984311 0.0059472506628865758 0.0021203424370303948 -0.00037469698441473353 -0.008664303976741115 0.0038077487821942626 -0.00043699945594913 -0.010041599533137491 0.013179170432107487 0.0099069810118324556 0.0039005549846991929 0.0098735530775711927 0.0028120797346343832 0.0069657311031709208 0.0020840777772689039 -0.0022746725964888511 0.0011615730362721595 -0.001422064737280908 0.006632467243349276 0.00069376234249072469 -0.013701531512868195 -0.0027397447928405694 0.0060480759696601646 0.0013765319609568125 -0.0015027820086276173 -0.0014033380211703529 0.0067021092196200734 0.00012419284738189568 -0.0020459757890960036 -0.0015717255278343925 -0.0050587026444212221
leaf_weight=3268.5763211250305 331.4215292930603 727.28331756591797 480.63604664802551 361.89385032653809 6584.1361875534058 245.97961091995239 1132.7007505893707 547.24693584442139 472.12931060791016 2539.1735639572144 1531.575891494751 698.22941017150879 2255.0718116760254 797.00243997573853 485.48870706558228 5680.8479442596436 514.79885101318359 958.30704689025879 809.07329559326172 3630.5684957504272 622.46711254119873 1750.4745502471924 396.8587532043457 402.97544813156128 1487.6679105758667 726.26076126098633 751.39886665344238 2504.0282397270203 507.36235332489014 961.05444431304932
leaf_count=1076 54 65 123 113 590 47 332 37 34 164 102 47 129 85 44 734 39 79 55 1341 54 127 32 44 150 63 72 397 80 201
internal_value=5.48622e-05 0.00300126 -0.00990576 -0.0114703 0.00397634 -0.00587786 -0.00832798 0.00478323 0.00366897 0.00554634 0.00455025 0.00710859 0.00817911 0.0024907 0.00314699 0.000293578 0.00177819 0.00251264 0.00344857 -0.0132118 -3.12694e-05 0.00489519 0.00509327 0.00274413 0.00292622 0.00125559 0.00343043 -0.00118151 0.00139918 -0.00353482
internal_weight=44162.7 34081.3 10081.4 7261.04 25057.6 2820.37 1378.68 15105.2 6114.41 8990.77 5490.22 3500.55 2802.32 3958.64 5642.28 9023.66 3164.53 2679.04 2164.24 3992.46 1419.47 2477.76 1355.17 9952.44 9549.46 2213.93 7335.54 3342.81 838.784 1441.69
internal_count=6510 3277 3233 2530 2012 703 379 1093 475 618 405 213 166 303 441 1265 249 205 166 1454 139 192 111 919 875 213 662 531 134 324
cat_boundaries=0 1 2 3
cat_threshold=803 291 481
is_linear=0
shrinkage=0.05


Tree=56
num_leaves=31
num_cat=4
split_feature=2 2 6 9 9 6 2 9 2 4 6 3 1 6 3 3 0 2 2 8 8 8 8 8 9 6 4 4 0 4
split_gain=496.551 45.223 12.0427 14.529 10.0912 7.73037 4.19088 4.17299 3.38981 3.36648 2.72477 2.67873 2.78689 2.7089 2.59737 3.67545 3.53242 3.4709 3.39583 2.93526 3.84802 4.86417 2.66698 5.89009 2.42275 2.42217 3.43924 2.38215 2.34516 3.03325
threshold=1.7857142857142858 4.2142857142857153 -1.0000000180025095e-35 0 1 0.60355339059327384 9.5000000000000018 2 3.2142857142857149 5.5000000000000009 0.78656609248549325 2.2038661803717079 5.5000000000000009 -0.70710678118654735 3.7733400639347687 2.7945525240230897 4.5000000000000009 5.2142857142857153 8.6428571428571441 0.23696604867241247 0.40081179838971209 0.49627040232450564 0.18704446636225655 0.1369807493025226 3 -0.70710678118654735 3.5000000000000004 2.5000000000000004 2.5000000000000004 5.5000000000000009
decision_type=2 2 2 1 1 2 2 1 2 2 2 2 2 2 2 2 2 2 2 2 2 2 2 2 1 2 2 2 2 2
left_child=2 5 -1 28 6 8 14 -5 24 -6 -9 12 13 -10 15 17 -17 -3 -16 22 -21 -22 23 27 25 26 -2 -19 29 -4
right_child=1 4 3 7 9 -7 -8 10 11 -11 -12 -13 -14 -15 18 16 -18 19 -20 20 21 -23 -24 -25 -26 -27 -28 -29 -30 -31
leaf_value=-0.0023765308512468356 0.00049056366264874204 0.00095300484689508176 -0.006460705638004452 -0.010515135210590556 0.0028715885258079575 -0.009982026800526414 0.0055850317762405352 -0.012101942701011129 0.0039416115850623972 0.00016552909815597934 -0.014983872858612517 0.0025367083506356706 -0.0044246841654806317 -0.0005162136920578989 0.0033118669529728639 0.0026929353751843172 0.0064910032646105014 0.0042148497995062447 -0.0021324228715639214 0.0010528812578124358 0.0094367758874780716 0.0022410746506691657 0.0086095798841211001 -0.00084897081977585169 -0.0022889718359662128 0.001589273168590577 -0.0074703449982973435 0.0096817823871673397 -0.0011186862072481453 -0.013104536169619202
leaf_weight=440.92625141143799 373.22526979446411 1118.9860301017761 1382.7976174354553 3454.9881300926208 10017.741781234741 212.16066527366638 5880.4581413269043 1901.4210846424103 437.9428563117981 1298.270339012146 1442.299085855484 1377.6231961250305 340.60978746414185 1536.2119364738464 1266.8289203643799 812.07169342041016 2487.2072887420654 428.65826511383057 370.09553337097168 1232.5098352432251 405.64943027496338 557.80607318878174 530.81977081298828 373.22310829162598 2454.3997237682343 1078.7879176139832 213.14689970016479 372.34453582763672 170.80983209609985 196.16658043861389
leaf_count=87 57 125 400 1197 945 56 321 681 58 127 552 187 44 215 104 77 198 36 26 103 32 45 42 31 410 185 35 30 47 57
internal_value=5.28915e-05 0.00273295 -0.0104345 -0.0108502 0.00370752 -0.000564887 0.00452382 -0.0119049 -0.000309131 0.00255886 -0.0133053 0.000791012 -0.000247932 0.000472702 0.00390157 0.0042598 0.00555616 0.0034078 0.00208096 0.00411195 0.00290341 0.00527072 0.00566845 0.00433889 -0.0012952 0.00018225 -0.00240323 0.00675614 -0.00664608 -0.00728612
internal_weight=44166.2 35176.8 8989.41 8548.48 27152.7 8024.11 15836.7 6798.71 7811.95 11316 3343.72 3692.39 2314.76 1974.15 9956.2 8319.28 3299.28 5020 1636.92 3901.01 2195.97 963.456 1705.05 1174.23 4119.56 1665.16 586.372 801.003 1749.77 1578.96
internal_count=6510 3489 3021 2934 2242 1247 1170 2430 1191 1072 1233 504 317 273 849 719 275 444 130 319 180 77 139 97 687 277 92 66 504 457
cat_boundaries=0 1 2 3 4
cat_threshold=33 291 834 992
is_linear=0
shrinkage=0.05


Tree=57
num_leaves=31
num_cat=6
split_feature=2 2 6 9 1 7 6 9 9 9 7 4 0 7 7 7 9 4 9 6 4 4 7 4 4 6 4 0 3 7
split_gain=475.94 42.7521 11.7306 14.242 9.58094 8.56417 7.43318 5.6327 5.62208 5.22426 3.8557 4.54179 5.14034 4.58098 3.73764 3.86724 6.91333 5.21048 5.72432 4.4256 8.30121 4.17494 3.63058 8.21894 6.24771 3.49809 3.45786 3.44172 3.37277 3.19704
threshold=1.7857142857142858 4.2142857142857153 -1.0000000180025095e-35 0 8.5000000000000018 -0.70710678118654757 0.60355339059327384 1 2 3 0.78656609248549303 1.5000000000000002 9.5000000000000018 -0.12940952255126037 -0.98296291314453399 -0.37940952255126015 4 4.5000000000000009 5 -0.60355339059327362 4.5000000000000009 2.5000000000000004 0.60355339059327384 4.5000000000000009 4.5000000000000009 -0.91597561503675329 2.5000000000000004 2.5000000000000004 2.4299715851758257 -0.5
decision_type=2 2 2 1 2 2 2 1 1 1 2 2 2 2 2 2 1 2 1 2 2 2 2 2 2 2 2 2 2 2
left_child=2 6 -1 29 8 -5 14 -7 10 -6 11 -3 -13 -14 -2 17 21 18 27 -18 -21 -17 23 -10 -24 -25 -20 -16 -27 -4
right_child=1 4 3 5 9 7 -8 -9 22 -11 -12 12 13 -15 15 16 19 -19 26 20 -22 -23 24 25 -26 28 -28 -29 -30 -31
leaf_value=-0.0023231078334606569 0.0040885190558959438 0.0063999105027960608 -0.0010617694309275054 -0.0068932175414349872 0.0058474372620417247 -0.014669100531793947 -0.0098330789115611723 -0.011118889569380128 0.0034989517148884667 0.0035043351127826959 0.0013583289952714358 0.002482641914790661 0.0027352601970563029 0.0088196024431916233 -0.00013920752794410583 0.0011212022466239927 0.0019529074016660123 -0.0045091897395390587 -0.0004043515978729701 -0.0053452596359120849 0.0038178483047163585 0.0085949306391448817 -0.0012744396239933709 -0.002931408615609457 0.0059555071396417006 -0.0012693088901682113 0.0039515845800129745 -0.005024684967864128 0.0042866564609503463 -0.0073984175138029759
leaf_weight=439.87962102890015 456.46650886535645 1950.0995011329651 229.30476140975952 794.4894061088562 5631.0330495834351 2101.0181722640991 210.05340790748596 3822.7390451431274 5697.4994430541992 4364.604398727417 1260.1386651992798 3311.7423686981201 538.73591899871826 726.62177753448486 639.93370318412781 358.37504768371582 940.92441272735596 1085.1337721347809 1185.2651991844177 836.58362412452698 350.82068395614624 390.4357213973999 1547.4536228179932 762.63171672821045 370.31295680999756 551.78370332717896 740.07543921470642 825.56659889221191 540.9411449432373 1508.8193302154541
leaf_count=87 58 161 65 238 316 821 56 1371 535 332 129 299 41 49 108 50 130 183 185 138 48 49 159 78 34 58 114 128 51 439
internal_value=5.10352e-05 0.00265758 -0.0102838 -0.0106979 0.00360184 -0.0117503 -0.00055135 -0.0124216 0.00288838 0.00483368 0.00388544 0.00437928 0.00351838 0.00622915 -0.0003017 -0.000574236 0.000855968 -0.00149357 -0.000528509 -0.000605538 -0.002638 0.00495193 0.00206225 0.00255773 0.000121634 -0.000332626 0.00126345 -0.00287177 0.00148111 -0.00652491
internal_weight=44169.5 35273.2 8896.25 8456.37 27253.6 6718.25 8019.63 5923.76 17258 9995.64 7787.34 6527.2 4577.1 1265.36 7809.58 7353.11 2877.14 4475.97 3390.84 2128.33 1187.4 748.811 9470.62 7552.86 1917.77 1855.36 1925.34 1465.5 1092.72 1738.12
internal_count=6510 3489 3021 2934 2242 2430 1247 2192 1594 648 679 550 389 90 1191 1133 415 718 535 316 186 99 915 722 193 187 299 236 109 504
cat_boundaries=0 1 2 3 4 5 6
cat_threshold=33 28 354 33 898 540
is_linear=0
shrinkage=0.05


Tree=58
num_leaves=31
num_cat=4
split_feature=2 2 9 7 9 7 8 2 7 4 4 2 9 9 7 7 4 8 8 0 7 4 7 7 3 7 3 0 8 0
split_gain=456.179 40.4258 11.0586 9.50998 9.03279 5.34424 6.5148 5.32557 5.30038 22.589 5.85741 5.18995 6.12584 5.06131 5.05532 4.8081 7.13118 4.34815 5.84777 4.37977 4.34311 4.70279 11.286 6.29441 3.81482 3.0869 3.06801 3.15735 3.04635 3.00392
threshold=1.7857142857142858 4.2142857142857153 0 -0.70710678118654757 1 -0.12940952255126037 0.68017882499574511 1.3571428571428574 0.37940952255126048 4.5000000000000009 3.5000000000000004 2.6428571428571437 2 3 0.78656609248549303 -0.78656609248549325 4.5000000000000009 0.21919467882353119 0.26466697349085722 8.5000000000000018 0.78656609248549303 4.5000000000000009 0.37940952255126048 0.60355339059327384 3.1735314593419006 -0.5 3.1471831698777746 6.5000000000000009 0.30786618385940601 2.5000000000000004
decision_type=2 2 1 2 1 2 2 2 2 2 2 2 1 1 2 2 2 2 2 2 2 2 2 2 2 2 2 2 2 2
left_child=2 11 25 29 5 6 15 13 10 14 -7 12 -2 -5 -10 17 28 26 -19 -20 21 23 -23 -6 -12 -1 27 -3 -17 -4
right_child=1 4 3 7 20 8 -8 -9 9 -11 24 -13 -14 -15 -16 16 -18 18 19 -21 -22 22 -24 -25 -26 -27 -28 -29 -30 -31
leaf_value=-0.0010365203313247025 -0.0050573557137485146 0.0074097163289388538 -0.0051667475480116362 -0.014267624172053257 0.0037099411757719834 0.007976092749203573 0.0085421846766547127 -0.0065728116224787608 0.0034730737459021006 0.0091565050752950138 0.00014080265340667378 0.00022946614214372583 0.00031703186272118101 -0.010849661348137302 -0.00017510352795373742 0.0040039544068423494 -0.0052911221378039823 -0.0026047140070927385 0.0053795298179765104 0.00059607977951992486 -0.0013757698459104998 -0.0016121070112564422 0.0056832908779579907 -0.00081509924848432731 0.0059860430947479724 -0.0072689785033760411 0.0084021823547271498 0.0022338960858346892 -0.00079190931928459002 -0.014218599036456473
leaf_weight=229.06142139434814 1170.882031917572 457.52065896987915 790.84479188919067 2101.2527632713318 7381.0742082595825 2397.4742202758789 525.89863204956055 462.85002446174622 2591.6585922241211 1591.8426933288574 464.55620193481445 5876.195324420929 968.20735144615173 3620.1668391227722 1498.7327661514282 905.20588207244873 401.77820158004761 492.69836616516113 1203.2919526100159 794.48282623291016 707.78362798690796 1647.4884552955627 781.64543056488037 857.82700490951538 699.32774829864502 1497.6976380348206 601.83956718444824 827.69339942932129 522.10401439666748 103.66926646232605
leaf_count=65 240 42 231 827 669 139 39 114 166 105 33 839 168 1317 148 80 45 37 97 53 80 170 68 85 41 439 40 58 47 28
internal_value=4.91939e-05 0.00258455 -0.010134 -0.011019 0.00349964 0.00426777 0.0031989 -0.0117315 0.00505089 0.00410302 0.00656325 -0.000538175 -0.00264693 -0.0121488 0.00213637 0.00274615 0.000593239 0.00364572 0.00227402 0.00347723 0.002415 0.00266877 0.000735402 0.0032388 0.00365296 -0.00640512 0.00545604 0.00407643 0.00224965 -0.00621581
internal_weight=44172.8 35367.2 8805.54 7078.78 27351.9 15976.1 6732.51 6184.27 9243.59 5682.23 3561.36 8015.28 2139.09 5721.42 4090.39 6206.61 1829.09 4377.53 2490.47 1997.77 11375.8 10668 2429.13 8238.9 1163.88 1726.76 1887.05 1285.21 1427.31 894.514
internal_count=6510 3489 3021 2517 2242 1170 538 2258 632 419 213 1247 408 2144 314 499 172 327 187 150 1072 992 238 754 74 504 140 100 127 259
cat_boundaries=0 1 2 3 4
cat_threshold=33 291 45 28
is_linear=0
shrinkage=0.05


Tree=59
num_leaves=31
num_cat=3
split_feature=2 2 6 9 7 9 6 9 2 7 6 4 4 1 6 6 4 1 7 6 0 3 7 4 7 7 6 2 6 6
split_gain=437.196 38.2558 11.3793 13.6953 8.23111 7.79437 7.63904 5.53123 4.85358 4.35908 4.67183 20.4168 5.53498 6.10304 4.64807 4.40796 6.26649 3.09719 2.97973 2.87747 5.44408 10.5389 2.65556 2.58903 11.1973 3.03936 2.50432 2.74756 2.32252 3.05855
threshold=1.7857142857142858 4.6428571428571432 -1.0000000180025095e-35 0 -0.70710678118654757 1 0.60355339059327384 2 3.2142857142857149 -0.12940952255126037 -0.91597561503675329 4.5000000000000009 4.5000000000000009 7.5000000000000009 -0.60355339059327362 -0.5 4.5000000000000009 5.5000000000000009 -0.5 1.0000000180025095e-35 8.5000000000000018 2.8702082220799334 0.78656609248549303 4.5000000000000009 0.37940952255126048 0.60355339059327384 0.37940952255126054 0.78571428571428581 1.0000000180025095e-35 -0.25881904510252113
decision_type=2 2 2 1 2 1 2 1 2 2 2 2 2 2 2 2 2 2 2 2 2 2 2 2 2 2 2 2 2 2
left_child=2 6 -1 18 26 9 8 -6 -2 15 12 14 13 -11 -12 16 -3 -16 -4 -17 21 -21 23 25 -25 28 -5 -28 29 -7
right_child=1 5 3 4 7 22 -8 -9 -10 10 11 -13 -14 -15 17 19 -18 -19 -20 20 -22 -23 -24 24 -26 -27 27 -29 -30 -31
leaf_value=-0.0021092785207787088 -0.0012139010333839049 0.0026115953577429104 -0.0010118459175457804 -0.00079126410379177625 -0.014372364538609321 0.003170065084839583 -0.0096094497668774356 -0.010817711313950469 0.0010403384769516889 0.011991955658084518 0.0034138417999067202 0.0088637026570210255 0.0024001874020016353 0.0061944081628338525 0.00191232974355347 0.0048731187999962846 -0.0049548466638264449 -0.0027851935534935601 -0.0071408680887379674 -0.00012954873132053747 -0.0025007982290129269 0.010372856256268298 -0.0015198792966569805 -0.0013763215135043196 0.0061545124819422621 5.8905509944486783e-05 -0.0024771961829913557 -0.0099658953474142595 0.00071123539929251762 0.0060151149878791537
leaf_weight=435.73969554901123 4105.3781521320343 1291.8691120147705 228.8241183757782 147.68283033370972 2041.1136252880096 4787.6145162582397 206.96702885627747 3740.3543927669525 5707.4705057144165 564.89164352416992 2582.9311141967773 1577.4805059432983 708.79133605957031 2311.1383094787598 802.12119102478027 3151.2622013092041 347.1799693107605 623.75046539306641 1486.8503828048706 576.92970085144043 434.42301845550537 407.64588642120361 403.27102756500244 1485.9541916847229 739.09644889831543 753.36995506286621 165.53277635574341 470.95645356178284 712.5937032699585 1176.8756523132324
leaf_count=87 687 109 65 37 821 415 56 1371 734 37 164 102 47 129 85 214 38 54 439 51 31 32 44 150 63 72 54 147 69 106
internal_value=4.73309e-05 0.00251358 -0.0099848 -0.0103992 -0.0114468 0.00354428 -0.000103261 -0.0121162 9.72377e-05 0.00425366 0.00494905 0.00404503 0.00635778 0.00733313 0.00214886 0.00323343 0.00100889 -0.000142611 -0.00628678 0.00403123 0.0021616 0.00421878 0.00245293 0.0026214 0.0011252 0.00306943 -0.00665723 -0.0080183 0.00340911 0.00373143
internal_weight=44176.1 35459 8717.05 8281.31 6565.64 25439.2 10019.8 5781.47 9812.85 15380.4 9171.1 5586.28 3584.82 2876.03 4008.8 6209.31 1639.05 1425.87 1715.67 4570.26 1419 984.576 10058.8 9655.5 2225.05 7430.45 784.172 636.489 6677.08 5964.49
internal_count=6510 3489 3021 2934 2430 2012 1477 2192 1421 1093 618 405 213 166 303 475 147 139 504 328 114 83 919 875 213 662 238 201 590 521
cat_boundaries=0 1 2 3
cat_threshold=33 291 28
is_linear=0
shrinkage=0.05


Tree=60
num_leaves=31
num_cat=4
split_feature=2 2 2 6 9 9 9 3 1 6 6 3 9 6 1 8 6 8 4 6 3 8 2 4 6 8 3 3 2 3
split_gain=417.813 33.0916 12.4229 8.33591 8.20285 8.00803 5.84762 4.97529 3.52764 3.51566 3.41156 3.27445 3.85503 3.26685 3.10686 2.99535 5.01489 6.87383 5.81187 3.54253 3.2231 2.87797 2.83455 2.81642 4.24576 2.61142 2.57899 3.13936 2.5358 2.4944
threshold=1.7857142857142858 4.6428571428571432 1.2142857142857146 0.37940952255126054 0 1 2 1.3801311186847098 8.5000000000000018 -1.0000000180025095e-35 0.78656609248549325 1.9518001458970675 3 -0.78656609248549303 1.5000000000000002 0.20695870608825012 -0.60355339059327362 0.41420014434597935 4.5000000000000009 -0.37940952255126059 1.7043362064926948 0.16986667569563149 4.0714285714285721 2.5000000000000004 -0.25881904510252113 0.10047048724398872 3.8668308667927249 4.1718926902936202 10.642857142857144 3.5321651258386102
decision_type=2 2 2 2 1 1 1 2 2 2 2 2 1 2 2 2 2 2 2 2 2 2 2 2 2 2 2 2 2 2
left_child=2 3 5 6 8 10 -2 9 21 -4 25 -6 -13 -14 -9 -8 18 19 20 -18 -17 29 -19 24 -15 -1 28 -28 -10 -3
right_child=1 4 7 -5 11 -7 15 14 26 -11 -12 12 13 23 -16 16 17 22 -20 -21 -22 -23 -24 -25 -26 -27 27 -29 -30 -31
leaf_value=-0.0062597866510469106 -0.0008485330199337935 0.0068979278191247427 -0.0026736449864928104 -0.0072171456655964186 0.0041260253412126954 -0.0092922809013277399 -1.8313045645057459e-05 0.003413399787524034 0.0073864842773135563 -0.0088607207678827824 -0.014879410415828576 -0.00011870811707575052 0.0034881849041364329 -0.0010770964149557612 -0.0059264628381635164 0.0052198247599545096 0.012328581014509675 0.0034653317543964814 -0.0070443502731463783 0.0053604033136496927 -0.00038156810377713553 0.0023514563408292759 -0.0039873780165311469 0.0028023584026492234 0.0029298721019941796 -0.012242604402999773 0.00068545538214266697 0.0050940166392705565 0.0048036569413522426 0.001970175363351485
leaf_weight=210.02205157279968 5300.4422297477722 814.75849533081055 291.12252044677734 386.09776544570923 3135.8690614700317 3771.1902272701263 1729.0751168727875 191.20008707046509 1865.5471591949463 1086.5110385417938 1336.702908039093 1442.7512469291687 5683.774468421936 1559.8575568199158 166.64195942878723 432.62541627883911 248.93800163269043 275.67100620269775 219.28696584701538 682.35263991355896 631.9613618850708 2470.5010085105896 237.50248527526855 3264.3756804466248 1147.3699541091919 1386.3883519172668 562.42042446136475 1431.9953336715698 1937.0347499847412 375.00782775878906
leaf_count=78 774 63 58 101 283 1319 244 50 115 333 541 149 449 154 44 60 29 41 35 97 85 199 28 287 99 531 31 74 98 28
internal_value=4.93372e-05 0.00240651 -0.00995921 -1.1524e-05 0.00336125 -0.0109352 0.000273587 -0.00618884 0.0045349 -0.00755326 -0.0129717 0.0026731 0.00232729 0.00262791 -0.000936042 0.00160623 0.00264167 0.00466264 0.000367917 0.00722303 0.00189472 0.00332442 1.61335e-05 0.0018135 0.000621126 -0.0114555 0.00530702 0.00385081 0.00607079 0.00534473
internal_weight=44275 35835.2 8439.78 10144 25691.3 6704.3 9757.86 1735.48 9457.26 1377.63 2933.11 16234 13098.1 11655.4 357.842 4457.41 2728.34 1444.46 1283.87 931.291 1064.59 3660.27 513.173 5971.6 2707.23 1596.41 5797 1994.42 3802.58 1189.77
internal_count=6477 3523 2954 1494 2029 2469 1393 485 608 391 1150 1421 1138 989 94 619 375 195 180 126 145 290 69 540 253 609 318 105 213 91
cat_boundaries=0 1 2 3 4
cat_threshold=33 156 92 12
is_linear=0
shrinkage=0.05


Tree=61
num_leaves=31
num_cat=5
split_feature=2 2 2 6 9 9 9 3 6 6 1 9 1 8 6 8 5 3 6 3 8 2 8 3 3 2 3 9 8 3
split_gain=400.411 31.2874 12.1429 7.98354 7.88466 7.7165 5.55418 4.80197 3.40858 3.37606 3.30995 3.08521 2.96492 2.83967 5.03836 7.18379 5.01425 3.85647 3.31688 3.04853 2.70612 2.69695 2.55987 2.41484 2.95633 2.36698 2.33802 2.29468 2.55049 2.36209
threshold=1.7857142857142858 4.6428571428571432 1.2142857142857146 0.37940952255126054 0 1 2 1.3801311186847098 -1.0000000180025095e-35 0.78656609248549325 8.5000000000000018 3 1.5000000000000002 0.21711361408645521 -0.60355339059327362 0.41420014434597935 1.0000000180025095e-35 1.7728105208558382 -0.37940952255126059 2.3042346054814726 0.16986667569563149 4.0714285714285721 0.10047048724398872 3.8668308667927249 4.1718926902936202 10.642857142857144 3.5321651258386102 4 0.43145210309338916 1.2149857925879128
decision_type=2 2 2 2 1 1 1 2 2 2 2 1 2 2 2 2 2 2 2 2 2 2 2 2 2 2 2 1 2 2
left_child=2 3 4 6 9 10 -2 8 -4 22 20 -7 -9 -8 16 18 17 -15 -16 -19 26 -17 -1 25 -25 -12 -3 28 29 -10
right_child=1 5 7 -5 -6 11 13 12 27 -11 23 -13 -14 14 15 21 -18 19 -20 -21 -22 -23 -24 24 -26 -27 -28 -29 -30 -31
leaf_value=-0.0061431809909022143 -0.00082821435517776596 0.0066798290176359257 -0.0026143292819494016 -0.0070895766707899273 -0.0091476208394293042 0.00062572098388974167 6.3749281503261825e-05 0.0033171607250858134 -0.007130449832263042 -0.014730255981749017 0.0071493998574533903 0.0028422006231027773 -0.0058141035361153268 0.0048628628948350246 0.01265566585180068 0.0033674513338158986 -0.0066851831941172578 -0.0049022264855068751 0.0056313443819516976 0.0027495965898317455 0.0022876171683770103 -0.0039041076853528612 -0.012087564009152401 0.00066797214989966459 0.0049419744738366314 0.0046616518946531668 0.0019174277213006624 -0.012177187151747437 -0.013105673748362037 0.00045605321345132768
leaf_weight=208.71146106719971 5295.9465408325195 820.3980712890625 290.34520292282104 383.32127285003662 3736.3095922470093 1785.2589812278748 1843.8907856941223 191.85384440422058 454.83269381523132 1316.9607553482056 1879.3780059814453 14492.241960525513 165.65728235244751 506.86835193634033 228.09165382385254 276.62795448303223 212.19040012359619 273.49773836135864 638.52957153320312 248.37863349914551 2476.3171243667603 236.55735969543457 1369.5187940597534 562.80607509613037 1439.3085584640503 1946.3619918823242 375.74739074707031 357.39360737800598 132.2120406627655 132.48795032501221
leaf_count=78 774 63 58 101 1319 184 261 50 134 541 115 1237 44 70 26 41 34 37 90 32 199 28 531 31 74 98 28 121 39 39
internal_value=4.76479e-05 0.00234093 -0.00981063 -1.1395e-05 -0.0107827 0.0032666 0.000266582 -0.00607328 -0.00742233 -0.0128169 0.00440197 0.00259964 -0.000913926 0.00156358 0.0026248 0.00470386 0.000313065 0.00175653 0.00748012 -0.00126046 0.00323093 1.55612e-05 -0.0113015 0.00514746 0.00374053 0.00588375 0.00518381 -0.0087186 -0.00673783 -0.00541908
internal_weight=44278 35921.7 8356.28 10143.9 6631.5 25777.8 9760.58 1724.78 1367.27 2895.19 9500.32 16277.5 357.511 4464.63 2620.74 1379.81 1240.94 1028.74 866.621 521.876 3672.46 513.185 1578.23 5827.85 2002.11 3825.74 1196.15 1076.93 719.533 587.321
internal_count=6477 3523 2954 1494 2469 2029 1393 485 391 1150 608 1421 94 619 358 185 173 139 116 69 290 69 609 318 105 213 91 333 212 173
cat_boundaries=0 1 2 3 4 5
cat_threshold=156 33 92 12 105
is_linear=0
shrinkage=0.05


Tree=62
num_leaves=31
num_cat=4
split_feature=6 7 7 9 9 9 4 7 7 6 3 7 7 3 0 3 8 9 4 7 7 4 6 8 1 4 8 3 4 6
split_gain=321.788 50.5304 45.5179 23.6625 16.9334 8.33552 5.22348 8.93711 5.439 6.12553 4.07359 3.74037 3.42413 3.13153 3.10232 3.15016 3.09355 3.04032 2.88466 7.13019 6.1367 7.86168 8.10167 6.25429 5.5735 4.26493 3.99036 3.84822 3.84563 4.08132
threshold=0.12940952255126045 -0.9159756150367534 0.98296291314453421 0 1 2 5.5000000000000009 0.78656609248549303 0.1294095225512602 -0.5 1.3451854182691001 -0.70710678118654757 -0.70710678118654757 3.1471831698777746 1.5000000000000002 1.397276262011544 0.2296828188065729 3 2.5000000000000004 0.60355339059327384 0.1294095225512602 4.5000000000000009 -0.5 0.66518280991514833 10.500000000000002 1.5000000000000002 0.13575817621790323 1.6035674514745477 4.5000000000000009 -0.78656609248549303
decision_type=2 2 2 1 1 1 2 2 2 2 2 2 2 2 2 2 2 1 2 2 2 2 2 2 2 2 2 2 2 2
left_child=2 14 3 6 11 -5 7 10 9 -8 -1 -3 16 -12 -2 -16 -6 -14 19 25 21 26 27 24 28 -7 -20 -23 29 -22
right_child=1 4 -4 5 12 18 8 -9 -10 -11 13 -13 17 -15 15 -17 -18 -19 20 -21 23 22 -24 -25 -26 -27 -28 -29 -30 -31
leaf_value=-0.002410379533237294 0.0034268510366251212 -0.001443713441131382 -0.010108226009565452 0.0043324401989964069 -0.0044766037282144332 0.0035042163067985259 -0.012511384805903268 -0.0042386927408828825 0.00078196434776148227 -0.0016431371957775509 0.0020567447373570093 -0.0074456548958576037 -0.011025791808584543 -0.0026455142481671113 -0.0058089066089871341 -0.00024536244070860383 -0.011784187814745252 -0.014241659061136456 0.0073568043120689711 -0.0010379754607288821 0.007131267569476094 0.0020607628500745232 0.0027470551130273999 -0.0011534699010185467 0.00080967899360873119 0.00069691148148002331 0.0026538351413064234 -0.0051672281644191001 0.0075864774352602709 0.0019348503559319344
leaf_weight=684.69058799743652 380.44860482215881 292.9159038066864 733.64386677742004 9850.4758639335632 277.60496997833252 4173.5075969696045 251.66667747497559 866.90159225463867 411.92868137359619 267.40126657485962 4662.2760462760925 2280.8840923309326 2539.9591386318207 383.16333532333374 344.36785173416138 974.21472644805908 302.79621052742004 1718.2746968269348 567.01549243927002 1729.6246070861816 657.06038570404053 238.00644683837891 1004.4849987030029 443.49091005325317 629.90112972259521 2001.8665800094604 2204.9914050102234 813.75088214874268 1704.4187636375427 889.25038194656372
leaf_count=118 69 78 268 648 90 381 41 141 49 35 559 727 964 41 60 141 98 721 56 193 48 37 94 38 43 183 215 101 143 97
internal_value=4.59726e-05 -0.00832808 0.00221546 0.00247801 -0.0101108 0.00317068 -2.04405e-06 0.00049273 -0.00350803 -0.00691254 0.00120854 -0.00673642 -0.0118672 0.00169964 -0.000550723 -0.00169837 -0.00828898 -0.0123828 0.00249763 0.00179945 0.00310339 0.00187814 -0.000464433 0.00447148 0.00511432 0.00259417 0.00361583 -0.00353158 0.00594844 0.00414292
internal_weight=44281 9111.47 35169.5 34435.9 7412.44 26907.8 7528.03 6597.03 930.997 519.068 5730.13 2573.8 4838.64 5045.44 1699.03 1318.58 580.401 4258.23 17057.4 7905 9152.37 4828.25 2056.24 4324.12 3880.63 6175.37 2772.01 1051.76 3250.73 1546.31
internal_count=6477 2948 3529 3261 2678 2277 984 859 125 76 718 805 1873 600 270 201 188 1685 1629 757 872 503 232 369 331 564 271 138 288 145
cat_boundaries=0 1 2 3 4
cat_threshold=28 289 33 706
is_linear=0
shrinkage=0.05


Tree=63
num_leaves=31
num_cat=4
split_feature=6 7 7 9 9 3 9 4 7 7 6 7 6 6 4 8 3 4 9 4 7 6 4 6 8 8 3 4 8 3
split_gain=307.962 48.9948 43.5294 22.3749 13.3986 8.41676 7.84839 4.98342 8.52097 5.22356 5.95107 4.04592 4.29354 4.29959 3.95463 3.74435 3.4507 3.15605 3.01993 2.86062 2.76216 9.68539 4.64055 9.00777 4.63253 5.07101 4.09098 3.93409 3.71238 3.88046
threshold=0.12940952255126045 -0.70710678118654757 0.98296291314453421 0 1 1.397276262011544 2 5.5000000000000009 0.78656609248549303 0.1294095225512602 -0.5 0.1294095225512602 -0.25881904510252113 -0.91597561503675329 1.5000000000000002 0.15484019594773454 1.9880595947760111 3.5000000000000004 3 3.5000000000000004 -0.12940952255126037 -0.5 2.5000000000000004 -0.78656609248549303 0.073222357743145686 0.66518280991514833 1.2149857925879128 4.5000000000000009 0.24037403943294891 1.8644544714716103
decision_type=2 2 2 1 1 2 1 2 2 2 2 2 2 2 2 2 2 2 1 2 2 2 2 2 2 2 2 2 2 2
left_child=2 5 3 7 -3 17 -5 8 11 10 -9 12 13 15 -14 -1 -13 -2 -6 -10 21 26 23 -22 -24 -26 -8 -28 -23 -30
right_child=1 4 -4 6 18 -7 20 9 19 -11 -12 16 14 -15 -16 -17 -18 -19 -20 -21 22 28 24 -25 25 -27 27 -29 29 -31
leaf_value=-0.003720252999488824 -0.0036109767716551028 -0.0072835679205721779 -0.0099586678016285179 0.0042064994082853437 -0.010873362376199697 0.00027680538347402042 0.0054767555932143447 -0.012356303072460195 -0.006001593879754033 0.00076194505822648384 -0.0016050078810416236 0.0070887580809319301 0.0063130960238883095 -0.0030602742386257303 0.00042902459594793604 0.002781594331067751 0.0019387597145225277 -0.0090947531632563899 -0.014090686157996808 0.00032605021909584242 0.0036410160125333324 0.0047449245884129418 -0.00088060673777806296 -0.0010132678705341892 0.0050272340653118829 -0.00018813293019154936 -1.4241355865111638e-05 -0.0045276384422819156 0.0063047704615867943 0.00095408737750734207
leaf_weight=296.08206415176392 772.91814184188843 2263.9644694328308 726.26537179946899 9893.2450885772705 2512.1079003810883 1396.0766949653625 265.62378644943237 248.53759384155273 610.80310010910034 412.25091934204102 266.96225214004517 404.16036558151245 451.15397548675537 1263.264796257019 777.96241426467896 878.27762413024902 1666.1670093536377 397.21600675582886 1693.9770486354828 252.43173933029175 2609.7388925552368 2076.1346487998962 444.70131874084473 1727.8302240371704 4248.6561813354492 523.51490545272827 2174.0861649513245 620.63991928100586 407.91370820999146 2001.2913265228271
leaf_count=36 203 727 268 648 964 228 40 41 103 49 35 43 51 211 90 108 179 105 721 38 191 184 37 193 358 44 275 94 38 175
internal_value=4.43032e-05 -0.00819074 0.00215548 0.00241034 -0.0105094 -0.00234475 0.003082 -2.12859e-06 0.000480179 -0.00343343 -0.00678852 0.00117705 0.00017932 -0.00103561 0.00258881 0.00114233 0.00294412 -0.00547251 -0.0121995 -0.00415123 0.00242934 0.00171569 0.00299549 0.00178703 0.00400027 0.0044551 -0.000452967 -0.00101656 0.00319537 0.00186004
internal_weight=44284 9036.26 35247.7 34521.4 6470.05 2566.21 26993.4 7528.05 6600.3 927.751 515.5 5737.07 3666.74 2437.62 1229.12 1174.36 2070.33 1170.13 4206.08 863.235 17100.1 7545.69 9554.44 4337.57 5216.87 4772.17 3060.35 2794.73 4485.34 2409.21
internal_count=6477 2948 3529 3261 2412 536 2277 984 859 125 76 718 496 355 141 144 222 308 1685 141 1629 806 823 384 439 402 409 369 397 213
cat_boundaries=0 1 2 3 4
cat_threshold=28 289 33 706
is_linear=0
shrinkage=0.05


Tree=64
num_leaves=31
num_cat=5
split_feature=2 2 2 9 6 9 9 3 6 6 1 3 9 6 1 8 6 8 4 6 3 2 9 6 8 4 4 2 6 3
split_gain=352.036 26.4844 11.3676 7.60604 7.18644 6.45596 4.93404 4.60364 3.32069 3.17419 3.04871 2.96256 3.27162 2.91277 2.85839 2.66822 4.51881 6.02461 5.0307 2.90862 2.8463 2.60909 2.59969 3.13353 2.53717 2.4116 3.97966 2.4888 2.42334 2.40191
threshold=1.7857142857142858 4.6428571428571432 1.2142857142857146 0 0.37940952255126054 1 2 1.3801311186847098 0.78656609248549325 -1.0000000180025095e-35 8.5000000000000018 1.9518001458970675 3 -0.78656609248549303 1.5000000000000002 0.20695870608825012 -0.60355339059327362 0.41420014434597935 4.5000000000000009 -0.37940952255126059 1.7043362064926948 4.0714285714285721 4 -0.37940952255126059 0.10047048724398872 2.5000000000000004 1.5000000000000002 5.7857142857142865 -0.25881904510252113 2.2200321333125124
decision_type=2 2 2 1 2 1 1 2 2 2 2 2 1 2 2 2 2 2 2 2 2 2 1 2 2 2 2 2 2 2
left_child=2 4 3 8 6 10 -2 9 24 -4 22 -7 29 -14 -9 -8 18 19 20 -18 -17 -19 23 -3 -1 26 28 -28 -15 -13
right_child=1 5 7 -5 -6 11 15 14 -10 -11 -12 12 13 25 -16 16 17 21 -20 -21 -22 -23 -24 -25 -26 -27 27 -29 -30 -31
leaf_value=-0.0056355798009985608 -0.00078555186407057117 0.0057383948400259316 -0.0024084389749084592 -0.0087087205471986749 -0.0067873993704240009 0.0037632423575841701 -6.6086977716236264e-05 0.0035099925217279299 -0.014303129173669769 -0.0083353568819059722 0.0047399328700246353 -0.0042259649841321833 0.0031437466441789686 0.00017682528067101161 -0.0055084711296155544 0.0047738541710083144 0.011258129730693737 0.0032719929642972367 -0.0066980897798665289 0.0050207089672010732 -0.00046312816991263489 -0.0038770534088873412 0.0016406478075016301 0.0011191140872033876 -0.011636567084640757 0.0024791102158159138 -0.0052897630377460141 7.7166011815294172e-05 0.0038230063028895631 0.00083925692411743766
leaf_weight=203.1918306350708 5286.5318112373352 1215.3367290496826 287.67896175384521 3634.3117883205414 376.9011538028717 3175.6571078300476 1732.4109055995941 190.54839134216309 1263.5215489864349 1051.9035058021545 5908.1751136779785 293.64227771759033 5753.7601175308228 1033.7481637001038 163.03677773475647 439.14291143417358 256.32218790054321 277.56764149665833 215.09912633895874 690.11785578727722 634.07671165466309 236.2519063949585 1973.3194227218628 526.0444164276123 1322.7014701366425 3303.015962600708 388.95566129684448 485.81829643249512 814.94411277770996 1153.1633944511414
leaf_count=78 774 89 58 1319 101 283 244 50 541 333 318 31 449 101 44 60 29 41 35 97 85 28 158 43 531 287 42 41 69 118
internal_value=4.2651e-05 0.00215442 -0.00936769 -0.0103283 -1.26719e-05 0.00299912 0.000248746 -0.00572306 -0.012363 -0.00706254 0.00403006 0.0023904 0.0020626 0.00233712 -0.000648387 0.00146746 0.00243938 0.00434363 0.00028098 0.00670998 0.00167975 -1.51063e-05 0.00291187 0.00431818 -0.0108375 0.00157088 0.000469378 -0.00230916 0.00178414 -0.00018748
internal_weight=44286.9 36170 8116.89 6423.73 10144.4 26025.6 9767.52 1693.17 2789.41 1339.58 9622.88 16402.7 13227 11780.2 353.585 4480.99 2748.58 1460.26 1288.32 946.44 1073.22 513.82 3714.7 1741.38 1525.89 6026.48 2723.47 874.774 1848.69 1446.81
internal_count=6477 3523 2954 2469 1494 2029 1393 485 1150 391 608 1421 1138 989 94 619 375 195 180 126 145 69 290 132 609 540 253 83 170 149
cat_boundaries=0 1 2 3 4 5
cat_threshold=156 33 92 12 32
is_linear=0
shrinkage=0.05


Tree=65
num_leaves=31
num_cat=4
split_feature=2 2 9 6 6 2 7 9 6 4 9 3 8 3 1 7 1 1 4 7 2 3 7 4 4 6 6 2 9 8
split_gain=329.951 25.0578 8.96213 10.8525 6.79519 6.69691 6.44919 5.21056 4.27725 10.5479 4.93702 7.37234 4.51088 4.40072 4.84508 3.19042 3.94242 2.71756 2.62578 3.07313 2.85429 2.75703 5.66937 3.96462 2.59684 3.66933 3.10727 2.92228 2.53565 2.43829
threshold=1.7857142857142858 4.6428571428571432 0 -1.0000000180025095e-35 0.37940952255126054 9.071428571428573 -0.70710678118654757 1 -0.91597561503675329 4.5000000000000009 2 2.8115408417381946 0.12407412323927694 2.4784787961282118 2.5000000000000004 -0.12940952255126037 3.5000000000000004 4.5000000000000009 2.5000000000000004 0.91597561503675351 3.2142857142857149 2.2307312692782699 0.37940952255126048 4.5000000000000009 3.5000000000000004 -0.5 0.25881904510252091 2.785714285714286 3 0.3147983283507379
decision_type=2 2 1 2 2 2 2 1 2 2 1 2 2 2 2 2 2 2 2 2 2 2 2 2 2 2 2 2 1 2
left_child=2 4 -1 -4 8 28 -5 -8 9 15 11 12 -10 14 -14 16 -2 -16 19 -12 -21 22 24 -24 27 -26 -27 -20 -3 -30
right_child=1 5 3 6 -6 -7 7 -9 10 -11 18 -13 13 -15 17 -17 -18 -19 21 20 -22 -23 23 -25 25 26 -28 -29 29 -31
leaf_value=-0.0057169477817584314 0.0072198554679181451 0.0011272976898150642 -0.0021390703824570199 -0.0062138995734095648 -0.0066585373201398304 0.0040477652525517487 -0.013408167390241638 -0.0098606484819534282 -0.0036183822246657425 -0.0052304372673801806 -0.0015485325213450191 0.0097008028048285021 -0.001170303195106591 -0.0044271899759269371 0.0074324061300167681 0.0087885194280605192 0.00016209396394245248 0.0022122763044080712 0.0068102307882501175 -0.010819951938702053 -0.0023859617508202573 -0.002532272775642008 0.0005563506464927782 0.0082449968292279841 -0.0055569937357410355 0.003422601747509055 -0.0038407272703826151 -0.0011789531312651931 0.0030411654332324939 0.0016888891780142035
leaf_weight=1630.2141063213348 338.54282903671265 3904.1658806800842 409.86866903305054 754.75284099578857 385.23498368263245 7403.808385848999 1889.8430075645447 3493.8836970329285 487.95705318450928 336.75482940673828 2409.717978477478 249.05829954147339 502.98064565658569 242.62237739562988 503.69368386268616 352.49199676513672 476.16458129882812 493.68487215042114 200.69851922988892 185.59082317352295 218.32793140411377 847.64795303344727 315.13909482955933 358.28463649749756 464.3977746963501 348.64952754974365 254.90103149414062 266.38126373291016 9615.9260516166687 5102.1650333404541
leaf_count=500 45 372 83 240 104 398 824 1361 71 48 359 28 79 34 70 39 58 64 34 33 31 114 46 47 79 48 43 39 813 435
internal_value=-9.45176e-05 0.00195139 -0.00916637 -0.0100011 -0.000144051 0.00277575 -0.0105423 -0.0111492 0.000110636 0.00256519 -0.000331477 0.00153554 0.00063087 0.00182047 0.00283078 0.00481434 0.00309487 0.00484853 -0.00112101 -0.00222507 -0.00626117 -0.000108214 0.000822188 0.00464698 -0.000855763 -0.00221581 0.000355038 0.0022539 0.00227003 0.00257064
internal_weight=44443.6 36265 8178.56 6548.35 10238.9 26026.1 6138.48 5383.73 9853.69 1503.95 8349.73 2480 2230.94 1742.98 1500.36 1167.2 814.707 997.379 5869.74 2813.64 403.919 3056.1 2208.45 673.424 1535.03 1067.95 603.551 467.08 18622.3 14718.1
internal_count=6539 3531 3008 2508 1513 2018 2425 2185 1409 190 1219 346 318 247 213 142 103 134 873 423 64 450 336 93 243 170 91 73 1620 1248
cat_boundaries=0 1 2 3 4
cat_threshold=33 28 163 140
is_linear=0
shrinkage=0.05


Tree=66
num_leaves=31
num_cat=3
split_feature=2 2 9 6 6 7 2 9 0 6 4 9 3 8 3 1 4 0 6 7 1 1 4 7 2 3 7 4 4 6
split_gain=316.174 23.723 8.74437 10.5619 6.50589 6.31041 6.30969 5.14416 4.21217 4.05728 10.0089 4.69397 6.92652 4.29452 4.18397 4.577 3.22151 3.03619 3.50695 2.9829 3.70928 2.57182 2.50535 2.95268 2.7685 2.62621 5.36609 3.71895 2.47149 3.51563
threshold=1.7857142857142858 4.6428571428571432 0 -1.0000000180025095e-35 0.37940952255126054 -0.70710678118654757 9.071428571428573 1 2.5000000000000004 -0.91597561503675329 4.5000000000000009 2 2.8115408417381946 0.12407412323927694 2.4784787961282118 2.5000000000000004 5.5000000000000009 2.5000000000000004 0.37940952255126054 -0.12940952255126037 3.5000000000000004 3.5000000000000004 2.5000000000000004 0.91597561503675351 3.2142857142857149 2.2307312692782699 0.37940952255126048 4.5000000000000009 3.5000000000000004 -0.5
decision_type=2 2 1 2 2 2 2 1 2 2 2 1 2 2 2 2 2 2 2 2 2 2 2 2 2 2 2 2 2 2
left_child=2 4 8 -4 9 17 -3 -7 16 10 19 12 13 -11 15 -15 -1 18 -5 20 -2 -17 23 -13 -25 26 28 -28 -24 -30
right_child=1 6 3 5 -6 7 -8 -9 -10 11 -12 22 -14 14 -16 21 -18 -19 -20 -21 -22 -23 25 24 -26 -27 27 -29 29 -31
leaf_value=-0.0055971911805633044 0.0069892989442573387 0.002208588814247583 -0.0020904823768785725 0.0030813255992209652 -0.0065371431265406179 -0.013254822261504496 0.0039311140548931433 -0.0097127455691156626 0.0020032225912118601 -0.0035414939866380102 -0.0051276581467480228 -0.0015124536271984793 0.0093674529896371657 -0.0011425987335877655 -0.0043366658715107394 0.0094360079033045646 -0.012659891931624374 -0.014245787706364652 -0.0065529920692605345 0.008494363247668963 0.00015804336991954515 0.0033489185621354829 0.0021927167677032494 -0.010667548581216088 -0.0023323489689283171 -0.0024757391838021482 0.00054223110842524925 0.0079734207967518157 -0.0054495997201214211 0.00034593583100260539
leaf_weight=1273.9135627746582 340.99590492248535 18664.572999954224 408.99286985397339 114.65181946754456 382.6784029006958 1864.6728055477142 7433.8380107879639 3459.6011121273041 162.11690998077393 486.19463205337524 334.99805402755737 2405.9893403053284 251.48611974716187 502.39235210418701 241.55061674118042 223.25810575485229 184.89037537574768 99.211248397827148 536.21435546875 355.60353231430054 476.24176502227783 778.97142696380615 468.13738536834717 183.59356498718262 217.80763149261475 845.50418996810913 315.31447267532349 361.25090646743774 461.82427787780762 603.76876306533813
leaf_count=395 45 1620 83 30 104 824 398 1361 47 71 48 359 28 79 34 31 58 30 180 39 58 103 73 33 31 114 46 47 79 91
internal_value=-9.26737e-05 0.00189907 -0.00902277 -0.00985265 -0.000140769 -0.0103915 0.00269923 -0.0109964 -0.00560804 0.000107611 0.0024946 -0.000323583 0.00149477 0.000614578 0.00177177 0.00275242 -0.00649233 -0.00609787 -0.00485588 0.00467174 0.00300841 0.00470489 -0.00109459 -0.00217478 -0.00614472 -0.000105789 0.000800788 0.0045101 -0.000835479 -0.00216583
internal_weight=44440.2 36336 8104.27 6483.34 10237.6 6074.35 26098.4 5324.27 1620.92 9854.88 1507.84 8347.04 2483.85 2232.37 1746.17 1504.62 1458.8 750.077 650.866 1172.84 817.238 1002.23 5863.19 2807.39 401.401 3055.8 2210.3 676.565 1533.73 1065.59
internal_count=6539 3531 3008 2508 1513 2425 2018 2185 500 1409 190 1219 346 318 247 213 453 240 210 142 103 134 873 423 64 450 336 93 243 170
cat_boundaries=0 1 2 3
cat_threshold=33 28 163
is_linear=0
shrinkage=0.05


Tree=67
num_leaves=31
num_cat=6
split_feature=2 2 9 2 2 2 9 7 9 7 0 8 4 7 8 9 3 3 8 8 9 1 3 3 9 8 7 3 8 3
split_gain=302.938 22.4618 8.53068 8.12406 5.94647 4.61543 5.11176 4.61391 4.80553 4.37188 4.04694 3.57562 3.1415 2.89878 2.41558 2.91268 3.61476 5.88121 3.45306 4.56905 2.8884 4.74891 4.09638 3.23837 2.39271 2.29647 2.19922 3.76633 3.60874 2.06835
threshold=1.7857142857142858 4.6428571428571432 0 1.3571428571428574 9.071428571428573 2.6428571428571437 1 -0.70710678118654757 2 -0.60355339059327384 2.5000000000000004 0.2296828188065729 5.5000000000000009 -0.70710678118654757 0.18197915364079581 3 2.2200321333125124 1.8126539343499306 0.29213378895491837 0.26466697349085722 4 5.5000000000000009 2.3042346054814726 2.2307312692782699 5 0.3147983283507379 -0.12940952255126037 1.9518001458970662 0.62801887433740056 3.6253078686998643
decision_type=2 2 1 2 2 2 1 2 1 2 2 2 2 2 2 1 2 2 2 2 1 2 2 2 1 2 2 2 2 2
left_child=2 5 10 7 24 6 9 11 -9 -2 12 -4 -1 -8 20 16 17 -16 19 -17 22 23 -7 -22 -3 29 27 -27 -29 -26
right_child=1 4 3 -5 -6 14 13 8 -10 -11 -12 -13 -14 -15 15 18 -18 -19 -20 -21 21 -23 -24 -25 25 26 -28 28 -30 -31
leaf_value=-0.0054892435283647595 -0.0013805945061832788 0.0010410739418168532 -0.0019365888197339872 -0.0047197181849863755 0.0038182756518569841 -0.0005377355583589871 -0.001160292339213417 -0.012987100668381952 -0.0095209990621107302 0.0079307483113054914 0.0019495249176540227 -0.010024752672392001 -0.012504849779160557 -0.0054119202886023839 -0.0023613317063702925 0.0020874868003340256 -0.004308144081081015 0.007047483238780035 0.00062651002253377762 0.0087386555252226463 0.00035232347406772879 -0.00436432911840977 -0.0074118809879809306 0.0057659012782383216 0.003230912409541804 0.004371328520619752 0.0025856847123274899 -0.0016368499064616723 0.0034740717581733939 0.0013016648014336028
leaf_weight=1266.8031401634216 341.17072319984436 3917.211480140686 273.0130763053894 721.05055379867554 7463.1187696456909 592.79922580718994 703.45257782936096 1860.2909832000732 3292.026043176651 199.93886661529541 162.44199156761169 273.56523966789246 182.56443572044373 932.15627360343933 436.17718458175659 1062.53533411026 509.23143720626831 268.22058200836182 2600.5886430740356 341.0994701385498 1125.8225364685059 415.34456586837769 341.61272478103638 366.07089519500732 7984.6251606941223 503.41441965103149 2651.8377795219421 1519.8934435844421 446.94376659393311 1681.9148807525635
leaf_count=395 60 372 90 186 398 84 137 828 1312 33 47 92 58 191 62 142 67 35 347 45 160 52 49 49 683 45 219 133 38 130
internal_value=-9.0836e-05 0.00184826 -0.00888007 -0.00970499 0.00262502 -0.000137536 -0.00218049 -0.0103528 -0.0108162 0.00202255 -0.00550006 -0.00598476 -0.00637294 -0.00356158 0.000414228 0.00105303 -0.00108981 0.00122136 0.00170097 0.0037038 -0.000758742 0.000362335 -0.00301856 0.00168067 0.00214894 0.00244004 0.00158574 0.000512283 -0.000475445 0.00289524
internal_weight=44436.9 36405.2 8031.76 6419.95 26169 10236.2 2176.72 5698.9 5152.32 541.11 1611.81 546.578 1449.37 1635.61 8059.5 5217.85 1213.63 704.398 4004.22 1403.63 2841.65 1907.24 934.412 1491.89 18705.8 14788.6 5122.09 2470.25 1966.84 9666.54
internal_count=6539 3531 3008 2508 2018 1513 421 2322 2140 93 500 182 453 328 1092 698 164 97 534 187 394 261 133 209 1620 1248 435 216 171 813
cat_boundaries=0 1 2 3 4 5 6
cat_threshold=33 656 28 516 208 140
is_linear=0
shrinkage=0.05


Tree=68
num_leaves=31
num_cat=3
split_feature=2 2 9 6 6 7 2 9 0 6 4 9 3 3 1 4 0 6 7 1 1 2 4 7 2 3 7 4 4 2
split_gain=290.229 21.2689 8.31871 10.1475 6.09077 6.02709 5.60566 4.99963 3.88751 3.78117 9.46919 4.38248 6.50454 3.95838 4.54631 3.0623 2.97099 3.38104 2.74751 3.50504 2.59249 2.47179 2.40114 2.81013 2.65665 2.477 5.74647 3.04763 2.5822 2.64956
threshold=1.7857142857142858 4.6428571428571432 0 -1.0000000180025095e-35 0.37940952255126054 -0.70710678118654757 9.071428571428573 1 2.5000000000000004 -0.91597561503675329 4.5000000000000009 2 2.8115408417381946 2.4784787961282118 2.5000000000000004 5.5000000000000009 2.5000000000000004 0.37940952255126054 -0.12940952255126037 3.5000000000000004 3.5000000000000004 0.78571428571428581 2.5000000000000004 0.91597561503675351 3.2142857142857149 2.1380899352993956 0.37940952255126048 4.5000000000000009 4.5000000000000009 3.0714285714285716
decision_type=2 2 1 2 2 2 2 1 2 2 2 1 2 2 2 2 2 2 2 2 2 2 2 2 2 2 2 2 2 2
left_child=2 4 8 -4 9 16 -3 -7 15 10 18 12 13 14 -11 -1 17 -5 19 -2 -16 -19 23 -13 -25 26 28 -28 -24 -30
right_child=1 6 3 5 -6 7 -8 -9 -10 11 -12 22 -14 -15 20 -17 -18 21 -20 -21 -22 -23 25 24 -26 -27 27 -29 29 -31
leaf_value=-0.00538278961451905 0.0067615530943538928 0.0020910124849091698 -0.0019254012927413901 0.0031491797441906572 -0.0063551224335710726 -0.012948882892494507 0.0037091000405249986 -0.0094229412634819557 0.0018973698772328713 -0.0020490108506402102 -0.0050350221304177661 -0.0014727908080787802 0.009030117575284614 -0.0050034113871458702 0.006993285855781451 -0.012349767102022955 -0.014025450160353193 -0.00071531135780863325 0.0081542497295504553 0.00013611428915218557 0.0018106024825277683 -0.0084076753315577065 0.0010754175176142624 -0.010477904379058616 -0.0022787753058800091 -0.0021535704760603362 0.0010781629257062995 0.0081175673130099834 -0.0057336974723064841 0.00079854993455724449
leaf_weight=1259.8684108257294 343.45422315597534 18746.091931343079 406.04502725601196 114.37376165390015 378.90797066688538 1816.3968770503998 7491.6694784164429 3394.335307598114 162.75898623466492 647.49057579040527 333.4302830696106 2401.9036068916321 253.99163770675659 277.41554260253906 318.95620274543762 180.29571223258972 97.187889099121094 143.0706889629364 359.27038192749023 476.66008901596069 990.99591112136841 386.68606424331665 797.15317440032959 181.16748666763306 217.29017972946167 985.63683557510376 281.77246904373169 338.42403745651245 395.37970638275146 255.58167839050293
leaf_count=395 45 1620 83 30 104 824 398 1361 47 102 48 359 28 40 45 58 30 50 39 58 131 130 124 33 31 134 41 44 70 37
internal_value=-8.90131e-05 0.00179891 -0.00873836 -0.00955809 -0.000134305 -0.0100948 0.00255303 -0.010695 -0.00539356 0.000104851 0.00240473 -0.000312173 0.00144214 0.000586217 0.0013784 -0.00625499 -0.00587655 -0.00464702 0.00450807 0.00291077 0.00307252 -0.00633021 -0.00105864 -0.00211791 -0.00600669 -9.07947e-05 0.000892204 0.00491937 -0.000832545 -0.00316899
internal_weight=44433.7 36472.6 7961.02 6358.1 10234.9 5952.05 26237.8 5210.73 1602.92 9855.97 1512.81 8343.16 2488.85 2234.86 1957.44 1440.16 741.318 644.131 1179.38 820.114 1309.95 529.757 5854.31 2800.36 398.458 3053.95 2068.31 620.197 1448.11 650.961
internal_count=6539 3531 3008 2508 1513 2425 2018 2185 500 1409 190 1219 346 318 278 453 240 210 142 103 176 180 873 423 64 450 316 85 231 107
cat_boundaries=0 1 2 3
cat_threshold=33 28 163
is_linear=0
shrinkage=0.05


Tree=69
num_leaves=31
num_cat=4
split_feature=2 2 9 6 7 6 9 9 7 4 6 4 8 0 6 4 9 8 1 6 4 6 4 0 6 4 7 1 8 2
split_gain=278.027 20.1428 8.10884 9.86483 5.88947 5.8297 5.44785 4.92843 3.75595 7.36497 12.613 7.14524 3.90277 3.7337 3.5872 8.9878 4.16688 4.77278 3.90669 3.39633 6.78378 3.26268 2.98395 2.89653 3.24088 2.74422 2.57175 3.30001 2.50707 2.82108
threshold=1.7857142857142858 4.6428571428571432 0 -1.0000000180025095e-35 -0.70710678118654757 0.37940952255126054 1 2 0.1294095225512602 4.5000000000000009 -0.78656609248549303 3.5000000000000004 0.60462907580231506 2.5000000000000004 -0.91597561503675329 4.5000000000000009 3 0.12407412323927694 2.5000000000000004 -0.5 4.5000000000000009 -0.78656609248549303 5.5000000000000009 2.5000000000000004 0.37940952255126054 4.5000000000000009 -0.12940952255126037 3.5000000000000004 0.16032840024074838 6.3571428571428585
decision_type=2 2 1 2 2 2 1 1 2 2 2 2 2 2 2 2 1 2 2 2 2 2 2 2 2 2 2 2 2 2
left_child=2 5 13 -4 23 14 8 -6 11 10 -10 12 28 22 15 26 17 -16 25 20 -13 -11 -1 24 -5 -19 27 -2 29 -3
right_child=1 6 3 4 7 -7 -8 -9 9 21 -12 19 -14 -15 16 -17 -18 18 -20 -21 -22 -23 -24 -25 -26 -27 -28 -29 -30 -31
leaf_value=-0.0052778311157384312 0.0065486707638554645 0.0017122794393953985 -0.0018812597745819001 0.0030612090805742036 -0.012794903104734199 -0.0062373430425568714 0.00158622868944204 -0.0092775145422748437 0.0050772032878489146 0.00441308340188226 0.0003467078785101981 0.003404534115158011 0.0076912956513448261 0.0018467076227338106 -0.0028262856113114732 -0.0049351063493605733 -0.0010335862884976214 0.0014986732028931401 0.0040892854853160692 0.0017576408992475184 -0.0044749191701486911 0.0084703373439627954 -0.012194692275857217 -0.013872854042812783 -0.0062128432801011419 -0.005610023545536573 0.0078863875782365003 0.00013271635904107284 0.0022483891152735714 0.0063606899900489969
leaf_weight=1253.1050112247467 345.78437662124634 501.10120677947998 405.26397848129272 114.73451352119446 1793.0282196998596 376.50760221481323 10375.885423183441 3362.5008866786957 3131.4295778274536 969.48437023162842 2561.9665174484253 421.48064804077148 485.84647941589355 163.06809210777283 524.92890691757202 331.75567197799683 5848.1347169876099 446.29396295547485 1326.1383805274963 1739.5781135559082 776.24699306488037 1013.5256128311157 178.08279585838318 95.83430004119873 526.41695332527161 195.11695909500122 362.21193790435791 476.72497272491455 3392.0958957672119 936.19884300231934
leaf_count=395 45 44 83 30 824 104 929 1361 167 55 214 30 33 47 76 48 873 66 172 122 66 65 58 30 180 32 39 58 235 58
internal_value=-8.72367e-05 0.00175096 -0.00859771 -0.00941206 -0.00994598 -0.000131206 0.0024832 -0.0105436 0.00306455 0.00386255 0.00294853 0.00232598 0.00341968 -0.00528856 0.000102028 0.00233897 -0.000304689 0.00140405 0.00253981 0.000346868 -0.00170214 0.00648676 -0.0061385 -0.00576512 -0.00455324 -0.00066379 0.00437592 0.00282999 0.00298995 0.00474007
internal_weight=44430.5 36538.4 7892.03 6297.78 5892.51 10233.6 26304.8 5155.53 15929 7676.41 5693.4 8252.55 5315.24 1594.26 9857.09 1516.48 8340.61 2492.48 1967.55 2937.31 1197.73 1983.01 1431.19 736.986 641.151 641.411 1184.72 822.509 4829.4 1437.3
internal_count=6539 3531 3008 2508 2425 1513 2018 2185 1089 501 381 588 370 500 1409 190 1219 346 270 218 96 120 453 240 210 98 142 103 337 102
cat_boundaries=0 1 2 3 4
cat_threshold=33 291 28 163
is_linear=0
shrinkage=0.05


Tree=70
num_leaves=31
num_cat=4
split_feature=2 2 2 9 6 3 8 9 8 7 8 7 1 7 7 5 6 7 0 1 7 8 8 3 2 8 1 7 9 9
split_gain=277.299 13.4427 8.55121 7.73324 5.03683 5.77639 4.55853 5.88976 5.93256 4.41309 4.20709 4.47823 4.14857 5.16467 4.1689 5.38987 5.81338 3.6451 3.5269 3.33275 3.24163 3.01642 3.33237 3.01554 4.17509 3.48373 3.00827 2.7788 2.61409 2.59858
threshold=1.9285714285714288 4.6428571428571432 1.2142857142857146 0 0.37940952255126054 0.89973541084243835 0.25297822189684127 1 0.2944248289310793 -0.78656609248549325 0.50736915055398313 1.0000000180025095e-35 6.5000000000000009 0.78656609248549303 0.1294095225512602 1.0000000180025095e-35 -0.25881904510252113 -0.37940952255126015 2.5000000000000004 2.5000000000000004 -0.5 0.1369807493025226 0.69541055724776146 2.1436434530208168 3.785714285714286 0.3860568642766497 2.5000000000000004 -0.70710678118654757 2 3
decision_type=2 2 2 1 2 2 2 1 2 2 2 2 2 2 2 2 2 2 2 2 2 2 2 2 2 2 2 2 1 1
left_child=2 4 3 20 5 -2 -7 8 -8 18 11 28 13 29 15 21 -17 26 -9 -13 -1 -14 -23 24 -19 -25 -11 -5 -4 -3
right_child=1 12 10 27 -6 6 7 9 -10 17 -12 19 14 -15 -16 16 -18 23 -20 -21 -22 22 -24 25 -26 -27 -28 -29 -30 -31
leaf_value=-0.0080890605274490223 0.0085713602233989123 0.0028348392940897708 0.00015198590959547291 -0.0011791395055243716 -0.0064430200309964856 -0.00092379194949986781 0.0092083144276873617 0.0073950440411809041 0.0020901032580080106 -0.0086183115722767399 -0.011236609877619909 -0.0060564825662198932 0.0046407743947632458 -0.0013535596301058155 0.0036597519983205522 -0.0043850461446398349 0.0020245258741963326 -0.0019028267569714712 0.00031246572333740294 -0.014966998934606341 -0.012391786217197944 0.0016582906302497304 0.0059165012519365552 -0.0061780334929728313 0.0059363397154904088 0.0013266266163187673 -0.001618572317131535 -0.0080435243813319502 -0.0050512206065999876 0.001130004479043336
leaf_weight=552.56194829940796 211.07389307022095 4645.7911467552185 498.31292080879211 154.3332188129425 277.38126921653748 4544.9842734336853 354.02047109603882 283.94712734222412 1690.2328157424927 271.42141962051392 283.24119830131531 609.9255576133728 1493.0417642593384 1305.6050572395325 8206.6712961196899 616.31114101409912 830.42278575897217 318.40968322753906 461.38430452346802 126.74571800231934 2106.5362160205841 4583.284351348877 510.63940906524658 319.0137825012207 364.04289770126343 300.12358427047729 353.28544759750366 3297.4416649341583 465.18816184997559 4392.9856781959534
leaf_count=213 30 393 136 51 74 653 47 43 231 46 83 191 107 135 528 44 61 50 65 41 961 320 31 41 41 37 55 1269 118 417
internal_value=-7.81829e-05 0.00178625 -0.00844734 -0.00937321 0.000198119 0.000392601 0.000206191 0.00129522 0.00330665 -0.00025528 -0.00559475 -0.00465484 0.00236866 0.00158604 0.00286715 0.00205748 -0.000705963 -0.00152029 0.0030107 -0.00758955 -0.0114546 0.00266443 0.00208515 -1.3462e-05 0.00227885 -0.00254019 -0.00465981 -0.00771426 -0.00241102 0.00201065
internal_weight=44428.4 36334.1 8094.29 6110.87 9749.32 9471.94 9260.87 4715.88 2044.25 2671.63 1983.41 1700.17 26584.8 10344.4 16240.4 8033.7 1446.73 1926.3 745.331 736.671 2659.1 6586.97 5093.92 1301.59 682.453 619.137 624.707 3451.77 963.501 9038.78
internal_count=6512 3449 3063 2494 1413 1339 1309 656 278 378 569 486 2036 945 1091 563 105 270 108 232 1174 458 351 169 91 78 101 1320 254 810
cat_boundaries=0 1 2 3 4
cat_threshold=156 241 167 419
is_linear=0
shrinkage=0.05


Tree=71
num_leaves=31
num_cat=0
split_feature=2 2 2 6 3 8 8 6 8 7 1 7 7 4 4 6 1 7 4 2 7 6 6 4 2 6 3 3 8 2
split_gain=265.54 12.7292 8.3247 4.81846 5.44192 4.33142 4.15487 4.3943 4.08817 4.32069 3.91706 4.90063 3.93033 7.17674 3.49391 6.61685 3.26271 3.20143 4.67518 3.04053 3.00022 2.92522 2.79685 4.01735 3.30435 3.25427 3.21311 2.7469 2.63992 2.62468
threshold=1.9285714285714288 4.6428571428571432 1.2142857142857146 0.37940952255126054 0.89973541084243835 0.25297822189684127 0.2944248289310793 -0.60355339059327362 0.50736915055398313 1.0000000180025095e-35 6.5000000000000009 0.78656609248549303 0.1294095225512602 5.5000000000000009 2.5000000000000004 -0.78656609248549303 2.5000000000000004 -0.78656609248549325 2.5000000000000004 3.6428571428571437 -0.70710678118654757 1.0000000180025095e-35 -0.25881904510252113 3.5000000000000004 8.2142857142857171 1.0000000180025095e-35 2.2200321333125124 2.7559425675602971 0.36766256502743938 7.5000000000000009
decision_type=2 2 2 2 2 2 2 2 2 2 2 2 2 2 2 2 2 2 2 2 2 2 2 2 2 2 2 2 2 2
left_child=2 3 20 4 -2 -6 7 -7 9 -4 11 -3 13 22 15 27 -11 21 19 28 -1 -8 23 24 -12 26 -24 -14 -19 -16
right_child=1 10 8 -5 5 6 17 -9 -10 16 12 -13 14 -15 29 -17 -18 18 -20 -21 -22 -23 25 -25 -26 -27 -28 -29 -30 -31
leaf_value=-0.0053296916600163247 0.0082862949467134989 0.0019568459435656805 -0.0023581261019587165 -0.0063241746939426899 -0.00090169807588839186 0.00083716539070855921 0.006730795901401472 0.0081328105481372863 -0.011083013193264171 -0.0059424404331726239 0.0011137027144698661 -0.0013217623775283426 0.0015060620978907015 -0.0029213289780876824 0.006005311505347069 -0.0015044687395945828 -0.014818280262878403 -0.0096306421218412645 0.0014678308833547711 -0.00010396733196271768 -0.0095455469247568217 0.0012264450011616511 0.0011531355145369513 -0.0013332983079525828 0.0042420406245424853 0.0012374675300468123 0.0058545475736058346 0.0048303634291465237 -0.0027652119166522876 0.0035560596378778515
leaf_weight=456.42023897171021 212.89085578918457 9056.9324908256531 961.23297905921936 275.59984111785889 4540.7875971794128 412.99080991744995 326.36185073852539 412.59537649154663 280.07634210586548 606.24272322654724 2023.6697692871094 1303.8390455245972 994.86137771606445 677.8365535736084 1710.7418212890625 842.45107650756836 124.8628396987915 217.12493371963501 1471.6453852653503 560.15503072738647 5597.4599878787994 926.86016893386841 473.39736461639404 898.02646160125732 1448.1633558273315 964.83131694793701 1564.3427476882935 1655.4489154815674 394.30651760101318 3033.2575244903564
leaf_count=157 30 810 254 74 653 57 43 57 83 191 162 135 65 48 133 62 41 35 203 66 2337 132 37 62 78 75 101 94 63 174
internal_value=-7.6541e-05 0.00173869 -0.00830857 0.000192992 0.000382543 0.000200888 0.00126115 0.00448324 -0.00548749 -0.00456145 0.00230431 0.00154425 0.0027878 0.00200214 0.00355568 0.00235553 -0.00745831 0.000578452 -0.000408403 -0.00276517 -0.0092277 0.00265988 0.00245482 0.00164756 0.00241859 0.00362967 0.00476234 0.0035825 -0.00520319 0.00443929
internal_weight=44425.4 36399.1 8026.3 9751.32 9475.72 9262.83 4722.04 825.586 1972.41 1692.34 26647.8 10360.8 16287 8050.27 8236.76 3492.76 731.106 3896.45 2643.23 1171.59 6053.88 1253.22 7372.43 4369.86 3471.83 3002.57 2037.74 2650.31 611.431 4744
internal_count=6512 3449 3063 1413 1339 1309 656 114 569 486 2036 945 1091 563 528 221 232 542 367 164 2494 175 515 302 240 213 138 159 98 307
is_linear=0
shrinkage=0.05


Tree=72
num_leaves=31
num_cat=4
split_feature=2 2 2 9 6 3 1 7 7 4 7 9 4 6 7 4 7 3 9 4 7 4 4 2 9 1 0 4 7 7
split_gain=254.244 12.0537 8.10287 7.69476 4.60911 5.12835 3.69944 4.65008 3.70613 6.81423 3.59472 3.30878 3.28798 6.2641 3.16189 3.00651 2.6453 2.58596 2.51626 3.37624 3.85155 6.43574 3.96315 2.4606 2.45314 2.36571 2.31266 2.30736 3.7684 5.25317
threshold=1.9285714285714288 4.6428571428571432 1.2142857142857146 0 0.37940952255126054 0.89973541084243835 6.5000000000000009 0.78656609248549303 0.1294095225512602 5.5000000000000009 1.0000000180025095e-35 1 2.5000000000000004 -0.78656609248549303 -0.5 3.5000000000000004 -0.70710678118654757 2.7559425675602971 2 2.5000000000000004 0.60355339059327384 4.5000000000000009 3.5000000000000004 7.5000000000000009 3 2.5000000000000004 9.5000000000000018 5.5000000000000009 0.78656609248549303 -0.12940952255126037
decision_type=2 2 2 1 2 2 2 2 2 2 2 1 2 2 2 2 2 2 1 2 2 2 2 2 1 2 2 2 2 2
left_child=2 4 3 14 5 -2 7 24 9 11 15 -8 13 17 -1 -4 -5 -10 19 -7 22 -22 -21 -14 -3 -12 -26 28 29 -20
right_child=1 6 10 16 -6 18 8 -9 12 -11 25 -13 23 -15 -16 -17 -18 -19 27 20 21 -23 -24 -25 26 -27 -28 -29 -30 -31
leaf_value=-0.0078308391368327578 0.008013023338925911 0.0027028813758808619 -0.0015942794878721599 -0.0010247028360485849 -0.006206774545963102 -0.00037025577124008677 0.0032572227083381838 -0.0012906705048711003 0.0014664292636686446 -0.0028572350758283523 -0.0066040865190512476 0.0010893761079431418 0.0058206950832664622 -0.0014693508501279076 -0.012115926625751674 -0.0070523875787732882 -0.0077456670933975236 0.0046874421774966346 -0.00039878369197160804 0.004971130694595113 0.00056160810819073231 0.011566947268459391 -0.00063642498975252084 0.0034552989624734238 0.0014756238004530564 -0.01351629768422279 -0.0020487556810828774 -0.0031308313150158018 -0.0029803897083093356 0.0039802627968311419
leaf_weight=544.16801977157593 214.66226243972778 4668.1057438850403 720.89564323425293 153.33195281028748 273.86239767074585 1772.3530488014221 4406.653772354126 1302.1168131828308 996.36083126068115 675.85926246643066 702.32506895065308 2983.9182271957397 1721.0462732315063 841.18459320068359 2060.8276557922363 388.14465236663818 3239.9498057365417 1663.4646730422974 3047.4225397109985 478.18156719207764 255.9975004196167 276.12763214111328 923.82704639434814 3044.0631675720215 3877.6061820983887 150.27003359794617 528.96094799041748 714.33727169036865 913.09046745300293 883.38830041885376
leaf_count=213 30 393 192 51 74 245 277 135 65 48 224 238 133 62 961 103 1269 94 448 63 35 30 137 174 372 50 45 105 139 107
internal_value=-7.49196e-05 0.00169244 -0.00817079 -0.00908308 0.000188037 0.000372785 0.00224179 0.00150354 0.00271083 0.00194838 -0.00538121 0.00238784 0.00345486 0.00229148 -0.0111779 -0.00350452 -0.0074201 0.00348086 0.000195762 0.00120293 0.00265074 0.00627244 0.00127614 0.00430962 0.00190448 -0.00782236 0.00105018 -0.000477167 -8.68123e-05 0.000585339
internal_weight=44422.5 36462.6 7959.91 5998.28 9753.25 9479.39 26709.3 10376.8 16332.6 8066.43 1961.64 7390.57 8266.12 3501.01 2605 1109.04 3393.28 2659.83 9264.73 3706.49 1934.13 532.125 1402.01 4765.11 9074.67 852.595 4406.57 5558.24 4843.9 3930.81
internal_count=6512 3449 3063 2494 1413 1339 2036 945 1091 563 569 515 528 221 1174 295 1320 159 1309 510 265 65 200 307 810 274 417 799 694 555
cat_boundaries=0 1 2 3 4
cat_threshold=156 549 737 419
is_linear=0
shrinkage=0.05


Tree=73
num_leaves=31
num_cat=2
split_feature=2 2 6 9 7 6 7 8 9 7 4 6 8 8 8 4 6 0 8 8 8 4 4 7 4 7 4 4 6 6
split_gain=243.41 11.4418 7.89517 10.4269 5.09129 4.9191 4.25154 3.57191 3.49287 3.01508 7.22844 6.30604 4.51225 3.69539 4.27824 3.58475 5.69435 3.51243 3.11471 2.8973 4.11034 4.60147 7.03998 3.51536 4.82558 3.20967 7.90068 7.10638 6.56119 5.15201
threshold=1.9285714285714288 5.5000000000000009 -1.0000000180025095e-35 0 -0.9159756150367534 0.37940952255126054 -0.70710678118654757 0.048750295396440567 1 0.1294095225512602 4.5000000000000009 -0.25881904510252113 0.13575817621790323 0.74046911398010062 0.49627040232450564 2.5000000000000004 -0.91597561503675329 10.500000000000002 0.7551087644715927 0.14736207959722716 0.15725125208412136 1.0000000180025095e-35 2.5000000000000004 0.37940952255126048 1.5000000000000002 -0.12940952255126037 4.5000000000000009 4.5000000000000009 -0.78656609248549303 -0.5
decision_type=2 2 2 1 2 2 2 2 1 2 2 2 2 2 2 2 2 2 2 2 2 2 2 2 2 2 2 2 2 2
left_child=2 5 -1 4 -4 19 -5 -3 -8 10 12 -12 -9 14 17 16 -11 -14 -17 -2 -21 -22 23 24 -23 26 -24 28 -27 -28
right_child=1 7 3 6 -6 -7 8 9 -10 15 11 -13 13 -15 -16 18 -18 -19 -20 20 21 22 25 -25 -26 27 29 -29 -30 -31
leaf_value=-0.0022223610608684964 -0.00049759715285561327 -0.00077585228257609409 -0.0021717089313896317 -0.0022893856141831819 -0.011516769100664398 -0.0060908293023040514 -0.0054081420902310591 0.0049441702102580891 -0.0085875712732772762 0.0044569301468062785 -0.0028729550351219418 0.0022705251236791158 0.0029159174241494583 0.0056807343058781507 -0.0017325167092806784 0.0042787242177369641 0.00081677374721404706 -0.00021893136039674013 1.9221483079606632e-05 0.00597067583424629 0.0034246034288767401 0.0019228628058889415 0.0026522651049964447 -0.0039496657839636524 -0.0026385040367040368 0.006963005543375045 -0.0056322299093354592 0.0060429055775540986 -0.0021145336370622016 0.00050739124152345189
leaf_weight=544.08157396316528 3766.696138381958 864.74215030670166 154.47385215759277 439.22151231765747 2580.2826263904572 272.1678614616394 1524.3238613605499 1657.5178270339966 2652.7945101261139 1645.8266220092773 1295.7550573348999 1103.3295745849609 3779.0344181060791 621.10784339904785 816.1321907043457 5321.563024520874 3094.0450563430786 1170.2401142120361 466.82923221588135 418.83197355270386 1551.9998564720154 1177.476420879364 1957.6784620285034 938.71532726287842 1142.3673014640808 267.36058282852173 627.70109176635742 1038.1518130302429 779.22998857498169 749.90163278579712
leaf_count=112 486 61 39 137 1183 74 493 118 1099 103 109 83 278 42 58 358 232 69 33 51 190 147 250 127 143 27 100 110 100 100
internal_value=-7.32901e-05 0.00164755 -0.0080342 -0.00846436 -0.0109489 0.000568538 -0.00695373 0.00237337 -0.00746083 0.00250322 0.00190126 -0.000507489 0.00261965 0.00201636 0.0016216 0.00310032 0.00208075 0.00217469 0.0039352 0.000694263 0.00111582 0.000917069 0.000468645 -0.00136797 -0.000323304 0.00157283 0.000610869 0.00311184 0.000204402 -0.00229011
internal_weight=44419.6 36524.4 7895.18 7351.1 2734.76 14688.3 4616.34 21836.1 4177.12 20971.4 10443.1 2399.08 8044.03 6386.51 5765.41 10528.3 4739.87 4949.27 5788.39 14416.1 10649.4 10230.6 8678.58 3258.56 2319.84 5420.02 3335.28 2084.74 1046.59 1377.6
internal_count=6512 3449 3063 2951 1222 1905 1729 1544 1592 1483 757 192 565 447 405 726 335 347 391 1831 1345 1294 1104 417 290 687 450 237 127 200
cat_boundaries=0 1 2
cat_threshold=156 33
is_linear=0
shrinkage=0.05


Tree=74
num_leaves=31
num_cat=6
split_feature=2 2 9 6 6 3 8 9 8 9 1 6 8 0 1 8 2 9 1 0 3 2 3 9 4 9 3 4 6 4
split_gain=233.031 10.9057 7.68631 8.82775 4.20789 4.80783 4.02247 5.01873 4.33676 3.37378 3.34692 3.28388 2.5856 2.49532 3.64185 2.24157 2.33479 2.15209 4.09183 2.55607 2.67374 4.6757 2.12255 2.33432 2.2117 2.06667 5.49623 2.60231 5.35541 2.02979
threshold=1.9285714285714288 4.6428571428571432 0 -1.0000000180025095e-35 0.37940952255126054 0.89973541084243835 0.25693388058582795 1 0.42332670489229912 2 6.5000000000000009 0.78656609248549325 0.27394533849557229 4.5000000000000009 9.5000000000000018 0.32786716490179252 1.642857142857143 3 10.500000000000002 7.5000000000000009 3.5556779850107687 10.785714285714286 1.9023794624226849 4 2.5000000000000004 5 2.2307312692782699 1.5000000000000002 -0.70710678118654735 1.5000000000000002
decision_type=2 2 1 2 2 2 2 1 2 1 2 2 2 2 2 2 2 1 2 2 2 2 2 1 2 1 2 2 2 2
left_child=2 4 -1 15 5 -2 22 8 -8 -5 -3 -11 -9 14 -12 16 -4 19 -19 29 -21 -22 23 -7 -25 26 -24 28 -27 -15
right_child=1 10 3 9 -6 6 7 12 -10 11 13 -13 -14 17 -16 -17 -18 18 -20 20 21 -23 25 24 -26 27 -28 -29 -30 -31
leaf_value=-0.0054409478913737611 0.0077107188200372509 0.001423144721729365 0.0041541886204412388 -0.008379469066107894 -0.0059763485454809723 2.794823741977975e-05 0.0073324538976719186 0.0052428349200770337 0.00058494724059265132 -0.0096752281493008591 -0.00059534334467393167 -0.013773590006939992 9.2108593399333e-07 0.0026071979465496658 0.0037325998481401081 -0.00699768936003934 -0.0043236946392591234 0.0028214043029429524 -0.00030618163928687841 0.0036328101719969429 -0.0011678564134907689 0.0031659832141698874 0.002671398088531127 -0.0055424576878337576 -0.0013799493189357113 0.0085338906118537367 -0.0050629142920987601 -0.00025001118194705808 -0.0013924057111656942 0.0058012970679771781
leaf_weight=2383.1057078838348 216.65652942657471 10408.568259716034 156.98612117767334 2910.9050064086914 270.51517248153687 846.82543563842773 555.00764608383179 252.72594928741455 417.08945226669312 1184.5028569698334 1349.3482513427734 832.15174984931946 3401.1021580696106 741.71367740631104 759.75430774688721 196.28102588653564 168.24696397781372 4057.7679243087769 1408.8766660690308 3905.1965980529785 980.49952030181885 1703.8605785369873 401.80849123001099 617.0020637512207 661.00009536743164 298.23317956924438 536.26489353179932 1035.4260535240173 249.60682201385498 1509.9298429489136
leaf_count=829 30 945 33 1201 74 125 69 35 55 514 120 411 482 50 55 41 34 310 94 219 59 79 56 96 102 39 77 138 35 105
internal_value=-7.18296e-05 0.00160386 -0.00789911 -0.00894776 0.00017262 0.000347922 0.000175879 0.00121958 0.00439218 -0.0096189 0.00212455 -0.0113103 0.000362499 0.00256925 0.000963696 -0.00277809 -0.000231522 0.00280592 0.00201168 0.00329102 0.00279778 0.00158299 -0.000863274 -0.00202742 -0.00336324 0.000117792 -0.00173159 0.00121679 0.00401127 0.00474913
internal_weight=44417 36584.8 7832.18 5449.07 9759.26 9488.75 9272.09 4625.93 972.097 4927.56 26825.5 2016.65 3653.83 16416.9 2109.1 521.514 325.233 14307.8 5466.64 8841.2 6589.56 2684.36 4646.17 2124.83 1278 2521.34 938.073 1583.27 547.84 2251.64
internal_count=6512 3449 3063 2234 1413 1339 1309 641 124 2126 2036 925 517 1091 175 108 67 916 404 512 357 138 668 323 198 345 133 212 74 155
cat_boundaries=0 1 2 3 4 5 6
cat_threshold=35 161 960 561 817 240
is_linear=0
shrinkage=0.05


Tree=75
num_leaves=31
num_cat=5
split_feature=2 2 9 6 9 7 6 9 7 6 8 7 9 3 7 9 2 0 7 1 3 3 7 6 3 6 0 2 3 3
split_gain=221.033 12.6651 11.5536 10.976 5.74262 5.67832 4.64641 3.93925 3.05852 3.02869 3.13726 3.2583 3.1944 2.60105 2.57625 2.67579 2.54179 2.46691 2.42063 2.28247 2.87918 2.14274 2.03934 3.23179 3.06881 3.09123 2.86502 2.83837 2.2014 2.53147
threshold=1.7857142857142858 3.785714285714286 0 -1.0000000180025095e-35 1 -0.9159756150367534 0.37940952255126054 2 -0.5 0.25881904510252091 0.073222357743145686 0.60355339059327384 3 1.8257418583505547 -0.98296291314453399 4 1.642857142857143 2.5000000000000004 -0.70710678118654757 2.5000000000000004 1.0000000000000009 1.397276262011544 0.1294095225512602 -0.60355339059327362 2.3042346054814726 -0.25881904510252113 5.5000000000000009 5.7857142857142865 2.1436434530208168 2.9113897843110057
decision_type=2 2 1 2 1 2 2 1 2 2 2 2 1 2 2 1 2 2 2 2 2 2 2 2 2 2 2 2 2 2
left_child=2 6 8 16 13 -5 14 -7 -1 10 11 -6 22 -3 -2 21 -4 18 -9 20 -10 -16 24 27 -12 -26 -25 -24 -29 -30
right_child=1 4 3 5 9 7 -8 17 19 -11 12 -13 -14 -15 15 -17 -18 -19 -20 -21 -22 -23 23 26 25 -27 -28 28 29 -31
leaf_value=0.0016642193151127499 0.004464557381381711 0.0030788534227699487 0.0024304657662442553 0.00013261149221716214 0.0013661763683551331 -0.011692404311161374 -0.0060964152451576381 -0.0039506525884610991 -0.0059109229766945819 -0.0017229627072085159 0.0021516604776979356 -0.0033873969305008435 0.0027099666716874559 -0.00098840230346597673 -0.0033512963145210374 0.00082497282438454131 -0.005832426484177671 -0.013946414939723562 -0.0087306322359912408 -0.011024300608940394 -0.00071441744462714333 -0.00054607854521514102 0.0056766763844400331 -0.002964272361675986 -0.0025356511532352724 0.0016928197846271858 0.0030615570234371757 -0.00090256070319437226 0.0049736339778135921 0.00073567043266839027
leaf_weight=209.48546719551086 283.33618640899658 476.56383275985718 238.44696092605591 150.2290894985199 1811.383861541748 1892.912261724472 352.32226061820984 289.77020883560181 782.30954217910767 499.86361885070801 1625.2222208976746 450.05406332015991 18329.229465961456 2244.0462913513184 949.81048679351807 2484.6479647159576 152.65698051452637 206.74731063842773 3081.0069456100464 134.00976037979126 404.31521892547607 2402.8971538543701 778.53686189651489 475.64616250991821 1081.0270662307739 720.15454292297363 337.02842903137207 463.91679573059082 781.80313491821289 641.50366973876953
leaf_count=65 39 51 50 40 134 908 99 99 261 61 163 38 1311 239 163 384 32 83 1317 44 129 377 75 56 101 65 35 38 62 52
internal_value=-8.57344e-05 0.00149707 -0.00789054 -0.00887909 0.00192065 -0.00945742 -0.000512927 -0.00972078 -0.00392291 0.00213336 0.00220424 0.000420157 0.00236413 -0.000274939 -0.000191527 -0.000417526 -0.000794734 -0.00862079 -0.00831972 -0.00483887 -0.00414033 -0.0013368 0.00144008 0.002295 0.00057638 -0.00084501 -0.00046527 0.00313649 0.00208858 0.00306353
internal_weight=44730.9 37189 7541.89 6011.77 30716 5620.67 6473.01 5470.44 1530.12 27995.4 27495.5 2261.44 25234.1 2720.61 6120.69 5837.36 391.104 3577.52 3370.78 1320.63 1186.62 3352.71 6904.84 3478.44 3426.4 1801.18 812.675 2665.76 1887.22 1423.31
internal_count=6571 3543 3028 2529 2481 2447 1062 2407 499 2191 2130 172 1958 290 963 924 82 1499 1416 434 390 540 647 318 329 166 91 227 152 114
cat_boundaries=0 1 2 3 4 5
cat_threshold=33 12 28 656 92
is_linear=0
shrinkage=0.05


Tree=76
num_leaves=31
num_cat=4
split_feature=6 7 7 9 9 9 9 6 8 3 4 8 7 8 7 0 4 3 3 7 4 6 4 6 1 0 1 3 3 8
split_gain=181.375 30.4045 26.8503 12.6444 11.7807 4.51625 3.95954 3.70387 4.10578 3.26779 3.66112 3.16699 3.29859 2.85274 2.36534 2.21457 2.67768 2.64466 2.3663 2.14542 10.5604 8.24691 7.99841 16.0324 11.368 5.89292 6.95623 3.5161 3.01076 3.42373
threshold=0.12940952255126045 -0.70710678118654757 0.98296291314453421 0 1 2 3 0.37940952255126054 0.37965993601554388 1.3451854182691001 5.5000000000000009 0.42807461614170467 0.37940952255126048 0.47720924208093835 0.1294095225512602 4.5000000000000009 3.5000000000000004 3.5556779850107687 2.5773699400920056 0.1294095225512602 4.5000000000000009 -0.5 4.5000000000000009 -0.78656609248549303 10.500000000000002 6.5000000000000009 5.5000000000000009 2.6457513110645916 1.2149857925879128 0.15725125208412136
decision_type=2 2 2 1 1 1 1 2 2 2 2 2 2 2 2 2 2 2 2 2 2 2 2 2 2 2 2 2 2 2
left_child=2 5 3 9 -3 13 15 8 -7 -1 11 -11 -13 -2 -12 16 -5 18 -17 20 28 -22 23 -21 25 26 -24 -27 -8 -30
right_child=1 4 -4 6 -6 7 19 -9 -10 10 14 12 -14 -15 -16 17 -18 -19 -20 22 21 -23 24 -25 -26 27 -28 -29 29 -31
leaf_value=-0.0038510803909585626 0.0012482045402341143 -0.0047308161988143787 -0.0085034800731876147 0.0024041014473668589 -0.0099603774986978689 -0.0044217292203545143 0.0055493516966507381 -0.0079428125848074026 0.0029390797223713097 -0.00035454462615508529 -0.0074146568904189282 0.0059132457346684243 -0.0010124599113817559 -0.0052715148246200742 -0.00077355084989060453 0.0024550022325965709 -0.0029181778621889653 0.0020288401972636044 0.0045595143484195326 0.003645613222008542 -0.0049559520362231924 0.00094225850610364463 0.013971800586644113 -0.0012502627122287743 -0.0028345678517106895 0.000851112337884827 0.005648214905604694 0.0066271927162151259 0.003306044515049727 0.0010384189475572581
leaf_weight=710.26163959503174 991.27715611457825 1512.4206025600433 664.5928418636322 721.54134607315063 4395.0566437244415 666.42048358917236 544.79109621047974 429.33825182914734 264.68988299369812 2943.8538393974304 264.14605331420898 458.64828824996948 275.01589632034302 201.96596789360046 272.28457355499268 2180.7439060211182 351.42025709152222 3741.8871583938599 3446.8937473297119 3415.2911396026611 1112.0440683364868 1268.8423275947571 385.29869556427002 3276.2200298309326 438.742112159729 609.41471672058105 720.20390176773071 464.13363075256348 2361.8009076118469 5638.3091516494751
leaf_count=129 178 489 277 66 1997 120 67 154 49 367 38 54 36 36 32 148 36 203 204 245 149 120 40 371 30 48 61 36 228 563
internal_value=-8.38903e-05 -0.00667575 0.00145403 0.00163991 -0.00864638 -0.00211705 0.00201705 -0.00407089 -0.00232925 -0.000712277 -0.000184921 0.000377953 0.00331713 0.000143487 -0.00404373 0.00280993 0.000660929 0.00305902 0.003744 0.00160669 0.00113225 -0.00181263 0.00216523 0.00124855 0.00450842 0.0059869 0.00854922 0.00334832 0.00195279 0.00170787
internal_weight=44727.6 8461.17 36266.4 35601.8 5907.48 2553.69 30677.6 1360.45 931.11 4924.21 4213.95 3677.52 733.664 1193.24 536.431 10442.5 1072.96 9369.52 5627.64 20235.1 10925.8 2380.89 9309.3 6691.51 2617.79 2179.05 1105.5 1073.55 8544.9 8000.11
internal_count=6571 3023 3548 3271 2486 537 2615 323 169 656 527 457 90 214 70 657 102 555 352 1958 1127 269 831 616 215 185 101 84 858 791
cat_boundaries=0 1 2 3 4
cat_threshold=12 33 547 33
is_linear=0
shrinkage=0.05


Tree=77
num_leaves=31
num_cat=5
split_feature=2 2 9 6 7 9 6 4 9 7 6 8 7 9 0 7 9 2 7 4 3 1 8 0 3 8 8 8 8 7
split_gain=202.322 11.4457 10.9907 10.3699 5.37971 5.16749 4.35301 4.10001 3.92667 2.90111 2.77975 2.9828 3.05599 2.97073 2.45088 2.44034 2.51154 2.42722 2.27999 3.15739 2.26889 2.23582 2.05195 2.04864 2.00751 1.92155 1.88098 1.85356 2.53655 1.84361
threshold=1.7857142857142858 3.785714285714286 0 -1.0000000180025095e-35 -0.9159756150367534 1 0.37940952255126054 5.5000000000000009 2 -0.5 0.25881904510252091 0.073222357743145686 0.60355339059327384 3 2.5000000000000004 -0.98296291314453399 4 1.642857142857143 -0.70710678118654757 3.5000000000000004 1.8126539343499324 1.5000000000000002 0.51310426838978962 1.0000000180025095e-35 1.5118578920369108 0.10047048724398872 0.077377270831187575 0.13575817621790323 0.11224064369766358 0.1294095225512602
decision_type=2 2 1 2 2 1 2 2 1 2 2 2 2 1 2 2 1 2 2 2 2 2 2 2 2 2 2 2 2 2
left_child=2 6 9 17 -5 7 15 20 22 -1 11 12 -7 29 18 -2 24 -4 19 -10 -3 -11 -6 -20 25 -17 -26 28 -15 -13
right_child=1 5 3 4 8 10 -8 -9 14 21 -12 13 -14 27 -16 16 -18 -19 23 -21 -22 -23 -24 -25 26 -27 -28 -29 -30 -31
leaf_value=0.0017039892633862819 0.0043368486662049835 0.0039584974435647371 0.0024097673199835268 0.0001716294808727905 -0.01081374140347241 0.0012625435749213315 -0.0059245542645191994 -0.005346288830601272 7.9689666171820861e-05 -0.0031469031359160037 -0.001678082880801831 0.00053238035931480355 -0.003343083964364571 0.0022726189261151751 -0.013696533715321247 0.0018615855531666182 0.00079752918686188811 -0.0056829081991729216 -0.0071031908381328215 -0.01090963525266889 -0.00020999062170959609 -0.0075050211749980557 -0.01567401698912816 -0.0097062891143974307 -0.0049675258411135828 -0.0037337928032045945 0.00011166964854933051 0.0023584243488384503 0.0052101853203944852 0.0021637725603714775
leaf_weight=209.17147636413574 284.57682132720947 390.79104995727539 238.62815189361572 149.99463129043579 1601.7952617406845 1818.5784106254578 349.11932969093323 346.45630741119385 186.679851770401 860.14614677429199 498.89460754394531 3432.348256111145 449.12587451934814 1483.2917046546936 202.10673069953918 179.83690595626831 2487.3194770812988 151.46484708786011 1483.6900191307068 100.57738637924194 1982.1867551803589 447.34997224807739 251.22202169895172 1540.7020101547241 201.3922324180603 1045.2479820251465 1920.5374803543091 15479.432311058044 1456.418116569519 3495.3457660675049
leaf_count=65 39 41 50 40 785 134 99 40 64 286 61 329 38 103 83 31 384 32 648 35 209 148 123 669 32 178 299 1101 107 318
internal_value=-8.21627e-05 0.00141809 -0.00762047 -0.00859628 -0.00916792 0.00181924 -0.00049419 -0.000264359 -0.00942895 -0.00373869 0.00202017 0.00208771 0.000350385 0.00224315 -0.00832747 -0.000184357 -0.000404884 -0.000732447 -0.00802495 -0.003768 0.000476492 -0.004638 -0.0114111 -0.00842928 -0.00129696 -0.00291242 -0.000370397 0.00257561 0.00372798 0.00135354
internal_weight=44724.4 37300.9 7423.53 5906.86 5516.77 30832.9 6468.03 2719.43 5366.77 1516.67 28113.4 27614.5 2267.7 25346.8 3513.76 6118.91 5834.33 390.093 3311.65 287.257 2372.98 1307.5 1853.02 3024.39 3347.01 1225.08 2121.93 18419.1 2939.71 6927.69
internal_count=6571 3543 3028 2529 2447 2481 1062 290 2407 499 2191 2130 172 1958 1499 963 924 82 1416 99 250 434 908 1317 540 209 331 1311 210 647
cat_boundaries=0 1 2 3 4 5
cat_threshold=33 12 28 656 92
is_linear=0
shrinkage=0.05


Tree=78
num_leaves=31
num_cat=5
split_feature=2 2 9 7 6 6 9 4 9 9 3 7 4 7 6 4 6 4 2 6 4 2 4 6 1 6 0 9 3 0
split_gain=193.725 14.7605 9.01706 5.59421 5.73853 5.21544 4.89656 3.91945 3.82379 3.09521 3.3454 2.67558 6.33972 3.39942 5.98048 6.33099 2.99589 2.83811 2.36645 2.33811 15.5091 5.00159 5.31792 6.96509 3.5628 2.67176 2.43747 2.32352 3.2342 2.2865
threshold=1.5000000000000002 3.785714285714286 0 -0.9159756150367534 -1.0000000180025095e-35 0.37940952255126054 1 5.5000000000000009 2 3 1.5118578920369108 0.91597561503675351 4.5000000000000009 -0.12940952255126037 -0.5 4.5000000000000009 0.25881904510252091 1.5000000000000002 5.9285714285714297 -0.78656609248549303 4.5000000000000009 5.3571428571428585 4.5000000000000009 -0.98296291314453399 10.500000000000002 -0.91597561503675329 12.500000000000002 4 2.3042346054814726 2.5000000000000004
decision_type=2 2 1 2 2 2 1 2 1 1 2 2 2 2 2 2 2 2 2 2 2 2 2 2 2 2 2 1 2 2
left_child=2 5 29 -4 -5 9 7 -3 -6 10 -2 13 18 14 15 -8 17 -16 -13 21 -21 -15 25 -24 -22 -23 -27 28 -19 -1
right_child=1 6 3 4 8 -7 11 -9 -10 -11 -12 12 -14 19 16 -17 -18 27 -20 20 24 22 23 -25 -26 26 -28 -29 -30 -31
leaf_value=-0.0046846937176280388 -0.0029533245143111269 0.00046440656349703977 0.0045765214696523041 0.0012428733517742573 -0.011257120255718867 -0.0049198464023777434 0.00065987229302278284 -0.0052418483085431254 -0.0081815243620888146 0.0010299214764449807 1.980239771844864e-05 -0.00091294667005555595 0.0043585416519987394 0.0079005997891015943 0.0037355771419548692 -0.0050608738253455736 -0.0016392006206181649 0.0024516345558533077 -0.0064100873033110907 -0.00010640280650314158 0.0080455758312893855 0.0041052068306302618 -0.0041314835381361086 0.0022461430029572949 0.0028165656367703604 0.0028705626002262577 -0.00097673662555805454 0.0023638554818112677 -0.0020919321926880972 0.0029916671528075994
leaf_weight=1139.2647280693054 1604.5024335384369 2374.1116147041321 76.515552282333374 132.32516288757324 1831.8822773694992 678.0710244178772 2548.1442856788635 344.60899257659912 3374.7411143779755 2582.822952747345 2305.9215335845947 612.55246925354004 498.49582862854004 496.48845386505127 2550.3379011154175 596.91250371932983 498.0581226348877 751.44149112701416 287.74357032775879 3492.718554019928 885.17538261413574 4793.5901489257812 572.52512454986572 1697.1119890213013 515.44842529296875 2110.1214170455933 511.47617244720459 3933.9494323730469 818.03789710998535 106.03526711463928
leaf_count=384 284 250 22 28 908 208 232 40 1460 405 359 74 39 46 192 71 61 74 28 307 67 292 45 111 30 139 26 281 76 32
internal_value=-8.03388e-05 0.00129634 -0.00794682 -0.00883095 -0.00903964 -0.00074722 0.00177078 -0.000257936 -0.00930097 -0.000311485 -0.00119705 0.00196596 -0.000165124 0.00207804 0.00143842 -0.00042589 0.00212405 0.00235677 -0.00266989 0.00257435 0.00167614 0.00300604 0.00275513 0.000637361 0.00612123 0.00340333 0.00211995 0.00171782 8.29261e-05 -0.00399895
internal_weight=44721.1 38060.4 6660.76 5415.46 5338.95 7171.32 30889 2718.72 5206.62 6493.25 3910.42 28170.3 1398.79 26771.5 11696.9 3145.06 8551.82 8053.77 900.296 15074.7 4893.34 10181.3 9684.82 2269.64 1400.62 7415.19 2621.6 5503.43 1569.48 1245.3
internal_count=6571 3737 2834 2418 2396 1256 2481 290 2368 1048 643 2191 141 2050 987 303 684 623 102 1063 404 659 613 156 97 457 165 431 150 416
cat_boundaries=0 1 2 3 4 5
cat_threshold=33 12 28 92 656
is_linear=0
shrinkage=0.05


Tree=79
num_leaves=31
num_cat=0
split_feature=2 2 6 7 6 2 8 8 8 8 6 7 7 7 4 3 7 4 6 4 4 6 8 3 4 7 4 4 7 6
split_gain=185.527 14.003 4.99008 4.92601 3.52383 3.30513 3.30289 2.83204 2.81504 2.65472 2.62426 2.46826 2.46576 2.19599 2.07076 3.07254 1.99476 5.01089 4.00427 3.94365 3.18036 3.61177 1.92166 1.91384 1.85443 4.26918 8.40436 6.23539 4.21906 2.12076
threshold=1.5000000000000002 3.785714285714286 0.37940952255126054 -0.70710678118654757 0.37940952255126054 6.6428571428571432 0.20007032325124732 0.30186166507344808 0.048750295396440567 0.23496114046135727 -1.0000000180025095e-35 -0.37940952255126015 -0.98296291314453399 0.78656609248549303 1.0000000180025095e-35 0.75592894601845539 -0.12940952255126037 4.5000000000000009 -0.5 2.5000000000000004 1.0000000180025095e-35 -0.60355339059327362 0.15625489206817664 4.8941169737125181 2.5000000000000004 -0.12940952255126037 4.5000000000000009 4.5000000000000009 0.91597561503675351 -0.5
decision_type=2 2 2 2 2 2 2 2 2 2 2 2 2 2 2 2 2 2 2 2 2 2 2 2 2 2 2 2 2 2
left_child=3 2 12 4 -1 16 -6 9 -7 -4 -5 -9 -2 23 15 -12 17 -3 -19 20 22 -22 -18 -10 28 26 -26 -27 -14 -28
right_child=1 5 7 10 6 8 -8 11 13 -11 14 -13 24 -15 -16 -17 19 18 -20 -21 21 -23 -24 -25 25 27 29 -29 -30 -31
leaf_value=0.0043613763352191382 0.004239231399318367 0.0012861591107044255 -0.0045023071675805385 1.3892577435488046e-05 -0.00041314981258325391 -0.00081960169070957308 -0.0087278833128479599 -0.0042415384029948862 0.0023954759632659373 0.0048797306283112438 -0.0093604448459318097 -0.013710614567116306 -0.00069325839204853598 7.4962816020152513e-06 -0.0087816741051659885 -0.0035425926180741338 -0.0006413417639476775 -0.005524573518693396 -0.00016284078958142659 0.0027992527953813427 0.00071201718748061026 -0.0037629493661515989 0.003982836107721959 0.0053602242418847789 0.0016844562747802582 -0.00075596233332820293 -0.0062494543978930395 0.0071793085870265607 -0.0063344830883531184 -0.001377401131440957
leaf_weight=114.76280856132507 285.53248310089111 5864.3504428863525 297.63430333137512 94.593449115753174 200.68712663650513 728.87318420410156 295.0057361125946 145.71788454055786 13961.565265655518 100.97951507568359 416.96780610084534 130.41150903701782 2539.7738995552063 932.08609104156494 4988.2876732349396 497.96416306495667 316.2735333442688 510.23865747451782 1096.6323938369751 4089.976902961731 1446.6775603294373 655.07419872283936 775.7157244682312 566.42229843139648 1333.2719073295593 517.17041206359863 605.49594116210938 474.87276554107666 381.18859505653381 353.91642832756042
leaf_count=30 39 571 92 20 71 45 109 42 874 31 194 43 405 70 2199 211 33 65 119 382 137 80 77 28 213 86 108 65 71 61
internal_value=-7.86722e-05 0.00126241 -0.000729233 -0.00781271 -0.0035337 0.00172364 -0.00536156 -0.00482165 0.00221697 -0.00212559 -0.00824822 -0.00871363 -0.000303838 0.00236013 -0.00838061 -0.006194 0.00118236 0.000608342 -0.00186538 0.00177116 0.000454563 -0.000682741 0.00264353 0.00251107 -0.000512871 0.000302196 -0.000883535 0.00304251 -0.00142944 -0.00445221
internal_weight=44718.1 38109.9 7165.97 6608.27 610.456 30943.9 495.693 674.743 16188.9 398.614 5997.81 276.129 6491.22 15460.1 5903.22 914.932 14754.9 7471.22 1606.87 7283.72 3193.74 2101.75 1091.99 14528 6205.69 3284.73 2292.68 992.043 2920.96 959.412
internal_count=6571 3737 1256 2834 210 2481 180 208 1017 123 2624 85 1048 972 2604 405 1464 755 184 709 327 217 110 902 1009 533 382 151 476 169
is_linear=0
shrinkage=0.05


Tree=80
num_leaves=31
num_cat=4
split_feature=2 2 9 7 9 7 7 4 4 7 3 0 2 4 7 2 9 8 2 7 8 7 4 9 4 0 0 8 2 3
split_gain=168.373 11.735 11.3225 6.08769 5.99198 4.46524 5.05221 18.1501 4.96041 5.41061 4.46837 4.40996 3.09484 3.05164 3.34991 2.96781 3.24955 3.34508 2.85845 2.82181 3.01807 2.80346 2.78503 2.66356 3.7554 3.69771 2.52085 2.77198 2.48762 2.4527
threshold=2.2142857142857149 1.2142857142857146 0 0.91597561503675351 1 -0.12940952255126037 0.78656609248549303 4.5000000000000009 4.5000000000000009 -0.70710678118654757 2.2360679774997938 8.5000000000000018 3.9285714285714293 5.5000000000000009 0.37940952255126048 6.9285714285714297 2 0.39278107739570151 10.071428571428573 -0.5 0.095306067757215937 -0.5 1.0000000180025095e-35 3 3.5000000000000004 1.5000000000000002 6.5000000000000009 0.60462907580231506 0.92857142857142871 1.3451854182691001
decision_type=2 2 1 2 1 2 2 2 2 2 2 2 2 2 2 2 1 2 2 2 2 2 2 1 2 2 2 2 2 2
left_child=1 4 3 13 21 8 15 12 10 -10 26 -12 -8 -2 -15 -7 18 -18 -17 23 -21 -1 28 -3 25 -25 27 -4 -6 -22
right_child=2 19 5 -5 22 6 7 -9 9 -11 11 -13 -14 14 -16 16 17 -19 -20 20 29 -23 -24 24 -26 -27 -28 -29 -30 -31
leaf_value=-0.0064581969923825956 0.00079218344294592052 0.0010216591667715697 0.0021117115405813263 -0.0053466194237870215 -0.0053445833743675213 0.0052950196582797074 0.0031442638612102685 0.0064971267135037411 0.00075746159714330579 -0.0046449434282025822 0.003983289104247687 0.0010046529593346525 -0.0022461456330336938 -0.0038655570290630457 0.0019245746523110681 0.0067434656808907176 0.0012108987967503529 0.0043497582201692088 0.003352647815701556 0.0015074766628502543 -0.007891669007436708 -0.011158885960356075 -0.0070100072138670408 0.0034845752348642389 -0.0081246421856386499 -0.0046951217103415807 -0.0014229055026455668 -0.0024731917360851161 0.0017521002393435592 -0.002771088633096348
leaf_weight=410.97228562831879 8826.5891237258911 487.01482510566711 2388.5548269748688 469.64873600006104 431.10788464546204 1583.4400782585144 309.22090482711792 1042.2521786689758 2133.9189057350159 592.04367136955261 3515.8285231590271 1921.8919811248779 1917.3613266944885 760.8386754989624 371.90923404693604 739.562255859375 3417.7972288131714 1129.2358694076538 3894.3417339324951 144.28512096405029 708.48306202888489 1389.8663510084152 3235.2637896537781 240.16522932052612 302.31151986122131 325.318035364151 1025.3623490333557 382.44640851020813 173.05356335639954 349.07690286636353
leaf_count=175 1005 136 293 73 184 130 46 80 204 80 297 122 195 100 37 42 235 73 183 45 235 724 1362 53 70 72 81 47 69 104
internal_value=0.000152154 -0.00632231 0.00160925 0.000216108 -0.00759603 0.00216729 0.00277311 0.00105152 0.00145826 -0.000415871 0.00201151 0.00293053 -0.00149754 0.000478644 -0.00196451 0.00329591 0.00295112 0.00198605 0.00388543 -0.00351235 -0.005276 -0.0100304 -0.00641137 -0.00194782 -0.00358479 -0.00122114 0.00069516 0.00147892 -0.00331184 -0.00620148
internal_weight=44619.2 8196.92 36422.2 10429 5640.26 25993.3 14033.2 3268.83 11960 2725.96 9234.08 5437.72 2226.58 9959.34 1132.75 10764.4 9180.94 4547.03 4633.9 2556.65 1201.85 1800.84 3839.43 1354.81 867.795 565.483 3796.36 2771 604.161 1057.56
internal_count=6552 3229 3323 1215 2514 2108 984 321 1124 284 840 419 241 1142 137 663 533 308 225 715 384 899 1615 331 195 125 421 340 253 339
cat_boundaries=0 1 2 3 4
cat_threshold=156 28 33 481
is_linear=0
shrinkage=0.05


Tree=81
num_leaves=31
num_cat=3
split_feature=2 6 9 9 7 7 6 4 1 7 0 4 7 7 1 6 7 4 0 7 9 3 4 1 7 4 7 2 4 1
split_gain=160.87 11.746 10.7231 9.11669 7.58423 5.81682 4.4163 11.4457 7.08827 5.0253 4.40981 5.67076 8.01753 6.05132 4.3214 3.79033 3.4356 3.09082 3.0564 2.92979 2.87582 2.8677 2.78608 3.19301 2.71692 8.60312 2.69098 6.68698 3.17603 3.78955
threshold=2.2142857142857149 -1.0000000180025095e-35 0 1 -0.70710678118654757 0.91597561503675351 -0.91597561503675329 4.5000000000000009 5.5000000000000009 0.1294095225512602 4.5000000000000009 4.5000000000000009 0.37940952255126048 0.78656609248549303 12.500000000000002 0.25881904510252091 0.1294095225512602 3.5000000000000004 1.5000000000000002 -0.70710678118654757 2 3.1014589500826268 5.5000000000000009 2.5000000000000004 0.60355339059327384 4.5000000000000009 0.1294095225512602 5.7857142857142865 3.5000000000000004 2.5000000000000004
decision_type=2 2 1 1 2 2 2 2 2 2 2 2 2 2 2 2 2 2 2 2 1 2 2 2 2 2 2 2 2 2
left_child=1 -1 5 -3 17 15 7 8 -4 -9 19 13 -13 -12 -14 22 -10 18 -5 -8 -6 -21 24 -24 26 -26 28 -28 29 -2
right_child=2 3 6 4 20 -7 10 9 16 -11 11 12 14 -15 -16 -17 -18 -19 -20 21 -22 -23 23 -25 25 -27 27 -29 -30 -31
leaf_value=-0.00076744525676459272 0.0052157481453734555 -0.0036719327355637789 0.0081458925917726379 0.0012716467473700469 -0.010587574070212099 -0.0052421741179574143 0.0017019712716114554 -0.0032334572003610909 0.0021976426206667238 0.002638177095964523 0.0020121696926670729 0.0010817616650024217 0.007237123400039811 -0.0017754434936161447 0.0020192848284733794 -0.0045060381295780371 0.0048726575545770968 -0.0075277213316806944 -0.0063758494603158647 -0.0017921787772736165 -0.007688442665201578 0.0018044229007041686 -0.0061202687981446909 -5.7466893273346325e-05 -0.0026058956499550637 0.0070925750661168631 0.0061536909608699147 0.00041982449989044068 -0.0013163428685602401 0.00080377057457780795
leaf_weight=885.21982383728027 584.12355375289917 1767.0809743404388 935.55276012420654 365.88759851455688 1559.216205239296 467.14440488815308 2402.8280854225159 861.27826642990112 2686.2118453979492 631.65692329406738 8969.3416473865509 1485.8538889884949 1540.5539035797119 1195.0296301841736 534.47951698303223 369.03587961196899 2169.8931951522827 332.34028339385986 203.21440935134888 1844.8513474464417 3032.3448054790497 792.22974872589111 299.32123851776123 791.222327709198 1304.9326257705688 277.23965644836426 895.65371942520142 1176.2800340652466 1348.1948108673096 2918.1093001365662
leaf_count=178 79 582 76 119 818 73 297 79 180 38 643 121 104 117 28 60 115 111 61 239 1360 71 44 86 169 28 87 103 165 321
internal_value=0.000148146 -0.00620504 0.00156665 -0.00686804 -0.0078752 0.000210659 0.00210875 0.00315445 0.00416071 -0.000749184 0.00170394 0.0021684 0.00388549 0.00156686 0.00589313 0.000466513 0.00339294 -0.00369646 -0.00145911 0.000439047 -0.00871274 -0.000711691 0.000657762 -0.00172152 0.00096286 -0.00090646 0.00139011 0.00289846 0.000745799 0.00153963
internal_weight=44626.3 8145.3 36481 7260.08 5493 10431.3 26049.8 7284.59 5791.66 1492.94 18765.2 13725.3 3560.89 10164.4 2075.03 9964.11 4856.11 901.442 569.102 5039.91 4591.56 2637.08 9595.08 1090.54 8504.53 1582.17 6922.36 2071.93 4850.43 3502.23
internal_count=6552 3229 3323 3051 2469 1215 2108 488 371 117 1620 1013 253 760 132 1142 295 291 180 607 2178 310 1082 130 952 197 755 190 565 400
cat_boundaries=0 1 2 3
cat_threshold=156 33 28
is_linear=0
shrinkage=0.05


Tree=82
num_leaves=31
num_cat=4
split_feature=2 6 9 9 7 7 6 5 1 7 0 5 7 7 1 6 7 9 7 3 0 9 6 2 3 5 8 3 0 8
split_gain=153.712 11.3302 10.1576 8.83562 7.36378 5.55731 4.16963 10.8124 6.63357 4.78537 4.17512 5.35045 7.54032 5.74416 4.04665 3.61686 3.26416 2.81763 2.78214 2.72897 2.57021 3.03081 3.12779 3.0148 2.73535 2.38832 3.7325 2.38041 2.6851 2.48935
threshold=2.2142857142857149 -1.0000000180025095e-35 0 1 -0.70710678118654757 0.91597561503675351 -0.91597561503675329 1.0000000180025095e-35 5.5000000000000009 0.1294095225512602 4.5000000000000009 1.0000000180025095e-35 0.37940952255126048 0.78656609248549303 12.500000000000002 0.25881904510252091 -0.12940952255126037 2 -0.70710678118654757 3.1014589500826268 2.5000000000000004 3 0.37940952255126054 1.0714285714285716 1.2149857925879128 1.0000000180025095e-35 0.29988145735451305 2.2360679774997938 5.5000000000000009 0.36766256502743938
decision_type=2 2 1 1 2 2 2 2 2 2 2 2 2 2 2 2 2 1 2 2 2 1 2 2 2 2 2 2 2 2
left_child=1 -1 5 -3 20 15 7 8 -4 -9 18 13 -13 27 -14 -2 -10 -6 25 -20 21 24 -23 -24 -5 -8 -27 28 -12 -30
right_child=2 3 6 4 17 -7 10 9 16 -11 11 12 14 -15 -16 -17 -18 -19 19 -21 -22 22 23 -25 -26 26 -28 -29 29 -31
leaf_value=-0.00074897200616207181 0.00064089188915088268 -0.0035945413240015423 0.0078783716049498544 -0.0022072027736385422 -0.01043696429291442 -0.0051392256264901955 0.0026509454267770677 -0.0031635150267821052 0.00067887693383638184 0.0025658085469634118 0.0031948586995734617 0.0010537472401551671 0.0070058927402605262 -0.0017344763177607764 0.0019651247036979783 -0.0044142542311044336 0.0039369183783062251 -0.0075565866898694356 -0.001750855176596132 0.0017564077654081318 -0.0097031505577542289 0.0012464484916323358 -0.0050125493112780257 -0.016381569811853496 0.0070471315585247489 0.0016229804279764928 -0.0063670807392314926 0.0024740195244084377 0.00088461255225427053 -0.0030979729327691376
leaf_weight=884.54072380065918 9601.4327473640442 1760.6042668819427 943.20479965209961 229.86409974098206 1542.7949808835983 464.70196104049683 1721.2386274337769 858.49785757064819 956.55732297897339 633.32554531097412 749.35438084602356 1487.4621014595032 1551.7435169219971 1192.9098081588745 535.55987071990967 367.37673330307007 3916.0564918518066 3009.1202399730682 1841.548011302948 793.66055488586426 145.44382739067078 120.80206346511841 196.80354952812195 82.862835884094238 122.34758019447327 474.43987226486206 211.24260807037354 6411.3165163993835 1256.1310431957245 570.60573530197144
leaf_count=178 1082 582 76 81 818 73 209 79 76 38 79 121 104 117 28 60 219 1360 239 71 42 29 76 30 33 60 28 418 100 46
internal_value=0.000144101 -0.00608973 0.00152522 -0.00674489 -0.00774179 0.000205255 0.00205192 0.00306619 0.00404027 -0.000731239 0.0016587 0.00210987 0.00377401 0.00152551 0.00571253 0.000454597 0.00329732 -0.00857237 0.000427919 -0.000694553 -0.00361838 -0.0024426 -0.0053435 -0.0083811 0.000979656 0.00165685 -0.000838569 0.00195821 0.000674491 -0.000359401
internal_weight=44633.6 8095.18 36538.4 7210.64 5450.04 10433.5 26104.9 7307.64 5815.82 1491.82 18797.2 13755.1 3574.77 10180.3 2087.3 9968.81 4872.61 4551.92 5042.13 2635.21 898.124 752.68 400.468 279.666 352.212 2406.92 685.682 8987.41 2576.09 1826.74
internal_count=6552 3229 3323 3051 2469 1215 2108 488 371 117 1620 1013 253 760 132 1142 295 2178 607 310 291 249 135 106 114 297 88 643 225 146
cat_boundaries=0 1 2 3 4
cat_threshold=156 33 28 326
is_linear=0
shrinkage=0.05


Tree=83
num_leaves=31
num_cat=2
split_feature=2 6 9 9 7 7 6 4 1 7 0 4 7 7 1 6 7 4 0 4 4 1 7 7 7 4 7 2 4 1
split_gain=146.865 10.9263 9.62167 8.56047 7.14654 5.30911 3.93764 10.2162 6.2111 4.55683 3.95348 5.04946 7.09383 5.45281 3.79117 3.45126 3.14104 2.9718 2.88889 2.78537 2.64804 3.059 2.64184 2.64678 2.57848 8.14591 2.54414 6.29396 3.01532 3.57371
threshold=2.2142857142857149 -1.0000000180025095e-35 0 1 -0.70710678118654757 0.91597561503675351 -0.91597561503675329 4.5000000000000009 5.5000000000000009 0.1294095225512602 4.5000000000000009 4.5000000000000009 0.37940952255126048 0.78656609248549303 12.500000000000002 0.25881904510252091 0.1294095225512602 3.5000000000000004 1.5000000000000002 1.0000000180025095e-35 5.5000000000000009 2.5000000000000004 -0.70710678118654757 0.37940952255126048 0.60355339059327384 4.5000000000000009 0.1294095225512602 5.7857142857142865 3.5000000000000004 2.5000000000000004
decision_type=2 2 1 1 2 2 2 2 2 2 2 2 2 2 2 2 2 2 2 2 2 2 2 2 2 2 2 2 2 2
left_child=1 -1 5 -3 17 15 7 8 -4 -9 22 13 -13 -12 -14 20 -10 18 -5 -6 24 -22 -8 -24 26 -26 28 -28 29 -2
right_child=2 3 6 4 19 -7 10 9 16 -11 11 12 14 -15 -16 -17 -18 -19 -20 -21 21 -23 23 -25 25 -27 27 -29 -30 -31
leaf_value=-0.0007309297307784749 0.0050402994656001034 -0.0035185082832916367 0.0076217010951633614 0.0012998598188985815 -0.0055260286567384576 -0.0050377735347705774 0.0016129231330434088 -0.0030948665823355859 0.0020634332828080959 0.002495608154164536 0.0019057821122174118 0.0010264874916343443 0.0067836384974716314 -0.0016943842066946399 0.0019125220606675151 -0.0043239379771839561 0.0046121453569823809 -0.0073253793294282875 -0.0061639341322951118 -0.0089638168178122393 -0.0060174737677367645 -7.1915138993187448e-05 -0.0030458958848615619 0.00038326083543230587 -0.0025621837603121787 0.0068466606374474326 0.0059438884061396389 0.00039305657100798723 -0.0013004556718716617 0.0007667662145038126
leaf_weight=883.87847805023193 587.55459451675415 1754.2870626449585 950.66506433486938 365.49252939224243 696.77434432506561 462.31987714767456 2410.9199838638306 855.78627490997314 2699.6175184249878 634.95262336730957 9005.033632516861 1489.0303301811218 1562.6530389785767 1190.8425269126892 536.61334991455078 365.75861310958862 2189.0934762954712 328.49848508834839 200.90723252296448 3816.4695062637329 297.68563079833984 791.68408298492432 814.84180521965027 1818.5405194759369 1302.3709492683411 279.39199256896973 901.76003313064575 1177.5283985137939 1347.28449010849 2922.3280277252197
leaf_count=178 79 582 76 119 334 73 297 79 180 38 643 121 104 117 28 60 115 111 61 1844 44 86 120 190 169 28 87 103 165 321
internal_value=0.000140177 -0.0059759 0.00148497 -0.00662315 -0.00760966 0.000200089 0.00199672 0.00298067 0.00392381 -0.000713707 0.00161472 0.00205302 0.00366615 0.0014853 0.00553849 0.000443094 0.00320471 -0.00354193 -0.00134762 -0.00843308 0.000624573 -0.00169662 0.000417041 -0.000677816 0.000921424 -0.000900269 0.00133684 0.00280038 0.000710313 0.00148216
internal_weight=44640.6 8046.31 36594.3 7162.43 5408.14 10435.7 26158.6 7330.11 5839.38 1490.74 18828.5 13784.2 3588.3 10195.9 2099.27 9973.35 4888.71 894.898 566.4 4513.24 9607.59 1089.37 5044.3 2633.38 8518.22 1581.76 6936.46 2079.29 4857.17 3509.88
internal_count=6552 3229 3323 3051 2469 1215 2108 488 371 117 1620 1013 253 760 132 1142 295 291 180 2178 1082 130 607 310 952 197 755 190 565 400
cat_boundaries=0 1 2
cat_threshold=156 33
is_linear=0
shrinkage=0.05


Tree=84
num_leaves=31
num_cat=0
split_feature=2 6 2 7 7 4 6 6 7 4 4 0 4 0 3 1 8 8 8 1 4 8 2 6 0 3 3 2 3 2
split_gain=140.293 10.5324 7.59441 7.1702 4.93905 5.382 5.31399 3.76231 4.70143 6.71964 3.65599 3.35831 2.67009 3.54207 2.9282 2.44244 2.4348 3.3252 2.39163 5.21418 2.36865 2.75238 2.82651 2.33335 2.41001 2.21539 2.16761 2.87905 1.94308 1.89781
threshold=2.2142857142857149 -1.0000000180025095e-35 3.9285714285714293 -0.70710678118654757 0.91597561503675351 4.5000000000000009 1.0000000180025095e-35 -0.25881904510252113 -0.12940952255126037 4.5000000000000009 1.0000000180025095e-35 8.5000000000000018 3.5000000000000004 1.5000000000000002 1.414213562373096 8.5000000000000018 0.57595111223328155 0.41995218212365443 0.37965993601554388 7.5000000000000009 1.5000000000000002 0.28357341322961088 7.2142857142857153 -0.78656609248549303 6.5000000000000009 0.75592894601845539 2.7945525240230897 7.2142857142857153 2.4494897427831797 5.6428571428571432
decision_type=2 2 2 2 2 2 2 2 2 2 2 2 2 2 2 2 2 2 2 2 2 2 2 2 2 2 2 2 2 2
left_child=1 -1 -2 12 6 -6 7 8 9 -4 25 29 13 -3 -14 18 17 26 -10 23 28 22 -22 -20 -25 -5 27 -17 -9 -8
right_child=2 3 4 10 5 -7 11 20 15 -11 -12 -13 14 -15 -16 16 -18 -19 19 -21 21 -23 -24 24 -26 -27 -28 -29 -30 -31
leaf_value=-0.00071330917799672128 -0.00015478400664834939 0.0020159226429693525 0.0015162185588879372 -0.00729214715284442 -0.0036994066066370411 0.003193635533284514 -0.00042252592167503543 0.0032858404342988607 0.0012932257299661221 -0.0027416673551041285 -0.0076872577701406391 -0.0033671021373477359 -0.0085689577123788455 -0.005579771134402953 0.0015919152639764763 0.007433890086861298 1.2877785617257094e-05 0.0063025346673690466 0.0054389204071254998 -0.0019166086076579207 0.0066665235114934636 0.0006057558755787095 0.0023327118642022062 -0.00025553704071867758 0.0052256085450572802 -0.0023560388639806955 0.002190834341316577 0.0031036685966010563 0.007601406578206564 0.0024073830538241872
leaf_weight=883.23265933990479 6164.2633514404297 420.93205165863037 4657.3447341918945 376.34461390972137 816.38028478622437 433.57395553588867 1415.5926203727722 478.39052200317383 6831.2781043052673 1156.7577500343323 5124.8373713493347 617.36555004119873 282.8974826335907 241.56478977203369 94.621055841445923 512.96904468536377 627.96514987945557 796.61311340332031 1290.1334939002991 432.07560539245605 628.65547657012939 902.29923629760742 936.97156143188477 480.18761539459229 344.37010383605957 574.01637828350067 4008.1273546218872 1525.0814781188965 573.53113651275635 1018.8478307723999
leaf_count=178 942 135 388 180 91 32 150 39 580 120 2297 44 100 73 26 39 35 44 103 30 57 70 57 48 29 240 220 86 39 80
internal_value=0.000136454 -0.00586308 0.00144583 -0.00650234 0.00176949 -0.0013084 0.00190109 0.00213123 0.00189502 0.000669081 -0.00715906 -7.34321e-05 -0.00266613 -0.000753679 -0.00602224 0.00231807 0.00299255 0.003266 0.00178076 0.00308849 0.00365208 0.00280527 0.00407289 0.00411113 0.00203362 -0.00431075 0.00286592 0.00419357 0.00563878 0.000761831
internal_weight=44647.2 7998.45 36648.8 7115.21 30484.5 1249.95 29234.6 26182.8 22662.9 5814.1 6075.2 3051.81 1040.02 662.497 377.519 16848.8 7470.76 6842.79 9378.04 2546.77 3519.85 2467.93 1565.63 2114.69 824.558 950.361 6046.18 2038.05 1051.92 2434.44
internal_count=6552 3229 3323 3051 2381 123 2258 1984 1722 508 2717 274 334 208 126 1214 424 389 790 210 262 184 114 180 77 420 345 125 78 230
is_linear=0
shrinkage=0.05


Tree=85
num_leaves=31
num_cat=4
split_feature=2 2 9 7 9 7 4 7 1 4 7 3 3 7 2 0 9 8 7 4 4 4 0 3 3 0 4 9 7 4
split_gain=142.854 10.3935 7.57067 5.24692 3.55753 3.47943 5.6008 8.20772 4.68666 4.555 9.83675 3.88148 3.70042 4.42397 5.50577 5.575 2.75365 2.64957 3.25228 2.6611 2.59256 2.56501 2.55253 2.45297 3.36487 2.41666 2.23427 3.2589 4.50489 8.9532
threshold=1.7857142857142858 3.785714285714286 0 -0.70710678118654757 1 0.1294095225512602 4.5000000000000009 -0.9159756150367534 3.5000000000000004 4.5000000000000009 0.60355339059327384 2.0177004891982162 3.8637497247020094 0.37940952255126048 8.5000000000000018 6.5000000000000009 2 0.096899986645323982 0.60355339059327384 1.0000000180025095e-35 1.5000000000000002 5.5000000000000009 1.5000000000000002 0.89973541084243835 1.3972762620115453 1.5000000000000002 2.5000000000000004 3 0.37940952255126048 4.5000000000000009
decision_type=2 2 1 2 1 2 2 2 2 2 2 2 2 2 2 2 1 2 2 2 2 2 2 2 2 2 2 1 2 2
left_child=2 26 21 23 20 6 -6 11 -9 10 -7 -8 13 -11 15 -15 -5 18 -18 22 -3 -1 -19 -4 25 -25 -2 -28 29 -29
right_child=1 4 3 16 5 9 7 8 -10 12 -12 -13 -14 14 -16 -17 17 19 -20 -21 -22 -23 -24 24 -26 -27 27 28 -30 -31
leaf_value=-0.0026527796864937079 -0.001714152743257551 0.0042193331500360092 4.2723610856027529e-05 -0.011478812496191773 0.0012719878008244498 0.0026776276571928537 0.0059102629998739886 -0.00013100451264584661 -0.0056405765563741243 0.00047480369834204743 -0.0006896712771538269 -3.9435414445567696e-06 -0.00042703857127546739 0.0064293406861125439 0.01053909782659148 0.00090593336044617306 -0.0076980751341254429 -0.0062876353760396644 0.00050034572198944243 -0.0087011229608815587 0.0019263844484278968 -0.0091492261409694201 0.0035523670772855892 -0.0051086128473618328 0.0017883122354257477 -0.013540234092964995 -0.0027574742520460761 0.0028452786898090577 0.0046553327822099503 -0.003830020308638396
leaf_weight=1291.9089548587799 2909.3520565032959 1829.6924152374268 279.43081212043762 622.80946123600006 10124.035040378571 5242.3223676681519 388.75027513504028 619.47681999206543 1024.0407962799072 644.1651725769043 3699.3165860176086 968.76891899108887 526.59129333496094 1054.109715461731 394.42029094696045 806.2887020111084 283.10934197902679 506.96729826927185 211.21524477005005 2997.8653972148895 3778.6411962509155 172.19344854354858 75.75321888923645 235.79341650009155 110.82901954650879 132.87233996391296 732.95251965522766 1114.7428522109985 637.62104105949402 914.31859016418457
leaf_count=439 487 109 97 306 856 362 38 72 98 53 367 84 30 86 21 63 137 238 97 1419 235 61 34 80 33 42 128 175 92 165
internal_value=-6.74511e-05 0.00115337 -0.00666649 -0.00752463 0.00152873 0.00127617 0.000709643 -0.00118744 -0.0035639 0.00187845 0.00128452 0.0016897 0.00342876 0.00412916 0.00517315 0.00403552 -0.00816161 -0.00760776 -0.00419505 -0.00810016 0.00266969 -0.00339365 -0.00500844 -0.00368095 -0.00585096 -0.00814749 -0.000697024 0.000173419 0.000985636 -0.000162688
internal_weight=44330.4 37409.6 6920.75 5456.65 31100.6 25492.3 13125.1 3001.04 1643.52 12367.2 8941.64 1357.52 3425.58 2898.98 2254.82 1860.4 4697.72 4074.91 494.325 3580.59 5608.33 1464.1 582.721 758.926 479.495 368.666 6308.99 3399.64 2666.68 2029.06
internal_count=6504 3521 2983 2483 2474 2130 1148 292 170 982 729 122 253 223 170 149 2231 1925 234 1691 344 500 272 252 155 122 1047 560 432 340
cat_boundaries=0 1 2 3 4
cat_threshold=33 32 8 9
is_linear=0
shrinkage=0.05


Tree=86
num_leaves=31
num_cat=4
split_feature=2 2 9 6 6 6 4 9 8 8 6 2 9 2 6 4 2 2 3 4 9 6 4 0 2 6 1 1 0 2
split_gain=136.642 9.86516 7.33191 5.11153 3.7812 4.25175 3.42589 3.42583 3.5353 3.216 3.21539 3.45242 2.6825 3.42612 2.59112 2.4773 2.22198 3.238 2.51577 2.12873 3.1054 3.10036 5.54671 3.84096 2.60043 2.16489 3.44821 3.14977 2.04911 3.4901
threshold=1.7857142857142858 3.785714285714286 0 -1.0000000180025095e-35 1.0000000180025095e-35 -0.25881904510252113 1.0000000180025095e-35 1 0.039003568642009108 0.096899986645323982 -0.70710678118654735 4.9285714285714297 2 5.6428571428571432 0.78656609248549325 5.5000000000000009 6.2142857142857153 6.6428571428571432 3.3629616825324677 2.5000000000000004 3 -0.78656609248549303 3.5000000000000004 2.5000000000000004 2.785714285714286 0.25881904510252091 2.5000000000000004 4.5000000000000009 8.5000000000000018 7.0714285714285721
decision_type=2 2 1 2 2 2 2 1 2 2 2 2 1 2 2 2 2 2 2 2 1 2 2 2 2 2 2 2 2 2
left_child=2 19 15 -4 5 7 -5 -3 -9 14 11 -10 -7 -14 -8 -1 -12 -18 -19 -2 24 22 -22 -24 -21 26 -23 -28 29 -6
right_child=1 4 3 6 28 12 9 8 10 -11 16 -13 13 -15 -16 -17 17 18 -20 20 21 25 23 -25 -26 -27 27 -29 -30 -31
leaf_value=-0.0025938723483006194 -0.0016744959175181693 0.00038472530349869719 -0.0016541365368841654 -0.0048270746328175559 -0.00024497056556862493 0.0050320129213715231 -0.0016209822335916347 -0.002146188734814931 -0.00083459061115756386 -0.0089005995894544578 0.0018571642706540143 0.0025805012076124761 0.0053164337917489153 0.0010162990315126877 -0.0087045952176924169 -0.0090051078262342165 -0.0035904668935909378 0.0021397284723394337 -0.0013400686910742339 -0.0058628238592840984 0.0047867736560689156 -0.00029129136945902793 -0.010049598479215917 -0.0011283679629356398 0.00010864078127157812 -0.00033178436918009178 0.0077509428481450293 0.0015251767112158452 -0.0028399440709959913 0.0051176354174346621
leaf_weight=1288.486350774765 2904.3692531585693 5893.4008431434631 360.30005073547363 804.91183471679688 2324.6548614501953 1354.5863542556763 295.15324592590332 557.68449211120605 791.842369556427 3725.9869043827057 2975.2949886322021 11313.485712051392 640.2239990234375 1675.3358430862427 229.46206212043762 170.62519693374634 539.1077184677124 1292.2247142791748 868.4843692779541 347.98304390907288 219.47567129135132 458.47306346893311 202.98157215118408 297.45709037780762 382.95115995407104 659.25145936012268 478.81830430030823 352.88169002532959 573.00541591644287 348.95096874237061
leaf_count=439 487 570 77 380 233 85 133 37 87 1777 300 719 66 120 116 61 48 85 61 72 33 75 37 48 56 121 69 49 41 22
internal_value=-6.60523e-05 0.00112331 -0.00654543 -0.00739441 0.0014884 0.00167632 -0.00781814 0.00143611 0.00177282 -0.00838454 0.00189673 0.00235711 0.00326226 0.00219575 -0.00471929 -0.00332083 0.000914721 -0.000123885 0.000741044 -0.000680393 0.000168727 0.000960042 -0.00184042 -0.00474688 -0.00269735 0.00199917 0.00319023 0.00510941 -0.000126585 0.000454941
internal_weight=44327.9 37452.9 6874.93 5415.81 31148.3 27901.7 5055.51 24231.5 18338.1 4250.6 17780.4 12105.3 3670.15 2315.56 524.615 1459.11 5675.11 2699.82 2160.71 6304.64 3400.27 2669.34 719.914 500.439 730.934 1949.42 1290.17 831.7 3246.61 2673.61
internal_count=6504 3521 2983 2483 2474 2178 2406 1907 1337 2026 1300 806 271 186 249 500 494 194 146 1047 560 432 118 85 128 314 193 118 296 255
cat_boundaries=0 1 2 3 4
cat_threshold=33 540 546 9
is_linear=0
shrinkage=0.05


Tree=87
num_leaves=31
num_cat=4
split_feature=2 2 9 6 6 6 4 9 8 8 6 2 3 9 4 8 3 6 4 8 8 1 4 9 6 4 0 2 6 1
split_gain=130.677 9.36437 7.0968 4.94478 3.58499 4.01859 3.32815 3.24571 3.35679 3.12709 3.04183 3.26952 2.62405 2.73598 2.5767 3.77256 2.52082 2.82935 2.39191 2.20163 2.51067 2.18081 2.02829 2.95764 2.94539 5.2845 3.7122 2.49433 2.04838 3.25237
threshold=1.7857142857142858 3.785714285714286 0 -1.0000000180025095e-35 1.0000000180025095e-35 -0.25881904510252113 1.0000000180025095e-35 1 0.039003568642009108 0.096899986645323982 -0.70710678118654735 4.9285714285714297 3.5690327966827007 2 1.5000000000000002 0.29213378895491837 0.8997354108424368 0.60355339059327384 5.5000000000000009 0.2870790591817155 0.43976052209825928 4.5000000000000009 2.5000000000000004 3 -0.78656609248549303 3.5000000000000004 2.5000000000000004 2.785714285714286 0.25881904510252091 2.5000000000000004
decision_type=2 2 1 2 2 2 2 1 2 2 2 2 2 1 2 2 2 2 2 2 2 2 2 1 2 2 2 2 2 2
left_child=2 22 18 -4 5 7 -5 -3 -9 16 11 -10 13 14 -7 -16 17 -8 -1 -12 21 -21 -2 27 25 -25 -27 -24 29 -26
right_child=1 4 3 6 -6 12 9 8 10 -11 19 -13 -14 -15 15 -17 -18 -19 -20 20 -22 -23 23 24 28 26 -28 -29 -30 -31
leaf_value=-0.0025361216442466128 -0.0016356908573486773 0.00037504312754953678 -0.0016157699903097235 -0.004730289137428411 -0.00012351031873678549 0.0081307023197676256 -0.0010065169999069073 -0.0020974542236305879 -0.00081455652374288654 -0.0087581920582833362 -3.6371341619573824e-05 0.0025098614589867635 0.00039134103213764814 0.0021338208928130117 0.0060437641445786191 -0.00013351270065063581 0.00041142116654394636 -0.010345388376250724 -0.008861965735323463 0.006276076810227735 7.5332236834388326e-05 0.0020853579468322393 -0.00575130038352154 0.0046453472325754704 -0.00028414260841854816 -0.0099003199315754464 -0.0011016093833195937 0.00010593170150393944 -0.00032365516329366456 0.0049566948388565235
leaf_weight=1285.1485028266907 2899.5099749565125 5895.6686096191406 359.7045578956604 801.03582584857941 3246.207221031189 523.3621654510498 125.93005573749542 556.48887920379639 791.18178272247314 3692.9705492258072 3008.9266862869263 11342.717870235443 689.91204738616943 1388.1445798873901 698.02025985717773 382.65689373016357 168.3789404630661 227.83955276012421 169.09559512138367 422.75696754455566 1080.1218576431274 1168.5097694396973 345.94885230064392 220.52876949310303 458.33953094482422 200.95190382003784 297.12163972854614 382.99276542663574 659.03276348114014 835.9643247127533
leaf_count=439 487 570 77 380 296 36 56 37 87 1777 264 719 39 115 51 30 76 117 61 46 94 90 72 33 75 37 48 56 121 118
internal_value=-6.45546e-05 0.00109415 -0.00642544 -0.00726507 0.00144926 0.00163193 -0.00768466 0.00139839 0.00172566 -0.0082461 0.00184606 0.0022931 0.00317109 0.00381202 0.00521851 0.00385645 -0.00462429 -0.00702106 -0.00324933 0.000891138 0.00193584 0.00319872 -0.000664096 0.000164262 0.00093504 -0.00179845 -0.00465152 -0.00263767 0.00194543 0.00310081
internal_weight=44325.2 37495.1 6830.1 5375.86 31194.7 27948.5 5016.15 24266.4 18370.7 4215.12 17814.2 12133.9 3682.1 2992.18 1604.04 1080.68 522.149 353.77 1454.24 5680.32 2671.39 1591.27 6300.39 3400.88 2671.94 718.602 498.074 728.942 1953.34 1294.3
internal_count=6504 3521 2983 2483 2474 2178 2406 1907 1337 2026 1300 806 271 232 117 81 249 173 500 494 230 136 1047 560 432 118 85 128 314 193
cat_boundaries=0 1 2 3 4
cat_threshold=33 540 614 9
is_linear=0
shrinkage=0.05


Tree=88
num_leaves=31
num_cat=3
split_feature=2 2 9 7 6 9 6 6 7 4 9 6 4 8 2 3 3 3 2 8 3 0 3 3 0 4 6 2 8 3
split_gain=124.96 8.88912 6.86701 5.08771 4.38796 3.4461 3.3989 3.79774 5.44754 5.23837 3.579 3.44347 7.07906 4.03166 3.0571 3.53984 2.47689 2.61546 2.94632 3.19999 2.47674 2.79622 2.36654 3.29475 2.40826 2.30883 2.25063 2.13027 4.41749 2.79338
threshold=1.7857142857142858 3.785714285714286 0 -0.70710678118654757 -1.0000000180025095e-35 1 1.0000000180025095e-35 -0.25881904510252113 -0.12940952255126037 4.5000000000000009 2 -0.60355339059327362 4.5000000000000009 0.048750295396440567 6.7857142857142865 2.0586634591635558 3.5690327966827007 3.0666963134513749 7.2142857142857153 0.31138311413112374 2.0470322187799894 9.5000000000000018 0.89973541084243835 1.3972762620115453 1.5000000000000002 5.5000000000000009 -0.5 5.3571428571428585 0.13247736233059138 1.8257418583505547
decision_type=2 2 1 2 2 1 2 2 2 2 1 2 2 2 2 2 2 2 2 2 2 2 2 2 2 2 2 2 2 2
left_child=2 -2 25 22 -5 -6 7 8 9 20 27 13 -13 -12 15 -15 17 18 19 -9 -3 -22 -4 24 -24 -1 -11 28 -10 -30
right_child=1 6 3 4 5 -7 -8 16 10 26 11 12 -14 14 -16 -17 -18 -19 -20 -21 21 -23 23 -25 -26 -27 -28 -29 29 -31
leaf_value=-0.0024795118768342009 -0.00064816189625149204 -0.00099450434640572551 0.00035411011559926511 -0.0014799847246710508 -0.010201657517945025 -0.0070199952988570808 -0.00012045868638470677 0.0058773697973937807 0.0060552456450782789 -0.0047916839508847404 -0.0015344421304513641 -0.00095810909530740992 0.0042839322557324004 0.001601885295036652 0.002463549660688714 0.0064947778148464422 0.00038147317232703395 0.0069806299343113361 0.00091060697313257398 0.0007839817282317761 0.002353325550578498 -0.001201533419727034 -0.0047275955354954087 0.0021195817202542561 -0.013243915034688547 -0.0087198354534994121 -0.00059706769323683464 -0.00035868028329238451 0.0043248798107576522 -0.00046608654560075587
leaf_weight=1281.8933415412903 6296.2387697696686 1325.7947182655334 275.97571468353271 261.25001907348633 1487.0522149801254 2842.3511698246002 3245.8063077926636 1081.199556350708 469.49099969863892 671.23870229721069 553.7711067199707 2040.1190447807312 941.15392684936523 561.83706569671631 8447.2781982421875 1080.6395578384399 690.18208599090576 506.13181781768799 984.85337162017822 431.41738510131836 2518.1558594703674 708.91273307800293 231.32406806945801 109.46665000915527 129.47385931015015 167.6036970615387 610.75765228271484 2609.255163192749 391.02501487731934 1370.9212865829468
leaf_count=439 1047 124 97 56 830 1345 296 97 49 82 33 211 66 45 485 86 39 31 62 42 219 45 80 33 42 61 54 222 39 147
internal_value=-6.31026e-05 0.00106575 -0.0063069 -0.00713707 -0.00777287 -0.0081526 0.00141118 0.00158877 0.00136171 2.99445e-05 0.00178254 0.00219704 0.000696744 0.00261935 0.00284732 0.00482108 0.00308249 0.00370314 0.00303893 0.00442467 0.00082492 0.0015724 -0.00332145 -0.00547846 -0.00778371 -0.00317914 -0.00279332 0.00061005 0.00174553 0.000597162
internal_weight=44322.6 37536.2 6786.39 5336.89 4590.65 4329.4 31239.9 27994.1 24300.4 5834.86 18465.5 13624.8 2981.27 10643.5 10089.8 1642.48 3693.78 3003.6 2497.47 1512.62 4552.86 3227.07 746.24 470.265 360.798 1449.5 1282 4840.69 2231.44 1761.95
internal_count=6504 3521 2983 2483 2231 2175 2474 2178 1907 524 1383 926 277 649 616 131 271 232 201 139 388 264 252 155 122 500 136 457 235 186
cat_boundaries=0 1 2 3
cat_threshold=33 28 540
is_linear=0
shrinkage=0.05


Tree=89
num_leaves=31
num_cat=3
split_feature=2 2 9 7 6 9 9 7 4 6 1 4 6 6 3 3 6 2 8 3 3 3 3 3 2 6 8 4 4 1
split_gain=119.5 8.43695 6.64462 4.9295 4.24791 3.36867 3.33718 3.1809 5.17743 7.57816 4.54347 4.19827 9.0421 4.11831 3.66423 3.5295 4.08764 5.01564 2.44881 4.46053 3.18816 4.20327 2.93461 3.10078 3.76029 3.73401 3.36941 2.62065 2.3796 2.36879
threshold=1.7857142857142858 3.785714285714286 0 -0.70710678118654757 -1.0000000180025095e-35 1 2 0.1294095225512602 4.5000000000000009 -0.25881904510252113 3.5000000000000004 4.5000000000000009 -0.78656609248549303 1.0000000180025095e-35 2.0177004891982162 3.8637497247020094 -0.91597561503675329 8.5000000000000018 0.13575817621790323 3.4434132843243348 2.7559425675602971 2.0986834707579756 3.5321651258386102 3.1847852585154244 6.9285714285714297 -0.25881904510252113 0.40724232142280653 1.5000000000000002 1.5000000000000002 7.5000000000000009
decision_type=2 2 1 2 2 1 1 2 2 2 2 2 2 2 2 2 2 2 2 2 2 2 2 2 2 2 2 2 2 2
left_child=2 -2 -1 -4 -5 -6 28 8 13 10 -10 12 -9 18 -11 16 -13 -18 19 20 21 -8 23 24 25 26 29 -26 -3 -20
right_child=1 6 3 4 5 -7 7 11 9 14 -12 15 -14 -15 -16 -17 17 -19 22 -21 -22 -23 -24 -25 27 -27 -28 -29 -30 -31
leaf_value=-0.0031102459658258756 -0.00063248351454313595 0.0039516173194049792 -0.0032501830093924888 -0.0014454025547661984 -0.010052679769258284 -0.0068949773426448761 0.00037984101869874444 0.0024631892839698417 -0.00014806376461659745 0.0055932819046528521 -0.0055751339159102672 0.00035830419575822435 -0.00075736493166551205 -0.00092616627891725558 -0.00012772226399534442 -0.0005703571782363846 0.0037766019467173877 0.0099351660152108556 0.00095804604220847656 0.0079745462037870175 -0.001756499679327274 0.0067873943912470404 -0.0012748006804285141 0.0054322588369836375 0.001386220747565956 0.0052384941882047953 0.0038573430554952959 -0.0031623277661008498 0.0017638756443836869 -0.0034406471521102829
leaf_weight=1444.8673725128174 6292.1591014862061 1846.7119674682617 743.77584195137024 260.86365985870361 1471.9589496850967 2822.4677727222443 535.52077054977417 5283.5116004943848 619.90499114990234 392.80077362060547 1020.5601902008057 647.14461803436279 3709.7195892333984 1968.3640279769897 973.62339305877686 529.70232677459717 1877.2372732162476 401.2722053527832 1595.7460412979126 390.198561668396 413.90790176391602 490.24786853790283 1038.0197706222534 487.41761875152588 583.62450218200684 741.65819263458252 864.51488780975342 692.29904174804688 3801.7321915626526 378.70609474182129
leaf_count=500 1047 109 252 56 830 1345 50 362 72 38 98 53 367 185 84 30 149 21 152 26 33 41 66 33 39 70 81 47 235 33
internal_value=-6.17996e-05 0.0010381 -0.00619029 -0.00701101 -0.00764046 -0.00801678 0.0013741 0.00113018 0.000589487 -0.00123345 -0.00352433 0.00170387 0.00113471 0.00112792 0.00151687 0.00318521 0.00386517 0.0048612 0.00162028 0.00323276 0.00194758 0.00344222 0.00115794 0.00163048 0.00124892 0.00207944 0.00125417 -0.00108176 0.00247476 0.000114363
internal_weight=44320.2 37576.3 6743.93 5299.07 4555.29 4294.43 31284.1 25635.7 13187.1 3006.89 1640.47 12448.6 8993.23 10180.2 1366.42 3455.36 2925.65 2278.51 8211.86 1829.88 1439.68 1025.77 6381.99 5343.97 4856.55 3580.63 2838.97 1275.92 5648.44 1974.45
internal_count=6504 3521 2983 2483 2231 2175 2474 2130 1148 292 170 982 729 856 122 253 223 170 671 150 124 91 521 455 422 336 266 86 344 185
cat_boundaries=0 1 2 3
cat_threshold=33 28 32
is_linear=0
shrinkage=0.05


Tree=90
num_leaves=31
num_cat=0
split_feature=2 2 6 7 4 2 0 8 2 8 1 0 0 8 8 4 6 1 7 7 6 4 7 6 4 3 2 6 1 2
split_gain=118.39 9.37416 7.81826 5.83779 3.07129 3.0504 2.9782 2.80964 2.54389 2.44298 2.41124 2.68874 3.52248 3.92932 4.69872 3.16989 2.5502 3.12225 2.41916 2.94965 3.15357 8.75861 2.25499 3.6593 7.29532 2.72899 3.21595 2.39323 2.12293 2.0403
threshold=1.9285714285714288 3.785714285714286 -1.0000000180025095e-35 -0.70710678118654757 1.0000000180025095e-35 0.35714285714285715 1.5000000000000002 0.11052988660247588 6.6428571428571432 0.19329431857545629 1.0000000180025095e-35 1.0000000180025095e-35 1.5000000000000002 0.26466697349085722 0.34352979593996008 1.5000000000000002 0.12940952255126045 5.5000000000000009 -0.9159756150367534 -0.37940952255126015 -0.60355339059327362 4.5000000000000009 -0.12940952255126037 -0.78656609248549303 4.5000000000000009 3.4846602621858493 4.2142857142857153 -0.60355339059327362 2.5000000000000004 5.7857142857142865
decision_type=2 2 2 2 2 2 2 2 2 2 2 2 2 2 2 2 2 2 2 2 2 2 2 2 2 2 2 2 2 2
left_child=2 10 9 -4 6 -6 -5 -7 22 -1 -2 -12 13 15 -15 -13 17 18 -14 28 -21 -22 -3 -24 25 26 -25 -28 -20 -26
right_child=1 8 3 4 5 7 -8 -9 -10 -11 11 12 16 14 -16 -17 -18 -19 19 20 21 -23 23 24 29 -27 27 -29 -30 -31
leaf_value=0.0042329851954009314 -0.0047923882241405055 0.00041479340770043602 -0.002436941215812817 -0.0055483320401792831 -0.010894833443558566 -0.0040320240776498106 0.0024005768946514378 -0.0075893523649050044 0.0019126854707812201 -0.0026977852269285865 -0.0051912022316032607 0.0038481643738151753 0.0054580553674983068 0.01200398661419376 0.0015086551852118565 -0.0039744928318750606 -0.0029589763906507503 -0.0045671208725062539 -0.0033000933201745887 0.0052907567014692418 -0.0032790004969744414 0.0079689150163146805 0.0027957815796145727 0.0025139895239499679 0.0023190164109437388 0.0033866473900760492 -0.00058851790373890553 -0.0043095922083089787 0.00020931821843636511 0.0067886894115720678
leaf_weight=196.13071727752686 331.88804697990417 7669.1313090324402 801.61398386955261 757.22476267814636 581.2938928604126 658.74122190475464 139.55277287960052 3526.7000007629395 16490.943625450134 361.47605276107788 280.06835508346558 242.35086965560913 217.91297101974487 190.04566860198975 242.99564599990845 278.11380100250244 1012.7895560264587 355.34245157241821 766.40198040008545 434.92664289474487 586.99974966049194 245.4404468536377 3520.3560333251953 376.69253492355347 773.52962017059326 304.79255151748657 806.4932861328125 930.81405687332153 984.48061561584473 381.11257266998291
leaf_count=41 63 767 279 354 314 298 59 1632 1015 77 50 40 30 30 41 48 182 49 126 63 98 32 318 50 65 35 80 109 152 24
internal_value=1.64163e-05 0.00113428 -0.00594061 -0.00643055 -0.00699581 -0.00750084 -0.00431136 -0.00702947 0.00148588 -0.00025998 -0.000646789 -0.000411107 -0.000170229 0.00259584 0.00611466 -0.000331925 -0.000743056 -0.000118175 0.000370335 3.0098e-06 0.0018402 3.7386e-05 0.00100912 0.00165164 0.000524494 -0.0010364 -0.00167411 -0.00258219 -0.00132683 0.00379432
internal_weight=44446.4 37423.6 7022.73 6465.13 5663.51 4766.74 896.778 4185.44 31253.9 557.607 6169.76 5837.87 5557.8 953.506 433.041 520.465 4604.29 3591.5 3236.16 3018.25 1267.37 832.44 14762.9 7093.79 3573.43 2418.79 2114 1737.31 1750.88 1154.64
internal_count=6521 3467 3054 2936 2657 2244 413 1930 2463 118 1004 941 891 159 71 88 732 550 501 471 193 130 1448 681 363 274 239 189 278 89
is_linear=0
shrinkage=0.05


Tree=91
num_leaves=31
num_cat=5
split_feature=2 2 7 9 9 8 9 1 7 9 2 2 1 0 0 8 8 4 4 8 4 7 2 1 7 0 3 1 9 2
split_gain=113.14 8.89843 7.44007 6.60397 4.48853 3.75627 4.43673 2.43564 2.39899 2.49057 2.3215 4.02254 2.3065 2.57179 3.34346 3.70465 4.37978 3.01585 2.19602 6.67155 4.15775 3.97033 4.7928 2.9559 2.72198 2.3932 2.37218 2.20272 2.17377 4.96995
threshold=1.9285714285714288 3.785714285714286 -0.5 0 1 0.19329431857545629 2 1.0000000180025095e-35 -0.9159756150367534 3 1.0714285714285716 0.78571428571428581 1.0000000180025095e-35 1.0000000180025095e-35 1.5000000000000002 0.26466697349085722 0.34352979593996008 1.5000000000000002 3.5000000000000004 0.5955299525109542 2.5000000000000004 0.1294095225512602 10.357142857142859 6.5000000000000009 0.37940952255126048 5.5000000000000009 2.2038661803717079 5.5000000000000009 4 1.2142857142857146
decision_type=2 2 2 1 1 2 1 2 2 1 2 2 2 2 2 2 2 2 2 2 2 2 2 2 2 2 2 2 1 2
left_child=2 12 5 7 18 6 -1 -4 -7 -10 11 -8 -2 -14 15 17 -17 -15 20 21 24 22 25 -23 -3 27 -22 -20 29 -5
right_child=1 4 3 28 -6 8 10 -9 9 -11 -12 -13 13 14 -16 16 -18 -19 19 -21 26 23 -24 -25 -26 -27 -28 -29 -30 -31
leaf_value=-0.0043644199553169154 -0.0046961333038320818 0.0024640350183717948 -0.0002429729060630105 -0.010614395292090444 0.0007794798916514672 0.0024145159213919101 0.0073868547450192225 -0.0050199030899188597 -0.0018618417126178889 -0.0072579949495242164 0.0070886048676240656 -0.0097046049507503 -0.0050889919471679736 0.0037380209098322251 -0.0007253159055971599 0.011564483843838512 0.0014689504356421429 -0.0038914408462380383 0.001608993144768604 -0.0039090085929810959 0.0010180114271435871 -6.0796616915422249e-05 -0.0035144130426592148 0.0039037719266757538 0.00049963535321451873 0.002726686177408713 0.0047855058033988256 -0.0035383498113899258 -0.0068277528581497555 -0.0005403972844623266
leaf_weight=307.53441643714905 330.30131769180298 5627.7547731399536 382.32685995101929 1238.140075802803 14004.677076816559 104.6110303401947 68.2887943983078 883.42066764831543 344.77608823776245 681.37247753143311 214.61331653594971 69.423047065734863 278.61823105812073 243.28527140617371 4600.9058055877686 192.34072399139404 243.36252069473267 277.01063108444214 480.36447620391846 571.21670627593994 512.62653732299805 593.49652194976807 602.86601448059082 2262.2042922973633 2568.2125377655029 1451.5920519828796 2259.0078463554382 366.35343265533447 2550.8011293411255 135.86471116542816
leaf_count=108 63 380 134 713 1263 28 31 312 119 255 60 29 50 40 732 30 41 48 53 40 42 47 31 127 188 113 146 33 1231 34
internal_value=1.58497e-05 0.00110478 -0.00582816 -0.00678687 0.00144678 -0.00304909 -5.1266e-05 -0.00354896 -0.00479848 -0.00553381 0.00373152 -0.00122926 -0.000631366 -0.000401293 -0.000166256 0.00252432 0.00592561 -0.000323979 0.00198551 0.00124494 0.00241461 0.00175633 0.000453586 0.00307982 0.00184849 0.00149443 0.00408869 -0.000618132 -0.00780218 -0.00954876
internal_weight=44447.4 37466.2 6981.17 5190.55 31300.4 1790.62 659.86 1265.75 1130.76 1026.15 352.325 137.712 6165.82 5835.52 5556.9 955.999 435.703 520.296 17295.7 6328.09 10967.6 5756.88 2901.18 2855.7 8195.97 2298.31 2771.63 846.718 3924.81 1374
internal_count=6521 3467 3054 2424 2463 630 228 446 402 374 120 60 1004 941 891 159 71 88 1200 444 756 404 230 174 568 199 188 86 1978 747
cat_boundaries=0 1 2 3 4 5
cat_threshold=33 99 792 273 28
is_linear=0
shrinkage=0.05


Tree=92
num_leaves=31
num_cat=5
split_feature=2 2 6 9 7 9 0 0 9 4 9 8 1 0 0 8 8 4 6 1 7 7 6 4 7 9 8 8 8 4
split_gain=108.137 8.44616 7.39156 9.43365 5.31397 4.24955 4.10602 3.16444 2.7569 2.39692 2.35817 2.25571 2.20617 2.45978 3.1734 3.49374 4.08529 2.86935 2.43603 2.98422 2.28863 2.80506 2.97964 8.29492 2.10296 2.159 2.22477 2.70034 3.08855 2.0767
threshold=1.9285714285714288 3.785714285714286 -1.0000000180025095e-35 0 -0.70710678118654757 1 2.5000000000000004 2.5000000000000004 2 1.0000000180025095e-35 3 0.19329431857545629 1.0000000180025095e-35 1.0000000180025095e-35 1.5000000000000002 0.26466697349085722 0.34352979593996008 1.5000000000000002 0.12940952255126045 5.5000000000000009 -0.9159756150367534 -0.37940952255126015 -0.60355339059327362 4.5000000000000009 0.91597561503675351 4 0.42807461614170467 0.18530953679516743 0.14736207959722716 3.5000000000000004
decision_type=2 2 2 1 2 1 2 2 1 2 1 2 2 2 2 2 2 2 2 2 2 2 2 2 2 1 2 2 2 2
left_child=2 12 11 6 7 29 -4 10 9 -6 -5 -1 -2 -14 15 17 -17 -15 19 20 -16 -22 -23 -24 25 26 27 28 -7 -3
right_child=1 5 3 4 8 24 -8 -9 -10 -11 -12 -13 13 14 18 16 -18 -19 -20 -21 21 22 23 -25 -26 -27 -28 -29 -30 -31
leaf_value=0.0041115205420540913 -0.0046013630513526251 0.0023488799086978391 -0.00362866177019683 0.0012364010691566017 -0.0052428589862584555 -0.0013585195408256435 0.0045510473293191639 -0.012362826677621517 -0.0069363578938982616 -0.010887624888158004 -0.004868747540750301 -0.0025472576790599322 -0.0049882777913617957 0.0036314351546146897 0.0053150520879830824 0.011146033171024139 0.0014303479905890158 -0.0038098036615458416 -0.0028782513144837781 -0.0044596005153125428 -0.0012785884345999708 0.0051535588972370563 -0.0031925334201159494 0.0077321963758581018 -0.0029467795917257262 0.0011665142277996656 0.0026235146468212029 -0.0028465574208607412 0.0043557716033898941 0.0012123799410884376
leaf_weight=196.95387840270996 328.75381255149841 10994.127776145935 1320.7171223163605 294.93341708183289 224.64560198783875 649.74501419067383 173.5856294631958 84.226138114929199 2803.868732213974 1154.8139046430588 328.0820460319519 359.03407716751099 277.20394706726074 244.19637966156006 218.94673919677734 194.57795357704163 243.72026968002319 275.93475961685181 1009.0650103092194 353.46678876876831 1747.2958574295044 436.91681385040283 584.65391731262207 247.22477626800537 372.44397926330566 11034.034802436829 484.46824264526367 1103.139808177948 371.76584911346436 6336.0052270889282
leaf_count=41 63 756 466 103 128 68 55 29 1364 671 120 77 50 40 30 30 41 48 182 49 278 63 98 32 43 944 50 118 40 444
internal_value=1.51908e-05 0.00107609 -0.0057178 -0.00619929 -0.00726023 0.00140876 -0.00266066 -0.00326662 -0.00795275 -0.00989663 -0.00203689 -0.000188444 -0.000616178 -0.000391577 -0.000162235 0.00245496 0.00574353 -0.000316216 -0.000707827 -9.75169e-05 0.000379093 2.07778e-05 0.00181017 5.41706e-05 0.00075954 0.000861276 -0.000432399 -0.00113125 0.000721124 0.00193225
internal_weight=44448.5 37507.7 6940.86 6384.87 4890.57 31345.7 1494.3 707.242 4183.33 1379.46 623.015 555.988 6161.96 5833.2 5556 958.429 438.298 520.131 4597.57 3588.5 3235.04 3016.09 1268.8 831.879 14015.6 13643.2 2609.12 2124.65 1021.51 17330.1
internal_count=6521 3467 3054 2936 2415 2463 521 252 2163 799 223 118 1004 941 891 159 71 88 732 550 501 471 193 130 1263 1220 276 226 108 1200
cat_boundaries=0 1 2 3 4 5
cat_threshold=33 99 28 326 12
is_linear=0
shrinkage=0.05


Tree=93
num_leaves=31
num_cat=4
split_feature=2 2 6 9 7 9 9 2 4 7 8 6 3 7 9 7 2 3 8 4 8 6 7 2 1 3 8 8 2 4
split_gain=103.337 8.01837 7.11657 9.12147 5.14705 4.02433 2.69187 2.49904 2.34045 2.2594 2.14207 2.11437 2.28437 2.00259 2.05013 2.11483 2.99945 3.81676 3.29583 1.96385 6.3426 4.85144 3.75101 4.55949 2.78788 2.53009 2.66538 3.13533 2.87508 2.37277
threshold=1.9285714285714288 3.785714285714286 -1.0000000180025095e-35 0 -0.70710678118654757 1 2 0.78571428571428581 1.0000000180025095e-35 -0.70710678118654757 0.19329431857545629 0.37940952255126054 0.97590007294853398 0.91597561503675351 3 0.60355339059327384 5.6428571428571432 1.8126539343499324 0.18875845997418905 3.5000000000000004 0.5955299525109542 -0.91597561503675329 0.1294095225512602 10.357142857142859 6.5000000000000009 3.1471831698777746 0.18704446636225655 0.1424479740619076 6.3571428571428585 2.5000000000000004
decision_type=2 2 2 1 2 1 1 2 2 2 2 2 2 2 1 2 2 2 2 2 2 2 2 2 2 2 2 2 2 2
left_child=2 11 10 9 7 19 8 -5 -6 -4 -1 12 -2 14 15 16 17 -7 -19 21 22 29 23 -21 -24 26 27 28 -23 -3
right_child=1 5 3 4 6 13 -8 -9 -10 -11 -12 -13 -14 -15 -16 -17 -18 18 -20 20 -22 25 24 -25 -26 -27 -28 -29 -30 -31
leaf_value=0.0039927741528491215 0.0044993313986033999 0.0030300498676599985 0.0050426612560822044 0.0032221469203691819 -0.0051399004860465496 0.0064783006241100382 -0.0068122605957379768 -0.0045778808916091211 -0.010735004359672923 -0.0031138150926422249 -0.0024904273846143143 -0.0049179692669335633 -0.00060049753744538287 -0.0028822015536226725 0.0011362348520511352 -0.00435224917274569 -0.0029811700264374629 0.0028623872710293072 -0.0019789379027086999 0.0014232029662175677 -0.0038525183596221355 -0.001019565050059503 -8.9303161443986742e-05 -0.0034652889342846153 0.003757144757432147 0.00028659856870009271 0.0030638188908119019 -0.0027240879315764111 0.0040695742665375579 0.0059565439289229584
leaf_weight=197.76532554626465 228.44598007202148 2641.8452806472778 90.385868310928345 124.77090239524841 223.47089660167694 281.08221673965454 2784.4873942136765 580.20725107192993 1142.308914065361 1399.9249308109283 358.12068796157837 271.20283889770508 5658.5626549720764 371.34808397293091 11046.913685798645 302.77848958969116 590.44049167633057 617.51461601257324 816.18087196350098 2304.5452237129211 569.67841768264771 464.09656476974487 594.18037986755371 601.47979354858398 2273.807731628418 2566.1072516441345 3221.2285876274109 497.62098264694214 690.33914184570312 938.7442102432251
leaf_count=41 35 154 27 50 128 29 1364 202 671 494 77 78 891 43 944 37 57 65 88 199 40 47 47 31 127 170 250 39 43 53
internal_value=1.46109e-05 0.00104818 -0.00560864 -0.00608386 -0.00713267 0.00137181 -0.00781831 -0.00319739 -0.00974815 -0.00260168 -0.000183925 -0.000601452 -0.000402598 0.000740105 0.000839157 -0.000421941 9.24539e-05 0.00115078 0.000106295 0.00188059 0.00118083 0.00228512 0.00167743 0.000411398 0.00296025 0.0015573 0.00222641 0.000593591 0.00202368 0.00379731
internal_weight=44449.6 37548.1 6901.44 6345.56 4855.25 31389.9 4150.27 704.978 1365.78 1490.31 555.886 6158.21 5887.01 14026.3 13654.9 2608 2305.22 1714.78 1433.7 17363.7 6343.69 11020 5774.01 2906.03 2867.99 7439.39 4873.29 1652.06 1154.44 3580.59
internal_count=6521 3467 3054 2936 2415 2463 2163 252 799 521 118 1004 926 1263 1220 276 239 182 153 1200 444 756 404 230 174 549 379 129 90 207
cat_boundaries=0 1 2 3 4
cat_threshold=33 99 28 12
is_linear=0
shrinkage=0.05


Tree=94
num_leaves=31
num_cat=5
split_feature=6 7 7 9 9 1 9 1 7 4 7 6 4 3 0 3 4 3 1 4 3 1 1 6 3 9 9 4 7 4
split_gain=92.6571 16.2929 11.4126 8.88921 8.05516 3.7836 3.24636 2.94221 2.89868 6.59334 2.67462 3.68917 5.9518 3.45689 2.51219 2.21038 2.14586 3.56463 2.1242 2.08523 2.52804 4.48137 2.05849 2.03841 2.14753 1.9735 1.93946 2.21595 4.69381 4.49063
threshold=0.12940952255126045 -0.70710678118654757 0.98296291314453421 0 1 1.0000000180025095e-35 2 1.0000000180025095e-35 0.78656609248549303 4.5000000000000009 -0.12940952255126037 -0.5 3.5000000000000004 1.9760470401187085 1.5000000000000002 0.75592894601845539 1.0000000180025095e-35 0.97590007294853398 2.5000000000000004 1.5000000000000002 2.2886885410853197 3.5000000000000004 2.5000000000000004 -0.91597561503675329 1.414213562373096 3 4 2.5000000000000004 0.91597561503675351 3.5000000000000004
decision_type=2 2 2 1 1 2 1 2 2 2 2 2 2 2 2 2 2 2 2 2 2 2 2 2 2 1 1 2 2 2
left_child=2 6 3 5 16 -1 14 15 10 -10 11 12 23 -12 18 -4 17 -3 -2 -13 21 -21 -15 -7 -25 -6 -5 28 -28 -29
right_child=1 4 7 26 25 8 -8 -9 9 -11 13 19 -14 22 -16 -17 -18 -19 -20 20 -22 -23 -24 24 -26 -27 27 29 -30 -31
leaf_value=-0.0066396478545329585 0.008124525032370487 -0.0052818228962171468 -0.0072303655579478519 0.0020974143344002507 -0.0066692077120317902 0.0021366654785017212 -0.0034214561443667042 -0.0091333472587487481 -0.0054541493928565166 0.0037531381023577174 0.0048367920369491585 0.0028563433962168106 -0.0078818233127628933 0.0038075205148005208 -0.0011165914792319145 0.0023189654323130548 -0.0042101927899818791 0.0073511523528111038 -0.00036729884453471176 0.0045912179879699947 -0.0035833974324549558 -0.0023411611397068273 -0.00016345484316009775 -0.00023631784985736327 -0.0070952810214300627 -0.0092580405784828002 0.00093551642754654489 0.0033640103316694759 -0.004248661871537004 0.0010395343232211141
leaf_weight=233.64977407455444 159.31399512290955 109.98881363868713 107.96129381656647 10570.520799636841 2019.0845736265182 391.23441028594971 1276.8338191509247 321.73970305919647 665.80247211456299 274.64450454711914 561.24748563766479 666.41121339797974 404.19079542160034 389.35933923721313 889.81952857971191 138.13054847717285 1185.7953522205353 113.42301487922668 136.94728899002075 443.56851291656494 458.91277027130127 491.3709020614624 2016.9619154930115 319.19720411300659 177.62505865097046 1675.6922415494919 8069.1543679237366 3009.5829033851624 461.59968566894531 6710.7868671417236
leaf_count=45 48 39 55 643 984 53 322 150 116 39 56 77 75 45 148 65 413 38 26 61 52 58 205 64 31 960 714 261 64 614
internal_value=1.40713e-05 -0.00502591 0.00104805 0.00115803 -0.00663759 -0.000376443 -0.00168595 -0.00598565 -0.000175406 -0.00276529 0.000209976 -0.000757755 -0.00285205 0.00130324 0.000209422 -0.00187036 -0.0033396 0.00113176 0.00419916 0.000555838 -0.00054405 0.000947806 0.000479076 -0.000562796 -0.00268855 -0.00786514 0.00155661 0.00124242 0.000655 0.00175923
internal_weight=44450.6 7566.9 36883.7 36315.8 5103.98 7494.18 2462.91 567.832 7260.53 940.447 6320.08 3352.51 1292.25 2967.57 1186.08 246.092 1409.21 223.412 296.261 2060.26 1393.85 934.939 2406.32 888.057 496.822 3694.78 28821.6 18251.1 8530.75 9720.37
internal_count=6521 2978 3543 3273 2434 977 544 270 932 155 777 471 223 306 222 120 490 77 74 248 171 119 250 148 95 1944 2296 1653 778 875
cat_boundaries=0 1 2 3 4 5
cat_threshold=28 33 291 834 33
is_linear=0
shrinkage=0.05


Tree=95
num_leaves=31
num_cat=3
split_feature=2 9 9 2 7 7 4 7 4 8 0 8 7 4 3 8 3 7 7 7 8 3 2 1 9 2 8 3 8 4
split_gain=83.942 5.30323 4.55521 4.68265 4.44051 4.04646 4.67792 7.70249 3.25709 3.19797 2.62653 2.62465 2.7102 17.1407 4.36126 2.83431 2.75717 2.58052 2.44708 2.44649 2.43875 2.281 3.16327 2.866 2.72701 2.41138 2.5015 2.14203 3.87941 2.42528
threshold=1.7857142857142858 0 1 1.5000000000000002 -0.9159756150367534 -0.12940952255126037 4.5000000000000009 -0.70710678118654757 1.0000000180025095e-35 0.10874656931452278 5.5000000000000009 0.048750295396440567 0.78656609248549303 4.5000000000000009 2.4446199625772569 0.23496114046135727 4.8255273583012981 -0.70710678118654757 -0.5 0.60355339059327384 0.2296828188065729 1.5735915849388891 6.7857142857142865 6.5000000000000009 2 10.071428571428573 0.36337846166411325 1.3451854182691001 0.44908987642340409 3.5000000000000004
decision_type=2 1 1 2 2 2 2 2 2 2 2 2 2 2 2 2 2 2 2 2 2 2 2 2 1 2 2 2 2 2
left_child=2 27 17 4 -4 6 -3 10 -6 19 -8 -7 16 15 -15 -14 21 -1 20 -10 -11 -13 23 -23 25 -24 -27 -2 -29 -30
right_child=1 5 3 -5 8 11 7 -9 9 18 -12 12 13 14 -16 -17 -18 -19 -20 -21 -22 22 24 -25 -26 26 -28 28 29 -31
leaf_value=0.0018185939747800122 -0.0035684619457682582 0.00090508318405510568 0.0052197997681640452 -0.000822772121200598 -0.0037523239622664359 -0.0012701895912048137 -0.0015492653257676435 -0.0055086550409687886 -0.0066888607356917866 -0.0014319063142384837 0.0015560221208953916 -0.00077610171419945876 -0.0034787479519891654 0.0092655511897750589 0.0031221518463068199 -0.00025972011493200132 0.0058131891567845626 -0.004129022344510941 -0.009413089717271575 0.0012860202363350641 -0.0081841239193579853 0.0045858750574969158 0.0044974378690039894 0.0013440536528562374 0.00064756117359646018 0.0025644048479751807 -0.00064406755339142482 -0.0010616059714141895 0.0051441936372314803 -0.00085675811138256029
leaf_weight=197.01395058631897 594.99163150787354 12007.298411846161 73.213592529296875 339.49148678779602 566.97031509876251 791.62698364257812 1288.659805059433 791.90046167373657 270.11525583267212 211.56233942508698 1443.9865527153015 752.49977135658264 1168.5899538993835 472.21254348754883 744.14831829071045 1648.3821666240692 465.04107666015625 2454.0774775743484 1942.7646080255508 149.33782780170441 363.46943390369415 1961.5748739242554 1080.9261388778687 1044.9572744369507 4140.7639713287354 2464.0728912353516 806.27830123901367 3447.9625935554504 462.07546615600586 264.88677358627319
leaf_count=65 104 1173 22 84 284 56 171 118 139 89 110 74 143 46 51 194 23 1018 1063 76 161 182 69 83 275 112 37 429 58 34
internal_value=-0.00010783 0.000797778 -0.00532566 -0.00641835 -0.0069673 0.00102239 0.000434958 -0.00116665 -0.00722192 -0.00789165 9.16324e-05 0.00154312 0.00167609 0.00054677 0.00550713 -0.0015951 0.00203429 -0.00367317 -0.00856504 -0.00384956 -0.00569989 0.00189084 0.00206538 0.00345914 0.00157193 0.00244446 0.00177338 -0.000760164 -0.000361759 0.0029576
internal_weight=44410.9 37842.8 6568.02 3916.92 3577.43 33072.9 15531.8 3524.55 3504.22 2937.25 2732.65 17541.1 16749.4 4033.33 1216.36 2816.97 12716.1 2651.09 2517.8 419.453 575.032 12251.1 11498.6 3006.53 8492.04 4351.28 3270.35 4769.92 4174.92 726.962
internal_count=6543 3542 3001 1918 1834 2917 1572 399 1812 1528 281 1345 1289 434 97 337 855 1083 1313 215 250 832 758 265 493 218 149 625 521 92
cat_boundaries=0 1 2 3
cat_threshold=12 291 161
is_linear=0
shrinkage=0.05


Tree=96
num_leaves=31
num_cat=6
split_feature=2 6 9 6 9 6 8 6 0 9 1 9 3 8 2 8 1 4 8 8 4 9 6 9 2 6 8 8 3 6
split_gain=80.2074 5.54718 5.80773 5.38389 7.35333 3.01438 3.50672 2.80458 3.00478 2.1712 2.06984 2.59146 2.30957 3.45741 2.26085 1.95607 1.86884 2.28503 3.16638 2.48322 2.01506 2.00075 2.41416 1.99366 2.93961 3.32986 2.32934 1.83455 1.79661 1.79535
threshold=1.7857142857142858 0.12940952255126045 0 -1.0000000180025095e-35 1 0.78656609248549325 0.10047048724398872 0.60355339059327384 1.5000000000000002 2 10.500000000000002 3 1.3451854182691001 0.44908987642340409 3.3571428571428572 0.15484019594773454 2.5000000000000004 1.0000000180025095e-35 0.33409508886752209 0.2944248289310793 2.5000000000000004 4 0.60355339059327384 5 0.78571428571428581 0.78656609248549325 0.25542505771013696 0.06642855116524797 1.3801311186847098 0.25881904510252091
decision_type=2 2 1 2 1 2 2 2 2 1 2 1 2 2 2 2 2 2 2 2 2 1 2 1 2 2 2 2 2 2
left_child=3 2 -2 -1 5 6 27 8 -3 -10 11 12 -4 -14 -15 -11 17 19 23 -6 -18 22 -20 26 25 -25 -19 -5 -26 -8
right_child=1 7 10 4 16 -7 29 -9 9 15 -12 -13 13 14 -16 -17 20 18 21 -21 -22 -23 -24 24 28 -27 -28 -29 -30 -31
leaf_value=0.00046413743133584366 0.001568715780110882 0.0027435642842445684 -0.003599202763288214 -0.0062519965389620166 -0.0037437509555039838 -0.010145969114733774 -0.010425187783041653 -0.0074141490967625252 -2.9632588881050548e-05 0.00031710087603060164 -0.0014609569964868412 0.00084021030311999328 -0.00081910830430161118 0.0069625715695901969 0.0010078170308249576 -0.0054083810759133679 -0.01229046980153168 -0.0020285483669418526 -0.0082910589451376717 0.0031233915935111396 -0.0043552075706296788 -0.0082117756246981467 0.00012523950164858308 0.001649665774464199 -0.0068540945581020939 -0.0052628973283399064 0.0073914593225154306 0.00494491291234997 -0.00010651908853626141 -0.0061263328350405627
leaf_weight=391.40641498565674 17610.60111951828 389.87656307220459 548.75015211105347 59.212149500846863 320.12498593330383 898.98070192337036 336.71021258831024 198.10376119613647 651.23127269744873 198.83588743209839 1536.2686824798584 12101.595059394836 3327.7583522796631 240.62780952453613 472.189537525177 597.29515647888184 143.55445766448975 302.62206625938416 145.11852014064789 223.59234070777893 180.71649777889252 696.98360562324524 206.37556433677673 366.32898950576782 764.94406425952911 332.2026869058609 83.796998500823975 95.720526814460754 113.25602674484253 871.52108693122864
leaf_count=85 1294 69 96 29 136 532 193 64 104 34 100 1186 411 38 51 95 60 106 61 95 72 319 87 174 336 165 30 49 43 429
internal_value=-0.000105297 0.000777277 0.000921485 -0.00522163 -0.00558397 -0.00786367 -0.00641622 -0.0017619 -0.00115243 -0.0022019 0.000295126 0.000456937 -0.00055434 -0.000142189 0.00301798 -0.00392907 -0.00422356 -0.00390303 -0.00444162 -0.000919783 -0.00786814 -0.00666007 -0.00325687 -0.0032568 -0.00403288 -0.00163776 1.38707e-05 0.00066568 -0.0059839 -0.00732434
internal_weight=44406.3 37873.1 35837.8 6533.17 6141.76 2262.14 1363.16 2035.34 1837.24 1447.36 18227.2 16690.9 4589.33 4040.58 712.817 796.131 3879.62 3555.35 3011.63 543.717 324.271 1048.48 351.494 1963.15 1576.73 698.532 386.419 154.933 878.2 1208.23
internal_count=6543 3542 3176 3001 2916 1232 700 366 302 233 1882 1782 596 500 89 129 1684 1552 1321 231 132 467 148 854 718 339 136 78 379 622
cat_boundaries=0 1 2 3 4 5 6
cat_threshold=163 156 290 12 288 1
is_linear=0
shrinkage=0.05


Tree=97
num_leaves=31
num_cat=4
split_feature=2 6 9 6 9 7 7 0 8 7 8 6 1 3 8 8 6 9 9 2 7 6 3 6 4 0 1 1 6 6
split_gain=76.6432 5.27621 5.50758 5.17454 7.11867 4.64954 2.76012 2.99231 2.44239 2.30532 3.25227 2.18567 2.12551 2.71762 2.16393 2.64528 4.30913 3.73182 2.10425 2.45187 2.09369 6.08678 4.07628 3.08902 13.7987 4.32686 3.80178 2.62206 3.65542 3.20772
threshold=1.7857142857142858 0.12940952255126045 0 -1.0000000180025095e-35 1 -0.9159756150367534 -0.70710678118654757 1.5000000000000002 0.10445667651198602 -0.70710678118654757 0.20477470605459988 0.60355339059327384 2.5000000000000004 1.0690449676496989 0.35799645255269569 0.26466697349085722 0.98296291314453421 2 3 1.0714285714285716 -0.12940952255126037 -0.25881904510252113 1.8644544714716087 -0.60355339059327362 4.5000000000000009 5.5000000000000009 4.5000000000000009 6.5000000000000009 -0.98296291314453399 -0.78656609248549303
decision_type=2 2 1 2 1 2 2 2 2 2 2 2 2 2 2 2 2 1 1 2 2 2 2 2 2 2 2 2 2 2
left_child=3 2 -2 -1 5 -5 7 -3 11 10 -6 -7 14 -14 15 18 17 -17 19 -11 21 -4 -23 25 -25 27 -27 28 -22 -30
right_child=1 6 20 4 9 8 -8 -9 -10 12 -12 -13 13 -15 -16 16 -18 -19 -20 -21 23 22 -24 24 -26 26 -28 -29 29 -31
leaf_value=0.00045240042233541918 0.0015273607637887694 0.0028182840330868075 -0.0015288412487226308 0.0016147920696646641 0.0053107739499219722 0.0014128581406280495 -0.0070230944627312471 -0.0021391806601142472 -0.008986669986439726 -0.0055874351314599089 -0.0045270699315016951 -0.0075371653406374559 -0.00027108808157775183 -0.011771828478893936 -0.0061018366396940532 0.001877298746540252 0.011244114837959389 -0.0063679728928554696 -0.0029975947397643285 -0.014830422993039613 0.00071485143015906382 0.0043958921991176826 0.00033013876330354028 -0.0033310746075536114 0.0048525418203920869 0.0029622511261940009 -0.00050090485587394869 0.00100831521126105 0.0077084688424708947 0.0025031675824188594
leaf_weight=391.58812379837036 17638.248808383942 387.0144145488739 4527.8146061897278 124.79174423217773 149.30305862426758 112.41468453407288 219.02519369125366 1425.7328968048096 1833.6642365455627 459.93546140193939 192.09745311737061 173.48962819576263 69.223379015922546 199.12024629116058 1006.5450303554535 289.48789501190186 69.303182005882263 247.20261609554291 1096.1129115819931 85.009843468666077 595.04895877838135 792.12575960159302 2780.2725429534912 1662.9306449890137 746.24837255477905 1020.0954775810242 3551.4107227325439 1344.9401812553406 697.65153026580811 514.04133224487305
leaf_count=85 1294 68 590 35 50 55 70 228 1040 229 69 102 29 85 456 114 31 123 457 41 58 82 253 241 76 92 257 109 65 59
internal_value=-0.000102841 0.000757369 0.000897768 -0.00511942 -0.00547665 -0.00772983 -0.00172136 -0.00108078 -0.00831647 -0.00413698 -0.000224733 -0.00401811 -0.00452796 -0.00880504 -0.0041752 -0.00331218 -0.000489078 -0.00200419 -0.00435467 -0.00690265 0.000287702 -0.000311391 0.00123166 0.000766925 -0.000796182 0.00125452 0.000271871 0.00267986 0.00392415 0.0055002
internal_weight=44401.9 37902.6 35870.8 6499.29 6107.7 2244.36 2031.77 1812.75 2119.57 3863.34 341.401 285.904 3521.94 268.344 3253.6 2247.05 605.994 536.691 1641.06 544.945 18232.6 8100.21 3572.4 10132.4 2409.18 7723.19 4571.51 3151.68 1806.74 1211.69
internal_count=6543 3542 3176 3001 2916 1232 366 296 1197 1684 119 157 1565 114 1451 995 268 237 727 270 1882 925 335 957 317 640 349 291 182 124
cat_boundaries=0 1 2 3 4
cat_threshold=163 156 35 66
is_linear=0
shrinkage=0.05


Tree=98
num_leaves=31
num_cat=5
split_feature=2 6 9 6 9 7 7 0 8 7 8 6 1 3 8 8 6 9 9 2 9 1 3 8 2 7 5 6 6 0
split_gain=73.2297 5.01809 5.22394 4.9723 6.88926 4.4868 2.65115 2.84667 2.37318 2.21247 3.09102 2.1 2.05723 2.63955 2.08507 2.53429 4.06258 3.57809 2.0304 2.39753 1.99465 2.35731 2.07946 3.42576 2.15842 2.05401 5.30452 8.06811 7.18889 8.61355
threshold=1.7857142857142858 0.12940952255126045 0 -1.0000000180025095e-35 1 -0.9159756150367534 -0.70710678118654757 1.5000000000000002 0.10445667651198602 -0.70710678118654757 0.20477470605459988 0.60355339059327384 2.5000000000000004 1.0690449676496989 0.35799645255269569 0.26466697349085722 0.98296291314453421 2 3 1.0714285714285716 4 10.500000000000002 1.3451854182691001 0.44908987642340409 3.3571428571428572 -0.12940952255126037 1.0000000180025095e-35 -0.78656609248549303 -0.91597561503675329 6.5000000000000009
decision_type=2 2 1 2 1 2 2 2 2 2 2 2 2 2 2 2 2 1 1 2 1 2 2 2 2 2 2 2 2 2
left_child=3 2 -2 -1 5 -5 7 -3 11 10 -6 -7 14 -14 15 18 17 -17 19 -11 22 25 -4 -24 -25 -22 27 -27 -28 -30
right_child=1 6 20 4 9 8 -8 -9 -10 12 -12 -13 13 -15 -16 16 -18 -19 -20 -21 21 -23 23 24 -26 26 28 -29 29 -31
leaf_value=0.00044096561936254539 0.0014871581682990857 0.0027404750474918763 -0.0035133114699788994 0.0015721247495300028 0.0051511311829785756 0.0013758080531569097 -0.0068975998420710187 -0.0020905905404327157 -0.0088436562820742633 -0.0054796217533226938 -0.0044349520537165467 -0.0074063394571566707 -0.00026442977762469586 -0.011617210388190484 -0.0059872156221847696 0.0018288790078446349 0.010840773468185896 -0.006254650291274629 -0.0029326483511063497 -0.014681030825011402 0.00011634012484716668 -0.0012846461198984483 -0.00089733414140687217 0.0067511181010137464 0.00094793529942310936 0.0024394179631959606 -0.00090186349946920919 -0.00166977204269234 0.0098792523601627796 0.0010943906748654135
leaf_weight=391.76531839370728 17665.209379196167 388.10666847229004 546.53899717330933 124.99341869354248 150.09808278083801 112.57362258434296 217.49234771728516 1422.6862573623657 1817.2595249414444 457.3727695941925 191.22977924346924 172.18692445755005 69.204615592956543 196.78997981548309 1000.4219561815262 290.03186416625977 70.086832284927368 245.63343811035156 1092.8321286439896 83.758413314819336 5612.2109746932983 1499.2810077667236 3363.7068347930908 242.23898601531982 473.28646183013916 2638.5579290390015 541.22049045562744 2182.6902494430542 648.25586414337158 489.90003871917725
leaf_count=85 1294 68 96 35 50 55 70 228 1040 229 69 102 29 85 456 114 31 123 457 41 599 97 414 38 51 192 47 254 57 37
internal_value=-0.000100463 0.000737955 0.000874645 -0.00501868 -0.00537079 -0.00759723 -0.00168163 -0.00105515 -0.00817862 -0.00405179 -0.000219496 -0.00393452 -0.00443642 -0.00866352 -0.0040894 -0.0032417 -0.000479371 -0.00196051 -0.00426577 -0.00677859 0.000280397 0.000585162 -0.000615756 -0.000229048 0.00291259 0.000817083 0.00142206 0.000579093 0.00384209 0.00609796
internal_weight=44397.6 37931.4 35903.1 6466.24 6074.47 2227.01 2028.29 1810.79 2102.02 3847.46 341.328 284.761 3506.13 265.995 3240.14 2239.72 605.752 535.665 1633.96 541.131 18237.9 13612.1 4625.77 4079.23 715.525 12112.8 6500.62 4821.25 1679.38 1138.16
internal_count=6543 3542 3176 3001 2916 1232 366 296 1197 1684 119 157 1565 114 1451 995 268 237 727 270 1882 1283 599 503 89 1186 587 446 141 94
cat_boundaries=0 1 2 3 4 5
cat_threshold=163 156 35 66 12
is_linear=0
shrinkage=0.05


Tree=99
num_leaves=31
num_cat=3
split_feature=2 6 9 6 9 7 7 6 4 4 1 6 4 2 9 2 7 0 8 2 6 1 8 1 8 8 2 7 8 1
split_gain=69.9624 4.77702 6.66504 4.77262 5.01198 4.32875 2.95336 7.29158 4.6174 3.31004 4.05795 3.16117 16.27 3.40324 2.66814 2.56097 2.54599 2.70813 2.46282 2.44041 3.24284 3.0067 2.40942 4.01459 2.43587 2.30509 2.28452 2.12298 2.93795 2.05208
threshold=1.7857142857142858 -1.0000000180025095e-35 0 0.12940952255126045 1 -0.9159756150367534 -0.12940952255126037 -0.5 4.5000000000000009 1.5000000000000002 8.5000000000000018 -0.60355339059327362 4.5000000000000009 4.2142857142857153 2 3.9285714285714293 -0.70710678118654757 1.5000000000000002 0.17386899198227998 5.3571428571428585 -0.91597561503675329 3.5000000000000004 0.37316123595223194 7.5000000000000009 0.31138311413112374 0.10445667651198602 2.3571428571428572 -0.70710678118654757 0.20477470605459988 4.5000000000000009
decision_type=2 2 1 2 1 2 2 2 2 2 2 2 2 2 1 2 2 2 2 2 2 2 2 2 2 2 2 2 2 2
left_child=1 -1 5 4 -2 -3 7 8 19 10 18 13 14 -8 -13 -16 17 -5 -9 20 21 -6 24 -24 29 -7 -22 28 -4 -15
right_child=3 2 27 16 6 25 11 9 -10 -11 -12 12 -14 22 15 -17 -18 -19 -20 -21 26 -23 23 -25 -26 -27 -28 -29 -30 -31
leaf_value=0.00042982478320208585 0.0017554102785241562 0.0015306511836672191 0.0049970952675613203 0.0026650242728299997 0.0051337365140499726 -0.0038523375256989769 0.0052380166611826449 0.00057748459650835092 -0.0049637733201765098 0.00010532296927556966 -0.0015941604272941502 -0.0047891261995088264 0.0048555657845106518 0.0029521381815981033 0.0026096221262409359 -0.0024843930504571147 -0.0067734868524272768 -0.0020430035598083063 0.0047713047481733129 -0.006061997610147779 0.0012287672522422275 -0.00017750937915268368 0.0040078840876709423 -3.7695602027214915e-05 -0.0014288494107738891 -0.0087016581119400919 -0.0029736869453349242 -0.004346337719276369 -0.004344303416055414 0.0006594145130944275
leaf_weight=391.93811273574829 10751.774874448776 125.19007968902588 150.87325191497803 389.17172312736511 370.45687770843506 283.64496946334839 538.79163408279419 488.05927848815918 898.54306888580322 4706.313946723938 484.18115901947021 923.04205751419067 1022.4077095985413 1198.6435513496399 320.71271276473999 1069.596631526947 215.99733352661133 1419.7151114940643 1238.1518325805664 215.80126094818115 425.9723014831543 949.22245168685913 1615.9711055755615 988.23916149139404 1132.4585070610046 1801.2591553926468 1342.9065852165222 3490.7119616270065 190.38356232643127 5253.3125138282776
leaf_count=85 653 35 50 68 45 157 67 49 148 450 37 150 98 107 48 126 70 228 117 18 80 100 131 66 91 1040 199 1565 69 396
internal_value=-9.81363e-05 -0.00491941 -0.00526641 0.000719055 0.000852141 -0.00746591 0.000465608 -0.000143145 -0.00178567 0.000854925 0.00245096 0.000947274 -0.000397045 0.0013653 -0.00271849 -0.00129997 -0.00164275 -0.0010301 0.00358557 -0.000921455 -0.000562279 0.00131345 0.0011605 0.00247268 0.000709951 -0.00804192 -0.00196167 -0.00396801 -0.000214372 0.00108536
internal_weight=44393.4 6434 6042.06 37959.4 35934.6 2210.09 25182.8 11119.6 4202.9 6916.71 2210.39 14063.2 3335.76 10727.4 2313.35 1390.31 2024.88 1808.89 1726.21 3304.36 3088.56 1319.68 10188.6 2604.21 7584.41 2084.9 1768.88 3831.97 341.257 6451.96
internal_count=6543 3001 2916 3542 3176 1232 2523 1243 590 653 203 1280 422 858 324 174 366 296 166 442 424 145 791 197 594 1197 279 1684 119 503
cat_boundaries=0 1 2 3
cat_threshold=156 33 156
is_linear=0
shrinkage=0.05


Tree=100
num_leaves=31
num_cat=4
split_feature=2 9 6 6 9 7 7 8 9 7 2 8 4 8 7 6 2 4 2 8 6 2 4 1 2 4 1 3 3 9
split_gain=67.0938 5.8501 4.45448 4.24265 4.0212 3.93054 3.52722 3.83778 3.47475 3.33027 3.04163 4.89542 2.83147 4.03988 2.35513 7.61804 5.54336 5.4266 4.10359 3.93475 4.01437 7.11595 6.52714 4.16535 2.93856 2.71962 2.46126 2.4443 2.41615 2.3274
threshold=1.7857142857142858 0 0.12940952255126045 -1.0000000180025095e-35 1 -0.70710678118654757 0.60355339059327384 0.18382851788433854 2 -0.70710678118654757 4.3571428571428585 0.20007032325124732 5.5000000000000009 0.15326417906987261 -0.12940952255126037 -0.5 4.9285714285714297 4.5000000000000009 5.3571428571428585 0.2422060768080754 -0.60355339059327362 5.3571428571428585 4.5000000000000009 4.5000000000000009 2.5000000000000004 1.5000000000000002 4.5000000000000009 2.1436434530208168 1.7043362064926932 3
decision_type=2 1 2 2 1 2 2 2 1 2 2 2 2 2 2 2 2 2 2 2 2 2 2 2 2 2 2 2 2 1
left_child=3 6 8 -1 -5 10 12 -8 -3 -6 11 -4 13 -2 15 17 26 18 24 20 21 -16 -22 -23 -10 -18 -17 -27 -19 -11
right_child=1 2 5 4 9 -7 7 -9 14 29 -12 -13 -14 -15 19 16 25 28 -20 -21 22 23 -24 -25 -26 27 -28 -29 -30 -31
leaf_value=0.00057576858298339793 -0.002353853273449189 0.0019802968720257054 -0.003654632201179106 -0.0025579363557423447 -0.0023927069394156699 -0.0078306633908487838 0.00077249748715859192 -0.0058116167604566008 0.0045508318425688489 -0.0080578909503140634 -0.0059175190375812953 0.0027311467801455699 -0.0038945558443975064 0.0014472906665911709 0.0070436550354896418 0.0070248571987102815 0.0023780868609382467 -0.0016197729895106401 -0.0068133499980123627 0.0022408986486939877 -0.0049300124745030316 0.0044656111273954522 0.0025330457422738061 -0.00023779900698712425 -0.0006034281484379962 0.0017513133446352515 0.0020197499925860528 -0.0011623722968082536 -0.0075952439438816983 -0.005312706134416971
leaf_weight=366.06918430328369 963.27489376068115 10933.792803764343 467.54057049751282 1399.8077836036682 655.18070340156555 205.89928936958313 345.67932415008545 615.21801948547363 316.54081964492798 1289.73206615448 219.44033718109131 838.15873599052429 429.90804719924927 2547.8986086845398 453.36291360855103 550.94909906387329 1589.6438503265381 267.13208532333374 238.6778564453125 6010.3071756362915 773.89840650558472 547.8773832321167 471.45140552520752 3342.6229839324951 2187.7469081878662 1100.4275140762329 443.21923732757568 2080.9660110473633 461.29686546325684 2667.1262508630753
leaf_count=79 118 661 83 504 244 67 52 92 53 801 25 141 58 314 43 61 126 44 20 510 105 44 41 236 276 95 47 172 74 1362
internal_value=9.88028e-05 0.000887522 0.00112339 -0.00465026 -0.00496848 -0.00134626 -0.000725275 -0.00344301 0.00125831 -0.00568224 -0.00047084 0.000444548 -6.44896e-05 0.000404464 0.000878074 0.000282788 0.00139703 -0.00156772 -0.000548975 0.00135285 0.0003979 0.00111538 -0.00210473 0.000424556 4.80679e-05 0.000689294 0.00479348 -0.000154544 -0.0054039 -0.00624129
internal_weight=44780.8 38402.9 33501 6377.92 6011.85 1731.04 4901.98 960.897 31769.9 4612.04 1525.14 1305.7 3941.08 3511.17 20836.1 9236.6 5765.21 3471.39 2742.97 11599.5 5589.21 4343.86 1245.35 3890.5 2504.29 4771.04 994.168 3181.39 728.429 3956.86
internal_count=6548 3558 2924 2990 2911 316 634 144 2608 2407 249 224 490 432 1947 968 501 467 349 979 469 323 146 280 329 393 108 267 118 2163
cat_boundaries=0 1 2 3 4
cat_threshold=12 33 33 28
is_linear=0
shrinkage=0.05


Tree=101
num_leaves=31
num_cat=4
split_feature=2 9 6 6 9 7 7 9 7 6 2 2 4 6 4 4 7 7 3 3 3 9 0 7 4 2 7 6 2 4
split_gain=64.057 5.55616 4.23218 4.07256 3.87668 3.77462 3.36889 3.29141 3.21442 3.01207 6.37682 2.91 2.70239 2.30614 6.52806 2.33326 4.2715 2.94047 2.40135 3.1968 2.28208 2.26117 3.33018 2.54931 3.01493 3.49013 2.23413 7.24395 5.23447 5.20022
threshold=1.7857142857142858 0 0.12940952255126045 -1.0000000180025095e-35 1 -0.70710678118654757 0.60355339059327384 2 -0.70710678118654757 -0.37940952255126059 3.2142857142857149 4.3571428571428585 5.5000000000000009 -0.91597561503675329 4.5000000000000009 4.5000000000000009 0.60355339059327384 -0.78656609248549325 3.0666963134513749 2.5634797778466258 1.3801311186847098 3 1.0000000180025095e-35 -0.37940952255126015 1.0000000180025095e-35 0.78571428571428581 -0.12940952255126037 -0.5 4.9285714285714297 4.5000000000000009
decision_type=2 1 2 2 1 2 2 1 2 2 2 2 2 2 2 2 2 2 2 2 2 1 2 2 2 2 2 2 2 2
left_child=3 6 7 -1 20 11 12 13 -6 10 -8 -4 -2 14 -3 17 -17 -15 19 -19 -5 -10 -23 -24 -25 -26 27 29 -29 -9
right_child=1 2 5 4 8 -7 9 26 21 -11 -12 -13 -14 15 -16 16 -18 18 -20 -21 -22 22 23 24 25 -27 -28 28 -30 -31
leaf_value=0.00056114538034945916 0.00039422335593529575 0.0042301149869125284 0.00043319652117722172 -0.00333576589713022 -0.0023389585978461557 -0.0076970305284044041 0.0051300761307984839 -0.00053572010578165519 -0.0079232554471582329 -0.0085362434095843567 -0.0049361600439903151 -0.0058052766057102544 -0.0038128654872308697 0.0023676861413463026 -0.0012973172077521899 0.0010916314727466749 0.0057545073879758848 -0.00019137700753172674 -0.0012288133963271135 0.0044008405433390843 0.0024849370757087643 -0.0033594472005645734 -0.011406105410984357 0.00031174975252843871 -0.0035022222381840985 -0.009551303555526058 0.0013173829489707245 0.0046517371195028672 0.00067167573869677773 -0.0052987219118098882
leaf_weight=366.28001737594604 3512.5989737510681 2520.7006959915161 1306.2859995365143 1200.3629379272461 653.61492156982422 204.29325532913208 226.97428178787231 2741.4689702987671 1279.3813055753708 217.88469409942627 512.7404670715332 218.14563035964966 428.23700428009033 2207.9680700302124 677.80194091796875 1265.3883166313171 802.71326446533203 1093.8437466621399 1807.1688022613525 579.8815803527832 195.86879968643188 1255.250509262085 257.01847159862518 167.05769419670105 417.31054818630219 556.35693967342377 11615.255539894104 998.94839763641357 4774.3336410522461 724.50621700286865
leaf_count=79 432 122 224 438 244 67 34 349 801 41 69 25 58 122 40 84 43 92 116 42 66 646 132 83 217 284 979 108 393 118
internal_value=9.61341e-05 0.000864634 0.00109419 -0.00455677 -0.00487013 -0.00131482 -0.000707874 0.00122545 -0.00557372 -0.00336935 -0.00184743 -0.000459527 -6.29464e-05 0.00192731 0.00305878 0.00146324 0.00290148 0.000940387 3.5036e-05 0.00139965 -0.0025013 -0.00612556 -0.00520913 -0.00690752 -0.00589394 -0.00695869 0.000855413 0.000275567 0.00136034 -0.00153135
internal_weight=44785.6 38437.1 33538.7 6348.5 5982.22 1728.72 4898.44 31810 4585.99 957.599 739.715 1524.43 3940.84 10955.5 3198.5 7756.96 2068.1 5688.86 3480.89 1673.73 1396.23 3932.38 2652.99 1397.74 1140.73 973.667 20854.5 9239.26 5773.28 3465.98
internal_count=6548 3558 2924 2990 2911 316 634 2608 2407 144 103 249 490 661 162 499 127 372 250 134 504 2163 1362 716 584 501 1947 968 501 467
cat_boundaries=0 1 2 3 4
cat_threshold=12 33 33 28
is_linear=0
shrinkage=0.05


Tree=102
num_leaves=31
num_cat=4
split_feature=2 9 6 6 9 7 7 8 9 7 8 2 8 4 9 6 4 4 7 7 3 3 8 3 6 7 7 6 4 2
split_gain=61.1488 5.27728 4.02083 3.9083 3.73683 3.62434 3.21777 3.65312 3.11698 3.10144 2.88082 3.25373 2.5999 4.01083 2.19652 2.17867 6.17039 2.20682 4.02187 2.78689 2.283 3.02269 2.32153 2.17755 2.1885 2.17198 2.11953 6.88809 4.98246 4.94391
threshold=1.7857142857142858 0 0.12940952255126045 -1.0000000180025095e-35 1 -0.70710678118654757 0.60355339059327384 0.18382851788433854 2 -0.70710678118654757 0.19189064008869036 3.9285714285714293 0.15326417906987261 5.5000000000000009 3 -0.91597561503675329 4.5000000000000009 4.5000000000000009 0.60355339059327384 -0.78656609248549325 3.0666963134513749 2.5634797778466258 0.39807457594501033 1.3801311186847098 0.78656609248549325 0.60355339059327384 -0.12940952255126037 -0.5 4.5000000000000009 4.9285714285714297
decision_type=2 1 2 2 1 2 2 2 1 2 2 2 2 2 1 2 2 2 2 2 2 2 2 2 2 2 2 2 2 2
left_child=3 6 8 -1 23 10 12 -8 15 -6 -4 -12 -2 -14 -11 16 -3 19 -19 -17 21 22 -21 25 -25 -5 27 28 -10 -29
right_child=1 2 5 4 9 -7 7 -9 26 14 11 -13 13 -15 -16 17 -18 18 -20 20 -22 -23 -24 24 -26 -27 -28 29 -30 -31
leaf_value=0.00054690172019837308 -0.0022254973256310693 0.0041074500739382552 -0.0035959610160930379 -0.0016264642996970586 -0.0022862930690645844 -0.0075646544230378214 0.0008128285346317431 -0.0056254667514485518 -0.00052270206637311035 -0.0077898239725257834 0.0027054568171335234 -0.0037193624059415394 0.0013989465584614113 -0.0042274615702423387 -0.0051067798545936524 0.0023033685106113996 -0.0012667690291980182 0.0010633509098897857 0.0055790182289496499 0.0013172159457899521 -0.0011997950068594286 0.0042724861311274464 -0.0037154883832538122 0.0072068460011148515 -0.0034003278730424143 -0.0060357037852919017 0.0012829605018185859 0.0045149177403981233 -0.0051949603892205458 0.00065455311923395246
leaf_weight=366.48560857772827 1026.3775577545166 2531.3861417770386 492.15138506889343 752.06437635421753 652.08792877197266 202.72684025764465 345.13562345504761 609.25447225570679 2740.0007047653198 1269.2844953536987 766.30517506599426 265.27834129333496 2552.5949201583862 361.61882305145264 2639.1738663911819 2213.2020320892334 676.92318534851074 1266.7704133987427 807.34580612182617 766.83358860015869 1804.9494791030884 582.43917179107666 326.80083894729614 107.69097304344177 88.665153980255127 444.3010995388031 11630.567363739014 1003.6060676574707 720.67741441726685 4777.5415210723877
leaf_count=79 126 122 85 272 244 67 52 92 349 801 133 31 314 50 1362 122 40 84 43 66 116 42 26 35 31 166 979 108 118 393
internal_value=9.3575e-05 0.000842362 0.00106578 -0.00446455 -0.00477305 -0.001284 -0.000690888 -0.00329719 0.00119349 -0.00546653 -0.000448384 0.00105327 -6.14086e-05 0.000700777 -0.0060111 0.00187572 0.00297354 0.00142473 0.00282107 0.000916117 3.41149e-05 0.0013629 -0.000186661 -0.00244543 0.00241715 -0.00326395 0.000833421 0.00026859 -0.00149569 0.00132471
internal_weight=44790.2 38470.5 33575.5 6319.75 5953.27 1726.46 4894.98 954.39 31849 4560.55 1523.73 1031.58 3940.59 2914.21 3908.46 10976.7 3208.31 7768.34 2074.12 5694.23 3481.02 1676.07 1093.63 1392.72 196.356 1196.37 20872.4 9241.83 3460.68 5781.15
internal_count=6548 3558 2924 2990 2911 316 634 144 2608 2407 249 164 490 364 2163 661 162 499 127 372 250 134 92 504 66 438 1947 968 467 501
cat_boundaries=0 1 2 3 4
cat_threshold=12 33 33 28
is_linear=0
shrinkage=0.05


Tree=103
num_leaves=31
num_cat=5
split_feature=2 9 6 6 9 7 7 8 7 2 8 2 8 4 4 8 9 8 7 0 0 9 7 9 7 6 4 2 2 8
split_gain=58.3719 5.01249 3.82033 3.75021 3.60125 3.47935 3.07275 3.50268 2.99189 2.95563 2.74781 3.09413 2.47635 3.82254 2.15079 3.44304 2.83162 2.76114 2.729 2.46898 2.08505 3.37265 1.94792 1.89536 2.01094 6.54976 4.77309 4.67038 3.93578 3.71747
threshold=1.7857142857142858 0 0.12940952255126045 -1.0000000180025095e-35 1 -0.70710678118654757 0.60355339059327384 0.18382851788433854 -0.70710678118654757 13.642857142857144 0.19189064008869036 3.9285714285714293 0.15326417906987261 5.5000000000000009 1.0000000180025095e-35 0.096899986645323982 2 0.080099934150200183 0.37940952255126048 1.5000000000000002 1.0000000180025095e-35 3 0.1294095225512602 4 -0.12940952255126037 -0.5 4.5000000000000009 4.9285714285714297 5.3571428571428585 0.2422060768080754
decision_type=2 1 2 2 1 2 2 2 2 2 2 2 2 2 2 2 1 2 2 2 2 1 2 1 2 2 2 2 2 2
left_child=3 6 9 -1 -5 10 12 -8 -6 23 -4 -12 22 -14 19 16 17 18 -16 -10 21 -17 -2 -3 25 26 28 -27 -25 -26
right_child=1 2 5 4 8 -7 7 -9 14 -11 11 -13 13 -15 15 20 -18 -19 -20 -21 -22 -23 -24 24 29 27 -28 -29 -30 -31
leaf_value=0.00053302718214096739 -0.003882331283939638 0.0016446639038034977 -0.0035194694713362425 -0.0023907539432915224 -0.0022346943652437473 -0.0074335584550809077 0.00079199437674775058 -0.0055171321257451019 -0.0044254270843049016 0.0042092907671389375 0.0026310634794585912 -0.0036407008321976257 0.0013622803232568653 -0.004140183837839412 -0.008004227571851744 -0.0086940006251940618 -0.0060240907954717919 0.011363456195491164 0.0062599211235089261 0.0049397679142699161 -0.0083968662648831616 -0.0036077439847567467 0.00061026669191838678 7.3178997922358961e-05 0.00032225296131300558 0.0043827297659852762 -0.0050926955773855295 0.000637878051123706 -0.0066709732622788828 0.0021101621372402709
leaf_weight=366.68609666824341 634.93779468536377 10220.755380868912 490.38480520248413 1389.3037357330322 650.59876918792725 201.19906806945801 345.41627359390259 605.8367486000061 553.81737232208252 776.55376815795898 768.38118767738342 264.29350757598877 2556.1683640480042 360.09332036972046 74.294039011001587 569.37027835845947 202.61662149429321 59.404209971427917 61.114497423171997 80.620691180229187 1405.7594411373138 878.16878199577332 389.15810298919678 2501.7624592781067 5606.0234222412109 1008.1475133895874 716.94322872161865 4780.6696920394897 236.8064136505127 6039.4750814437866
leaf_count=79 88 629 85 504 244 67 52 92 301 32 133 31 314 50 41 367 113 32 32 42 775 460 38 329 469 108 118 393 20 510
internal_value=9.10599e-05 0.00082068 0.00103814 -0.00437392 -0.0046776 -0.00125391 -0.000674288 -0.00322618 -0.00536097 0.00116241 -0.000437572 0.00102592 -5.99396e-05 0.000682849 -0.00589828 -0.006418 -0.00205792 0.00226032 -0.00156633 -0.00323535 -0.00702531 -0.00569334 -0.00217514 0.00108635 0.000812013 0.000261792 -0.0014608 0.00129006 -0.000509994 0.00124948
internal_weight=44794.8 38503 33611.4 6291.75 5925.07 1724.26 4891.61 951.253 4535.76 31887.1 1523.06 1032.67 3940.36 2916.26 3885.17 3250.73 397.429 194.813 135.409 634.438 2853.3 1447.54 1024.1 31110.6 20889.8 9244.33 3455.51 5788.82 2738.57 11645.5
internal_count=6548 3558 2924 2990 2911 316 634 144 2407 2608 249 164 490 364 2163 1820 218 105 73 343 1602 827 126 2576 1947 968 467 501 349 979
cat_boundaries=0 1 2 3 4 5
cat_threshold=12 33 900 28 33
is_linear=0
shrinkage=0.05


Tree=104
num_leaves=31
num_cat=3
split_feature=2 9 6 6 9 9 8 2 8 6 4 8 4 2 3 8 8 6 4 4 3 6 0 2 0 3 3 8 1 3
split_gain=55.7256 4.76135 3.63001 3.59837 3.49058 2.79687 2.69444 2.97104 2.89622 2.62286 2.3665 3.66163 2.46095 3.53681 2.92763 2.34084 2.98161 2.02498 5.82996 2.0891 2.64134 2.40769 2.1947 2.00431 2.51417 1.90506 1.90081 2.07898 1.83215 1.802
threshold=1.7857142857142858 0 0.12940952255126045 -1.0000000180025095e-35 1 2 0.19189064008869036 4.3571428571428585 0.15917363155693803 0.37940952255126054 1.0000000180025095e-35 0.2773747339195885 1.5000000000000002 0.78571428571428581 1.414213562373096 0.10047048724398872 0.090288993483479338 -0.91597561503675329 4.5000000000000009 4.5000000000000009 2.4976179127511182 -0.25881904510252113 10.500000000000002 2.6428571428571437 1.5000000000000002 0.75592894601845539 2.9920529661723836 0.18875845997418905 1.0000000180025095e-35 0.81649658092772526
decision_type=2 1 2 2 1 1 2 2 2 2 2 2 2 2 2 2 2 2 2 2 2 2 2 2 2 2 2 2 2 2
left_child=3 23 5 -1 10 17 8 9 -4 -8 11 25 13 -12 -14 16 29 18 -3 21 -21 26 -23 24 -2 -5 -19 -28 -13 -6
right_child=1 2 6 4 15 -7 7 -9 -10 -11 12 28 14 -15 -16 -17 -18 19 -20 20 -22 22 -24 -25 -26 -27 27 -29 -30 -31
leaf_value=0.00051951201466305329 0.00082041747187568429 0.0039289052378118266 -0.0017964674484743 -0.010863834296123771 -0.0067406034672028332 0.00079116081351286553 0.0026370999803391414 -0.0058467429622930302 -0.0096893812896764239 -0.0036013645084871544 -0.0010916554405049903 -0.0016769325171426209 -0.0038345926721695353 -0.010057196825943261 0.0029499187686239836 -0.00652342016417338 0.0069734210052909062 0.0013086815742167064 -0.0012895636882069748 -0.00096527613905539626 0.003563051942864512 0.0040679504823144252 0.00023489105471635318 -0.0002453081612307833 -0.0054028923619631915 -0.0016119827474454246 0.0012008534007322469 -0.0020403593386648946 0.0074090924347281917 0.0019127821745326134
leaf_weight=366.88160133361816 255.36378526687622 2547.1022319793701 412.45532178878784 78.765918135643005 223.89715957641602 20906.837712287903 757.28986573219299 173.84412527084351 161.82422733306885 216.6959445476532 162.18987703323364 86.384384274482727 1993.3628394603729 341.86140286922455 172.79125368595123 2340.7824116945267 70.748740911483765 2041.0937566757202 677.57868480682373 398.08935499191284 1685.3150715827942 929.15526103973389 624.3976411819458 4187.6903719902039 445.27097320556641 189.51399552822113 789.47007846832275 1325.2062282562256 155.09474980831146 82.267448425292969
leaf_count=79 48 122 82 37 125 1947 116 20 32 66 79 36 892 140 63 1316 36 152 40 34 93 55 32 500 86 79 49 84 66 42
internal_value=8.8578e-05 0.000799596 0.00101127 -0.00428507 -0.00458395 0.00113219 -0.00122449 0.000174439 -0.00402058 0.00124914 -0.0034189 -0.000307876 -0.00402562 -0.00717233 -0.0032934 -0.00591283 -0.00227766 0.00177701 0.00283239 0.00134257 0.0026978 0.000848035 0.00252738 -0.000658086 -0.00313465 -0.00432829 0.000220244 -0.00083032 0.00415875 -0.00441541
internal_weight=44799.2 38534.7 33646.4 6264.54 5897.66 31924.2 1722.11 1147.83 574.28 973.986 3179.96 509.759 2670.21 504.051 2166.15 2717.7 376.913 11017.4 3224.68 7792.73 2083.4 5709.32 1553.55 4888.33 700.635 268.28 4155.77 2114.68 241.479 306.165
internal_count=6548 3558 2924 2990 2911 2608 316 202 114 182 1392 218 1174 219 955 1519 203 661 162 499 127 372 87 634 134 116 285 133 102 167
cat_boundaries=0 1 2 3
cat_threshold=12 355 33
is_linear=0
shrinkage=0.05


Tree=105
num_leaves=31
num_cat=4
split_feature=2 9 6 9 6 7 2 2 4 1 3 9 3 4 3 0 7 4 2 2 9 7 4 7 4 7 6 4 3 3
split_gain=58.482 7.33491 5.26191 3.73662 3.5742 3.25083 2.69452 2.67165 2.63018 3.92718 2.54106 2.64988 2.78606 2.63862 2.57714 2.62229 2.53538 2.48297 2.48236 2.39905 2.40153 2.33959 2.1687 5.81777 4.71601 5.04687 5.34681 3.76186 3.5187 3.48014
threshold=1.5000000000000002 0 0.12940952255126045 1 -1.0000000180025095e-35 -0.9159756150367534 4.5000000000000009 4.0714285714285721 4.5000000000000009 2.5000000000000004 1.5118578920369108 2 1.982053317447358 1.0000000180025095e-35 1.7728105208558382 4.5000000000000009 -0.70710678118654757 1.5000000000000002 2.5000000000000004 1.2142857142857146 3 -0.9159756150367534 2.5000000000000004 0.91597561503675351 3.5000000000000004 0.1294095225512602 -0.70710678118654735 4.5000000000000009 3.8668308667927249 1.9518001458970644
decision_type=2 1 2 1 2 2 2 2 2 2 2 1 2 2 2 2 2 2 2 2 1 2 2 2 2 2 2 2 2 2
left_child=3 10 22 16 -5 -6 7 8 9 -4 18 12 14 -13 -12 -16 -1 -11 -2 20 -7 -10 23 -3 -24 26 -26 -27 -29 -28
right_child=1 2 6 4 5 19 -8 -9 21 17 11 13 -14 -15 15 -17 -18 -19 -20 -21 -22 -23 24 -25 25 27 29 28 -30 -31
leaf_value=0.0054076127803768569 -0.0049078071305260892 0.00090601892128951969 0.0024031894137867956 0.0024774394802771376 0.0039659837400959708 -0.0081152816454031895 -0.0078680366118378253 0.0049134641393774421 -0.0015978682492415329 -0.0070201526163329838 2.9300497792273894e-05 0.002428554012067053 -0.00038740348269323605 -0.0027585166858751023 0.0079167027783585819 0.0011361177495414119 -0.0033207782950230545 -0.00054958200145616436 -0.00082738117679565697 -0.011099012244356492 -0.005002872578743379 -0.0091452432827499423 0.0028505831405964202 -0.0035990983734194241 -0.0021252873873813228 7.8629729384150783e-05 0.0042775924632087363 0.0036214203133767271 -0.00051643033961842823 0.00029103284027959492
leaf_weight=87.641324043273926 660.09224820137024 13019.090768814087 598.55052804946899 128.17364883422852 79.874287843704224 944.18860590457916 156.23868179321289 171.47047758102417 221.68275117874146 258.29473280906677 545.08374071121216 291.65942811965942 3356.9456014633179 1538.2350990772247 313.01563501358032 261.88714408874512 1641.2126185894012 348.02760696411133 856.18278789520264 236.70357596874237 2496.6734887361526 191.27746820449829 4658.6237936019897 758.35485458374023 2070.1218271255493 1686.2123491764069 687.12329721450806 3071.982207775116 616.958083152771 2693.0413007736206
leaf_count=29 139 992 157 28 24 588 18 21 37 50 75 35 383 196 40 27 686 68 122 112 1344 64 355 98 209 126 71 206 33 216
internal_value=-8.27224e-05 0.000603636 0.000946658 -0.00485409 -0.00571847 -0.00601326 -0.00157097 -0.00102112 -0.00165011 -0.000469849 -0.000764942 -0.000324073 0.000332313 -0.00192127 0.00249249 0.00482792 -0.00286175 -0.00330606 -0.00260375 -0.00623001 -0.00589506 -0.00509371 0.00111437 0.000658043 0.00152041 0.00094798 -0.000124142 0.00203509 0.00292938 0.00110142
internal_weight=44644.6 39030.2 31207.1 5614.47 3885.61 3757.44 1945.54 1789.3 1617.83 1204.87 7823.1 6306.83 4476.93 1829.89 1119.99 574.903 1728.85 606.322 1516.28 3677.57 3440.86 412.96 29261.5 13777.4 15484.1 10825.4 5450.29 5375.15 3688.94 3380.16
internal_count=6549 3738 2721 2811 2096 2068 415 397 376 275 1017 756 525 231 142 67 715 118 261 2044 1932 101 2306 1090 1216 861 496 365 239 287
cat_boundaries=0 1 2 3 4
cat_threshold=28 35 20 12
is_linear=0
shrinkage=0.05


Tree=106
num_leaves=31
num_cat=3
split_feature=2 9 9 7 3 9 8 4 8 7 7 2 2 3 2 4 4 8 7 7 7 8 4 1 4 3 3 3 0 8
split_gain=55.873 6.96982 3.60461 2.94143 2.42553 2.52482 2.82095 2.51493 2.42478 2.61326 2.41286 2.39691 2.25763 2.14192 2.35904 2.10531 5.4856 5.94667 5.68257 5.02744 4.58834 3.44445 3.04799 4.23646 2.08638 3.77148 1.89177 3.17123 3.70453 1.89012
threshold=1.5000000000000002 0 1 -0.9159756150367534 1.5118578920369108 2 0.44440433085752556 1.0000000180025095e-35 0.10445667651198602 0.37940952255126048 -0.70710678118654757 3.5000000000000004 4.7857142857142865 2.609506430251479 3.6428571428571437 2.5000000000000004 3.5000000000000004 0.78536756187722945 0.1294095225512602 0.91597561503675351 -0.70710678118654757 0.72439176691076579 4.5000000000000009 6.5000000000000009 5.5000000000000009 3.1320159337914957 2.3042346054814726 2.2038661803717079 2.5000000000000004 0.10229139348815881
decision_type=2 1 1 2 2 1 2 2 2 2 2 2 2 2 2 2 2 2 2 2 2 2 2 2 2 2 2 2 2 2
left_child=2 4 10 -4 11 6 26 -7 9 -5 -1 -2 -8 14 -9 19 -17 18 20 21 29 -3 23 -22 -20 -26 27 28 -6 -18
right_child=1 15 3 8 5 7 12 13 -10 -11 -12 -13 -14 -15 -16 16 17 -19 24 -21 22 -23 -24 -25 25 -27 -28 -29 -30 -31
leaf_value=0.0052445445693006538 -0.0036106638896522265 0.00053230280866627892 0.0038520082081953152 -0.0057512339541805147 0.0044310280905165839 0.0023624374166454501 0.0058590688943537857 -0.0011649200929468144 -0.0063266114507623808 0.0014460827867007551 -0.0032492346508483042 0.0011752368842944097 0.00034196154655376866 0.00027611571114784516 -0.0058526927596860533 0.0026995908822399651 0.0038625172799386393 -0.0054266190615044037 0.0013854410238285562 -0.00341922963919024 0.0038748852526825565 0.004271039935401069 -0.0034848176814716338 -0.0036614066702916957 0.0053133316402541944 0.00070041516158584379 -0.0013011264355214285 0.005549961924986125 -0.0014477062178688915 0.00046817582706311595
leaf_weight=88.116537809371948 1175.8550755977631 13266.135591268539 80.191697120666504 290.91052114963531 353.72167825698853 292.36860036849976 376.36451578140259 464.83433055877686 3269.8012406826019 222.64215159416199 1635.7715518474579 336.48019886016846 365.49668884277344 434.16987276077271 634.99349498748779 4965.6985182762146 467.03267979621887 381.39127421379089 3442.7240734100342 780.00804877281189 416.31610131263733 646.04133558273315 1321.1866891384125 337.77625465393066 1108.0664401054382 738.35628509521484 1967.8564629554749 309.42196130752563 1105.5721306800842 3365.9531042575836
leaf_count=29 222 1127 24 153 51 35 52 75 1800 119 686 39 35 49 72 413 49 31 255 105 49 53 159 23 86 41 221 36 130 330
internal_value=-8.08571e-05 0.000588222 -0.00475744 -0.00560959 -0.000746597 -0.000316195 0.000323897 -0.00187726 -0.00582496 -0.00263096 -0.00279884 -0.00254585 0.00314093 -0.00269755 -0.00387144 0.000922211 0.00130933 0.000713099 0.000922222 0.000486915 -0.000143506 0.000705919 -0.00203715 0.000499197 0.0021127 0.0034687 -0.000234531 0.000952153 -2.27459e-05 0.000881762
internal_weight=44641.3 39053.8 5587.43 3863.55 7817.14 6304.8 4478.43 1826.37 3783.35 513.553 1723.89 1512.34 741.861 1534 1099.83 31236.7 16544.5 11578.8 11197.4 14692.2 5908.26 13912.2 2075.28 754.092 5289.15 1846.42 3736.57 1768.72 1459.29 3832.99
internal_count=6549 3738 2811 2096 1017 756 525 231 2072 272 715 261 87 196 147 2721 1436 1023 992 1285 610 1180 231 72 382 127 438 217 181 379
cat_boundaries=0 1 2 3
cat_threshold=28 35 20
is_linear=0
shrinkage=0.05


Tree=107
num_leaves=31
num_cat=4
split_feature=2 9 6 9 6 7 2 3 2 9 3 9 3 3 4 4 2 7 3 7 3 2 3 6 1 3 4 7 4 7
split_gain=53.365 6.62343 4.99769 3.47457 3.45829 2.99289 2.57971 2.55321 2.3478 2.35647 2.31494 2.40563 2.6115 2.42476 2.41724 2.39703 2.33753 2.29633 2.07012 3.3123 2.04998 2.26829 2.04327 2.39128 2.01559 1.96545 1.94937 5.29991 4.20377 4.52197
threshold=1.5000000000000002 0 0.12940952255126045 1 -1.0000000180025095e-35 -0.9159756150367534 4.5000000000000009 1.9518001458970662 1.2142857142857146 2 1.5118578920369108 3 1.982053317447358 1.7728105208558382 2.5000000000000004 1.0000000180025095e-35 2.5000000000000004 -0.70710678118654757 0.8997354108424368 -0.5 2.609506430251479 3.6428571428571437 2.0701966780270653 -0.25881904510252113 1.5000000000000002 0.57735026918962606 2.5000000000000004 0.91597561503675351 3.5000000000000004 0.1294095225512602
decision_type=2 1 2 1 2 2 2 2 2 1 2 1 2 2 2 2 2 2 2 2 2 2 2 2 2 2 2 2 2 2
left_child=3 10 26 17 -5 -6 7 24 9 18 16 12 13 -12 -15 -13 -2 -1 19 25 21 -17 -14 -24 -4 -7 27 -3 -28 -30
right_child=1 2 6 4 5 8 -8 -9 -10 -11 11 15 22 14 -16 20 -18 -19 -20 -21 -22 -23 23 -25 -26 -27 28 -29 29 -31
leaf_value=0.0050872339219366859 -0.0047373818399015187 0.00086445884055480905 0.0007786082779198838 0.0025736999719549701 0.003741740430778029 -0.0053817570722296242 -0.0077422401551022471 0.0021130301722873282 -0.010863897422355946 -0.004788480209946838 1.1391082908683135e-05 0.0022982745378253527 -0.003692743931212869 0.0015226203187800203 0.0079913741812377773 -0.0011373370387767372 -0.00076602867752248807 -0.0031790021078656203 -0.012642975100962867 -0.0081831432827407357 0.00026918460602189017 -0.0057413030529188773 -0.00057722084422775967 0.003175599013001882 -0.0034659536418556896 0.007892013588720095 0.0026973807375103593 -0.0034495740443290152 -0.00011122445066512766 0.0019309056177826617
leaf_weight=88.579882860183716 654.49315094947815 13040.149379253387 404.17256879806519 127.7234034538269 80.501191139221191 56.562516212463379 155.08844041824341 476.94525504112244 232.71854138374329 2469.8575863838196 545.47673082351685 293.06011867523193 409.2442626953125 297.89139699935913 280.3114185333252 464.29315161705017 853.999831199646 1630.4651708602905 188.73668074607849 630.77753913402557 434.28977060317993 631.287926197052 2432.7846002578735 514.19638538360596 908.09891319274902 55.010075092315674 4684.5518536567688 753.0510995388031 5447.4382209777832 5396.0791668891907
leaf_count=29 139 992 118 28 24 34 18 72 112 1344 75 35 50 34 33 75 122 686 111 415 49 72 278 55 207 28 355 98 496 365
internal_value=-7.89616e-05 0.000573208 0.000898425 -0.00466178 -0.00550152 -0.00579403 -0.00155617 -0.00101996 -0.00600528 -0.00567282 -0.000728719 -0.000308556 0.000315654 0.0024027 0.00465866 -0.00183424 -0.00248909 -0.00273713 -0.00788259 -0.00677848 -0.00263785 -0.0037902 -0.000382158 7.75803e-05 -0.00215865 0.00116278 0.0010615 0.000628931 0.00144573 0.000905004
internal_weight=44637.8 39076.9 31265.6 5560.93 3841.89 3714.16 1944.31 1789.22 3633.66 3400.94 7811.33 6302.84 4479.9 1123.68 578.203 1822.93 1508.49 1719.05 931.087 742.35 1529.87 1095.58 3356.23 2946.98 1312.27 111.573 29321.3 13793.2 15528.1 10843.5
internal_count=6549 3738 2721 2811 2096 2068 415 397 2044 1932 1017 756 525 142 67 231 261 715 588 477 196 147 383 333 325 62 2306 1090 1216 861
cat_boundaries=0 1 2 3 4
cat_threshold=28 35 12 20
is_linear=0
shrinkage=0.05


Tree=108
num_leaves=31
num_cat=4
split_feature=6 7 9 9 7 4 7 4 1 6 4 7 7 9 1 8 0 9 3 7 7 4 6 1 8 4 8 8 6 3
split_gain=48.7787 7.08747 6.71003 4.60488 3.53668 3.64972 2.91458 3.55134 2.72166 2.57422 4.28792 3.83207 3.20633 2.52629 2.37368 2.2447 2.02851 2.35242 4.57405 3.52369 2.76394 2.79523 2.42049 1.9468 2.52653 1.93656 2.01339 2.21734 1.85095 1.82746
threshold=0.12940952255126045 -0.70710678118654757 0 1 -0.9159756150367534 1.5000000000000002 0.91597561503675351 2.5000000000000004 1.0000000180025095e-35 -0.70710678118654735 4.5000000000000009 0.78656609248549303 -0.78656609248549325 2 5.5000000000000009 0.16986667569563149 1.0000000180025095e-35 3 0.8997354108424368 -0.5 0.60355339059327384 1.5000000000000002 0.37940952255126054 3.5000000000000004 0.48557888736079341 4.5000000000000009 0.48557888736079341 0.32119446645651567 -0.70710678118654735 1.2149857925879128
decision_type=2 2 1 1 2 2 2 2 2 2 2 2 2 1 2 2 2 1 2 2 2 2 2 2 2 2 2 2 2 2
left_child=2 13 4 25 5 -1 29 14 28 -10 12 -12 -11 -2 -8 -9 17 20 19 -19 -5 -22 -21 24 -17 26 27 -3 -6 -4
right_child=1 3 6 16 8 -7 7 15 9 10 11 -13 -14 -15 -16 23 -18 18 -20 22 21 -23 -24 -25 -26 -27 -28 -29 -30 -31
leaf_value=0.0052287870683660623 9.8268421875942182e-05 -0.0010419130673111272 0.0037213881838960416 -0.0046748793455385204 -0.011571949958884685 -0.00015937823406191533 -0.0019746634167890987 -0.0024920745170136649 -0.00023719907516271587 -0.0004013451195866282 -0.0036608275760354921 0.0047410990144787753 -0.0055258807286923143 -0.0031575376353398157 -0.0087034745077322426 0.0020267846625407438 -0.0072237077799935951 0.005782535844604861 -0.013755436591344731 0.002158887856531907 -0.0063069950849410795 0.0050525984326606575 -0.0071445688962230407 0.0040482137357452036 -0.0077349614473444794 -0.0057446227764407646 0.0031857032276918656 -0.0071314830134335946 -0.0029593790735120578 0.0010622027973360793
leaf_weight=462.43847894668579 1129.2339539527893 641.09699654579163 661.98134899139404 597.88475382328033 98.059071063995361 980.95302104949951 765.71012568473816 338.00132262706757 4058.2194075584412 446.21072864532471 231.47669649124146 328.03113174438477 966.15181910991669 1261.1627395153046 158.13178110122681 227.13690209388733 1655.7271875143051 70.234351396560669 180.60601139068604 79.664584636688232 78.284141540527344 175.69185292720795 571.11526763439178 569.64806747436523 93.598429918289185 340.5879909992218 194.53886008262634 194.93968057632446 171.46865594387054 26906.546938419342
leaf_count=49 215 231 75 320 19 113 162 52 471 59 38 50 202 329 18 69 937 43 107 50 41 93 366 49 24 126 72 71 64 2034
internal_value=-7.71295e-05 -0.00385522 0.000646018 -0.00496679 -0.000664674 0.0015669 0.000987378 -0.0007844 -0.00117704 -0.000957315 -0.00243936 0.0012651 -0.00390688 -0.00163228 -0.00312642 0.000976982 -0.00595112 -0.00478342 -0.00656695 -0.0048574 -0.00278592 0.00155118 -0.0060057 0.00229388 -0.000821932 -0.00245806 -0.00139576 -0.00246183 -0.00609279 0.00112606
internal_weight=44634.5 7170.77 37463.8 4780.37 7743.01 1443.39 29720.8 2152.23 6299.62 6030.09 1971.87 559.508 1412.36 2390.4 923.842 1228.38 3409.21 1753.48 901.62 721.014 851.861 253.976 650.78 890.383 320.735 1371.16 1030.58 836.037 269.528 27568.5
internal_count=6549 3001 3548 2457 1065 162 2483 374 903 820 349 88 261 544 180 194 1957 1020 566 459 454 134 416 142 93 500 374 302 83 2109
cat_boundaries=0 1 2 3 4
cat_threshold=28 33 291 898
is_linear=0
shrinkage=0.05


Tree=109
num_leaves=31
num_cat=4
split_feature=6 7 9 9 7 4 7 4 1 6 4 7 6 3 9 8 0 9 3 7 7 4 6 6 8 3 1 3 4 6
split_gain=46.5477 6.8112 6.3754 4.43953 3.36416 3.44732 2.76847 3.39199 2.61013 2.45744 4.09845 3.63554 3.08916 2.58292 2.41476 2.0977 1.96412 2.27021 4.46254 3.36812 2.64398 2.6575 2.32755 1.88408 2.24142 2.43416 3.17224 1.81575 1.80694 1.79744
threshold=0.12940952255126045 -0.70710678118654757 0 1 -0.9159756150367534 1.5000000000000002 0.91597561503675351 4.5000000000000009 1.0000000180025095e-35 -0.70710678118654735 4.5000000000000009 0.78656609248549303 -0.37940952255126059 2.2782376895703389 2 0.16651979087605603 1.0000000180025095e-35 3 0.8997354108424368 -0.5 0.60355339059327384 1.5000000000000002 0.37940952255126054 0.98296291314453421 0.47720924208093835 0.97590007294853398 2.5000000000000004 1.7251500967686597 5.5000000000000009 -0.70710678118654735
decision_type=2 2 1 1 2 2 2 2 2 2 2 2 2 2 1 2 2 1 2 2 2 2 2 2 2 2 2 2 2 2
left_child=2 14 4 23 5 -1 -4 -8 29 28 12 -12 13 27 -2 -9 17 20 19 -19 -5 -22 -21 24 25 -3 -27 -11 -10 -6
right_child=1 3 6 16 8 -7 7 15 9 10 11 -13 -14 -15 -16 -17 -18 18 -20 22 21 -23 -24 -25 -26 26 -28 -29 -30 -31
leaf_value=0.005072030159782249 9.5840422919068015e-05 -0.0052468949634874792 0.0010968428788772553 -0.0045804394132493509 -0.011417646161642118 -0.00015544607040534611 -0.002092781969609324 -0.0021052891162134709 0.00014976684995268724 -0.0031619120126635085 -0.0035831914886866739 0.0046012347261325344 -0.0080296428966868619 -0.0074504431784388793 -0.0030895410175473623 0.0040378184518502702 -0.0070960699470102627 0.0056060328865775444 -0.013602058746389149 0.0021006861610191707 -0.006189806149833531 0.0049019982274413195 -0.0070177671344850926 -0.0080494991496201027 0.0029640338134305309 0.0015324250919367289 -0.0082663997835122939 0.0015326632760331162 -0.0031526599143918001 -0.0028945619233739675
leaf_weight=464.86280298233032 1129.344929933548 503.00346040725708 27599.59179353714 595.0962370634079 96.930874824523926 980.7966833114624 1486.5975434780121 198.02872610092163 3589.0101761817932 519.21431446075439 230.63084697723389 329.59005212783813 333.34082925319672 212.90280866622925 1257.186852812767 465.9286025762558 1643.8097944259644 70.641660213470459 178.13870465755463 79.836757183074951 77.79195773601532 176.58180022239685 567.04943537712097 134.09007024765015 205.0854058265686 422.96225619316101 102.63924479484558 341.40142726898193 468.24674987792969 170.96196627616882
leaf_count=49 215 190 2109 320 19 113 287 26 414 91 38 50 90 31 329 61 937 43 107 50 41 93 366 50 76 149 35 49 57 64
internal_value=-7.5334e-05 -0.00377445 0.000629524 -0.00486806 -0.000648707 0.00152549 0.000961881 -0.000765708 -0.00114927 -0.00093452 -0.00238483 0.00123188 -0.00382503 -0.00251945 -0.00159471 0.0022056 -0.00583859 -0.00468757 -0.0064469 -0.00476036 -0.0027246 0.00150993 -0.00589239 -0.00240313 -0.0018089 -0.00276054 -0.000381085 -0.0012996 -0.000231365 -0.00597844
internal_weight=44631.3 7143.26 37488 4756.73 7737.89 1445.66 29750.1 2150.55 6292.23 6024.34 1967.08 560.221 1406.86 1073.52 2386.53 663.957 3388.95 1745.14 895.667 717.528 849.47 254.374 646.886 1367.78 1233.69 1028.6 525.602 860.616 4057.26 267.893
internal_count=6549 3001 3548 2457 1065 162 2483 374 903 820 349 88 261 171 544 87 1957 1020 566 459 454 134 416 500 450 374 184 140 471 83
cat_boundaries=0 1 2 3 4
cat_threshold=28 33 291 898
is_linear=0
shrinkage=0.05


Tree=110
num_leaves=31
num_cat=3
split_feature=2 9 8 1 0 8 3 7 8 9 9 3 2 3 6 7 2 3 0 3 7 3 6 7 3 0 1 2 8 0
split_gain=48.5684 3.90852 3.34307 2.90754 2.83616 2.11485 2.61905 3.4289 1.98411 2.91168 2.56988 2.56431 3.44772 3.1155 3.86683 2.63947 3.17377 2.44623 2.16808 2.03692 2.42925 2.66984 1.97073 1.91541 1.86955 2.84864 2.28013 3.50905 2.66331 2.42879
threshold=1.7857142857142858 0 0.19467479419302222 1.0000000180025095e-35 1.0000000180025095e-35 0.20477470605459988 0.89973541084243835 0.78656609248549303 0.19791439460306623 1 2 1.7728105208558382 5.2142857142857153 2.0177004891982162 -0.37940952255126059 -0.37940952255126015 4.3571428571428585 2.609506430251479 5.5000000000000009 1.2149857925879128 0.1294095225512602 1.9148542155126764 -1.0000000180025095e-35 -0.12940952255126037 1.7043362064926932 3.5000000000000004 2.5000000000000004 5.5000000000000009 0.3147983283507379 8.5000000000000018
decision_type=2 1 2 2 2 2 2 2 2 1 1 2 2 2 2 2 2 2 2 2 2 2 2 2 2 2 2 2 2 2
left_child=1 2 22 -2 23 6 -3 -8 10 11 17 -10 13 -13 15 -15 -17 19 -19 -6 -21 -22 -1 -5 25 -11 28 -28 -26 -29
right_child=3 5 -4 4 8 -7 7 -9 9 24 -12 12 -14 14 -16 16 -18 18 -20 20 21 -23 -24 -25 26 -27 27 29 -30 -31
leaf_value=0.003569930588302489 -0.0032707401323824117 -0.0065822569977922202 -0.0071551123906604883 -0.0054335859730264445 0.0023212391865919031 -0.002137357602811574 -0.00033983955293093561 -0.0089779127592314115 -0.0020535449303330107 0.00044183302304793708 0.00067788730755851084 0.007089100582905271 -0.00067878040338068143 -0.0044304034161599523 0.0051054304158968458 0.0042276379436071501 -0.0022539892121683745 0.0037722642899593105 -0.00060485896854994164 -0.0040629922133921248 0.0028072227331251069 -0.0027669515959727036 -0.0041067215366035982 0.00071414963555895873 0.0065022064847689151 0.003916313203635626 -0.00046665278016687394 0.0021466750729563148 0.0014469490634177063 0.00063945725238587475
leaf_weight=93.312503337860107 463.85362601280212 767.24906873703003 1524.8255622386932 311.92514514923096 254.13892507553101 2258.5143951177597 510.42438447475433 148.25233590602875 1161.3244144916534 939.80877947807312 11149.547999382019 280.40282773971558 2287.7387566566467 286.78070974349976 472.69563817977905 404.37895059585571 354.36997890472412 426.55061483383179 840.06186962127686 1054.5946316719055 360.03127765655518 532.58240604400635 803.47278869152069 213.36223363876343 414.91826891899109 1584.591527223587 3228.3073260784149 5499.3449125289917 700.25308203697205 5200.4964284896851
leaf_count=20 87 384 826 52 39 1052 202 69 155 166 950 34 186 39 56 53 37 42 65 128 43 53 449 31 53 162 357 385 83 291
internal_value=5.60803e-06 -0.00413668 -0.00570684 0.000663902 0.000711984 -0.00308083 -0.0045968 -0.00228406 0.000763182 0.00105455 0.000308399 1.972e-05 0.00060898 0.00224693 0.00135262 -0.000344067 0.00120043 -0.000878932 0.000869202 -0.00188877 -0.00243824 -0.000518636 -0.00330795 -0.00293649 0.00136289 0.0026228 0.00115237 0.000978185 0.00332784 0.00141411
internal_weight=44528.1 6106.05 2421.61 38422.1 37958.2 3684.44 1425.93 658.677 37432.9 22815.4 14617.5 5247.69 4086.37 1798.63 1518.23 1045.53 758.749 3467.96 1266.61 2201.35 1947.21 892.614 896.785 525.287 17567.7 2524.4 15043.3 13928.1 1115.17 10699.8
internal_count=6549 3002 1295 3547 3460 1707 655 271 3377 2057 1320 560 405 219 185 129 90 370 107 263 224 96 469 83 1497 328 1169 1033 136 676
cat_boundaries=0 1 2 3
cat_threshold=652 22 200
is_linear=0
shrinkage=0.05


Tree=111
num_leaves=31
num_cat=4
split_feature=2 9 8 6 9 4 4 4 7 7 6 0 4 0 8 3 0 7 3 0 3 3 3 9 8 8 8 3 7 9
split_gain=46.3518 3.76652 3.2317 2.66161 2.47166 2.49102 7.22582 3.53603 6.33573 4.95139 4.26226 6.97571 3.52593 5.1429 3.49834 2.86837 2.74966 2.66959 3.89742 2.59448 2.57745 2.402 2.39934 2.38439 2.36367 2.29624 3.97644 2.28945 3.34569 2.27936
threshold=1.7857142857142858 0 0.19467479419302222 0.37940952255126054 1 2.5000000000000004 1.5000000000000002 3.5000000000000004 0.1294095225512602 0.60355339059327384 -0.70710678118654735 2.5000000000000004 4.5000000000000009 6.5000000000000009 0.36099422087634753 2.7945525240230897 2.5000000000000004 -0.12940952255126037 2.4494897427831797 2.5000000000000004 2.2307312692782699 1.7182493859684496 1.7182493859684496 2 0.18382851788433854 0.15625489206817664 0.2870790591817155 2.882621507231915 0.37940952255126048 3
decision_type=2 1 2 2 1 2 2 2 2 2 2 2 2 2 2 2 2 2 2 2 2 2 2 1 2 2 2 2 2 1
left_child=1 2 -1 4 -2 6 14 9 10 17 11 -9 -10 15 16 20 25 -7 -19 -11 22 -13 -14 -8 -15 -6 -27 -18 -29 -16
right_child=3 -3 -4 -5 5 7 23 8 12 19 -12 21 13 24 29 -17 27 18 -20 -21 -22 -23 -24 -25 -26 26 -28 28 -30 -31
leaf_value=-0.0032366989424908866 0.0012996934863151229 -0.0030137839953655963 -0.0070281984052128089 -0.0037062044622836196 -0.00025844424805478855 0.0017600006337602587 6.6882569379390073e-05 -0.0090472759809840479 -0.00035641783575590137 0.0026811436706514614 0.00021939333050298733 0.0029970437508325728 0.0072376316837421406 -0.0021253362762440552 0.003873426651665836 0.0012644487839027574 -0.0010765289346330712 0.0077396034395740484 0.0023913019025446369 -0.0032383319497733178 0.0084542034145682482 -0.0022174024354415229 0.0015792002562239442 -0.0025994105090305004 0.0019882847188445237 0.0069590592934710808 -0.00093148527355232957 0.0034707840351197402 -0.0016154350831457131 0.00069880607842158406
leaf_weight=893.82613146305084 11481.016401290894 3673.0859674215317 1513.9542047977448 347.96093678474426 522.97804927825928 2012.09015417099 1190.9204387664795 358.00303554534912 1475.1042013168335 272.62408304214478 3295.5856759548187 269.52909898757935 313.40731239318848 570.3858585357666 1221.5323219299316 525.03066205978394 3546.9597735404968 580.30876731872559 824.74402046203613 576.63093185424805 500.24834060668945 1222.8094773292542 465.75974321365356 2873.4328298568726 900.52968788146973 445.13198614120483 248.9771032333374 777.38380527496338 553.54932832717896 1075.013135433197
leaf_count=469 719 1707 826 109 74 220 111 60 136 38 379 39 35 42 117 42 357 43 58 61 43 130 45 314 66 53 30 56 50 120
internal_value=5.38376e-06 -0.00405098 -0.00559745 0.000646936 0.000686693 0.00042165 -9.3957e-05 0.000875414 0.000356679 0.00207868 -0.000858853 -0.00277928 0.0016734 0.00258755 0.000744154 0.00437637 0.000117494 0.00292784 0.00460023 -0.00133809 0.00565341 -0.00127563 0.00385521 -0.00182438 0.000393121 0.00224357 0.00412872 -0.000412985 0.00135537 0.0024073
internal_weight=44528.5 6080.87 2407.78 38447.6 38099.7 26618.7 12455.9 14162.8 9896.39 4266.4 5145.93 1850.34 4750.47 3275.36 8391.53 1804.45 6094.98 3417.14 1405.05 849.255 1279.42 1492.34 779.167 4064.35 1470.92 1217.09 694.109 4877.89 1330.93 2296.55
internal_count=6549 3002 1295 3547 3438 2719 1282 1437 1017 420 608 229 409 273 857 165 620 321 101 99 123 169 80 425 108 157 83 463 106 237
cat_boundaries=0 1 2 3 4
cat_threshold=652 33 514 326
is_linear=0
shrinkage=0.05


Tree=112
num_leaves=31
num_cat=0
split_feature=2 4 6 8 1 6 6 7 6 8 3 8 2 7 4 4 6 1 3 2 6 4 6 6 2 8 3 2 1 6
split_gain=44.2343 2.76889 3.83024 2.94512 2.71949 2.70609 2.53515 2.4322 2.23905 2.11878 2.08291 2.07473 2.02307 1.83194 8.33986 7.63867 11.2661 4.96096 4.1393 3.43139 3.33873 3.52923 3.34952 3.22407 3.13648 2.79056 4.34799 2.57581 2.4791 2.2968
threshold=1.7857142857142858 1.0000000180025095e-35 -1.0000000180025095e-35 0.33871475787898558 1.0000000180025095e-35 0.12940952255126045 0.25881904510252091 -0.70710678118654757 0.78656609248549325 0.18704446636225655 1.5118578920369108 0.28111995787876837 3.9285714285714293 0.1294095225512602 5.5000000000000009 4.5000000000000009 -0.91597561503675329 4.5000000000000009 2.2307312692782699 3.785714285714286 -0.25881904510252113 4.5000000000000009 1.0000000180025095e-35 -0.60355339059327362 4.7857142857142865 0.20349355764208901 3.6903993847614438 7.0714285714285721 3.5000000000000004 -0.91597561503675329
decision_type=2 2 2 2 2 2 2 2 2 2 2 2 2 2 2 2 2 2 2 2 2 2 2 2 2 2 2 2 2 2
left_child=1 3 11 6 -2 13 -1 9 -5 -7 -4 -3 -11 14 20 16 25 -17 19 -16 21 29 27 24 -18 -15 -27 -22 -24 -6
right_child=4 2 10 8 5 7 -8 -9 -10 12 -12 -13 -14 15 18 17 23 -19 -20 -21 22 -23 28 -25 -26 26 -28 -29 -30 -31
leaf_value=-0.0090413613008817322 -0.0031827532186483338 0.0047545392069114605 -0.0049602459523544378 0.0067864541168389638 0.0013655228676303344 -0.0032411737915359349 -0.0016576502625706532 -0.0068533050000920762 -0.0022527112888443114 0.0017748419590080903 0.0010078347310729647 -0.003628327065526492 -0.0032425140992775273 0.001379559236194031 -0.0044219930106592 0.0065542397736185302 0.0040779401573663877 0.0021451061855058033 -0.0044928417315510246 0.002442581841346509 0.0043957547917233102 -0.0021329911648781267 0.003722292535526573 -0.001807914731886448 -0.00013950766226627649 0.0026929750006926055 0.0080860194151558297 0.0015815168961194918 -0.00024900990188691261 -0.00014431768428998823
leaf_weight=148.84813058376312 461.96818995475769 167.3212788105011 4647.939533829689 156.56768572330475 5025.8089361190796 523.43673157691956 530.82187044620514 172.45254039764404 121.80778431892395 864.5281662940979 150.94573378562927 132.06962871551514 261.73461627960205 1581.5283946990967 274.41198110580444 758.36016273498535 482.57864475250244 4018.6293253898621 1189.9830927848816 540.85079097747803 1447.3899412155151 1328.4118723869324 476.33127737045288 2997.2177424430847 5097.2554044723511 1293.4993581771851 525.59168815612793 1855.3028736114502 2245.7049126625061 5049.6360158920288
leaf_count=63 87 36 2422 71 397 90 264 58 62 149 54 30 31 96 49 78 61 268 106 58 131 155 51 372 349 87 24 108 188 554
internal_value=5.14903e-06 -0.00396677 -0.00443021 -0.00150052 0.000630404 0.000676748 -0.00327469 -0.00120336 0.00283122 -0.000612734 -0.00477252 0.00105662 0.000608848 0.000771414 0.000441099 0.00115455 0.000480329 0.00284507 -0.00261254 0.000132012 0.000792435 0.00028943 0.00174454 -0.000485236 0.000225243 0.00291568 0.00425119 0.00281484 0.000445931 0.000608817
internal_weight=44528.9 6056.32 5098.28 958.045 38472.6 38010.6 679.67 1822.15 278.375 1649.7 4798.89 299.391 1126.26 36188.5 19433.8 16754.7 11977.7 4776.99 2005.25 815.263 17428.6 11403.9 6024.73 8577.05 5579.83 3400.62 1819.09 3302.69 2722.04 10075.4
internal_count=6549 3002 2542 460 3547 3460 327 328 133 270 2476 66 180 3132 1797 1335 989 346 213 107 1584 1106 478 782 410 207 111 239 239 951
is_linear=0
shrinkage=0.05


Tree=113
num_leaves=31
num_cat=2
split_feature=2 9 8 1 6 7 9 3 8 6 6 7 6 6 1 6 2 3 3 7 4 8 4 4 8 8 1 3 3 3
split_gain=42.2093 3.6557 3.1328 2.59106 2.57291 2.33343 2.22722 2.58014 3.70888 2.85004 2.54964 4.10127 3.40887 2.96806 2.85045 4.16664 2.47275 2.41571 2.41053 2.04443 2.81245 2.69634 2.43767 2.13712 3.17054 2.12804 2.07994 2.42813 2.25662 2.03836
threshold=1.7857142857142858 0 0.19467479419302222 1.0000000180025095e-35 0.12940952255126045 -0.70710678118654757 1 1.6035674514745477 0.21582625554784737 -0.78656609248549303 -0.25881904510252113 -0.37940952255126015 1.0000000180025095e-35 -0.70710678118654735 2.5000000000000004 -0.78656609248549303 6.0714285714285721 2.2307312692782699 1.2535663410560189 -0.70710678118654757 3.5000000000000004 0.20477470605459988 1.5000000000000002 1.0000000180025095e-35 0.35557861696539855 0.46757109817350689 1.5000000000000002 0.89973541084243769 1.2909944487358065 2.4299715851758257
decision_type=2 1 2 2 2 2 1 2 2 2 2 2 2 2 2 2 2 2 2 2 2 2 2 2 2 2 2 2 2 2
left_child=1 2 -1 -2 6 -6 7 8 -5 -10 11 13 -12 18 15 29 -14 -9 -8 20 22 -21 -3 -23 26 -26 28 -28 -25 -13
right_child=3 19 -4 4 5 -7 10 17 9 -11 12 14 16 -15 -16 -17 -18 -19 -20 21 -22 23 -24 24 25 -27 27 -29 -30 -31
leaf_value=-0.0030832403413492753 -0.0031137478516728529 -0.00093473918094976968 -0.0068322069071966324 0.00018403505111362544 -0.00059796708627455665 -0.0067296870898987341 0.00037149424194801744 -0.00031449795309587204 0.002528696615849316 0.0088456897950890453 0.0029802737827194711 0.00897671110793463 0.00089636462458450496 -0.00072915787183335727 0.00020596483771266597 0.00032987351388406898 -0.0038144790748192896 0.0012570661143483861 -0.0062957687745299673 -0.0051107245578754313 -0.0048965491387566035 0.0015721125932896844 0.0090672571934811205 -0.00023465143033867244 -0.0078676183299797846 -0.0028852002241833048 0.0020090305868119352 -0.0097984905838832282 0.0095888226809398135 0.0029362951551735947
leaf_weight=887.51853084564209 460.50019907951355 127.64429950714111 1497.466953754425 533.71605587005615 1648.6941697597504 171.27471137046814 186.50231599807739 2965.5594668388367 356.38620090484619 357.83269762992859 1929.194155216217 279.53637313842773 1300.259708404541 2344.3879017829895 10097.770209789276 798.91447067260742 354.51229095458984 13936.417327404022 496.39850902557373 1242.4854618310928 147.99789309501648 323.84673500061035 116.53112745285034 552.96660113334656 362.58271718025208 524.05969321727753 70.794360876083374 113.10129106044769 65.372603178024292 279.12276601791382
leaf_count=469 87 44 826 56 270 58 35 269 36 36 165 36 136 298 914 119 29 891 80 600 53 149 39 285 179 252 34 47 25 32
internal_value=4.91843e-06 -0.00388393 -0.00541441 0.000614289 0.000659424 -0.00117501 0.000751609 0.00114268 0.00333727 0.00569359 0.000357901 6.26182e-05 0.00155212 -0.00157413 0.00049516 0.00264622 -0.000112869 0.000981325 -0.00447492 -0.00286047 0.00054217 -0.00327919 0.00383865 -0.00214856 -0.00286201 -0.00492271 -0.000584495 -0.00525295 0.000803915 0.00595874
internal_weight=44529.3 6032.37 2384.99 38497 38036.5 1819.97 36216.5 18149.9 1247.93 714.219 18066.6 14482.6 3583.97 3027.29 11455.3 1357.57 1654.77 16902 682.901 3647.38 392.173 3255.21 244.175 2012.72 1688.88 886.642 802.235 183.896 618.339 558.659
internal_count=6549 3002 1295 3547 3460 328 3132 1288 128 72 1844 1514 330 413 1101 187 165 1160 115 1707 136 1571 83 971 822 431 391 81 310 68
cat_boundaries=0 1 2
cat_threshold=652 417
is_linear=0
shrinkage=0.05


Tree=114
num_leaves=31
num_cat=3
split_feature=2 9 8 1 0 7 4 8 4 4 8 8 1 7 8 8 6 7 9 4 4 8 0 4 7 1 7 4 4 9
split_gain=40.276 3.51967 3.02594 2.46863 2.59418 1.95497 2.67579 2.59137 2.29005 2.03957 3.04054 2.05616 1.98832 2.22961 1.92622 1.91434 1.82872 1.80028 1.7794 2.60183 6.27367 3.21906 3.65802 3.04688 4.79727 5.19236 4.62308 4.04563 2.91804 2.73521
threshold=1.7857142857142858 0 0.19467479419302222 1.0000000180025095e-35 1.0000000180025095e-35 -0.70710678118654757 3.5000000000000004 0.20477470605459988 1.5000000000000002 1.0000000180025095e-35 0.35557861696539855 0.46757109817350689 1.5000000000000002 0.25881904510252057 0.57595111223328155 0.69541055724776146 -1.0000000180025095e-35 -0.12940952255126037 1 2.5000000000000004 1.5000000000000002 0.36099422087634753 2.5000000000000004 3.5000000000000004 0.37940952255126048 4.5000000000000009 0.60355339059327384 4.5000000000000009 5.5000000000000009 2
decision_type=2 1 2 2 2 2 2 2 2 2 2 2 2 2 2 2 2 2 1 2 2 2 2 2 2 2 2 2 2 1
left_child=1 2 16 -2 17 6 8 -7 -3 -9 12 -12 -11 -14 -13 -16 -1 -5 -6 20 21 22 -20 26 28 27 -21 -26 29 -25
right_child=3 5 -4 4 18 7 -8 9 -10 10 11 14 13 -15 15 -17 -18 -19 19 23 -22 -23 -24 24 25 -27 -28 -29 -30 -31
leaf_value=0.0036092504131692155 -0.0030460258372440228 -0.00091239395199063352 -0.0067088263079592069 -0.0052897741766264762 0.0012046044803773676 -0.0050096906079439181 -0.0047987081828987227 0.0015306393272576477 0.0087612981609530936 0.00078319883817249347 -0.0077336444060692212 0.0011187503066752832 0.0019323850523047946 -0.0094522796605651244 -0.010905361655616907 -0.002620084837065786 -0.0037959900731711171 0.00067672650245732661 0.002691667480269575 0.002858081082992992 -0.001718835109043664 0.0023243833960285639 -0.00049111777123973853 0.0022337794237453738 0.00098730073543314774 0.00076931033459645302 -0.001381527756955724 0.0077805782743647486 -0.0021218015930091877 -0.00054609940930379103
leaf_weight=93.18348503112793 459.06854820251465 127.52504181861877 1487.2708157300949 309.62935447692871 11643.983675956726 1236.1516565084457 147.27498507499695 324.3562593460083 117.59255027770996 618.83932781219482 359.74124729633331 194.61989378929138 69.128771185874939 113.80644094944 100.54651653766632 227.38344979286194 791.60282564163208 213.67528390884399 1110.0641264915466 3395.0527048110962 3922.4713487625122 2248.3166451454163 4833.9751496315002 1255.5003533363342 360.23381423950195 2693.5092520713806 793.25350856781006 559.64696645736694 1787.9583849906921 2934.3563191890717
leaf_count=20 87 44 826 52 775 600 53 149 39 310 179 93 28 53 49 110 449 31 140 315 404 230 455 120 45 211 90 59 208 325
internal_value=4.71156e-06 -0.00380255 -0.00530904 0.000598625 0.000642583 -0.00279772 0.000527993 -0.00320855 0.00372846 -0.00209998 -0.00279925 -0.00482453 -0.000570575 -0.00515017 -0.0028218 -0.00516043 -0.00301609 -0.00285354 0.000691321 0.000459869 -7.44756e-05 0.000712838 0.000103275 0.000929994 0.000438675 0.00187696 0.00205511 0.00512027 -0.000430719 0.000290926
internal_weight=44529.7 6009.02 2372.06 38520.7 38061.6 3636.97 392.393 3244.57 245.118 2008.42 1684.07 882.291 801.775 182.935 522.55 327.93 884.786 523.305 37538.3 25894.3 12114.8 8192.36 5944.04 13779.5 9591.21 3613.39 4188.31 919.881 5977.82 4189.86
internal_count=6549 3002 1295 3547 3460 1707 136 1571 83 971 822 431 391 81 252 159 469 83 3377 2602 1229 825 595 1373 968 315 405 104 653 445
cat_boundaries=0 1 2 3
cat_threshold=652 33 320
is_linear=0
shrinkage=0.05


Tree=115
num_leaves=31
num_cat=2
split_feature=2 9 9 6 6 7 6 2 0 7 3 2 6 4 2 4 4 6 4 4 0 7 2 3 3 7 6 1 4 7
split_gain=39.2907 4.77041 4.01058 4.70695 3.47 3.39704 2.9174 3.73308 2.72639 3.50127 2.34656 2.14533 2.33915 10.3192 2.91503 3.27224 2.94597 2.68869 2.035 1.90012 1.89704 2.19707 2.53879 2.38067 1.7897 1.74838 1.72223 1.59725 1.57572 2.83893
threshold=1.7857142857142858 0 1 -1.0000000180025095e-35 -1.0000000180025095e-35 -0.70710678118654757 -0.25881904510252113 7.2142857142857153 16.500000000000004 -0.12940952255126037 2.6726124191242469 3.9285714285714293 -0.78656609248549303 4.5000000000000009 6.7857142857142865 2.5000000000000004 1.5000000000000002 -0.91597561503675329 1.0000000180025095e-35 3.5000000000000004 10.500000000000002 -0.9159756150367534 2.0714285714285716 1.8644544714716103 3.5690327966827007 -0.9159756150367534 0.25881904510252091 11.500000000000002 5.5000000000000009 0.1294095225512602
decision_type=2 1 1 2 2 2 2 2 2 2 2 2 2 2 2 2 2 2 2 2 2 2 2 2 2 2 2 2 2 2
left_child=2 28 3 -1 6 19 8 -8 9 18 -9 -11 14 -14 15 -13 17 27 -3 -4 21 23 -23 26 -12 -5 -6 -16 -2 -30
right_child=1 4 5 25 20 -7 7 10 -10 11 24 12 13 -15 16 -17 -18 -19 -20 -21 -22 22 -24 -25 -26 -27 -28 -29 29 -31
leaf_value=-8.6919843718974866e-05 -9.5667514205294491e-05 0.0020980257367640572 0.0048366916639035421 -0.00022291732978377325 0.0044380671609531549 -0.0032157848676403265 0.0059001070304181636 -0.00062586070766265059 -0.0027145139035057502 0.0047720297323115418 0.0043049435436111885 0.0011621114301874752 -0.0009911259441474599 0.0036546190843128462 0.0058863801860344405 0.0071100419838972546 0.00083747802018023878 0.00069754298721776478 -0.00032324881308457172 -0.0029750654423815791 -0.0044512600093137272 0.00012077273499588681 -0.0079927444134714181 -0.00076753180305436997 0.00069140762688543668 -0.0067146683743293818 0.00020293799826784261 0.0026236233487978051 -0.0041444478725982687 0.00046851499834882246
leaf_weight=351.62390303611755 9743.831160068512 1030.5529866218567 217.42093348503113 109.727783203125 474.93224906921387 3335.8810733556747 668.741286277771 754.02614974975586 501.92741298675537 472.9522852897644 837.50343799591064 411.67500114440918 3624.4439649581909 1783.4646186828613 753.68756771087646 527.56310367584229 4833.1024732589722 816.78836917877197 5494.5690836906433 121.2581582069397 287.07422161102295 202.40450096130371 184.1235511302948 1861.877498626709 579.92201232910156 1893.5006031990051 485.37477779388428 746.73380851745605 693.7455530166626 642.34884834289551
leaf_count=79 1145 96 75 32 42 1589 50 45 23 63 48 30 317 110 43 39 267 45 551 45 19 67 53 176 30 1194 74 35 99 67
internal_value=-2.99606e-05 0.000559033 -0.00378244 -0.0053996 0.000913592 -0.00272397 0.00112967 0.00263366 0.00092623 0.00101539 0.00162769 0.00146202 0.00134603 0.000540986 0.00188421 0.00450302 0.00154021 0.00300594 5.91581e-05 0.00203983 -0.00055719 -0.000208799 -0.00374412 0.000275401 0.00282651 -0.00635908 0.00229748 0.00426256 -0.00031618 -0.00192669
internal_weight=44442.8 38413.4 6029.41 2354.85 27333.4 3674.56 23837.7 2840.19 20997.5 20495.5 2171.45 13970.4 13497.5 5407.91 8089.55 939.238 7150.31 2317.21 6525.12 338.679 3495.79 3208.71 386.528 2822.18 1417.43 2003.23 960.307 1500.42 11079.9 1336.09
internal_count=6548 3534 3014 1305 2223 1709 1792 173 1619 1596 123 949 886 427 459 69 390 123 647 120 431 412 120 292 78 1226 116 78 1311 166
cat_boundaries=0 1 2
cat_threshold=156 156
is_linear=0
shrinkage=0.05


Tree=116
num_leaves=31
num_cat=4
split_feature=6 7 9 9 3 4 7 4 8 9 0 7 6 6 0 7 3 8 8 4 9 8 4 6 1 3 1 3 0 4
split_gain=35.9556 6.75856 5.24018 3.81058 3.26832 3.74696 4.20641 4.44952 3.82723 3.04148 2.4266 2.36196 2.18605 3.60991 2.45412 2.6131 4.38805 2.82521 2.36941 2.22935 2.83173 2.68743 2.43588 2.39794 2.26325 2.15424 2.25635 1.96147 1.93886 1.88047
threshold=0.12940952255126045 -0.70710678118654757 0 1 3.1471831698777746 5.5000000000000009 0.78656609248549303 4.5000000000000009 0.18530953679516743 2 1.5000000000000002 0.37940952255126048 -1.0000000180025095e-35 -0.25881904510252113 16.500000000000004 -0.12940952255126037 1.2149857925879128 0.048750295396440567 0.78536756187722945 2.5000000000000004 3 0.24906690957614466 1.0000000180025095e-35 -0.91597561503675329 4.5000000000000009 1.3801311186847098 2.5000000000000004 3.2586880211286928 10.500000000000002 4.5000000000000009
decision_type=2 2 1 1 2 2 2 2 2 1 2 2 2 2 2 2 2 2 2 2 1 2 2 2 2 2 2 2 2 2
left_child=2 9 4 -3 5 6 -1 25 -7 -2 -11 -10 13 14 15 16 -4 -17 19 20 21 24 -23 -22 -19 -8 -27 -25 -14 -18
right_child=1 3 12 -5 -6 8 7 -9 11 10 -12 -13 28 -15 -16 17 29 18 -20 -21 23 22 -24 27 -26 26 -28 -29 -30 -31
leaf_value=0.00061477586881405002 -0.0042217476499654552 -0.0065567794920142536 0.005716316399661029 -0.0034198314153084984 -0.0045372051021413708 0.0013877471607038321 -0.0092036604115327304 0.0043686015761368359 -0.008242795754780631 0.0026182197093345982 -0.001366082684435095 -0.0017768894640594075 -7.7231054095450134e-06 0.0025979029142801412 -0.0026544014662592706 -0.0018051063646702789 0.00026644803861930022 0.0011571779178555848 -0.0015520018520510115 0.0020997655867425898 0.0034849368938840463 0.0042136419130073301 1.3352550841935892e-05 0.0023795596884074784 -0.0027647171944224719 -0.00013730041360243675 -0.0070274064517777653 -0.00083374702162090138 -0.0043603500068155531 -0.0017356079630491883
leaf_weight=5527.8168969154358 581.93411755561829 1464.8016815185547 333.92718267440796 3173.0964527130127 487.87554883956909 284.16662895679474 204.79207301139832 159.25820958614349 355.71162414550781 566.53642606735229 1174.1800131797791 234.24917578697205 2441.4276883602142 3201.2054462432861 500.56677627563477 723.15345239639282 5670.2911171913147 532.97020673751831 652.99772500991821 7811.2725973129272 1382.6983318328857 494.09654331207275 1145.2094340324402 935.35829734802246 1187.4251871109009 277.41818332672119 207.84346330165863 964.76350021362305 285.79921722412109 1478.7610106468201
leaf_count=680 163 972 48 1495 52 38 83 29 56 157 214 36 360 202 23 50 540 58 46 534 65 39 98 71 89 52 37 63 19 179
internal_value=-2.93053e-05 -0.00332952 0.000583573 -0.00443209 -0.000575156 -0.000309376 0.000111426 -0.00316467 -0.0033793 -0.0011279 -6.8949e-05 -0.00567545 0.000884981 0.00102148 0.000809562 0.000883939 0.000114008 0.00124789 0.00139404 0.00152714 0.000853753 -0.000168833 0.00127934 0.00189503 -0.00154973 -0.00490328 -0.00308842 0.000748043 -0.000463856 -0.000147672
internal_weight=44441.6 6960.55 37481.1 4637.9 7739.13 7251.26 6377.13 849.312 874.127 2322.65 1740.72 589.961 29741.9 27014.7 23813.5 23312.9 7482.98 15829.9 15106.8 14453.8 6642.52 3359.7 1639.31 3282.82 1720.4 690.054 485.262 1900.12 2727.23 7149.05
internal_count=6548 3001 3547 2467 1063 1011 881 201 130 534 371 92 2484 2105 1903 1880 767 1113 1063 1017 483 284 137 199 147 172 89 134 379 719
cat_boundaries=0 1 2 3 4
cat_threshold=28 156 140 960
is_linear=0
shrinkage=0.05


Tree=117
num_leaves=31
num_cat=2
split_feature=2 9 9 6 7 6 6 2 0 7 8 8 4 8 0 8 0 1 4 2 6 8 2 4 6 1 1 8 4 2
split_gain=35.8294 4.34515 3.73168 4.40524 3.11641 3.11561 2.60386 3.50439 2.47227 3.1691 2.40738 2.027 1.91417 2.00182 3.05199 3.62818 3.50867 2.14734 1.79112 5.96029 3.60186 3.4238 2.50706 2.08936 2.26381 3.25182 2.0855 2.41988 2.31967 1.94485
threshold=1.7857142857142858 0 1 -1.0000000180025095e-35 -0.70710678118654757 -1.0000000180025095e-35 -0.25881904510252113 7.2142857142857153 16.500000000000004 -0.12940952255126037 0.21059862830058115 0.048750295396440567 1.0000000180025095e-35 0.5678959486837819 7.5000000000000009 0.46148625683949612 2.5000000000000004 5.5000000000000009 5.5000000000000009 7.0714285714285721 -0.91597561503675329 0.7551087644715927 9.071428571428573 4.5000000000000009 -0.60355339059327362 5.5000000000000009 7.5000000000000009 0.20477470605459988 1.5000000000000002 7.2142857142857153
decision_type=2 1 1 2 2 2 2 2 2 2 2 2 2 2 2 2 2 2 2 2 2 2 2 2 2 2 2 2 2 2
left_child=2 -2 3 -1 10 6 8 -8 9 12 -4 -11 -3 14 15 16 -14 -15 20 -20 26 23 -21 24 -22 -26 29 -28 -29 -13
right_child=1 5 4 -5 -6 -7 7 -9 -10 11 -12 18 13 17 -16 -17 -18 -19 19 22 21 -23 -24 -25 25 -27 27 28 -30 -31
leaf_value=-5.8532408046635463e-05 -0.00030440134446387034 0.0020300183896275717 0.0067095339431908685 -0.0061347987836557856 -0.0030799427504750662 -0.0005256828370600997 0.0056400750175189009 0.001516067779727144 -0.0025954623557404499 -0.001316980116819294 -0.0017713562963841377 0.0019454876284797152 -0.0026815601620727905 -0.00065648996470297387 -0.0028188201470734256 -0.0047255850119600155 0.0014435776714323842 0.0047869679104485989 0.0065162050824815673 -0.0022119367521759368 0.0012433716210581659 -0.0037652682706348726 0.0027307849530384728 0.0027394646826400353 0.00049770015636682629 -0.0037841005227709163 0.00028536280151546456 0.0051810401318409726 0.0014676711267085079 0.0059613910689824134
leaf_weight=351.22093939781189 11074.599463701248 1033.1623301506042 149.02279567718506 1979.1952937841415 3315.0457984209061 3491.2548685073853 674.44847202301025 2180.6518802642822 499.23983097076416 659.22984552383423 190.82389521598816 543.42238330841064 647.92266082763672 353.70369958877563 1242.5918607711792 355.65627288818359 2521.6152038574219 371.41792678833008 717.80706691741943 450.98164558410645 3428.8821883201599 422.521897315979 595.06422519683838 1227.840386390686 1401.6681203842163 648.60504198074341 1509.0806894302368 724.75103950500488 1002.0178632736206 677.15347576141357
leaf_count=79 1311 96 49 1226 1589 431 50 123 23 44 71 40 93 39 88 37 266 28 51 31 212 32 29 77 166 58 78 37 55 39
internal_value=-2.87444e-05 0.000531355 -0.00362735 -0.00519673 -0.00260534 0.000869185 0.0010734 0.00249026 0.000881079 0.000965599 0.00194751 0.00138955 5.55431e-05 -0.000315836 -0.000688081 6.29809e-05 0.00060031 0.00213173 0.0015232 0.00300752 0.00129722 0.000600225 0.00059983 0.000875239 0.000457479 -0.00085685 0.0024123 0.00174799 0.00302623 0.00417344
internal_weight=44440.6 38455.3 5985.31 2330.42 3654.89 27380.7 23889.4 2855.1 21034.3 20535.1 339.847 14009 6526.07 5492.91 4767.79 3525.19 3169.54 725.122 13349.8 1763.85 11585.9 7129.52 1046.05 6707 5479.16 2050.27 4456.43 3235.85 1726.77 1220.58
internal_count=6548 3534 3014 1305 1709 2223 1792 173 1619 1596 120 949 647 551 484 396 359 67 905 111 794 545 60 513 436 224 249 170 92 79
cat_boundaries=0 1 2
cat_threshold=156 156
is_linear=0
shrinkage=0.05


Tree=118
num_leaves=31
num_cat=3
split_feature=2 9 9 6 7 6 6 2 0 7 8 3 2 6 5 2 8 5 9 1 1 3 0 7 2 3 3 7 5 0
split_gain=34.1817 4.12696 3.59053 4.23793 2.97453 2.95826 2.46511 3.2999 2.35277 3.0063 2.27333 2.21365 2.01442 2.12089 9.24092 2.74608 2.42185 2.23754 2.7283 2.88637 1.89672 1.87775 1.73914 2.06663 2.44944 2.26973 1.68151 1.67178 1.62513 1.85849
threshold=1.7857142857142858 0 1 -1.0000000180025095e-35 -0.70710678118654757 -1.0000000180025095e-35 -0.25881904510252113 7.2142857142857153 16.500000000000004 -0.12940952255126037 0.21059862830058115 2.6726124191242469 3.9285714285714293 -0.78656609248549303 1.0000000180025095e-35 6.7857142857142865 0.63980975727213563 1.0000000180025095e-35 2 8.5000000000000018 5.5000000000000009 2.9560022436496336 10.500000000000002 -0.9159756150367534 2.0714285714285716 1.8644544714716103 3.5690327966827007 -0.9159756150367534 1.0000000180025095e-35 2.5000000000000004
decision_type=2 1 1 2 2 2 2 2 2 2 2 2 2 2 2 2 2 2 1 2 2 2 2 2 2 2 2 2 2 2
left_child=2 -2 3 -1 10 6 8 -8 9 28 -4 -9 -11 15 16 20 -15 18 -17 -20 -14 -19 23 25 -25 -7 -13 -5 -3 -30
right_child=1 5 4 27 -6 22 7 11 -10 12 -12 26 13 14 -16 17 -18 21 19 -21 -22 -23 -24 24 -26 -27 -28 -29 29 -31
leaf_value=-5.7082506301541484e-05 -0.00029694153618098194 0.00045811771609506136 0.006498631525964531 6.8636227243919091e-06 -0.0030128528117657318 0.0022603250951041174 0.0054687092961231342 -0.00071013775263301104 -0.0025376803662189012 0.0045481416465427719 -0.0017304762868628736 0.0040606947333396001 0.0068222715367687002 -0.00055156838657300115 0.0034037131335543872 0.00047562532023112143 -0.0048813213060573644 0.0018740682857613406 0.0055608355650545683 0.0020083534946045613 0.002309771186131771 -0.0017749155337339264 -0.004260093512724091 0.00017187032991520818 -0.0078225415616488755 -0.00073181917507154275 0.00056906537632035606 -0.0063723087376796154 -0.0049801457357406091 -0.00050577960888158267
leaf_weight=351.20038175582886 11071.228851556778 5170.5627508163452 150.02603054046631 108.71259474754333 3304.8513557910919 961.62398958206177 678.26315975189209 756.66086959838867 497.94574737548828 476.55669975280762 190.4861786365509 844.58407878875732 413.88195610046387 3264.312952041626 1799.3142490386963 2200.9675798416138 358.43292760848999 586.06915092468262 718.98412418365479 2792.7216987609863 532.44337368011475 884.86555480957031 284.40619945526123 201.99082589149475 182.28084754943848 1859.1181807518005 582.71546459197998 1858.3779095411301 297.24240922927856 1058.6476130485535
leaf_count=79 1311 484 49 32 1589 116 50 45 23 63 71 48 31 286 110 136 31 35 40 125 38 54 19 67 53 176 30 1194 46 117
internal_value=-2.81175e-05 0.000517822 -0.00355037 -0.00509449 -0.00254741 0.000846779 0.00104552 0.00242227 0.000858348 0.000940617 0.00189518 0.00147616 0.00135306 0.0012407 0.00047477 0.00175152 -0.000979952 0.00141799 0.00186577 0.00272792 0.00428334 -0.000321039 -0.000512904 -0.000180386 -0.00362031 0.000288238 0.00263519 -0.00601976 5.40835e-05 -0.00148666
internal_weight=44439.5 38475.8 5963.65 2318.29 3645.36 27404.6 23915.2 2862.22 21052.9 20555 340.512 2183.96 14028.6 13552 5422.06 8129.93 3622.75 7183.61 5712.67 3511.71 946.325 1470.93 3489.42 3205.01 384.272 2820.74 1427.3 1967.09 6526.45 1355.89
internal_count=6548 3534 3014 1305 1709 2223 1792 173 1619 1596 120 123 949 886 427 459 317 390 301 165 69 89 431 412 120 292 78 1226 647 163
cat_boundaries=0 1 2 3
cat_threshold=156 156 832
is_linear=0
shrinkage=0.05


Tree=119
num_leaves=31
num_cat=3
split_feature=2 9 9 6 7 6 6 2 0 7 3 2 6 4 2 9 2 3 1 4 4 4 0 7 2 3 7 6 2 4
split_gain=32.6079 3.91991 3.45393 4.07611 2.83891 2.80932 2.3338 3.10832 2.23907 2.85186 2.09778 1.90177 2.01082 8.36586 2.51544 2.48 3.91329 2.33095 2.396 2.2802 1.7975 1.78245 1.66219 1.97253 2.35616 2.15442 1.60986 1.60733 1.5995 1.72762
threshold=1.7857142857142858 0 1 -1.0000000180025095e-35 -0.70710678118654757 -1.0000000180025095e-35 -0.25881904510252113 7.2142857142857153 16.500000000000004 -0.12940952255126037 2.6726124191242469 3.9285714285714293 -0.60355339059327362 4.5000000000000009 6.7857142857142865 2 10.071428571428573 2.0586634591635558 5.5000000000000009 3.5000000000000004 1.0000000180025095e-35 3.5000000000000004 10.500000000000002 -0.9159756150367534 2.0714285714285716 1.8644544714716103 -0.9159756150367534 0.25881904510252091 7.2142857142857153 5.5000000000000009
decision_type=2 1 1 2 2 2 2 2 2 2 2 2 2 2 2 1 2 2 2 2 2 2 2 2 2 2 2 2 2 2
left_child=2 28 3 -1 21 6 8 -8 9 20 -9 -11 14 -14 17 16 -16 -13 -19 -17 -3 -4 23 25 -25 27 -5 -7 29 -2
right_child=1 5 4 26 -6 22 7 10 -10 11 -12 12 13 -15 15 19 -18 18 -20 -21 -22 -23 -24 24 -26 -27 -28 -29 -30 -31
leaf_value=-5.566840904184452e-05 6.0954041040167893e-05 0.0019632719089621958 0.0045319609168628025 6.6930797266136346e-06 -0.0029470240789114385 0.0042581895008215022 0.0053034707721222882 -0.00069300371105236258 -0.0024810395738850779 0.0044148323905749557 0.0025628680868497976 0.0002093569594936914 -0.0018745851421469312 0.0036743522993261169 0.005126714566803873 0.0012253457067867776 0.0013294401870851877 0.0068535772477817314 0.0023364131904983257 -0.0010814209664935807 -0.00030765031013220759 -0.0030156079102209056 -0.004172279961498721 0.0001675738582743874 -0.0076889840342563662 -0.00071417776888401654 -0.0062543198614331968 0.00017429551277656544 -0.0034249032970267764 -0.0018916514940289998
leaf_weight=351.18033123016357 9387.2214574813843 1035.7361841201782 219.6774742603302 108.71334028244019 3294.9093121290207 477.86924266815186 681.9825496673584 756.12372779846191 496.68373012542725 478.72908306121826 1431.0678052902222 431.33364105224609 1945.1371097564697 1043.7271661758423 844.57260894775391 3016.7405052185059 3450.0942802429199 564.97455978393555 611.06517505645752 1661.2034177780151 5491.0739073753357 121.48352670669556 283.19718360900879 202.02554440498352 180.86051034927368 1857.7581458091736 1846.5733979940414 485.93079137802124 392.44337558746338 1288.2769918441772
leaf_count=79 1118 96 75 32 1589 42 50 45 23 63 78 32 200 67 44 192 152 44 45 110 551 45 19 67 53 176 1194 74 30 163
internal_value=-2.74982e-05 0.000504648 -0.00347475 -0.00499376 -0.00249061 0.000824981 0.00101842 0.00235626 0.000836255 0.000916337 0.0014373 0.00131759 0.00120832 6.31331e-05 0.00153183 0.00120552 0.00207137 0.00335336 0.00450648 0.000405314 5.27212e-05 0.00184436 -0.000500503 -0.000176004 -0.00354356 0.000280974 -0.00590621 0.00219916 -0.000289662 -0.000174679
internal_weight=44438.4 38495.8 5942.54 2306.47 3636.07 27427.9 23940.2 2869.17 21071.1 20574.4 2187.19 14047.6 13568.8 2988.86 10580 8972.61 4294.67 1607.37 1176.04 4677.94 6526.81 341.161 3487.64 3204.44 382.886 2821.56 1955.29 963.8 11067.9 10675.5
internal_count=6548 3534 3014 1305 1709 2223 1792 173 1619 1596 123 949 886 267 619 498 196 121 89 302 647 120 431 412 120 292 1226 116 1311 1281
cat_boundaries=0 1 2 3
cat_threshold=156 156 33
is_linear=0
shrinkage=0.05


Tree=120
num_leaves=31
num_cat=0
split_feature=2 2 7 4 2 3 7 4 6 8 1 6 4 2 8 8 1 3 8 0 1 4 0 6 4 3 1 3 6 3
split_gain=29.39 2.69868 2.25121 3.75038 3.16149 2.21451 1.99929 4.91702 7.58748 3.9362 3.87123 2.96245 7.75727 5.60222 2.90325 2.72593 2.16274 2.02645 2.03017 2.00492 1.85199 2.02053 1.81895 1.77123 2.03247 2.30193 2.15073 3.08398 4.15033 1.73871
threshold=1.7857142857142858 3.0714285714285716 0.91597561503675351 4.5000000000000009 5.9285714285714297 2.8990705651295676 0.1294095225512602 4.5000000000000009 -0.5 0.077377270831187575 5.5000000000000009 -0.78656609248549303 4.5000000000000009 5.5000000000000009 0.39278107739570151 0.061249134815463561 7.5000000000000009 2.6726124191242469 0.30951215724279552 6.5000000000000009 4.5000000000000009 1.5000000000000002 4.5000000000000009 0.98296291314453421 1.0000000180025095e-35 1.5735915849388891 2.5000000000000004 0.75592894601845539 0.25881904510252091 0.48795003647426699
decision_type=2 2 2 2 2 2 2 2 2 2 2 2 2 2 2 2 2 2 2 2 2 2 2 2 2 2 2 2 2 2
left_child=23 -2 6 4 5 -4 7 9 10 15 -9 13 20 22 17 -3 -16 -15 -19 -14 21 -13 -8 24 26 -26 27 29 -29 -1
right_child=1 2 3 -5 -6 -7 11 8 -10 -11 -12 12 19 14 16 -17 -18 18 -20 -21 -22 -23 -24 -25 25 -27 -28 28 -30 -31
leaf_value=0.0015273849662331878 -0.00085980714148995569 0.0016716874989062703 -0.0033671596092986569 0.0019512897878000723 -0.0074619437491446911 0.0016802016391548114 0.0077926634184094139 -0.0021669628012925385 0.00047660964698087216 0.0004976589631503184 -0.0074040533242166031 0.0027320591518808939 0.0048457486481848586 -0.00047692566849373298 0.0052520580562610665 0.0066411623062932234 0.0016309440338446214 0.0019459652602668469 -0.0012745238000122288 0.0014580316127654823 -0.001781480262851553 -0.0010956058686895538 0.0033409712707285983 -0.0062537390061077787 -0.0037317589660195746 0.0032015841771101724 -0.0097527038126858628 -0.0054131290873420902 0.0051635405852633633 -0.0066358146090013037
leaf_weight=94.85272204875946 3715.1444909572601 749.0296778678894 552.13594770431519 634.78894138336182 279.26010417938232 358.36254405975342 419.9629077911377 1041.3769760131836 2536.9603061676025 13452.087492465973 533.70943164825439 580.52362966537476 796.96677398681641 2227.7120456695557 674.83733367919922 436.9181170463562 1060.0823221206665 3084.9407663345337 581.62387847900391 966.24617576599121 2601.1176481246948 849.00519227981567 505.85304880142212 492.58362591266632 4379.6645541191101 123.07868158817291 63.011715292930603 126.18370628356934 350.08395326137543 208.86637032032013
leaf_count=57 679 66 78 48 28 44 40 131 230 1116 46 68 60 152 46 32 56 166 38 59 210 95 47 270 2265 39 28 52 165 113
internal_value=-7.82542e-05 0.000421361 0.000557651 -0.00115216 -0.00280799 -0.00138057 0.000651903 0.000311958 -0.00121572 0.000741106 -0.00394152 0.00109612 0.00022312 0.00168735 0.00124163 0.0035025 0.00303946 0.000712461 0.0014351 0.00298927 -0.000986936 0.000458787 0.00536032 -0.00338476 -0.0031204 -0.00354224 -0.000867181 -0.000149359 0.00236133 -0.00408641
internal_weight=44477 38638.6 34923.5 1824.55 1189.76 910.498 33099 18750.1 4112.05 14638 1575.09 14348.9 5793.86 8555.01 7629.2 1185.95 1734.92 5894.28 3666.56 1763.21 4030.65 1429.53 925.816 5838.33 5345.74 4502.74 842.998 779.987 476.268 303.719
internal_count=6524 3535 2856 198 150 122 2658 1621 407 1214 177 1037 492 545 458 98 102 356 204 119 373 163 87 2989 2719 2304 415 387 217 170
is_linear=0
shrinkage=0.05


Tree=121
num_leaves=31
num_cat=3
split_feature=2 9 9 0 2 6 0 4 4 7 4 7 3 2 4 3 7 3 3 0 2 6 2 3 3 3 9 4 4 3
split_gain=28.0364 4.98462 3.32392 2.98195 2.75284 2.45376 2.33702 2.3074 4.69754 3.29306 5.49922 3.04721 2.66481 3.44715 2.23331 3.64475 2.23808 2.04001 2.43714 1.99086 1.93157 2.02528 2.29 3.01515 1.94883 1.92892 1.88048 1.83769 1.70995 1.64583
threshold=1.7857142857142858 0 1 1.0000000180025095e-35 0.6428571428571429 0.98296291314453421 2.5000000000000004 2.5000000000000004 1.5000000000000002 0.1294095225512602 4.5000000000000009 -0.60355339059327384 2.7602622373694188 2.9285714285714293 2.5000000000000004 0.96354490207993748 -0.70710678118654757 2.2886885410853197 1.6035674514745477 2.5000000000000004 2.9285714285714293 -0.60355339059327362 5.9285714285714297 2.1436434530208168 2.3953857604565458 0.75592894601845539 2 4.5000000000000009 5.5000000000000009 2.0986834707579756
decision_type=2 1 1 2 2 2 2 2 2 2 2 2 2 2 2 2 2 2 2 2 2 2 2 2 2 2 1 2 2 2
left_child=1 6 -2 26 -5 14 28 8 29 10 -9 17 13 -10 15 16 -6 18 -12 -13 -11 22 23 -22 -24 -18 -3 -23 -1 -4
right_child=2 3 7 4 5 -7 -8 9 12 20 11 19 -14 -15 -16 -17 25 -19 -20 -21 21 27 24 -25 -26 -27 -28 -29 -30 -31
leaf_value=-0.00061152076466694321 0.00084827035902025226 0.001417784691003037 -0.00091941693612050646 -0.0081098115858667715 0.010425265733632654 -0.012251139953179967 0.005546159884083599 0.0009994684990111179 -0.0059899103786466255 0.0051000070878407851 -0.0026009234756725241 -0.0090527630060826501 -0.0047604922124975246 -0.00041645363091132005 -0.0055569112472031758 -0.0049982896570626885 -0.0033864871158519917 -0.0033719085330733488 0.0026137769757515108 -0.0032834946614052579 0.0073325204911367653 -0.00314700384631725 -0.0012173369631096136 0.0018790682502364394 0.0020557848598343805 0.00511223179256443 -0.0032682807885576724 0.0010862387930762538 -0.0067059846540335312 0.00080958231775432447
leaf_weight=1024.0425183773041 20433.873663663864 239.48680698871613 2258.4835896492004 645.95412313938141 63.82158374786377 91.428568124771118 139.91573667526245 2965.689341545105 334.40635800361633 334.12105560302734 382.39469647407532 209.17184090614319 819.6814022064209 1628.2434349060059 871.71500146389008 413.49453413486481 165.55690598487854 559.24875926971436 541.12076187133789 524.46488523483276 357.56721115112305 454.28840827941895 781.38472366333008 870.51481628417969 1087.9652414321899 111.88485324382782 1921.6508003473282 588.45083284378052 129.66747307777405 3523.9493494033813
leaf_count=392 1563 128 285 403 24 52 47 324 61 52 61 38 72 176 428 179 96 62 63 68 32 63 58 87 77 60 1126 55 54 338
internal_value=-7.63999e-05 -0.00331213 0.000410665 -0.00409091 -0.00532723 -0.00428094 -0.000552134 -8.05042e-05 -0.000677987 0.000449352 -0.000408618 -0.00229273 -0.00236609 -0.00136609 -0.00383291 -0.00184176 0.00198287 -0.000988658 0.000454556 -0.00492841 0.00144305 0.00114792 0.00178956 0.00346689 0.000687626 4.08193e-05 -0.00275756 -0.000758051 -0.00129649 0.000134275
internal_weight=44473.6 5818.62 38655 4524.99 2363.86 1717.9 1293.63 18221.1 8564.76 9656.38 5182.09 2216.4 2782.33 1962.65 1626.47 754.758 341.263 1482.76 923.515 733.637 4474.29 4140.17 3097.43 1228.08 1869.35 277.442 2161.14 1042.74 1153.71 5782.43
internal_count=6524 2989 3535 2496 1242 839 493 1972 932 1040 616 292 309 237 787 359 180 186 124 106 424 372 254 119 135 156 1254 118 446 623
cat_boundaries=0 1 2 3
cat_threshold=33 291 512
is_linear=0
shrinkage=0.05


Tree=122
num_leaves=31
num_cat=2
split_feature=2 9 9 0 2 8 6 0 4 4 7 4 7 3 2 8 8 8 0 7 6 7 8 3 4 8 8 3 3 0
split_gain=26.7456 4.77894 3.15775 2.87092 2.66511 3.77251 2.42104 2.21402 2.19471 4.48063 3.12682 5.23902 2.92205 2.55604 3.3042 2.50388 1.98856 3.3797 2.4538 2.56754 2.53743 2.71349 2.45081 5.68632 2.23371 2.10514 1.99101 1.94762 2.31654 1.92673
threshold=1.7857142857142858 0 1 1.0000000180025095e-35 0.6428571428571429 0.8095540242826027 0.98296291314453421 2.5000000000000004 2.5000000000000004 1.5000000000000002 0.1294095225512602 4.5000000000000009 -0.60355339059327384 2.7602622373694188 2.9285714285714293 0.11617398296320354 0.080099934150200183 0.058375208739703498 2.5000000000000004 -0.78656609248549325 -0.70710678118654735 -0.9159756150367534 0.26860109004631538 2.2360679774997938 1.0000000180025095e-35 0.58508074714003988 0.28877184969271236 2.2886885410853197 1.6035674514745477 2.5000000000000004
decision_type=2 1 1 2 2 2 2 2 2 2 2 2 2 2 2 2 2 2 2 2 2 2 2 2 2 2 2 2 2 2
left_child=1 7 -2 -3 -5 6 -6 -1 9 16 11 15 27 14 -11 -10 17 -4 20 22 26 -22 -20 -24 -21 -26 -18 28 -13 -14
right_child=2 3 8 4 5 -7 -8 -9 10 13 -12 12 29 -15 -16 -17 18 -19 19 24 21 -23 23 -25 25 -27 -28 -29 -30 -31
leaf_value=-0.0012660019919780801 0.00082650873117126123 -0.0026968218580991337 -0.0004457760428790903 -0.0079736686682525971 -0.0032762232107743532 -0.016158423645484202 -0.011791141523136987 0.0053781592138848573 0.0044607335093688125 -0.0058767257043046278 0.0014050656547530006 -0.0025430340738328795 -0.0089092936777736137 -0.0046647272764864609 -0.00040628467382190065 0.00036897458603930752 0.0075351900694312461 0.0068251180265444245 -0.0011559507158210405 -8.7972421088946241e-05 0.0033440322348709684 -0.0034601366854916183 -0.0016770336450366377 0.0077157860226966498 -0.0039597033888084969 0.00047101705676697671 0.0011827631073408913 -0.0032994342246112224 0.0025421406637122809 -0.003212633025800775
leaf_weight=1152.2173204421997 20451.214495658875 2155.2071412801743 365.00108408927917 640.73674201965332 1558.9446753263474 63.430982947349548 88.202875375747681 140.69388914108276 438.71630525588989 332.40928077697754 4480.7698979377747 381.40140771865845 207.2868025302887 815.78859186172485 1627.5654811859131 2529.9386224746704 262.63380289077759 284.32081317901611 612.50400686264038 1293.3843188285828 273.3084397315979 315.87624406814575 306.66590356826782 339.52934837341309 1147.6043515205383 349.79846477508545 232.58470821380615 557.36619138717651 542.53698253631592 522.74562883377075
leaf_count=446 1563 1254 43 403 755 33 51 47 48 61 424 61 38 72 176 276 33 30 59 130 36 50 31 30 118 35 28 62 63 68
internal_value=-7.45885e-05 -0.00324095 0.000400267 -0.0040061 -0.00522322 -0.00419297 -0.00373219 -0.000538821 -7.85899e-05 -0.000661651 0.000437893 -0.000398725 -0.00224112 -0.00231294 -0.00133406 0.000973666 0.000130915 0.00273796 -0.000198817 -0.000764485 0.00191356 -0.000303848 0.00111021 0.00325822 -0.00161001 -0.00292467 0.0045517 -0.000965166 0.000442983 -0.00483015
internal_weight=44470.4 5799.43 38671 4506.52 2351.32 1710.58 1647.15 1292.91 18219.7 8558.97 9660.76 5179.99 2211.34 2775.76 1959.97 2968.65 5783.21 649.322 5133.89 4049.49 1084.4 589.185 1258.7 646.195 2790.79 1497.4 495.219 1481.3 923.938 730.032
internal_count=6524 2989 3535 2496 1242 839 806 493 1972 932 1040 616 292 309 237 324 623 73 550 403 147 86 120 61 283 153 61 186 124 106
cat_boundaries=0 1 2
cat_threshold=33 291
is_linear=0
shrinkage=0.05


Tree=123
num_leaves=31
num_cat=4
split_feature=2 9 9 0 2 8 6 6 0 4 4 3 2 8 8 0 6 6 0 8 3 8 2 9 8 8 9 8 3 8
split_gain=25.5107 4.58072 3.00019 2.76363 2.57945 3.67654 2.3468 2.1379 2.96751 2.34046 4.51997 2.45902 2.76073 2.45534 2.62592 2.15267 2.45771 2.29894 2.09773 1.93343 4.31629 1.92151 2.22592 1.80357 1.93042 2.48488 2.31819 3.45543 2.00029 1.887
threshold=1.7857142857142858 0 1 1.0000000180025095e-35 0.6428571428571429 0.8095540242826027 0.98296291314453421 0.25881904510252091 1.5000000000000002 2.5000000000000004 1.5000000000000002 2.7602622373694188 2.9285714285714293 0.080099934150200183 0.058375208739703498 2.5000000000000004 -0.70710678118654735 -0.60355339059327362 2.5000000000000004 0.26654550449914022 2.2360679774997938 0.68017882499574511 0.78571428571428581 2 0.52128887582834527 0.3147983283507379 3 0.37965993601554388 1.2909944487358065 0.42332670489229912
decision_type=2 1 1 2 2 2 2 2 2 2 2 2 2 2 2 2 2 2 2 2 2 2 2 1 2 2 1 2 2 2
left_child=1 18 -2 23 -5 6 21 9 -9 10 13 12 -12 14 -4 16 -15 -17 -1 -19 -21 22 -6 -3 25 28 27 -27 -25 -29
right_child=2 3 7 4 5 -7 -8 8 -10 -11 11 -13 -14 15 -16 17 -18 19 -20 20 -22 -23 -24 24 -26 26 -28 29 -30 -31
leaf_value=-0.001236151955044412 0.00080532312049350551 0.001450028956052046 0.00026654576762897994 -0.0078387304615128769 0.00041153067240482259 -0.01601717828549792 -0.01163649723835092 0.0026417677124864953 -0.0046424149922404756 0.00057808553404346764 -0.0058932592686270213 -0.004570445386860654 -0.00045904707780576039 0.0044181276570787152 0.0067570855615437632 -0.0016699261565616009 -0.00062693091652569967 -0.0010686244265284636 0.0052161350565260757 -0.0014712582556892172 0.0055750819612552238 0.0054916904541554151 -0.0044993352559181922 -0.0031689508704596859 -0.0073980425042340248 0.013236171547079381 -0.0024225870784128907 -0.0078592911259701137 -0.010810960752462366 0.0048912590199987199
leaf_weight=1150.759533405304 20468.124554157257 239.18068993091583 348.66376638412476 635.64803433418274 285.25249707698822 62.414274573326111 87.168970346450806 189.29029870033264 535.00174283981323 9270.9390430450439 274.60912370681763 811.99202251434326 1569.5386848449707 497.48024129867554 281.76727628707886 2331.6727657318115 468.9630274772644 761.76396560668945 141.45260095596313 398.15040683746338 478.54998970031738 61.013907432556152 1207.5791783332825 1117.2506392002106 235.21011936664581 74.871070623397827 271.08997905254364 50.088467597961426 92.735895037651062 68.975903153419495
leaf_count=446 1563 128 40 403 168 33 51 33 92 972 51 72 167 61 29 215 65 81 47 46 48 29 558 668 145 44 160 30 39 40
internal_value=-7.28148e-05 -0.00317096 0.000390122 -0.00392258 -0.00512064 -0.00410636 -0.00365334 -7.6751e-05 -0.00273873 3.34166e-05 -0.000580654 -0.00227774 -0.00126825 0.000229063 0.00316745 -0.000146187 0.00197003 -0.000661334 -0.000525781 0.000773977 0.00237501 -0.00320549 -0.00356096 -0.00263705 -0.00313995 -0.00256077 0.000545692 0.00458344 -0.00375465 -0.000472693
internal_weight=44467.2 5780.69 38686.5 4488.48 2339.08 1703.43 1641.01 18218.4 724.292 17494.1 8223.15 2656.14 1844.15 5567.01 630.431 4936.58 966.443 3970.14 1292.21 1638.46 876.7 1553.85 1492.83 2149.4 1910.22 1675.01 465.025 193.935 1209.99 119.064
internal_count=6524 2989 3535 2496 1242 839 806 1972 125 1847 875 290 218 585 69 516 126 390 493 175 94 755 726 1254 1126 981 274 114 707 70
cat_boundaries=0 1 2 3 4
cat_threshold=33 291 512 400
is_linear=0
shrinkage=0.05


Tree=124
num_leaves=31
num_cat=4
split_feature=2 9 9 6 6 0 4 4 3 2 8 8 7 4 6 3 8 0 0 7 6 4 8 0 8 0 4 9 9 2
split_gain=24.3336 4.39041 2.85028 2.69454 2.03896 2.83554 2.22603 4.30969 2.35776 2.64584 2.32709 2.47136 2.17035 4.44784 3.51431 3.11179 2.05605 2.13446 2.04463 3.00519 2.32353 2.13919 2.02004 1.98779 1.97934 1.97726 2.85935 2.49048 2.39197 1.84165
threshold=1.7857142857142858 0 1 0.78656609248549325 0.25881904510252091 1.5000000000000002 2.5000000000000004 1.5000000000000002 2.7602622373694188 2.9285714285714293 0.080099934150200183 0.058375208739703498 0.1294095225512602 4.5000000000000009 -0.5 2.2886885410853197 0.11617398296320354 6.5000000000000009 2.5000000000000004 -0.78656609248549325 -0.70710678118654735 1.0000000180025095e-35 0.58508074714003988 2.5000000000000004 0.26860109004631538 1.0000000180025095e-35 1.0000000180025095e-35 2 3 4.3571428571428585
decision_type=2 1 1 2 2 2 2 2 2 2 2 2 2 2 2 2 2 2 2 2 2 2 2 2 2 2 2 1 1 2
left_child=1 23 -2 -3 6 -6 7 10 9 -9 11 -4 13 16 -15 -16 -8 -18 20 24 -12 29 -23 -1 -20 26 -5 -28 -27 -21
right_child=2 3 4 25 5 -7 12 8 -10 -11 18 -13 -14 14 15 -17 17 -19 19 21 -22 22 -24 -25 -26 28 27 -29 -30 -31
leaf_value=-0.001206969269831337 0.00078469738200363272 -0.0028734314140401482 0.00025985747228033182 0.002614369536321388 0.0025692913023832461 -0.0045484814038745944 0.0044860552631249603 -0.0057813350140824065 -0.0044776416792939094 -0.00044785747422979266 0.0042891940084058833 0.006544373392934684 0.0013530905632103216 -0.0042765606749133175 0.0022572783689295841 -0.003011099705863596 0.0015879582505817745 -0.0016613721969113513 -0.00071822285393178902 -0.0033365163654028246 -0.00061175299883633495 -0.0038516644868091757 0.00049262508507791922 0.0050598222160369421 0.0033779458238712683 -0.0024999101528906248 0.000278048976606221 -0.0065210594393848341 -0.008890480200507608 0.001032142751721511
leaf_weight=1149.3378994464874 20484.614650249481 2739.5907888412476 348.7567138671875 145.75328814983368 189.79102063179016 532.52379751205444 392.28634643554688 272.99554109573364 808.28932237625122 1568.8183536529541 499.68303203582764 283.67764854431152 4489.6647706031799 902.55761528015137 627.61791276931763 506.45871353149414 1623.9405422210693 733.77410459518433 553.68821430206299 321.03850698471069 468.66911363601685 1141.6939582824707 349.49997615814209 142.19236373901367 631.04431247711182 231.7576619386673 181.11134672164917 596.19226372241974 576.51224946975708 970.55814361572266
leaf_count=446 1563 1414 40 87 33 92 40 51 72 167 61 29 424 138 70 53 186 61 49 48 65 118 35 47 58 138 101 394 362 82
internal_value=-7.1084e-05 -0.00310239 0.000380259 -0.00384064 -7.49113e-05 -0.00267826 3.25319e-05 -0.000566673 -0.00222637 -0.00123839 0.000223221 0.00307877 0.000563402 -0.000177293 -0.00194838 -9.54868e-05 0.00113436 0.000576693 -0.000142661 -0.000645411 0.0019172 -0.00154329 -0.00283347 -0.000513048 0.00146359 -0.0053933 -0.00381214 -0.00501719 -0.00719902 -5.37286e-05
internal_weight=44464.1 5762.45 38701.6 4470.92 18217 722.315 17494.7 8218.41 2650.1 1841.81 5568.31 632.434 9276.3 4786.64 2036.63 1134.08 2750 2357.71 4935.88 3967.52 968.352 2782.79 1491.19 1291.53 1184.73 1731.33 923.057 777.304 808.27 1291.6
internal_count=6524 2989 3535 2496 1972 125 1847 875 290 218 585 69 972 548 261 123 287 247 516 390 126 283 153 493 107 1082 582 495 500 130
cat_boundaries=0 1 2 3 4
cat_threshold=33 291 514 192
is_linear=0
shrinkage=0.05


Tree=125
num_leaves=31
num_cat=5
split_feature=6 7 9 8 9 4 7 6 4 7 8 8 9 9 8 1 8 1 9 4 8 8 6 8 3 3 1 3 3 8
split_gain=19.8202 6.33814 3.82648 3.63639 3.66069 3.14684 8.28717 7.67323 5.9563 4.50015 4.36637 3.91599 4.68538 3.46186 3.42752 3.28717 3.0907 3.00258 2.98056 2.93491 2.92687 2.6717 2.23342 2.19245 2.62474 2.59845 2.12844 2.43004 2.097 3.36622
threshold=0.37940952255126054 0.91597561503675351 0 0.65477639379969677 1 3.5000000000000004 0.1294095225512602 -0.5 4.5000000000000009 0.60355339059327384 0.5443711740545415 0.74046911398010062 2 3 0.55312065292426993 6.5000000000000009 0.28538855570809757 5.5000000000000009 4 4.5000000000000009 0.39483819545558141 0.12561267953474442 -1.0000000180025095e-35 0.15625489206817664 2.3953857604565458 2.4976179127511182 4.5000000000000009 2.4494897427831797 2.1436434530208168 0.1424479740619076
decision_type=2 2 1 2 1 2 2 2 2 2 2 2 1 1 2 2 2 2 1 2 2 2 2 2 2 2 2 2 2 2
left_child=1 5 -2 4 16 9 7 8 14 11 18 12 -1 17 15 -7 23 -10 26 -6 21 -20 -21 25 -25 -3 -8 -28 -9 -30
right_child=2 3 -4 -5 19 6 10 28 13 -11 -12 -13 -14 -15 -16 -17 -18 -19 20 22 -22 -23 -24 24 -26 -27 27 -29 29 -31
leaf_value=0.00189332955288311 -0.00082389114376797625 0.0064581170897729401 -0.0040198536538463281 -0.0077722801488753976 -0.0042098129312603252 0.0033014697114103105 0.0031830284816032821 0.0016422492528634777 -9.2094668524158791e-05 -0.00081392551879955709 -0.0026204097531983325 0.0037743600480389366 0.00028312969966787888 -0.0063511243547604776 -0.0050244725134747344 -0.0029674448198368179 0.0040446310202808628 -0.0059690368081883752 0.0045446485007688553 0.0022346239843779375 0.0065416060088012819 0.0011640020651438045 -0.0051869923150164761 -0.0074928094777708528 0.00029197768561219583 -0.0026846927483328994 -0.0028456070505275088 0.0015049746252824045 0.0026153644850912591 -0.0016046669020833423
leaf_weight=7850.3254871368408 1329.2123200893402 159.8088310956955 3324.9473813772202 237.43938338756561 1183.348602771759 638.0921106338501 437.30799198150635 1633.831716299057 596.26868009567261 3395.7462682723999 612.36834287643433 1331.9989960193634 10653.988605737686 1185.9153735637665 282.75983572006226 311.04454708099365 453.69699287414551 341.98949861526489 827.26463842391968 386.12336540222168 439.89852809906006 1990.9001631736755 137.45863401889801 210.53899645805359 222.9189076423645 151.27860260009766 700.52035570144653 592.38467121124268 613.96346521377563 2051.7039484977722
leaf_count=644 490 68 1957 65 341 76 44 196 82 331 45 108 959 172 29 22 105 29 53 35 30 131 78 73 26 16 53 43 51 166
internal_value=-3.0826e-05 0.000331666 -0.0031175 -0.00182293 -0.00133669 0.000517234 -9.74675e-05 -0.00116675 -0.00295845 0.000867983 0.00136415 0.00115591 0.000967422 -0.00456256 -0.000192455 0.00124706 0.000785044 -0.00221064 0.0018533 -0.00281423 0.00274006 0.00215638 0.000286189 -0.00119068 -0.00348925 0.00201206 0.000166693 -0.000852253 0.000231793 -0.000632698
internal_weight=44285 39630.9 4654.16 3142.61 2905.17 36488.3 13256.2 7655.57 3356.07 23232.1 5600.64 19836.3 18504.3 2124.17 1231.9 949.137 1198.24 938.258 4988.28 1706.93 3258.06 2818.16 523.582 744.545 433.458 311.087 1730.21 1292.91 4299.5 2665.67
internal_count=6518 4071 2447 807 742 3264 1222 823 410 2042 399 1711 1603 283 127 98 288 111 354 454 214 184 113 183 99 84 140 96 413 217
cat_boundaries=0 1 2 3 4 5
cat_threshold=33 531 178 864 202
is_linear=0
shrinkage=0.05


Tree=126
num_leaves=31
num_cat=4
split_feature=2 7 9 1 4 9 4 7 6 8 4 4 7 7 4 6 4 6 1 7 2 8 1 9 6 8 1 7 1 9
split_gain=20.3569 3.53675 2.47521 3.90574 2.50218 2.10107 1.91193 1.92364 1.84942 3.84444 1.96282 5.01251 4.16231 4.09112 7.38995 6.0203 3.30242 7.04939 4.67502 3.0881 2.91408 2.89717 2.61449 3.07946 2.57098 2.34556 5.92773 3.40306 3.05924 3.85507
threshold=1.5000000000000002 -0.9159756150367534 0 10.500000000000002 4.5000000000000009 1 5.5000000000000009 -0.70710678118654757 0.25881904510252091 0.18704446636225655 1.5000000000000002 2.5000000000000004 0.91597561503675351 0.1294095225512602 4.5000000000000009 -0.25881904510252113 4.5000000000000009 -0.78656609248549303 3.5000000000000004 0.60355339059327384 5.9285714285714297 0.24546864569476237 5.5000000000000009 2 -0.98296291314453399 0.38923719011008001 6.5000000000000009 0.1294095225512602 4.5000000000000009 3
decision_type=2 2 1 2 2 1 2 2 2 2 2 2 2 2 2 2 2 2 2 2 2 2 2 1 2 2 2 2 2 1
left_child=1 -1 -2 8 -5 6 7 -3 10 -10 12 19 25 14 20 22 17 -15 -18 -12 24 -22 23 -16 -13 28 27 -27 29 -4
right_child=2 5 3 4 -6 -7 -8 -9 9 -11 11 13 -14 16 15 -17 18 -19 -20 -21 21 -23 -24 -25 -26 26 -28 -29 -30 -31
leaf_value=0.0079214226934670433 0.0009483873391779575 0.0059641163448485917 0.0047390867074053019 -0.0010460574028319446 -0.0051700015418627912 -0.0038370868799970492 -0.0063829169002138616 -0.0014896269309994607 -0.0051791364832106442 0.00047261389116104571 -0.00082646049328566047 0.0061946942302604762 -0.003992557527380469 0.0030944808719057643 -0.00050232066358392143 0.00080104784658966148 0.0074965946092216146 -0.0018751914841520015 0.0018763416733713072 -0.0044095600968915502 0.0021335632634337147 -0.003091487100901335 -0.0072545026999644678 -0.0050493909403356661 0.0014620652923026305 -0.0009856909071542352 0.0073421943806753071 0.004522395758870864 -0.0001131399571932724 0.00021892248242664434
leaf_weight=73.280903577804565 12225.338037252426 92.552356243133545 903.08074188232422 1622.9938516616821 475.60275650024414 3462.6406962871552 187.02888679504395 1336.7816457748413 470.73482990264893 833.93015682697296 2824.6699123382568 323.9431791305542 388.73703622817993 1301.7594337463379 744.23745012283325 1113.9153833389282 443.91703987121582 1579.2403810024261 2222.3797512054443 763.96794104576111 439.49395084381104 669.34164047241211 429.59328269958496 755.84372448921204 2514.1367425918579 780.08438587188721 526.86449956893921 437.79464435577393 3350.0396761894226 990.00419330596924
leaf_count=23 894 30 104 103 31 2075 86 589 95 157 285 29 63 97 104 108 46 188 181 99 30 48 43 124 303 91 40 42 287 123
internal_value=-3.0201e-05 -0.00298459 0.000358789 9.05094e-05 -0.00198066 -0.00314194 -0.00161901 -0.00100698 0.000265756 -0.00156659 0.00036747 5.84351e-05 0.00104307 0.000530044 -0.000274531 -0.00212581 0.00154394 0.00037032 0.00281207 -0.00158925 0.00115305 -0.00102051 -0.00381536 -0.00283046 0.00200226 0.0013232 0.0029112 0.000994318 0.000794768 0.00240142
internal_weight=44283.9 5152.28 39131.6 26906.3 2098.6 5079 1616.36 1429.33 24807.7 1304.66 23503 16126.4 7376.61 12537.8 6990.51 3043.59 5547.3 2881 2666.3 3588.64 3946.92 1108.84 1929.67 1500.08 2838.08 6987.87 1744.74 1217.88 5243.12 1893.08
internal_count=6518 2803 3715 2821 134 2780 705 619 2687 252 2435 1685 750 1301 789 379 512 285 227 384 410 78 271 228 332 687 173 133 514 227
cat_boundaries=0 1 2 3 4
cat_threshold=33 35 960 912
is_linear=0
shrinkage=0.05


Tree=127
num_leaves=31
num_cat=4
split_feature=2 7 4 3 9 2 3 3 9 6 7 9 4 4 1 3 4 6 7 4 6 4 0 2 9 3 3 6 2 1
split_gain=19.4279 2.53686 2.46347 2.75066 2.67647 2.9814 2.53282 2.92075 2.37444 1.96587 2.20611 1.943 2.65225 2.46177 2.62869 2.96984 3.28392 1.60492 4.75677 8.74703 2.92445 10.9453 4.61732 4.51202 3.53395 3.00741 2.56384 3.24341 2.9727 2.28878
threshold=1.7857142857142858 -0.9159756150367534 1.0000000180025095e-35 0.75592894601845539 0 1.0714285714285716 0.48795003647426699 0.48795003647426655 1 0.12940952255126045 -0.9159756150367534 2 1.5000000000000002 5.5000000000000009 2.5000000000000004 1.0690449676496989 2.5000000000000004 -0.25881904510252113 -0.12940952255126037 4.5000000000000009 -0.78656609248549303 4.5000000000000009 6.5000000000000009 4.6428571428571432 3 2.4299715851758257 3.6416883550621599 1.0000000180025095e-35 7.0714285714285721 5.5000000000000009
decision_type=2 2 2 2 1 2 2 2 1 2 2 1 2 2 2 2 2 2 2 2 2 2 2 2 1 2 2 2 2 2
left_child=1 -1 3 6 -5 -6 7 -3 -2 17 -11 12 -4 14 15 -14 -17 18 19 -10 23 24 -23 25 -22 -20 27 28 -19 -21
right_child=8 2 11 4 5 -7 -8 -9 9 10 -12 -13 13 -15 -16 16 -18 26 20 29 21 22 -24 -25 -26 -27 -28 -29 -30 -31
leaf_value=0.004027987850570295 0.0012540703612514293 -0.0056600166240898088 -0.0061803826812215149 -0.0022323239992151503 0.0092970656686915485 -0.00036004143582888976 -0.0071443935341101803 0.010694054063984125 -6.4473433998317174e-05 -0.00086054348163075401 -0.0067642078132473891 -0.0040897131357996155 -0.00093805077771746753 -0.005676793062808618 -0.0070403288592502822 -0.0024764060540221552 0.0087720529323854855 0.0040272451178257332 0.008436472751213479 -0.0032759647926080635 -0.0041060713449384677 0.0046134885210528118 -6.5873464536448978e-05 0.00083269208938511238 -0.00083793654997482659 0.0015636419114901214 -0.0022758649626340847 0.00010582010717944152 0.00070107365954672634 -0.0079786477751053169
leaf_weight=135.14799880981445 6394.4068486690521 57.38357412815094 294.92383623123169 255.44710695743561 167.02645242214203 153.25373899936676 226.1820216178894 52.078466773033142 6012.568229675293 1314.2127664089203 179.90532469749451 3124.0258768796921 646.68123245239258 224.51409757137299 115.24016857147217 96.184563159942627 199.39693927764893 1528.2513203620911 335.17969608306885 1248.0687186717987 1073.2448341846466 1283.8473000526428 894.4655179977417 9695.2853908538818 3576.6414108276367 303.111741065979 534.28750801086426 2636.8468141555786 1198.573992729187 326.39754009246826
leaf_count=40 426 35 124 130 83 53 127 32 681 206 56 1820 287 101 47 36 78 138 36 198 172 113 59 655 360 33 34 250 76 32
internal_value=-2.95581e-05 -0.00274135 -0.00290436 -0.000525232 0.00157212 0.00453457 -0.00412281 0.00212072 0.000374902 0.000199539 -0.0015714 -0.00336559 -0.00189313 -0.000921626 8.79241e-05 0.00095972 0.00511172 0.000285943 0.000109307 -0.000933236 0.000570204 -0.000232736 0.00269203 0.00110077 -0.00160289 0.0051727 0.00102713 0.00135615 0.00256523 -0.00425086
internal_weight=44282.8 5747.49 5612.34 911.371 575.727 320.28 335.644 109.462 38535.3 32140.9 1494.12 4700.97 1576.94 1282.02 1057.5 942.263 295.582 30646.8 24748.8 7587.03 17161.8 6828.2 2178.31 10333.6 4649.89 638.291 5897.96 5363.67 2726.83 1574.47
internal_count=6518 2993 2953 460 266 136 194 67 3525 3099 262 2493 673 549 448 401 114 2837 2339 911 1428 704 172 724 532 69 498 464 214 230
cat_boundaries=0 1 2 3 4
cat_threshold=906 32 35 28
is_linear=0
shrinkage=0.05


Tree=128
num_leaves=31
num_cat=5
split_feature=6 7 8 9 9 8 4 7 6 4 8 7 8 9 9 8 1 9 1 8 4 8 8 3 3 3 8 8 1 3
split_gain=17.3523 5.64383 3.46234 3.46283 3.44651 2.93151 2.92203 7.39258 7.16423 5.39149 4.07188 3.99979 3.63273 4.35529 3.25596 3.24624 3.1111 2.86406 2.84704 2.72988 2.65584 2.48575 2.093 2.49475 2.49199 2.00467 3.16359 2.2678 1.93665 2.34497
threshold=0.37940952255126054 0.91597561503675351 0.65477639379969677 0 1 0.28538855570809757 3.5000000000000004 0.1294095225512602 -0.5 4.5000000000000009 0.5443711740545415 0.60355339059327384 0.74046911398010062 2 3 0.55312065292426993 6.5000000000000009 4 5.5000000000000009 0.39483819545558141 4.5000000000000009 0.12561267953474442 0.15625489206817664 2.3953857604565458 2.4976179127511182 2.1436434530208168 0.1424479740619076 0.43976052209825928 4.5000000000000009 2.4494897427831797
decision_type=2 2 2 1 1 2 2 2 2 2 2 2 2 1 1 2 2 1 2 2 2 2 2 2 2 2 2 2 2 2
left_child=1 6 3 5 -2 22 11 8 9 15 17 12 13 -1 18 16 -8 28 -11 21 -5 -19 24 -24 -3 27 -27 -10 -9 -30
right_child=4 2 -4 20 -6 -7 7 10 25 14 -12 -13 -14 -15 -16 -17 -18 19 -20 -21 -22 -23 23 -25 -26 26 -28 -29 29 -31
leaf_value=0.0018003770651288877 -0.00075385689781382222 0.0063395634513510385 -0.0075704174409201887 -0.0040363691469919114 -0.0037942848409411537 0.0039742239659894523 0.0031496240440102592 0.0029492717278003771 0.0024909031645912166 -5.449886442490397e-05 -0.0025850467284106934 -0.00076700462842303231 0.0036055084894561734 0.00024998459249875635 -0.0061432666758884091 -0.0049493407118025544 -0.0029457342835723425 0.0043339965799746253 -0.0057954865257582649 0.0062571920852610837 0.00024353964302795719 0.0010828818572708391 -0.0073117700550805603 0.00029863835823671611 -0.0026131604441881184 0.0025233987661189968 -0.0015632122991388452 -0.0023077190043254213 -0.0028468971864458029 0.0014232022795999425
leaf_weight=7877.7624590396881 1325.316615819931 160.41667926311493 234.66224598884583 1173.4777067899704 3289.1850528717041 454.80601406097412 641.55513477325439 440.98794603347778 1334.1791865825653 595.36383676528931 611.39482641220093 3389.1246271133423 1339.9086792469025 10668.082273006439 1172.6123473644257 281.69121026992798 310.73596048355103 833.24012994766235 338.87122678756714 443.92321348190308 524.47263610363007 1997.132839679718 208.36312460899353 222.8598165512085 150.7915096282959 616.02775096893311 2048.0483002662659 301.9330883026123 700.5614709854126 594.22985458374023
leaf_count=644 490 68 65 341 1957 105 76 44 162 82 45 331 108 959 172 29 22 53 29 30 113 131 73 26 16 51 166 34 53 43
internal_value=-2.89626e-05 0.000308622 -0.00172911 -0.00125566 -0.00293091 0.000806371 0.000483178 -0.000109168 -0.00112169 -0.00285868 0.00126711 0.000820708 0.0010913 0.000909654 -0.00439589 -0.000234099 0.00116069 0.0017372 -0.00211427 0.00260379 -0.00269847 0.00203999 -0.00112336 -0.00337864 0.00200165 0.000227777 -0.000618245 0.00160535 8.69962e-05 -0.000887183
internal_weight=44281.7 39667.2 3129.85 2895.19 4614.5 1197.24 36537.4 13262.5 7641.02 3340.83 5621.47 23274.9 19885.8 18545.8 2106.85 1233.98 952.291 5010.08 934.235 3274.3 1697.95 2830.37 742.431 431.223 311.208 4300.19 2664.08 1636.11 1735.78 1294.79
internal_count=6518 4071 807 742 2447 288 3264 1222 823 410 399 2042 1711 1603 283 127 98 354 111 214 454 184 183 99 84 413 217 196 140 96
cat_boundaries=0 1 2 3 4 5
cat_threshold=531 33 178 864 202
is_linear=0
shrinkage=0.05


Tree=129
num_leaves=31
num_cat=3
split_feature=2 7 9 1 1 2 4 4 3 3 3 9 1 8 9 4 4 8 0 8 2 8 3 1 3 2 8 3 4 7
split_gain=17.7185 3.185 2.3202 4.50693 2.61741 2.07444 2.34255 1.97482 3.02572 3.02086 3.02271 2.16862 3.48905 3.37183 2.03425 3.72164 2.45577 2.1602 3.38339 2.8826 2.87185 2.73397 2.6365 1.907 2.28955 1.89295 1.79003 1.75446 1.66238 3.5224
threshold=1.5000000000000002 -0.9159756150367534 0 10.500000000000002 12.500000000000002 2.785714285714286 4.5000000000000009 1.0000000180025095e-35 0.75592894601845539 0.48795003647426699 0.48795003647426655 1 1.0000000180025095e-35 0.20868183832290296 2 1.5000000000000002 5.5000000000000009 0.35557861696539855 1.5000000000000002 0.22778604954446521 1.0714285714285716 0.44908987642340409 0.81649658092772526 9.5000000000000018 2.8115408417381946 3.9285714285714293 0.18875845997418905 0.89973541084243835 3.5000000000000004 0.1294095225512602
decision_type=2 2 1 2 2 2 2 2 2 2 2 1 2 2 1 2 2 2 2 2 2 2 2 2 2 2 2 2 2 2
left_child=1 -1 5 23 -5 6 26 8 9 10 -3 13 -13 -10 15 27 17 19 20 -17 21 -19 -21 -4 -25 -7 -2 -9 -27 -30
right_child=2 7 3 4 -6 25 -8 14 11 -11 -12 12 -14 -15 -16 16 -18 18 -20 22 -22 -23 -24 24 -26 28 -28 -29 29 -31
leaf_value=0.0074798785838328099 0.0039907883943576562 -0.0054868166617579343 0.00010495763091004234 -0.0037705242342205183 0.00053809164025818022 0.0035901745111248046 -0.0065807195451232231 -0.0038087931659041771 -0.003881017345392289 -0.0079052694020245833 0.011393632650778406 0.0055117724691973865 -0.0064331120897748815 0.0088317524584999845 -0.0043250819772893906 -0.00067886580818850295 -0.00548212742431775 -0.012552872930660527 -0.01142221809356579 0.011193777744309458 0.007196084734791117 0.00011989928085418252 0.0012307914041326763 0.0049211572397836363 -0.00011924713577496117 0.001210322208684984 -0.0020255091999161496 -0.011328085818165223 -0.0011291569174513778 0.0013684118094148372
leaf_weight=74.28237771987915 178.69501805305481 56.869738698005676 20239.25124001503 1180.0325527191162 502.61444664001465 633.36927890777588 189.05616092681885 185.53341805934906 73.991869330406189 215.67010903358459 49.69232451915741 102.17185175418854 152.20573592185974 176.76233315467834 2445.5131969451904 542.43409276008606 250.68307375907898 61.092868208885193 93.234548568725586 119.36803925037384 85.869474530220032 140.28526020050049 149.65431809425354 460.49766445159912 441.11663055419922 9299.3024878501892 401.2496896982193 133.3216872215271 2816.4428272247314 2830.4036273956299
leaf_count=23 53 35 2279 78 31 90 59 90 38 124 31 49 75 83 1521 247 123 31 41 58 38 70 65 31 31 584 115 61 207 157
internal_value=-2.83746e-05 -0.00279795 0.00033282 6.96146e-06 -0.00248352 0.000787252 -0.00174737 -0.0029496 -0.00071654 -0.00450231 0.00238492 0.00169847 -0.00157354 0.00488566 -0.00338876 -0.00205262 -0.00098379 -3.77198e-05 -0.00314625 0.00141983 -0.000460045 -0.00372469 0.00565147 0.000205188 0.00245513 0.000912866 -0.000171742 -0.00695281 0.00079941 0.000122715
internal_weight=44280.7 5108.64 39172 22823.5 1682.65 16348.5 769.001 5034.35 827.364 322.232 106.562 505.132 254.378 250.754 4206.99 1761.48 1442.62 1191.94 380.482 811.456 287.248 201.378 269.022 21140.9 901.614 15579.5 579.945 318.855 14946.1 5646.85
internal_count=6518 2803 3715 2450 109 1265 227 2780 435 190 66 245 124 121 2345 824 673 550 180 370 139 101 123 2341 62 1038 168 151 948 364
cat_boundaries=0 1 2 3
cat_threshold=35 118 291
is_linear=0
shrinkage=0.05


Tree=130
num_leaves=31
num_cat=2
split_feature=2 7 9 6 9 8 6 8 8 7 0 3 0 2 6 4 3 8 3 3 8 4 7 3 3 8 8 4 8 7
split_gain=17.932 2.93872 2.61897 2.78792 2.30365 2.2521 2.79668 2.318 1.94957 2.10227 1.88068 1.8689 1.85068 2.01189 2.23491 4.43367 3.78737 2.32858 2.29873 2.13183 1.84836 3.12517 1.73479 1.8497 2.21435 3.68327 3.33134 1.71023 1.6999 1.69779
threshold=1.5000000000000002 -0.9159756150367534 0 0.37940952255126054 1 0.5678959486837819 0.78656609248549325 0.10229139348815881 0.31691440260749054 -0.5 1.0000000180025095e-35 0.8997354108424368 9.5000000000000018 7.0714285714285721 -0.91597561503675329 3.5000000000000004 2.581988897471613 0.42332670489229912 2.2038661803717079 1.982053317447358 0.35163479594397334 3.5000000000000004 0.60355339059327384 1.2535663410560189 1.0000000000000009 0.43145210309338916 0.31691440260749054 4.5000000000000009 0.090288993483479338 -0.12940952255126037
decision_type=2 2 1 2 1 2 2 2 2 2 2 2 2 2 2 2 2 2 2 2 2 2 2 2 2 2 2 2 2 2
left_child=1 -1 12 -4 22 6 7 28 27 -10 -8 -12 13 14 15 18 19 -16 29 -17 21 -13 -3 24 25 26 -24 -5 -6 -2
right_child=2 4 3 8 5 -7 10 -9 9 -11 11 20 -14 -15 17 16 -18 -19 -20 -21 -22 -23 23 -25 -26 -27 -28 -29 -30 -31
leaf_value=0.0065709068766501002 0.0017611518164738428 -2.0496296471723194e-05 0.00062029682559397448 0.001515236830433502 -4.4380379357303937e-05 -0.0074098793495378503 -0.0033785249120379477 -0.0028123388760989366 -0.0014473786263655255 -0.010903808206619731 -0.0092715150354613883 -0.0058351471450410327 0.0027187017286874611 -0.0038441633541804856 -0.0003523555166989776 -0.00051222106483833228 0.0032607767903195814 -0.0025296734984752412 0.00087915718507848009 -0.0060780620764264749 -0.011673996806284746 0.0092722633837375012 -0.0023636900733848745 0.0039250872568418142 -0.011336580933806616 0.0071164350115131905 -0.013501157466441205 -0.0058395451775118774 0.0089700900270357192 0.0067082578512576256
leaf_weight=81.209746122360229 304.62102270126343 927.09154903888702 27336.423308610916 277.09766495227814 225.94416093826294 373.1474826335907 734.24039578437805 1503.3887822628021 113.33559322357178 122.07857918739319 376.01838254928589 97.398573160171509 466.45910692214966 431.25833320617676 5919.8649725914001 296.08861780166626 265.21854496002197 1549.3557255268097 1034.6803698539734 410.64031791687012 49.409862637519836 52.783557891845703 280.42905533313751 74.771288990974426 96.348508596420288 75.12748110294342 88.275995492935181 110.58614790439606 68.048635601997375 402.69491291046143
leaf_count=25 39 410 2133 95 116 234 479 869 35 48 248 59 40 33 771 38 28 208 102 51 31 32 130 28 46 34 40 39 36 36
internal_value=-7.73376e-05 -0.00286452 0.000287023 0.000544723 -0.00301709 -0.0037289 -0.00329885 -0.0020183 -0.00276211 -0.00635119 -0.00505602 -0.00719581 -0.000363376 -0.000499162 -0.000357501 0.000871341 -0.0018342 -0.000804001 0.0023809 -0.00374622 -0.00328531 -0.000525442 -0.00137742 -0.00344549 -0.00446572 -0.00297418 -0.00503024 -0.000582702 0.00204214 0.00457768
internal_weight=44144 5103.63 39040.4 27959.5 5022.42 3480.38 3107.23 1797.38 623.098 235.414 1309.85 575.61 11080.9 10614.4 10183.2 2713.94 971.947 7469.22 1742 706.729 199.592 150.182 1542.04 614.952 540.181 443.833 368.705 387.684 293.993 707.316
internal_count=6513 2817 3696 2350 2792 2104 1870 1021 217 83 849 370 1346 1306 1273 294 117 979 177 89 122 91 688 278 250 204 170 134 152 75
cat_boundaries=0 1 2
cat_threshold=156 97
is_linear=0
shrinkage=0.05


Tree=131
num_leaves=31
num_cat=2
split_feature=2 7 9 6 9 6 8 6 2 3 1 8 7 0 2 6 5 8 3 8 8 3 8 8 8 1 8 8 7 0
split_gain=17.101 2.79258 2.48966 2.65602 2.21291 2.54231 2.86996 2.10198 1.96995 2.55014 2.12794 1.8724 2.03749 1.75662 1.92237 2.12551 3.22633 2.22272 1.92014 1.8251 1.67824 2.05654 1.64928 2.57361 1.42648 1.37361 1.7992 1.39407 1.35504 1.31302
threshold=1.5000000000000002 -0.9159756150367534 0 0.37940952255126054 1 0.78656609248549325 0.58508074714003988 0.60355339059327384 0.2142857142857143 0.8997354108424368 1.5000000000000002 0.31691440260749054 -0.5 9.5000000000000018 7.0714285714285721 -0.91597561503675329 1.0000000180025095e-35 0.42332670489229912 2.1436434530208168 0.30556668825806638 0.10229139348815881 0.97590007294853398 0.23496114046135727 0.1301771252226023 0.20695870608825012 5.5000000000000009 0.23134914452951175 0.30951215724279552 0.78656609248549303 1.5000000000000002
decision_type=2 2 1 2 1 2 2 2 2 2 2 2 2 2 2 2 2 2 2 2 2 2 2 2 2 2 2 2 2 2
left_child=1 -1 13 -4 -3 6 20 -8 -7 10 29 22 -13 14 15 16 18 -17 -2 -18 21 28 23 -5 -11 27 -27 -20 -6 -10
right_child=2 4 3 11 5 8 7 -9 9 24 -12 12 -14 -15 -16 17 19 -19 25 -21 -22 -23 -24 -25 -26 26 -28 -29 -30 -31
leaf_value=0.0063652554612011435 0.0036396002350181826 -0.0016780379650428532 0.00060451543693293864 0.0023798407565119696 -0.0052554263732765569 0.0013619536582658632 -0.012489843678661742 -0.00033738453916676422 -0.0077931755229186418 0.0022497599879175013 0.00064699094337187059 -0.0014135118608895976 -0.010751136814442232 0.0026439086962769848 -0.0037633379502564229 -0.00034372944444896187 -5.3088464733714142e-05 -0.0024731914303553672 -0.0037030393173003249 -0.0055367941043168861 -0.0026581374708670061 0.0090285292720857467 0.0048624848147676113 -0.0071321336279807487 -0.0048851318952355012 0.0046406075717729343 -0.00050133067925568493 0.0012578878364059871 0.0035103865536199423 -0.015329367818088323
leaf_weight=81.74512505531311 841.26991605758667 2082.687878370285 27353.385237455368 137.82150793075562 91.959477305412292 93.542802095413208 117.50956213474274 51.037321925163269 680.90742897987366 110.78685331344604 70.654023170471191 113.17167282104492 120.75468814373016 467.72899580001831 429.60368537902832 5917.779438495636 371.32444190979004 1545.4413132667542 288.74064016342163 256.57677507400513 1298.9866980314255 70.884711861610413 102.72213649749756 146.916463971138 190.53222000598907 339.32959604263306 341.17158651351929 277.91457366943359 84.686996579170227 63.158576607704163
leaf_count=25 89 992 2133 47 46 66 72 33 464 68 47 35 48 40 33 771 49 208 31 32 760 33 35 52 119 30 34 29 50 42
internal_value=-7.54847e-05 -0.00280171 0.000279787 0.000530895 -0.00295136 -0.00383925 -0.00261436 -0.00880998 -0.00560775 -0.00619193 -0.00764545 -0.00270133 -0.00623367 -0.000354547 -0.000487075 -0.000348808 0.000848787 -0.000784686 0.00179365 -0.00229387 -0.00193913 0.00183404 -0.000568703 -0.00252806 -0.00226183 0.000548466 0.00206268 -0.00126997 -0.00105296 -0.00843287
internal_weight=44140.7 5089.08 39051.7 27974.8 5007.33 2924.65 1715.06 168.547 1209.58 1116.04 814.72 621.386 233.926 11076.9 10609.2 10179.5 2716.33 7463.22 2088.43 627.901 1546.52 247.531 387.46 284.738 301.319 1247.16 680.501 566.655 176.646 744.066
internal_count=6513 2817 3696 2350 2792 1800 994 105 806 740 553 217 83 1346 1306 1273 294 979 213 81 889 129 134 99 187 124 64 60 96 506
cat_boundaries=0 1 2
cat_threshold=156 609
is_linear=0
shrinkage=0.05


Tree=132
num_leaves=31
num_cat=4
split_feature=2 7 9 6 9 0 8 2 9 8 8 2 3 9 8 8 8 8 1 8 8 8 7 1 3 1 6 2 8 8
split_gain=16.3079 2.65394 2.36671 2.53047 2.13827 2.17556 2.3072 2.18591 3.3257 3.083 2.87454 3.2437 2.30931 2.0304 2.43292 3.08191 2.46181 3.20588 2.50405 2.11557 4.42311 2.04616 1.96125 1.93574 1.92619 1.82819 4.03634 3.06193 2.15521 3.16944
threshold=1.5000000000000002 -0.9159756150367534 0 0.37940952255126054 1 1.0000000180025095e-35 0.10445667651198602 0.6428571428571429 2 0.11224064369766358 0.38923719011008001 0.78571428571428581 0.69006555934235525 3 0.66518280991514833 0.21919467882353119 0.28538855570809757 0.34615566637453504 1.0000000180025095e-35 0.37965993601554388 0.41052171521746922 0.50736915055398313 1.0000000180025095e-35 1.0000000180025095e-35 1.1338934190276835 1.0000000180025095e-35 0.37940952255126054 1.2142857142857146 0.17678381033220336 0.26654550449914022
decision_type=2 2 1 2 1 2 2 2 1 2 2 2 2 1 2 2 2 2 2 2 2 2 2 2 2 2 2 2 2 2
left_child=1 -1 -2 -4 25 6 -6 -7 10 -10 11 -9 -13 24 15 23 18 -18 -17 -19 -21 -22 -14 -15 -8 27 -27 28 -3 -30
right_child=2 4 3 -5 5 7 13 8 9 -11 -12 12 22 14 -16 16 17 19 -20 20 21 -23 -24 -25 -26 26 -28 -29 29 -31
leaf_value=0.006167325267854286 -0.00034592155313802574 -0.005231552908398043 0.00058914496946150282 -0.0026418365250265394 0.0020064908159859356 -0.0074487857490925305 0.00032384462444713262 0.010208052762133178 0.0018318807732180795 -0.0075381332202220418 -0.0070829690177336485 -0.0080954943177479616 0.0072732558381809059 -0.012360436996561265 -0.014024348893391212 0.010093378749394977 -0.010848872084647425 0.0088852207972241158 -0.0030711187255055197 -0.015483185277414808 0.0051664511659429754 -0.0056333573595302878 -0.0030192633308400376 -0.0040831291342799643 -0.0069014384726705895 -0.0095014949503971543 -0.0011154458056053596 0.010928913584113853 0.0093188786025102718 -0.0011721097787876162
leaf_weight=82.267112731933594 11072.975301504135 160.73304605484009 27369.925817251205 619.72030329704285 257.11964237689972 555.22058916091919 532.73730671405792 88.477091789245605 105.02174246311188 534.95630252361298 118.33455121517181 77.687211751937866 93.450604438781738 140.34999823570251 64.785323023796082 75.88199770450592 114.44599461555481 45.974302887916565 68.939695715904236 53.498367786407471 110.01571035385132 72.93221127986908 91.701046705245972 142.19515407085419 111.55841863155365 176.15086627006531 773.81039559841156 67.117511868476868 99.566172957420349 259.96362853050232
leaf_count=25 1346 77 2133 217 149 368 310 55 53 312 68 42 41 97 45 51 79 31 44 36 68 48 55 93 59 80 336 25 46 124
internal_value=-7.36794e-05 -0.00274013 0.000272737 0.000517423 -0.0028869 -0.00357608 -0.00237661 -0.00488752 -0.00360595 -0.00590818 -0.000335822 0.00192728 -0.000860207 -0.00311161 -0.00464249 -0.00396139 -0.00175326 -0.00378945 0.00382666 -0.000928741 -0.00283696 0.000861106 0.00217562 -0.00819476 -0.000913027 -0.00130615 -0.00267047 0.000878097 -0.000418527 0.00173321
internal_weight=44137.5 5074.89 39062.6 27989.6 4992.62 3455.28 1790.43 1664.85 1109.63 639.978 469.651 351.316 262.839 1533.31 889.019 824.233 541.688 396.867 144.822 282.421 236.446 182.948 185.152 282.545 644.296 1537.34 949.961 587.38 520.263 359.53
internal_count=6513 2817 3696 2350 2792 2104 1110 994 626 365 261 193 138 961 592 547 357 262 95 183 152 116 96 190 369 688 416 272 247 170
cat_boundaries=0 1 2 3 4
cat_threshold=156 97 22 642
is_linear=0
shrinkage=0.05


Tree=133
num_leaves=31
num_cat=3
split_feature=6 7 4 9 4 7 9 7 6 6 4 0 0 6 4 9 3 8 0 1 6 8 8 1 8 1 6 1 8 4
split_gain=14.4766 4.93397 3.59924 2.78786 2.22738 2.65716 2.1752 2.15436 4.60238 2.92163 5.83261 3.26747 2.78484 3.67476 3.0134 2.60801 2.58834 2.73747 2.50147 2.48736 3.74239 2.87997 2.16009 3.3017 2.28537 2.13659 2.10554 8.22105 2.97209 2.3126
threshold=0.37940952255126054 0.91597561503675351 2.5000000000000004 0 4.5000000000000009 -0.5 1 -0.12940952255126037 -0.5 -0.78656609248549303 4.5000000000000009 4.5000000000000009 1.5000000000000002 1.0000000180025095e-35 2.5000000000000004 2 2.4201334816206521 0.33871475787898558 5.5000000000000009 2.5000000000000004 -0.25881904510252113 0.29988145735451305 0.23696604867241247 4.5000000000000009 0.12561267953474442 1.0000000180025095e-35 -0.91597561503675329 2.5000000000000004 0.50736915055398313 4.5000000000000009
decision_type=2 2 2 1 2 2 1 2 2 2 2 2 2 2 2 1 2 2 2 2 2 2 2 2 2 2 2 2 2 2
left_child=1 6 -3 4 -2 -6 -1 8 16 18 15 -12 14 19 -10 -11 26 -18 -9 -14 21 -21 23 -20 -25 -7 27 -8 29 -28
right_child=3 2 -4 -5 5 25 7 9 12 10 11 -13 13 -15 -16 -17 17 -19 22 20 -22 -23 -24 24 -26 -27 28 -29 -30 -31
leaf_value=0.00086736525539767874 -0.00014390749218963524 -0.0036654544637455947 -0.00024499359428781204 -0.0037127027878473655 0.0024210227138933638 -0.0017024752335069362 0.00864527797729275 0.0023841293231674724 0.0005178751090713598 -0.00030192631923860023 0.0060489255527034899 0.0004526075456336684 0.0049335416145617466 -0.0014379356337559978 0.0080666204308573117 -0.0035306954942885059 -0.0069262528482197817 -0.000687856054299672 0.0032449112880226835 -0.0033131442984029261 0.001933571158995653 0.0011919502371619433 0.0015266614323904302 0.00032848265742485333 -0.0032957153035197608 -0.010126378224610703 -0.00030720046389964774 -0.0016602928130352284 -0.0067688684361521274 -0.0047237175724532615
leaf_weight=14775.918842792511 1320.6209268569946 1308.8380154371262 1865.0135691165924 2812.3482335805893 108.2557373046875 127.55769383907318 244.96226739883423 2662.2919044494629 303.78180193901062 1264.0188817977905 396.72013378143311 761.41511726379395 366.22889947891235 2509.4768466949463 234.0718252658844 1245.8727242946625 446.85217761993408 289.95821714401245 431.0010666847229 817.99131488800049 2142.8969359397888 626.41193771362305 2270.8364911079407 800.9460973739624 952.00280714035034 183.63740360736847 1256.0116944313049 921.49101638793945 298.99675273895264 387.95262575149536
leaf_count=977 546 386 435 1724 41 58 37 226 46 123 38 56 43 312 42 165 60 34 36 80 173 59 167 56 69 80 210 105 51 78
internal_value=-7.19218e-05 0.000235183 -0.00165553 -0.00274211 -0.0011455 -0.00432627 0.000400005 8.03352e-05 -0.000417175 0.000580779 -0.000565539 0.00236963 0.000346215 5.85349e-05 0.00380306 -0.00191991 -0.00180669 -0.00447125 0.00117157 0.00100841 0.000607692 -0.00135937 0.000446918 -0.000675782 -0.00163977 -0.00667345 -0.00117529 0.00050394 -0.00218342 -0.00134944
internal_weight=44134.4 39582 3173.85 4552.42 1740.07 419.451 36408.1 21632.2 10847.1 10785.1 3668.03 1158.14 7000.86 6463.01 537.854 2509.89 3846.22 736.81 7117.08 3953.53 3587.3 1444.4 4454.79 2183.95 1752.95 311.195 3109.41 1166.45 1942.96 1643.96
internal_count=6513 4064 821 2449 725 179 3243 2266 1330 936 382 94 755 667 88 288 575 94 554 355 312 139 328 161 125 138 481 142 339 288
cat_boundaries=0 1 2 3
cat_threshold=97 35 448
is_linear=0
shrinkage=0.05


Tree=134
num_leaves=31
num_cat=3
split_feature=2 7 9 6 9 4 0 1 4 6 3 2 9 7 1 6 0 2 6 4 3 3 3 2 7 7 4 3 3 3
split_gain=14.8536 2.43629 2.23555 2.33964 2.02492 2.26613 2.63087 3.01335 2.16062 2.34027 1.98828 1.6646 2.56511 2.02127 1.92457 1.65634 1.65098 1.85938 1.93223 4.07159 3.62438 2.07328 1.99137 1.57874 1.56035 1.55389 1.86448 1.53834 1.478 2.45385
threshold=1.5000000000000002 -0.9159756150367534 0 0.37940952255126054 1 2.5000000000000004 1.0000000180025095e-35 1.0000000180025095e-35 1.0000000180025095e-35 -1.0000000180025095e-35 1.496026483086194 1.3571428571428574 2 0.60355339059327384 1.0000000180025095e-35 0.12940952255126045 9.5000000000000018 7.0714285714285721 -0.91597561503675329 3.5000000000000004 2.581988897471613 2.2038661803717079 1.982053317447358 1.2142857142857146 -0.12940952255126037 -0.5 4.5000000000000009 1.2149857925879128 0.75592894601845539 0.8164965809277267
decision_type=2 2 1 2 1 2 2 2 2 2 2 2 1 2 2 2 2 2 2 2 2 2 2 2 2 2 2 2 2 2
left_child=1 -1 16 -4 5 15 7 -7 28 -10 11 12 13 23 -15 -3 17 18 19 21 22 24 -21 -11 -2 -5 -27 -14 -6 -30
right_child=2 4 3 25 8 6 -8 -9 9 10 -12 -13 27 14 -16 -17 -18 -19 -20 20 -22 -23 -24 -25 -26 26 -28 -29 29 -31
leaf_value=0.0058696123402460281 0.0016230240323992663 -0.00081472602306163441 0.00056580787219109136 0.00015012958630906647 -0.0027497406242933558 -0.0046150517585038233 -0.0099275070182618455 0.0095254366107857778 0.0072206756973465392 0.00020634807877959951 0.0047638091461644945 -0.0081845547982774495 -0.0034368080803996691 0.0016681987340200054 -0.0065156719918843548 -0.011631872145623071 0.0025602569747527311 -0.0036980228917647302 -0.00075122292748563892 -0.00055382623302237927 0.0031799032162704334 0.00081816437709760544 -0.0059388787749255047 0.0074096271095015851 0.006346907157002789 -0.0025796142813478587 -0.01100247449847446 -0.0088091784465311566 0.0076087212606202872 -0.00053405657066097527
leaf_weight=83.064926385879517 306.21168184280396 43.723512291908264 27395.077708721161 286.23591685295105 285.33222985267639 91.51976215839386 80.52741014957428 64.037813544273376 56.162350416183472 325.53626441955566 79.41047215461731 162.21369695663452 2599.046932220459 115.10535597801208 191.11487054824829 185.64272356033325 469.15751028060913 428.27581596374512 7452.8484492301941 296.59607887268066 265.98433351516724 1037.1409687995911 407.61474657058716 99.258993625640869 407.36238765716553 240.45321106910706 90.404202342033386 140.44867765903473 131.01922917366028 314.87690103054047
leaf_count=25 39 19 2133 88 166 66 54 41 13 131 29 71 1610 46 79 132 40 33 979 38 28 102 51 37 36 93 36 76 70 152
internal_value=-7.02529e-05 -0.00262264 0.000259415 0.000497048 -0.00276471 -0.00590347 -0.00259151 0.00120611 -0.00242152 -0.00290955 -0.00306282 -0.00323391 -0.00300251 -0.000338154 -0.00343943 -0.00956983 -0.000341981 -0.000470733 -0.000334876 0.000805539 -0.00179266 0.00224539 -0.00367083 0.00188949 0.00431978 -0.00254738 -0.0048811 -0.00369874 6.03602e-05 0.00185856
internal_weight=44131.4 5048.04 39083.4 28012.2 4964.98 465.451 236.085 155.558 4499.53 3768.3 3712.14 3632.72 3470.51 731.015 306.22 229.366 11071.2 10602 10173.8 2720.91 970.195 1750.72 704.211 424.795 713.574 617.093 330.857 2739.5 731.228 445.896
internal_count=6513 2817 3696 2350 2792 312 161 107 2480 2092 2079 2050 1979 293 125 151 1346 1306 1273 294 117 177 89 168 75 217 129 1686 388 222
cat_boundaries=0 1 2 3
cat_threshold=156 8 33
is_linear=0
shrinkage=0.05


Tree=135
num_leaves=31
num_cat=3
split_feature=6 9 7 9 2 1 8 8 6 4 4 0 8 2 1 2 4 1 6 8 3 4 4 7 8 3 9 3 8 8
split_gain=16.0416 4.66587 3.21042 3.00405 2.27195 3.00722 2.14242 10.924 2.56629 2.47102 3.58957 2.06334 1.95766 1.94096 1.85168 4.29548 2.36896 1.78759 2.07634 1.78107 1.64244 1.68965 4.49808 4.32517 3.94208 3.11035 2.83153 2.8211 2.83496 2.71316
threshold=0.12940952255126045 0 0.98296291314453421 1 4.5000000000000009 5.5000000000000009 0.26860109004631538 0.28111995787876837 0.78656609248549325 1.0000000180025095e-35 1.5000000000000002 11.500000000000002 0.12884021846175253 1.0714285714285716 1.0000000180025095e-35 0.50000000000000011 3.5000000000000004 10.500000000000002 -0.78656609248549303 0.2422060768080754 0.89973541084243835 2.5000000000000004 1.5000000000000002 0.91597561503675351 0.74046911398010062 2.6947885345327536 2 2.1436434530208168 0.11768189401819969 0.39278107739570151
decision_type=2 1 2 1 2 2 2 2 2 2 2 2 2 2 2 2 2 2 2 2 2 2 2 2 2 2 1 2 2 2
left_child=2 4 3 11 5 6 12 -8 9 -9 -11 -1 -2 -12 15 -4 -16 20 19 -19 -5 22 23 29 26 27 -23 28 -24 -22
right_child=1 -3 14 17 -6 -7 7 8 -10 10 13 -13 -14 -15 16 -17 -18 18 -20 -21 21 24 25 -25 -26 -27 -28 -29 -30 -31
leaf_value=0.001609489332165784 4.6855900449922817e-06 -0.003517083842640917 -0.0094200336550185216 0.0036651734197549698 -0.0065937671025115109 0.0060717813333321076 0.018993561861760003 0.0078740030267426351 -0.0033134784883591967 -0.0062812941841242477 -0.0026254980045240612 0.00015159974238198096 -0.0037000775513461961 0.004022232031556161 -0.0029366534529388344 0.0049596122761410531 -0.012715681748251193 -0.0022187176148713321 -0.0036002264363691455 0.0014223233912890204 0.00024319446152473517 0.0018427234933113775 0.0024210171830029823 -0.0044200825689291344 -0.0025875180011092494 -0.0036138954231290225 0.00025016883646203966 0.0015570232591357144 -0.0031531676719040893 0.0025534938735693891
leaf_weight=7753.7691760063171 585.89147436618805 3445.6900366544724 81.120203256607056 356.20986080169678 164.51428508758545 161.80681800842285 75.303220391273499 117.72523725032806 522.87188720703125 169.82989525794983 155.37904047966003 3532.7039499282837 911.06200075149536 374.33066082000732 178.14228868484497 144.34917795658112 94.934750914573669 592.64376640319824 642.98718643188477 775.19117736816406 5308.6135973930359 4633.3842673301697 288.07040882110596 421.37894916534424 878.97770810127258 1296.2300581932068 7025.5771522521973 939.88209009170532 1095.6769323348999 1670.75932264328
leaf_count=495 226 1813 50 54 19 22 28 42 245 57 78 163 367 95 97 77 51 37 44 48 523 425 33 68 88 113 771 98 134 167
internal_value=1.81239e-05 -0.00223937 0.000418277 0.000471675 -0.000866466 -0.000562791 -0.000931395 0.000463224 -0.000578008 0.0011721 4.42375e-05 0.00115214 -0.00225007 0.00207226 -0.00356745 -0.00021395 -0.00633632 0.000174927 -0.00125682 -0.000155236 0.000295386 0.000244434 -0.000207219 0.000499242 0.000641428 -0.00165157 0.000884861 -0.000556892 -0.00199273 0.000796246
internal_weight=44395 6684.4 37710.6 37212.1 3238.71 3074.2 2912.39 1415.44 1340.14 817.265 699.54 11286.5 1496.95 529.71 498.546 225.469 273.077 25925.6 2010.82 1367.83 23914.8 23558.6 11020.6 7400.75 12537.9 3619.86 11659 2323.63 1383.75 6979.37
internal_count=6528 2992 3536 3261 1179 1160 1138 545 517 272 230 658 593 173 275 127 148 2603 129 85 2474 2420 1136 758 1284 378 1196 265 167 690
cat_boundaries=0 1 2 3
cat_threshold=291 33 448
is_linear=0
shrinkage=0.05


Tree=136
num_leaves=31
num_cat=5
split_feature=6 9 7 9 2 8 8 6 0 4 4 3 9 2 3 4 4 7 9 8 3 3 2 8 7 3 2 8 8 9
split_gain=15.2861 4.46687 3.06214 2.8516 2.17811 2.44924 9.46458 3.45888 1.95635 1.87201 4.3526 2.52669 1.74507 1.68217 1.66675 1.73098 4.65989 3.89981 3.30792 3.7737 3.24735 3.24586 2.43749 2.2289 2.12396 2.0688 4.15727 2.53055 2.07179 1.98085
threshold=0.12940952255126045 0 0.98296291314453421 1 4.5000000000000009 0.26654550449914022 0.27933612258163404 0.78656609248549325 11.500000000000002 1.0000000180025095e-35 1.5000000000000002 1.397276262011544 2 1.3571428571428574 0.89973541084243835 2.5000000000000004 1.5000000000000002 0.91597561503675351 3 0.56188006585198114 2.6947885345327536 1.7182493859684496 2.9285714285714293 0.39278107739570151 -0.12940952255126037 2.1436434530208168 5.0714285714285721 0.18875845997418905 0.33409508886752209 4
decision_type=2 1 2 1 2 2 2 2 2 2 2 2 1 2 2 2 2 2 1 2 2 2 2 2 2 2 2 2 2 1
left_child=2 4 3 8 5 -2 -7 9 -1 -8 -11 -12 -4 -9 -5 16 17 23 19 -17 22 -20 -18 29 -23 27 -27 -24 -29 -16
right_child=1 -3 12 14 -6 6 7 13 -10 10 11 -13 -14 -15 15 18 20 -19 21 -21 -22 24 25 -25 -26 26 -28 28 -30 -31
leaf_value=0.0015669706670972908 -0.0019323204585867345 -0.0034422132141192969 -0.0069992672792098922 0.0035609275230290777 -0.0064731289991123847 0.01628501163914314 0.0076175087222967557 -0.0019817480217109293 0.00014781293531657678 -0.005780687403778309 -0.00048041542717406553 0.0061175453522061612 -0.00091458437960871336 -0.00921207534942701 0.0010822749402537933 -9.0062518735136483e-06 -0.0047267597580112159 -0.0043296725262521873 0.0030190629127807389 -0.0041518317253220359 -0.0035853725584420459 -0.00048397310977283048 0.0016201831387699505 0.0021601571234162514 0.0012722614936951386 0.0059377411365730609 -0.00091509009604869213 -0.0057433401409772156 -0.00029058984799138561 -0.00075028159279512353
leaf_weight=7766.2588329315186 1567.8947755098343 3433.5925382375717 197.41969180107117 357.51782774925232 163.43308687210083 93.641437649726868 118.65586340427399 424.55378985404968 3533.239541053772 186.36561965942383 275.16700208187103 306.97832262516022 299.36196553707123 99.249610781669617 2886.3269681930542 3956.4454188346863 310.90652227401733 419.52052927017212 1720.0314466953278 638.37710046768188 1480.4254775047302 2776.7175545692444 427.23008728027344 1800.7054572105408 4530.3863377571106 364.02631616592407 564.51874160766602 382.48080968856812 319.90316677093506 2994.6240344047546
leaf_count=495 599 1813 113 54 19 33 42 206 163 59 124 57 162 40 293 433 59 68 205 67 125 287 43 175 360 46 46 39 35 268
internal_value=1.75925e-05 -0.002189 0.000407688 0.000459723 -0.00084598 -0.000549414 0.000891658 -0.000129949 0.00112222 0.00177227 0.000869783 0.00299884 -0.00349192 -0.00335174 0.00017053 0.000123198 -0.000315991 0.000364605 0.000508502 -0.000583316 -0.00174829 0.00106371 -0.000600304 0.000620975 0.000604888 2.30407e-05 0.00177149 -0.00141419 -0.00325987 0.000149688
internal_weight=44396 6669.53 37726.4 37229.6 3235.94 3072.51 1504.61 1410.97 11299.5 887.167 768.511 582.145 496.782 523.803 25930.1 25572.6 11950.7 8101.18 13622 4594.82 3849.49 9027.14 2369.07 7681.66 7307.1 2058.16 928.545 1129.61 702.384 5880.95
internal_count=6528 2992 3536 3261 1179 1160 561 528 658 282 240 181 275 246 2603 2549 1197 804 1352 500 393 852 268 736 647 209 92 117 74 561
cat_boundaries=0 1 2 3 4 5
cat_threshold=291 33 269 26 664
is_linear=0
shrinkage=0.05


Tree=137
num_leaves=31
num_cat=5
split_feature=2 9 9 3 4 8 8 9 8 2 3 4 4 1 9 8 0 9 8 8 3 0 3 8 4 4 7 3 4 7
split_gain=13.5818 2.69807 2.51308 2.08207 1.99922 3.18131 2.62876 3.38817 2.02678 1.72929 2.73974 3.80261 2.64313 2.49287 2.56895 3.61446 3.1701 2.13844 3.18477 1.92093 2.2104 1.65345 1.6166 1.61471 1.58629 4.49873 3.57936 2.92585 2.79576 4.43679
threshold=1.5000000000000002 0 1 1.3451854182691001 1.0000000180025095e-35 0.33160743431906153 0.35799645255269569 2 0.41052171521746922 0.78571428571428581 0.89973541084243835 3.5000000000000004 5.5000000000000009 2.5000000000000004 3 0.14394529680184895 2.5000000000000004 4 0.10445667651198602 0.23280307671616632 0.69006555934235525 11.500000000000002 1.0690449676496989 0.24906690957614466 2.5000000000000004 1.5000000000000002 0.91597561503675351 2.6947885345327536 3.5000000000000004 0.1294095225512602
decision_type=2 1 1 2 2 2 2 1 2 2 2 2 2 2 1 2 2 1 2 2 2 2 2 2 2 2 2 2 2 2
left_child=2 3 -1 -2 5 -4 9 8 -8 10 12 -12 17 14 16 -16 22 18 -6 20 -19 -5 -11 -17 25 26 -3 -27 -26 -30
right_child=1 24 4 21 6 -7 7 -9 -10 13 11 -13 -14 -15 15 23 -18 19 -20 -21 -22 -23 -24 -25 28 27 -28 -29 29 -31
leaf_value=-0.0042195214824602032 -0.0029036976329687831 0.00051988593908827013 -0.0016248829714050424 0.0014319548073623372 0.0078545351875267521 0.0062847536938876849 -0.0071928252609588586 -0.0062863869284943254 0.0027235107121559164 -0.0029095423514182979 -0.00085979934642380702 0.015623921142517684 -0.0074624672632669772 -0.011366451232931465 0.00126075152863501 -0.010777803622060454 0.0093124495184608181 0.0054565775826139725 -0.0058208286041423647 0.0078828936674951704 -0.0039759385319768107 0.00014412127062009752 0.003327289370170898 -0.0038256566180951482 0.0014538837314006323 -0.00071516910206706713 -0.0042034339964284869 -0.0035090685813882875 -0.0010860946222579924 0.0010237651680617887
leaf_weight=1411.5748162269592 342.06640148162842 8171.8712674379349 385.70300579071045 8457.3374636173248 53.543344855308533 189.62513530254364 68.040943264961243 672.11053895950317 212.31980514526367 362.68706703186035 75.09554123878479 65.507818222045898 123.79944896697998 74.278675436973572 176.31265032291412 181.47578597068787 84.940080285072327 115.56554794311523 207.8024650812149 129.92111039161682 134.27114295959473 3533.7618389129639 145.61440682411194 154.73531675338745 4428.6930986642838 2569.0367925167084 421.80118322372437 1475.1271080970764 5102.5198847055435 4869.8353146314621
leaf_count=927 105 820 195 626 35 95 34 376 105 154 43 36 73 37 93 103 29 66 141 69 71 163 51 85 442 307 69 125 634 419
internal_value=1.70222e-05 0.000329445 -0.00243092 0.000941943 -0.00171577 0.000982092 -0.00223232 -0.0044087 0.000305994 -0.00123837 0.000405233 0.00682005 -0.000773929 -0.00249959 -0.00190397 -0.00445068 0.000365108 0.000517652 -0.00290782 0.00287587 0.000387207 0.00105243 -0.00112286 -0.0075782 4.97012e-05 -0.000359096 0.000288052 -0.00173426 0.000408481 -5.57794e-05
internal_weight=44397 39372.1 5024.92 12333.2 3613.35 575.328 3038.02 952.471 280.361 2085.55 905.506 140.603 764.903 1180.04 1105.77 512.524 593.242 641.104 261.346 379.758 249.837 11991.1 508.301 336.211 27038.9 12637.8 8593.67 4044.16 14401 9972.36
internal_count=6528 3710 2818 894 1891 290 1601 515 139 1086 534 79 455 552 515 281 234 382 176 206 137 789 205 188 2816 1321 889 432 1495 1053
cat_boundaries=0 1 2 3 4 5
cat_threshold=33 152 288 37 260
is_linear=0
shrinkage=0.05


Tree=138
num_leaves=31
num_cat=2
split_feature=6 9 7 9 2 1 1 2 4 0 1 6 3 0 1 4 4 2 4 4 7 3 7 7 3 4 7 6 1 2
split_gain=14.0622 4.12847 2.81143 2.56373 2.10991 2.76894 1.78498 4.11236 2.30053 1.76679 1.70966 1.97207 1.60206 2.50687 2.07426 3.73123 3.81373 2.70546 1.59435 1.49923 1.48469 1.47539 1.54102 6.65999 2.45991 2.28396 7.24654 7.18302 3.55392 4.0138
threshold=0.12940952255126045 0 0.98296291314453421 1 4.5000000000000009 5.5000000000000009 1.0000000180025095e-35 0.50000000000000011 3.5000000000000004 11.500000000000002 10.500000000000002 -0.78656609248549303 0.8997354108424368 1.5000000000000002 2.5000000000000004 1.0000000180025095e-35 1.5000000000000002 3.5000000000000004 3.5000000000000004 5.5000000000000009 1.0000000180025095e-35 0.89973541084243835 -0.78656609248549325 -0.37940952255126015 3.1471831698777746 4.5000000000000009 0.1294095225512602 -0.60355339059327362 2.5000000000000004 4.3571428571428585
decision_type=2 1 2 1 2 2 2 2 2 2 2 2 2 2 2 2 2 2 2 2 2 2 2 2 2 2 2 2 2 2
left_child=2 4 3 9 5 12 7 -4 -8 -1 21 -12 13 19 15 -14 -17 18 -16 -2 -15 -5 24 -24 -23 27 -27 28 29 -25
right_child=1 -3 6 10 -6 -7 8 -9 -10 -11 11 -13 14 20 17 16 -18 -19 -20 -21 -22 22 23 25 -26 26 -28 -29 -30 -31
leaf_value=0.0014884113489413984 -0.00064144173229206095 -0.0033144239836570021 -0.0091674236278839177 0.0034652333830553434 -0.0063686564714158832 0.0058155567238893343 -0.0027479195636902708 0.0049775244262622708 -0.012464069205894934 0.00014052231511569623 -0.00016383470050996871 -0.0035250639514011702 0.0071647694085462069 -0.01385991173998209 -0.0068276750349901636 -0.0057390060928543315 0.0012931545008021952 0.0031149665159381553 -0.00017106165626493798 -0.0077886295613613004 -0.0041269871211215862 0.0012718167217428821 -0.0024572832796042089 0.0084231215723339307 -0.0016226909127703708 -0.002704774743193764 0.0025371678337704155 -0.002496838529800178 0.00038496084307932337 0.00042668643671763662
leaf_weight=7789.4414386749268 686.29573082923889 3413.1390278339386 79.811814665794373 358.72697687149048 162.50818634033203 163.15970277786255 176.61967051029205 144.26243317127228 93.002973914146423 3534.2711639404297 1368.311821937561 640.71869659423828 206.28845620155334 68.372308015823364 283.30830574035645 240.96058452129364 964.68858373165131 150.29935646057129 131.80197834968567 82.156560659408569 91.777339220046997 5607.0472617149353 2398.0888304710388 303.73759603500366 844.58825159072876 838.43738842010498 3085.8972396850586 2261.2858293056488 7904.268018245697 324.67594385147095
leaf_count=495 342 1813 50 54 19 22 97 77 51 163 85 44 75 29 88 89 367 19 43 43 43 535 406 41 69 104 254 327 653 31
internal_value=1.64769e-05 -0.00210458 0.000389794 0.000439461 -0.000814 -0.000522536 -0.0033586 -6.06894e-05 -0.00609938 0.00106678 0.000165096 -0.0012358 -0.000878399 -0.00259153 -7.38765e-05 0.000950911 -0.00011229 -0.00263297 -0.00471413 -0.00140556 -0.00828224 0.000282792 0.000234352 -1.38702e-05 0.000892895 0.000384241 0.00141722 8.68278e-06 0.000672683 0.00429169
internal_weight=44397.9 6644.76 37753.2 37259.5 3231.62 3069.11 493.697 224.074 269.623 11323.7 25935.8 2009.03 2905.95 928.602 1977.35 1411.94 1205.65 565.41 415.11 768.452 160.15 23926.8 23568 17116.4 6451.64 14718.3 3924.33 10794 8532.68 628.414
internal_count=6528 2992 3536 3261 1179 1160 275 127 148 658 2603 129 1138 457 681 531 456 150 131 385 72 2474 2420 1816 604 1410 358 1052 725 72
cat_boundaries=0 1 2
cat_threshold=291 33
is_linear=0
shrinkage=0.05


Tree=139
num_leaves=31
num_cat=4
split_feature=2 9 9 0 7 3 3 3 3 0 3 4 3 4 8 8 9 8 1 7 0 7 2 3 4 4 1 9 8 0
split_gain=12.3452 2.49538 2.3688 2.13327 2.58812 2.10372 2.22 2.18666 2.09209 3.12544 1.92927 1.86381 1.86029 1.85637 3.00758 2.52495 3.25138 1.92645 1.77725 1.83616 2.12416 1.8501 1.68234 2.56192 3.51741 2.50379 2.38157 2.44069 3.48057 2.96611
threshold=1.5000000000000002 0 1 3.5000000000000004 -0.98296291314453399 1.6035674514745477 2.2307312692782699 2.3953857604565458 1.4960264830861918 5.5000000000000009 3.5989416433697499 1.0000000180025095e-35 1.3451854182691001 1.0000000180025095e-35 0.33160743431906153 0.35799645255269569 2 0.41052171521746922 7.5000000000000009 0.1294095225512602 6.5000000000000009 -0.9159756150367534 0.78571428571428581 0.89973541084243835 3.5000000000000004 5.5000000000000009 2.5000000000000004 3 0.14394529680184895 2.5000000000000004
decision_type=2 1 1 2 2 2 2 2 2 2 2 2 2 2 2 2 1 2 2 2 2 2 2 2 2 2 2 1 2 2
left_child=2 3 -1 4 -2 8 11 -8 9 -5 12 -7 -3 14 -4 22 17 -17 -9 21 -21 -20 23 25 -25 -15 27 29 -29 -24
right_child=1 10 13 5 -6 6 7 18 -10 -11 -12 -13 -14 15 -16 16 -18 -19 19 20 -22 -23 26 24 -26 -27 -28 28 -30 -31
leaf_value=-0.0040675671647713288 0.0048957146853509806 -0.0015816240428983691 -0.0015759956408466795 0.0046139753361289591 -0.0008676984248407306 0.0027052367066473823 0.0035133845088389441 0.001730477058124095 0.0061707525324786834 -0.001868181748357154 -0.0019884430704774276 -0.0011432107121700137 0.00019807132362224757 0.00057347029224426782 0.0061021675436020717 -0.0070129658136662684 -0.0061231201298578321 0.0026906789242302038 0.0010397697397781078 0.0035605591331827817 0.00064858052062157618 -0.0012360988141854393 -0.0010621533901652726 -0.00078427695456703911 0.015017298347591093 -0.007236976871646106 -0.011143744028180677 0.0012822010768092596 -0.0074084972654955691 0.008993154877241857
leaf_weight=1401.1703443527222 208.57877779006958 1610.9161276817322 384.89211130142212 390.58200788497925 2946.3849585056305 368.62842178344727 837.9597635269165 4060.6568822860718 359.67721247673035 354.94840431213379 1252.1440715789795 2146.8328518867493 16591.857462525368 639.69488930702209 190.74447798728943 67.354055643081665 666.15709125995636 212.57310748100281 1451.5423536300659 752.0300178527832 3744.429615020752 2320.5872030258179 507.00312650203705 74.859675288200378 66.505107522010803 122.21263992786407 73.069924831390381 176.16781759262085 332.93595516681671 85.741942524909973
leaf_count=927 18 271 195 48 462 30 58 318 33 29 94 192 1735 382 95 34 376 105 76 44 176 126 205 43 36 73 37 93 188 29
internal_value=1.59794e-05 0.00031303 -0.00232414 0.000705863 -0.000486672 0.000930398 0.000781812 0.00104183 0.0030388 0.00152781 -8.99726e-05 -0.00057924 4.05712e-05 -0.00162973 0.000968261 -0.00212961 -0.00427084 0.000343584 0.000873847 0.000453161 0.00113561 -0.000360328 -0.00115483 0.000467647 0.00664958 -0.000679353 -0.00240218 -0.00182248 -0.00431643 0.00038586
internal_weight=44398.8 39397.8 5001.08 19942.8 3154.96 16787.9 15682.7 13167.2 1105.21 745.53 19454.9 2515.46 18202.8 3599.91 575.637 3024.28 946.084 279.927 12329.2 8268.59 4496.46 3772.13 2078.19 903.272 141.365 761.908 1174.92 1101.85 509.104 592.745
internal_count=6528 3710 2818 1610 480 1130 1020 798 110 77 2100 222 2006 1891 290 1601 515 139 740 422 220 202 1086 534 79 455 552 515 281 234
cat_boundaries=0 1 2 3 4
cat_threshold=417 152 288 37
is_linear=0
shrinkage=0.05


Tree=140
num_leaves=31
num_cat=3
split_feature=6 9 2 7 6 8 2 7 4 2 7 4 7 4 6 1 9 8 1 3 2 6 4 4 9 8 3 1 4 2
split_gain=11.5444 3.05585 2.23845 3.07992 2.1768 2.72773 2.60153 2.22132 2.63674 2.10743 2.09019 4.76085 2.81454 5.61334 8.36143 2.52565 2.81875 3.16371 2.17142 2.08884 1.9717 1.9616 4.12743 4.03717 2.60312 2.32607 3.20882 3.12454 2.78554 1.86824
threshold=0.12940952255126045 0 4.5000000000000009 -0.70710678118654757 0.78656609248549325 0.10047048724398872 0.2142857142857143 0.25881904510252057 1.0000000180025095e-35 0.78571428571428581 0.91597561503675351 2.5000000000000004 0.1294095225512602 4.5000000000000009 -0.5 5.5000000000000009 1 0.16986667569563149 1.0000000180025095e-35 1.9518001458970644 3.2142857142857149 -0.91597561503675329 4.5000000000000009 4.5000000000000009 2 0.15326417906987261 3.9066476006690682 10.500000000000002 1.5000000000000002 6.2142857142857153
decision_type=2 1 2 2 2 2 2 2 2 2 2 2 2 2 2 2 1 2 2 2 2 2 2 2 1 2 2 2 2 2
left_child=10 4 3 -3 5 -2 -6 -8 -9 -10 12 18 13 -1 15 16 -15 -18 -12 -16 -20 23 -23 25 29 -14 27 28 -27 -24
right_child=1 2 -4 -5 6 -7 7 8 9 -11 11 -13 21 14 19 -17 17 -19 20 -21 -22 22 24 -25 -26 26 -28 -29 -30 -31
leaf_value=0.00049078918686006263 0.0035178936361193133 0.00087837415934436064 -0.0073464668286031699 -0.0019286315542448287 0.0036490814271732726 -0.0032092978272892352 -0.0091209868190051859 0.0082645512767917043 -0.0081169493516674001 0.0032948535269643996 0.0016122972982522542 0.00071338670461488715 0.00086699060733536884 -0.00080094364039759555 0.0031664486928280368 -0.0069610957937681715 -0.00073744884122327781 -0.0078405654942311914 -0.0080548984591541709 -0.00034876351046758257 -0.0029958285992317791 -2.0727614706147807e-05 0.0059610858234782861 -0.00097175424644566273 0.00069046059348682452 0.0075631765067498942 0.007189919395455731 -0.00011145631229559043 0.002193296193364655 0.0023235394195813552
leaf_weight=16032.74596953392 172.85683047771454 1468.4350986480713 142.99770069122314 2921.3165459632874 66.717356443405151 1174.8398876190186 388.33026945590973 42.303975939750671 167.54111421108246 53.335004329681396 168.29565238952637 1605.1583116054535 1116.8942356109619 793.14776182174683 559.01414155960083 509.28551816940308 244.8964376449585 435.58366131782532 280.18941843509674 1731.9906477928162 616.02761745452881 7618.3450696468353 547.24936532974243 959.86542749404907 1574.9814734458923 404.4153299331665 499.7004222869873 641.23807144165039 599.49905300140381 994.37241649627686
leaf_count=1434 75 314 17 1461 50 565 295 30 130 38 71 288 68 103 57 45 40 77 104 142 81 630 51 66 107 30 22 34 45 53
internal_value=7.04767e-06 -0.00192315 -0.00118757 -0.000989648 -0.00351428 -0.00234646 -0.00575453 -0.0067175 -0.00317109 -0.00536134 0.000342818 -0.0010061 0.00044494 6.15783e-05 -0.00154852 -0.00392568 -0.00287664 -0.00520771 -0.00359889 0.000508962 -0.00457747 0.000965435 0.000606349 0.00187854 0.0021392 0.00271732 0.00368085 0.002615 0.00435649 0.00359151
internal_weight=44531.6 6598.67 4532.75 4389.75 2065.92 1347.7 718.228 651.51 263.18 220.876 37932.9 2669.67 35263.2 20306.7 4273.92 1982.91 1473.63 680.48 1064.51 2291 896.217 14956.6 10734.9 4221.61 3116.6 3261.75 2144.85 1645.15 1003.91 1541.62
internal_count=6523 2975 1792 1775 1183 640 543 493 198 168 3548 544 3004 1898 464 265 220 117 256 199 185 1106 841 265 211 199 131 109 75 104
cat_boundaries=0 1 2 3
cat_threshold=156 737 793
is_linear=0
shrinkage=0.05


Tree=141
num_leaves=31
num_cat=2
split_feature=3 9 7 4 7 7 4 1 8 2 0 1 4 2 8 2 8 3 0 3 8 2 0 8 9 8 7 4 3 7
split_gain=9.47224 2.44865 2.40201 5.31011 8.73656 3.41159 6.49572 2.37806 3.21075 3.82228 2.1622 1.90519 1.85304 2.88425 2.41477 2.213 2.11112 2.01545 2.07087 2.05733 1.85018 1.81462 2.86059 2.71184 2.20577 3.14332 2.62714 2.1028 2.67958 1.7836
threshold=1.3451854182691001 0 0.1294095225512602 4.5000000000000009 -0.78656609248549325 0.78656609248549303 4.5000000000000009 4.5000000000000009 0.33409508886752209 4.3571428571428585 2.5000000000000004 5.5000000000000009 2.5000000000000004 2.9285714285714293 0.7551087644715927 2.785714285714286 0.24365271348143322 2.6992062325273145 4.5000000000000009 3.3629616825324677 0.55312065292426993 1.5000000000000002 5.5000000000000009 0.096899986645323982 1 0.17678381033220336 -0.5 3.5000000000000004 0.75592894601845539 0.25881904510252057
decision_type=2 1 2 2 2 2 2 2 2 2 2 2 2 2 2 2 2 2 2 2 2 2 2 2 1 2 2 2 2 2
left_child=1 20 3 12 -5 7 -7 8 9 10 -4 -6 13 -2 -15 -14 -17 18 -18 -19 -1 23 24 27 25 -23 -26 28 -3 -9
right_child=2 21 5 4 11 6 -8 29 -10 -11 -12 -13 15 14 -16 16 17 19 -20 -21 -22 22 -24 -25 26 -27 -28 -29 -30 -31
leaf_value=-0.0023733459025066456 -0.0027692677525943672 -0.001981708267407541 0.0054033249519509913 0.00031056133946391081 -0.0032259706902975555 -0.001672579704747372 0.0022300986367834127 0.0017965016453571202 0.00012323826439801242 0.0028309731023361258 0.014147231340990583 -0.0068362797770732744 0.0043318176434275863 6.1315172548695335e-05 0.0042526655352978652 0.0019103271604008452 0.0011988471059798896 0.0029586221363817069 -0.002467381140587188 -0.0007666052475596869 -0.0065236585988498715 -0.0016874783759868936 -0.003859938115287764 -0.0022958958335719381 0.0024065433535426584 0.0059016814046533106 -0.0041031311870317975 -0.002704734841929784 0.0093771994221433889 0.00041265057677352036
leaf_weight=2527.1733183860779 881.68641293048859 80.971458315849304 153.8075305223465 2535.8170282840729 1316.9287619590759 3180.5069899559021 1603.8810219764709 3613.041464805603 711.35147094726562 967.0921745300293 130.84808695316315 505.75264358520508 478.37729609012604 8798.5091905593872 357.61037015914917 2402.8040132522583 583.98395395278931 827.69876670837402 1131.389458656311 671.1643705368042 300.45439720153809 196.61403226852417 309.97656917572021 2374.2565636634827 330.44732332229614 445.80468916893005 291.90199959278107 128.81629467010498 144.70948910713196 6548.6313123703003
leaf_count=1207 184 46 45 251 199 417 128 215 83 82 23 45 101 734 27 202 70 59 100 38 161 33 25 1268 66 61 93 65 68 427
internal_value=6.80303e-06 -0.00166322 0.000325222 -3.87672e-05 -0.00158732 0.000766329 -0.000364276 0.00121246 0.00280561 0.00432996 0.00942265 -0.00422775 0.000379584 -3.7991e-05 0.000225017 0.00106724 0.000789207 -4.88862e-05 -0.00121925 0.00129053 -0.00280443 -0.000904765 0.000444674 -0.00168683 0.00149967 0.00352414 -0.000636478 0.00239239 0.00530177 0.000904687
internal_weight=44532 7131.13 37400.9 20491.7 4358.5 16909.2 4784.39 12124.8 1963.1 1251.75 284.656 1822.68 16133.2 10037.8 9156.12 6095.42 5617.04 3214.24 1715.37 1498.86 2827.63 4303.5 1574.74 2728.75 1264.77 642.419 622.349 354.497 225.681 10161.7
internal_count=6523 3093 3430 2010 495 1420 545 875 233 150 68 244 1515 945 761 570 469 267 170 97 1368 1725 278 1447 253 94 159 179 114 642
cat_boundaries=0 1 2
cat_threshold=30 896
is_linear=0
shrinkage=0.05


Tree=142
num_leaves=31
num_cat=3
split_feature=6 9 2 7 6 8 2 7 7 5 8 7 6 5 1 1 9 1 6 0 9 3 3 2 2 8 2 2 7 3
split_gain=10.6521 2.86714 2.15799 2.82521 2.07723 2.5821 2.50219 2.15975 1.91202 4.40536 3.58636 2.57118 6.33724 3.73593 4.20751 2.43839 3.48269 2.36917 2.32499 3.14122 2.62292 1.98526 1.93962 1.91436 1.8505 1.8116 1.7905 1.78236 1.84478 2.40001
threshold=0.12940952255126045 0 4.5000000000000009 -0.70710678118654757 0.78656609248549325 0.10047048724398872 0.2142857142857143 0.25881904510252057 0.91597561503675351 1.0000000180025095e-35 0.65477639379969677 -0.12940952255126037 -0.5 1.0000000180025095e-35 5.5000000000000009 1.0000000180025095e-35 1 2.5000000000000004 -0.91597561503675329 1.5000000000000002 2 2.8702082220799334 2.0586634591635558 4.3571428571428585 1.7857142857142858 0.37036312300335844 2.2142857142857149 2.5000000000000004 -0.9159756150367534 0.8997354108424368
decision_type=2 1 2 2 2 2 2 2 2 2 2 2 2 2 2 2 1 2 2 2 1 2 2 2 2 2 2 2 2 2
left_child=8 4 3 25 5 -2 -6 -8 11 10 15 12 13 14 18 -10 -17 -14 -1 -20 26 -11 -22 -16 -5 -3 -21 28 -7 -30
right_child=1 2 -4 24 6 27 7 -9 9 21 -12 -13 17 -15 23 16 -18 -19 19 20 22 -23 -24 -25 -26 -27 -28 -29 29 -31
leaf_value=0.0023322245413838526 0.0034393274510080515 -0.0003597315954720868 -0.0072098859412632332 -0.0015076238396238006 0.00361644457227972 0.0015490946208790639 -0.0089373164104121459 -0.003046601127912954 0.0028904864426100899 0.0038545108496071175 -0.010089778975351254 0.00082483678597358679 0.0033235229866084939 -0.0037291158255866458 -0.0060150121450335539 0.00031768805279741227 -0.0046865939350871268 0.00051571403075444534 0.0032805803704565556 -0.00022118944074402434 0.001547376072464617 -0.0010502873601350065 -0.002930268461904785 -0.0018476667383656008 -0.0065296455563596187 0.0034051367626977622 -0.0054422262278603405 -0.0071205817497055849 -0.0012637424103231132 -0.0073691100566150433
leaf_weight=1032.7121324539185 173.337247133255 1001.2450770139694 141.88922119140625 2714.2171940803528 66.793903350830078 248.30960130691528 383.84216094017029 261.67598116397858 243.50867402553558 533.40257334709167 139.08218860626221 18839.092482089996 816.97059345245361 1246.4366769790649 345.4827561378479 618.23883497714996 794.17797374725342 9343.0733699798584 439.34784030914307 243.8223991394043 763.93350267410278 336.43161773681641 353.89749050140381 1361.9592199325562 196.7253999710083 469.28566122055054 502.91331052780151 223.0544114112854 445.56618118286133 252.0023432970047
leaf_count=110 75 217 17 1392 50 59 295 198 103 110 34 1376 93 201 46 109 166 724 77 52 99 22 41 107 69 97 78 38 312 156
internal_value=6.56903e-06 -0.00185096 -0.00113862 -0.000944605 -0.00339718 -0.00225556 -0.00559612 -0.00654938 0.0003285 -0.000962934 -0.00237811 0.000426021 -3.07011e-05 -0.0012779 -0.000672179 -0.0017304 -0.00252707 0.00074149 0.000360847 -0.000522808 -0.001419 0.00195745 0.000128634 -0.00269088 -0.00184702 0.000841739 -0.00368808 -0.00310004 -0.00215193 -0.00346936
internal_weight=44532.4 6577.94 4523.36 4381.47 2054.58 1342.27 712.312 645.518 37954.5 2664.84 1795.01 35289.6 16450.5 6290.51 5044.07 1655.93 1412.42 10160 3336.63 2303.91 1864.57 869.834 1117.83 1707.44 2910.94 1470.53 746.736 1168.93 945.878 697.569
internal_count=6523 2975 1792 1775 1183 640 543 493 3548 544 412 3004 1628 811 610 378 275 817 457 347 270 132 140 153 1461 314 130 565 527 468
cat_boundaries=0 1 2 3
cat_threshold=156 643 604
is_linear=0
shrinkage=0.05


Tree=143
num_leaves=31
num_cat=3
split_feature=6 9 2 7 6 8 2 7 4 2 7 4 7 6 4 1 1 6 0 9 1 4 2 2 4 0 8 9 8 2
split_gain=10.146 2.74473 2.07171 2.69193 1.9981 2.46029 2.40012 2.09282 2.51209 2.03226 1.82014 4.3934 2.44239 6.03055 3.57308 4.01323 2.24246 2.20627 2.98317 2.50697 1.99616 1.95826 1.88781 1.84013 2.19526 1.79593 2.04241 1.89498 3.04461 1.77757
threshold=0.12940952255126045 0 4.5000000000000009 -0.70710678118654757 0.78656609248549325 0.10047048724398872 0.2142857142857143 0.25881904510252057 1.0000000180025095e-35 0.78571428571428581 0.91597561503675351 2.5000000000000004 -0.12940952255126037 -0.5 4.5000000000000009 5.5000000000000009 2.5000000000000004 -0.91597561503675329 1.5000000000000002 1 1.0000000180025095e-35 2.5000000000000004 3.2142857142857149 4.3571428571428585 2.5000000000000004 6.5000000000000009 0.51310426838978962 2 0.14736207959722716 1.7857142857142858
decision_type=2 1 2 2 2 2 2 2 2 2 2 2 2 2 2 2 2 2 2 1 2 2 2 2 2 2 2 1 2 2
left_child=10 4 3 -3 5 -2 -6 -8 -9 -10 12 20 13 14 15 17 -15 -1 -19 -20 -12 -21 -22 -17 -25 26 27 28 -13 -5
right_child=1 2 -4 29 6 -7 7 8 9 -11 11 25 -14 16 -16 23 -18 18 19 21 22 -23 -24 24 -26 -27 -28 -29 -30 -31
leaf_value=0.002268951704972085 0.0033422694789452612 0.00082009982094977921 -0.0070823931910460177 -0.001472437009855305 0.0035137580111912546 -0.0030327130905346742 -0.0087946483293283948 0.0081493165609071785 -0.0078806063650925622 0.0033538457593325606 0.0015409902339653054 -0.001805847681833757 0.00080368505349593441 0.0032301118609508218 -0.0036502840523898123 -0.0059015031574815163 0.00050264662482438595 0.0031885149624176325 -0.0036100266352144771 -0.0014708669604646886 -0.0078212112230687005 0.0028679012302093797 -0.0028418528518322481 -0.0033604958029064685 0.00079046294311879174 -0.0028305328977131397 -0.002574511084602197 0.00033959339097947954 0.0069317473489767124 -0.0064097645629765422
leaf_weight=1035.1234583854675 173.93443548679352 1471.77132833004 140.86989545822144 2710.1282602548599 67.035898327827454 1165.3219256401062 380.42692637443542 42.451795339584351 165.20481312274933 53.2233647108078 168.75073599815369 134.64551842212677 18854.638077735901 819.69033193588257 1241.7972252368927 343.41091012954712 9347.8929524421692 440.79152417182922 743.95224761962891 706.3840537071228 276.33967065811157 411.59444952011108 611.71363592147827 850.07201480865479 509.37308979034424 293.19871377944946 249.38491642475128 544.18852865695953 384.11873650550842 195.44503784179688
leaf_count=110 75 314 17 1392 50 565 295 30 130 38 71 26 1376 93 201 46 724 77 130 89 104 51 81 68 39 24 53 109 76 69
internal_value=6.32005e-06 -0.00180851 -0.00111168 -0.000922077 -0.00332445 -0.00220477 -0.00548835 -0.00642934 -0.00298014 -0.00514316 0.000320166 -0.00094051 0.000415234 -2.99971e-05 -0.00124788 -0.000656044 0.000722529 0.000351647 -0.000510223 -0.00138586 -0.00344403 0.000125371 -0.0043913 -0.00263126 -0.00180517 0.000707371 0.0014978 0.00245323 0.0045757 -0.00180455
internal_weight=44532.9 6565.81 4518.21 4377.34 2047.6 1339.26 708.343 641.307 260.88 218.428 37967.1 2662.34 35304.7 16450.1 6282.5 5040.7 10167.6 3337.85 2302.72 1861.93 1056.8 1117.98 888.053 1702.86 1359.45 1605.54 1312.34 1062.95 518.764 2905.57
internal_count=6523 2975 1792 1775 1183 640 543 493 198 168 3548 544 3004 1628 811 610 817 457 347 270 256 140 185 153 107 288 264 211 102 1461
cat_boundaries=0 1 2 3
cat_threshold=156 604 242
is_linear=0
shrinkage=0.05


Tree=144
num_leaves=31
num_cat=3
split_feature=6 9 2 7 6 8 2 7 4 2 7 4 7 4 6 1 9 3 8 1 2 6 4 4 9 0 8 3 1 4
split_gain=9.66344 2.62716 1.98852 2.5649 1.92187 2.34407 2.30201 2.02698 2.38881 1.95163 1.73155 4.1936 2.3324 4.88145 7.20192 2.46168 2.78292 1.98691 1.92219 1.91043 1.82291 1.75082 3.81743 3.81136 2.44131 5.36279 2.19282 2.9986 2.93365 2.59672
threshold=0.12940952255126045 0 4.5000000000000009 -0.70710678118654757 0.78656609248549325 0.10047048724398872 0.2142857142857143 0.25881904510252057 1.0000000180025095e-35 0.78571428571428581 0.91597561503675351 2.5000000000000004 0.1294095225512602 4.5000000000000009 -0.5 5.5000000000000009 1 1.9518001458970644 0.16986667569563149 1.0000000180025095e-35 3.2142857142857149 -0.91597561503675329 4.5000000000000009 4.5000000000000009 2 6.5000000000000009 0.15326417906987261 3.9066476006690682 10.500000000000002 1.5000000000000002
decision_type=2 1 2 2 2 2 2 2 2 2 2 2 2 2 2 2 1 2 2 2 2 2 2 2 1 2 2 2 2 2
left_child=10 4 3 -3 5 -2 -6 -8 -9 -10 12 19 13 -1 15 16 -15 -16 -18 -12 -21 23 -23 26 25 -24 -14 28 29 -28
right_child=1 2 -4 -5 6 -7 7 8 9 -11 11 -13 21 14 17 -17 18 -19 -20 20 -22 22 24 -25 -26 -27 27 -29 -30 -31
leaf_value=0.0004545134260872862 0.0032482698124903448 0.00079907337619593483 -0.0069562567324668997 -0.0017629800487446536 0.0034143423151721426 -0.0029665100442102131 -0.00865300761718674 0.0078816558245365324 -0.0077465131071397702 0.0032594822023390238 0.0015003852291752512 0.00068919162191765043 0.00075529926806122759 -0.00045707266776813944 0.0030346543009191476 -0.0066969336289351526 -0.0015214122623003082 -0.00038695360174739832 -0.0068987597294982161 -0.0076876660761177667 -0.0027792789843982119 -6.4907472195286609e-05 0.0069523689019462612 -0.0010297817519064512 0.00060740173986920077 0.00097723337366155123 0.0072050664682394286 0.0068526221888106868 -0.00018901467120732896 0.0020433403594681586
leaf_weight=16055.748863458633 174.51674485206604 1472.978822350502 139.87572431564331 2900.3369866609573 67.271859645843506 1161.7931900024414 377.0958753824234 42.799161672592163 163.90801477432251 53.402167439460754 169.0109795331955 1606.6802273988724 1121.7701234817505 744.88869667053223 561.65824127197266 501.86596584320068 263.85956645011902 1734.6968131065369 448.95555138587952 274.18678832054138 609.97770357131958 7631.9362821578979 637.16044282913208 962.20575618743896 1580.1569561958313 914.49833106994629 408.93626689910889 505.02042198181152 643.25645065307617 602.84440898895264
leaf_count=1434 75 314 17 1461 50 565 295 30 130 38 71 288 68 105 57 45 40 142 75 104 81 630 51 66 107 53 30 22 34 45
internal_value=6.08644e-06 -0.00176694 -0.00108535 -0.000900053 -0.00325302 -0.00215488 -0.00538222 -0.0063109 -0.0029154 -0.00504188 0.000312052 -0.000918194 0.0004047 5.54394e-05 -0.00145009 -0.00367666 -0.00263683 0.000449927 -0.00484035 -0.00337035 -0.00430141 0.000877392 0.000538283 0.00173744 0.0020082 0.00340885 0.00254877 0.00348017 0.00245109 0.00412958
internal_weight=44533.3 6553.98 4513.19 4373.32 2040.79 1336.31 704.477 637.205 260.109 217.31 37979.3 2659.86 35319.5 20311.7 4255.92 1959.57 1457.7 2296.36 712.815 1053.18 884.164 15007.8 10763.8 4244.03 3131.82 1551.66 3281.83 2160.06 1655.04 1011.78
internal_count=6523 2975 1792 1775 1183 640 543 493 198 168 3548 544 3004 1898 464 265 220 199 115 256 185 1106 841 265 211 104 199 131 109 75
cat_boundaries=0 1 2 3
cat_threshold=156 992 793
is_linear=0
shrinkage=0.05


Tree=145
num_leaves=31
num_cat=3
split_feature=6 9 7 4 9 4 7 1 7 4 7 8 2 3 2 2 2 9 4 8 8 1 3 3 3 4 4 2 3 1
split_gain=11.1926 3.01402 2.69853 2.53296 2.41951 2.50323 3.50336 2.21477 2.52511 6.26267 3.51209 3.13637 2.98501 5.82178 3.75465 2.0574 2.24957 2.53389 3.7625 2.1211 1.87281 1.83209 1.87943 2.45812 2.97234 1.81132 1.7027 2.22545 2.06195 2.05283
threshold=0.12940952255126045 0 -0.70710678118654757 5.5000000000000009 1 2.5000000000000004 1.0000000180025095e-35 10.500000000000002 0.60355339059327384 4.5000000000000009 0.1294095225512602 0.15326417906987261 5.7857142857142865 2.5541579094840166 7.3571428571428585 4.5000000000000009 0.78571428571428581 2 1.5000000000000002 0.32940676372845168 0.10445667651198602 4.5000000000000009 2.4299715851758257 2.0986834707579756 1.5275252316519483 1.0000000180025095e-35 4.5000000000000009 1.7857142857142858 0.89973541084243835 2.5000000000000004
decision_type=2 1 2 2 1 2 2 2 2 2 2 2 2 2 2 2 2 1 2 2 2 2 2 2 2 2 2 2 2 2
left_child=1 3 15 7 5 25 -7 8 10 21 11 20 13 -12 -14 16 -2 18 -18 -19 -1 22 23 24 -10 -4 29 28 -28 -6
right_child=2 -3 4 -5 26 6 -8 -9 9 -11 12 -13 14 -15 -16 -17 17 19 -20 -21 -22 -23 -24 -25 -26 -27 27 -29 -30 -31
leaf_value=-8.3920648096657202e-05 0.0065832947857370778 0.00061068199004660347 -0.0040264130832538608 -0.0023602785062260957 -0.0013354052978115484 0.0072483922166315749 -0.0080326407267142415 -0.0028004762247087682 -0.0046150166067923095 0.0043378647189387083 0.0084563229076331826 0.00060844567254973616 -0.001848171175372524 0.00023241569142180938 0.0042329364949056369 -0.0059423341533830082 -0.0032224313310899688 -0.0029525168722697478 0.0059126282801683231 0.00087936052517173296 -0.003791543203021826 -0.0049345107978495811 0.0012523203480479953 -0.0071177061918893435 0.0022873721613650456 -0.015927118351361912 -0.0053094118635740872 -0.013910798089897897 -0.0003363010978614177 -0.0061950003330147746
leaf_weight=612.2363748550415 117.78728139400482 26578.03838455677 48.070332169532776 1384.1300691366196 2728.3724503517151 56.113823294639587 113.1179666519165 699.08518028259277 314.1348522901535 397.70796895027161 456.65409278869629 4110.0396420955658 626.60202026367188 406.99584674835205 426.67104339599609 164.1346583366394 175.87028431892395 969.06540894508362 313.90389180183411 575.68226826190948 767.66866207122803 570.50214099884033 412.16819286346436 242.77930593490601 309.77292203903198 95.482586860656738 589.14377272129059 54.95276951789856 322.54160630702972 236.12415301799774
leaf_count=77 56 2144 36 174 1550 45 90 44 120 51 42 493 56 38 24 20 32 237 59 135 95 64 54 38 52 77 367 20 168 112
internal_value=-1.06279e-05 0.000316117 -0.00191895 -0.000351129 -0.00266815 -0.00686592 -0.00296576 -8.28585e-05 0.000113937 -0.0013542 0.000559335 -8.4025e-05 0.00240188 0.0045808 0.000615229 -0.000546354 -0.000134857 -0.0005238 0.0025797 -0.00151468 -0.00214654 -0.00257829 -0.00152718 -0.00284901 -0.00118795 -0.011942 -0.0023108 -0.004139 -0.00354999 -0.00172248
internal_weight=44875.5 38315.2 6560.36 11737.1 4243.92 312.785 169.232 10353 9653.93 2247.07 7406.87 5489.94 1916.92 863.65 1053.27 2316.44 2152.31 2034.52 489.774 1544.75 1379.91 1849.36 1278.86 866.687 623.908 143.553 3931.13 966.638 911.685 2964.5
internal_count=6570 3566 3004 1422 2465 248 135 1248 1204 379 825 665 160 80 80 539 519 463 91 372 172 328 264 210 172 113 2217 555 535 1662
cat_boundaries=0 1 2 3
cat_threshold=284 8 33
is_linear=0
shrinkage=0.05


Tree=146
num_leaves=31
num_cat=3
split_feature=6 9 4 9 4 8 1 0 8 3 2 1 3 6 8 3 3 6 8 8 4 4 6 9 2 3 8 8 2 4
split_gain=10.6625 2.86528 2.41536 2.41264 2.87882 2.48798 2.11196 2.3185 2.2911 2.03917 1.73846 2.03439 3.86082 4.2662 3.31469 2.49274 2.41761 2.09892 1.74443 3.1316 2.00844 1.74586 1.65294 1.49023 1.72612 2.24231 2.953 1.91186 1.85311 1.92058
threshold=0.12940952255126045 0 5.5000000000000009 1 2.5000000000000004 0.27394533849557229 10.500000000000002 8.5000000000000018 0.32940676372845168 3.1471831698777746 7.3571428571428585 2.5000000000000004 1.7320508075688779 -0.78656609248549303 0.2944248289310793 2.0177004891982162 2.2200321333125124 -0.5 0.14736207959722716 0.21059862830058115 2.5000000000000004 3.5000000000000004 -0.60355339059327362 2 0.78571428571428581 0.89973541084243835 0.12407412323927694 0.3147983283507379 4.5000000000000009 2.5000000000000004
decision_type=2 1 2 1 2 2 2 2 2 2 2 2 2 2 2 2 2 2 2 2 2 2 2 1 2 2 2 2 2 2
left_child=1 2 6 4 -2 -6 7 9 -9 10 11 12 -1 -14 17 18 -17 -15 -13 -20 -21 -22 -4 24 -5 27 -27 -26 29 -28
right_child=3 -3 22 23 5 -7 -8 8 -10 -11 -12 15 13 14 -16 16 -18 -19 19 20 21 -23 -24 -25 25 26 28 -29 -30 -31
leaf_value=-0.00095767161049220464 -0.0096822192893705299 0.00059515685611978759 -0.0038837437280430614 0.0046115462636926495 0.0029116299768393063 -0.0068485007355750986 -0.0027386986270785305 0.00066079565914447125 0.0054134196178610844 -0.0028304348206998138 0.0042672858845962565 -0.0015125706378023253 0.0083115369558822913 0.00027945132635657355 -0.003332617302345125 -0.0040105361982052719 -0.00073257320508597059 0.007217108190374604 0.0057372680382976361 -0.0013453436917709228 0.0057573289536781702 0.00030068853966523418 -0.00040901152594327697 -0.0021212285180149796 -0.0077502890462613737 0.0051795423516032349 -0.0023704961966548024 -0.00069220569934997668 -0.0065672971336666114 0.0020884108029282358
leaf_weight=959.29917550086975 214.56329131126404 26594.274077773094 754.33786916732788 156.24569368362427 133.37709426879883 127.91447162628174 697.13015079498291 774.81180047988892 376.95065975189209 665.94449901580811 237.14150714874268 647.6046576499939 313.81255769729614 209.09073638916016 248.87601232528687 718.10339117050171 2595.7919921875 227.79488849639893 351.69182968139648 723.89954233169556 250.10957419872284 354.15902805328369 626.52912199497223 4197.6862024068832 193.2200129032135 234.93102741241455 505.37052965164185 190.5783097743988 131.4206657409668 462.52135610580444
leaf_count=253 138 2144 93 65 88 79 44 61 27 63 15 84 39 31 36 81 272 31 42 95 30 44 81 2107 79 69 142 77 16 144
internal_value=-1.04242e-05 0.000308135 -0.000342647 -0.00187509 -0.00527961 -0.00186641 -8.09312e-05 0.000110969 0.00221624 -0.000174188 5.15147e-05 -8.00252e-05 0.00130821 0.00348279 0.0012731 -0.000562067 -0.00144289 0.00389679 0.000692068 0.00154198 0.000431091 0.00255922 -0.00230718 -0.00159696 -0.000417762 -0.000877579 9.1222e-05 -0.00424554 -0.000996189 -0.000239742
internal_weight=44875.2 38327.4 11733.1 6547.83 475.855 261.292 10352.2 9655.08 1151.76 8503.32 7837.37 7600.23 1958.87 999.574 685.762 5641.36 3313.9 436.886 2327.46 1679.86 1328.17 604.269 1380.87 6071.97 1874.29 1718.04 1334.24 383.798 1099.31 967.892
internal_count=6570 3566 1422 3004 305 167 1248 1204 88 1116 1053 1038 390 137 98 648 353 62 295 211 169 74 174 2699 592 527 371 156 302 286
cat_boundaries=0 1 2 3
cat_threshold=284 8 33
is_linear=0
shrinkage=0.05


Tree=147
num_leaves=31
num_cat=5
split_feature=6 9 7 0 4 9 7 1 7 4 7 2 3 2 0 9 4 9 1 2 3 9 6 1 3 3 3 6 6 7
split_gain=10.1573 2.72394 2.59963 2.78294 2.30315 2.29305 2.22527 2.01379 2.35096 5.94254 3.30765 2.81355 5.41067 3.4507 1.75982 2.93614 2.43876 2.65804 2.24413 2.16372 2.55002 2.05631 1.77385 1.75867 1.78096 2.36477 2.83468 1.61786 1.58246 2.4722
threshold=0.12940952255126045 0 -0.70710678118654757 1.5000000000000002 5.5000000000000009 1 -0.5 10.500000000000002 0.60355339059327384 4.5000000000000009 0.1294095225512602 5.7857142857142865 2.5541579094840166 7.3571428571428585 1.0000000180025095e-35 2 4.5000000000000009 3 2.5000000000000004 1.3571428571428574 0.81649658092772526 4 0.37940952255126054 4.5000000000000009 2.4299715851758257 2.0986834707579756 1.5275252316519483 0.98296291314453421 -0.60355339059327362 0.1294095225512602
decision_type=2 1 2 2 2 1 2 2 2 2 2 2 2 2 2 1 2 1 2 2 2 1 2 2 2 2 2 2 2 2
left_child=1 4 3 -2 7 6 -4 8 10 23 -1 12 -12 -13 16 22 18 -18 -7 20 -17 -22 -16 24 25 26 -10 -8 29 -6
right_child=2 -3 5 -5 28 14 27 -9 9 -11 11 13 -14 -15 15 19 17 -19 -20 -21 21 -23 -24 -25 -26 -27 -28 -29 -30 -31
leaf_value=-8.774545342380269e-05 0.00195514400705846 0.00058003553966641899 0.0027837310362264995 -0.0017183787182973318 -0.0073698493462154612 0.00094915939311931855 -0.0055505187112882236 -0.0026781163335962582 -0.0045042211374239924 0.0042195804512413651 0.0081391885508828917 -0.0017849919532807899 0.00022907024787772328 0.004036287371158148 -0.0067075119181157486 -0.0068404703458039388 -0.0079968511725293061 0.00055756856635624276 -0.0076551899263211853 -0.015419341685433342 0.0016253603848979566 -0.005356112403798738 -0.00048156024375202791 -0.0048242572556402227 0.0012237365574047844 -0.0069765876047850825 0.0022428164386447966 -0.013978732694303076 -0.00039902125180768115 -0.0014967265345573104
leaf_weight=5490.7702322006226 776.57117068767548 26610.106565833092 72.429662585258484 1533.9091410636902 294.96977710723877 1076.4816082715988 484.99003827571869 695.22353363037109 312.42244911193848 399.32739841938019 461.04679584503174 624.88410186767578 407.05018186569214 429.57778549194336 129.67840266227722 519.76800215244293 200.80117535591125 165.22045886516571 81.51821768283844 47.82185435295105 228.07906949520111 182.48514544963837 971.34411954879761 567.35793876647949 412.62040138244629 240.8602294921875 310.28275346755981 64.512963056564331 626.27291464805603 456.44412040710449
leaf_count=665 244 2144 53 295 53 618 384 44 120 51 42 56 38 24 51 345 124 96 40 27 138 117 419 64 54 38 52 53 81 40
internal_value=-1.02287e-05 0.000300356 -0.00183218 -0.000483678 -0.000334369 -0.0025696 -0.00536787 -7.90467e-05 0.00010808 -0.0013103 0.000537206 0.00232205 0.00443014 0.000586542 -0.00206597 -0.00301775 -0.000781047 -0.00433867 0.00034345 -0.00499603 -0.00451394 -0.00156859 -0.00120392 -0.00250812 -0.00147843 -0.00276956 -0.00114229 -0.00654001 -0.00225519 -0.00380224
internal_weight=44874.8 38339.2 6535.61 2310.48 11729.1 4225.13 621.933 10351.4 9656.2 2242.87 7413.33 1922.56 868.097 1054.46 3603.2 2079.18 1524.02 366.022 1158 978.154 930.332 410.564 1101.02 1843.54 1276.19 863.565 622.705 549.503 1377.69 751.414
internal_count=6570 3566 3004 539 1422 2465 490 1248 1204 379 825 160 80 80 1975 1097 878 220 658 627 600 255 470 328 264 210 172 437 174 93
cat_boundaries=0 1 2 3 4 5
cat_threshold=284 24 97 102 262
is_linear=0
shrinkage=0.05


Tree=148
num_leaves=31
num_cat=0
split_feature=6 7 0 7 7 4 6 3 3 3 8 3 3 2 8 8 6 0 4 8 6 3 3 8 3 1 3 3 6 0
split_gain=9.67935 2.48625 2.6471 2.06 2.59891 4.06616 4.97934 2.93974 2.25121 2.93683 2.2122 3.16002 1.96991 3.00864 2.11681 1.96031 1.89278 1.78966 1.76958 1.73741 2.60123 1.70179 1.9195 1.87819 2.22841 2.50933 1.93889 2.35429 1.79074 2.13276
threshold=0.12940952255126045 -0.70710678118654757 1.5000000000000002 -0.9159756150367534 -0.12940952255126037 4.5000000000000009 -0.5 1.0000000000000009 1.8898223650461372 2.2360679774997938 0.048750295396440567 3.1320159337914957 1.397276262011544 2.9285714285714293 0.3147983283507379 0.21383974548520426 -0.91597561503675329 6.5000000000000009 5.5000000000000009 0.082164511394234779 -0.91597561503675329 1.9518001458970675 1.8644544714716103 0.62801887433740056 2.7817135724978912 7.5000000000000009 2.0470322187799894 2.1380899352993956 -0.78656609248549303 5.5000000000000009
decision_type=2 2 2 2 2 2 2 2 2 2 2 2 2 2 2 2 2 2 2 2 2 2 2 2 2 2 2 2 2 2
left_child=3 2 -2 8 5 7 -7 -5 -1 15 11 -6 16 14 -14 -10 -12 -18 -11 20 -15 22 28 26 -25 -26 -23 -28 -21 -30
right_child=1 -3 -4 4 10 6 -8 -9 9 18 12 -13 13 19 -16 -17 17 -19 -20 21 -22 23 -24 24 25 -27 27 -29 29 -31
leaf_value=0.0029149342700030994 0.0019028278108009318 -0.0025130936210157884 -0.0016786313339641206 0.005150616224844402 0.0002588475182331628 -0.0044737360806604044 0.00095675962275457334 -0.00024177685525799352 -0.004162140675082463 0.001613680441544184 0.0032319428546959727 -0.0054501324913977011 0.0077053472676322163 0.0046863710006871916 0.00083229524864765264 -2.4452331737996559e-05 -0.0015718230161277152 -0.0081724383020582974 -0.0014100309171741099 0.0025934049894915882 0.00013802673182129104 -0.0026885389339900848 0.0050169288350931946 -0.0038989965183137362 0.002597371130320613 -0.002553943735222379 0.003978314017486724 0.00041833171436935423 -0.0033852041577352742 0.0022060903497598434
leaf_weight=1335.4142742156982 778.09096348285675 4214.4325605630875 1531.2755675315857 261.8422634601593 663.66091752052307 1255.1872205734253 636.00342321395874 7276.0583562850952 447.57072925567627 3872.4883923530579 178.18192386627197 381.85403490066528 253.57609558105469 611.5402660369873 200.68927609920502 794.20071315765381 836.29145181179047 117.06911468505859 552.96428251266479 842.36873579025269 646.84628200531006 481.01402711868286 380.28299283981323 566.16569232940674 481.28395462036133 464.63975811004639 480.77625274658203 13644.862952709198 375.39531183242798 312.55368661880493
leaf_count=124 244 2465 295 43 63 208 62 775 40 273 13 24 43 36 36 68 313 9 43 63 55 45 36 45 38 24 43 972 46 26
internal_value=-1.00922e-05 -0.00179054 -0.000471936 0.000292778 0.00011958 -0.000574542 -0.00264747 -5.44626e-05 0.00106812 0.000632936 0.000418176 -0.00182625 0.000530595 0.000646883 0.00466891 -0.0015158 -0.00149828 -0.00238235 0.00123586 0.000552156 0.00234839 0.000426785 0.00183774 0.00025954 -0.00141795 6.70342e-05 0.000433195 0.000539498 0.00104771 -0.000844929
internal_weight=44874.6 6523.8 2309.37 38350.8 31348.1 9429.09 1891.19 7537.9 7002.64 5667.22 21919.1 1045.51 20873.5 19742 454.265 1241.77 1131.54 953.361 4425.45 19287.7 1258.39 18029.3 1910.6 16118.7 1512.09 945.924 14606.7 14125.6 1530.32 687.949
internal_count=6570 3004 539 3566 3018 1088 270 818 548 424 1930 87 1843 1508 79 108 335 322 316 1429 91 1338 171 1167 107 62 1060 1015 135 72
is_linear=0
shrinkage=0.05


Tree=149
num_leaves=31
num_cat=3
split_feature=6 9 7 0 9 3 7 1 8 3 8 1 6 1 2 8 3 8 0 8 5 0 9 0 8 0 8 8 8 2
split_gain=9.21864 2.63051 2.37573 2.5179 2.21318 2.39264 2.51787 2.17531 1.95625 1.6635 1.56613 1.56515 2.37774 1.48677 3.53486 1.65617 3.11548 2.37797 1.4534 1.84691 1.43043 2.16057 1.77939 2.65378 2.582 2.09574 1.68242 1.49609 2.74933 1.94599
threshold=0.12940952255126045 0 -0.70710678118654757 1.5000000000000002 1 0.8997354108424368 -0.37940952255126015 10.500000000000002 0.83843495156200809 1.8126539343499306 0.36766256502743938 1.0000000180025095e-35 -0.70710678118654735 5.5000000000000009 4.3571428571428585 0.46757109817350689 1.7043362064926948 0.72439176691076579 1.0000000180025095e-35 0.20349355764208901 1.0000000180025095e-35 2.5000000000000004 2 1.0000000180025095e-35 0.10445667651198602 1.5000000000000002 0.068602661386437155 0.48557888736079341 0.43976052209825928 0.35714285714285715
decision_type=2 1 2 2 1 2 2 2 2 2 2 2 2 2 2 2 2 2 2 2 2 2 1 2 2 2 2 2 2 2
left_child=1 7 3 10 5 6 -4 8 11 20 18 12 -1 15 -15 -3 -17 -18 19 -2 22 -22 27 24 26 -25 -24 28 29 -6
right_child=2 13 4 -5 9 -7 -8 -9 -10 -11 -12 -13 -14 14 -16 16 17 -19 -20 -21 21 -23 23 25 -26 -27 -28 -29 -30 -31
leaf_value=-0.0098156276032692214 0.0010636225156122712 0.0014200263484170372 0.0045848216651227956 -0.0016397372977421853 -0.0084734568138089602 -0.016771423216630357 -0.0073970453355163947 -0.0028983634260424662 0.0041689245915487163 -0.010645828024977872 0.0052717572019570598 -0.00015728046145172664 -0.00055029767777825056 -0.0040722807699594609 0.00041353340705706763 0.0033378508067256536 -0.0038949213807314151 0.00071998793329299752 0.0022958963677949282 -0.0088371634845041801 -0.004362418951838999 0.0049446401557158935 0.00024973441401844175 -0.0066571346155095247 -0.0018068778248224752 -0.00054965266203923981 0.013145307986368683 0.0029516189068955158 -0.010800365761022911 0.00012126467421947117
leaf_weight=106.56977653503418 111.99986755847931 7116.3825325965881 56.095571279525757 1528.7072741985321 70.311412572860718 49.641083002090454 200.77764248847961 775.16192150115967 255.18834519386292 56.403818011283875 234.21131408214569 10396.407223582268 197.70198094844818 450.4507884979248 17531.732783317566 410.05263006687164 601.88177299499512 520.56316375732422 352.07163488864899 81.290128231048584 869.69920992851257 67.172914385795593 49.842498540878296 498.01535189151764 634.16533303260803 195.63738811016083 51.350149154663086 296.96679127216339 67.717358708381653 1040.0580726861954
leaf_count=22 42 842 44 295 45 40 164 49 30 21 69 1243 78 54 1069 68 64 47 101 32 521 27 31 331 416 126 31 142 33 493
internal_value=-9.89657e-06 0.000285371 -0.00174928 -0.000460473 -0.00245694 -0.00651005 -0.00478046 -0.000338372 -0.000157553 -0.00211604 0.00185201 -0.000260731 -0.00379544 0.000560047 0.000301164 0.00109895 -0.000392032 -0.00175464 0.000383363 -0.00310026 -0.00199629 -0.00369511 -0.00144824 -0.00269719 -0.000623368 -0.00493458 0.00679359 -0.000218509 -0.00101948 -0.000422975
internal_weight=44874.2 38362.1 6512.13 2308.28 4203.85 306.514 256.873 11731 10955.9 3897.34 779.573 10700.7 304.272 26631.1 17982.2 8648.88 1532.5 1122.44 545.362 193.29 3840.94 936.872 2904.06 1429.01 735.358 693.653 101.193 1475.05 1178.09 1110.37
internal_count=6570 3566 3004 539 2465 248 208 1422 1373 2217 244 1343 100 2144 1123 1021 179 111 175 74 2196 548 1648 935 478 457 62 713 571 538
cat_boundaries=0 1 2 3
cat_threshold=284 8 225
is_linear=0
shrinkage=0.05


Tree=150
num_leaves=31
num_cat=3
split_feature=6 9 9 4 2 2 4 3 4 4 2 4 8 9 7 7 2 3 8 7 8 2 8 8 2 4 4 8 7 4
split_gain=7.42486 2.37812 1.97816 2.61595 1.98108 1.91817 1.75892 2.67578 2.06838 2.01274 2.24671 1.75495 3.0751 2.60044 3.17419 2.35545 3.38929 1.68817 1.64503 4.61494 3.61654 2.17292 1.63064 1.56598 1.87932 1.56173 3.02411 5.82703 2.5859 6.82715
threshold=0.12940952255126045 0 1 5.5000000000000009 3.6428571428571437 4.5000000000000009 5.5000000000000009 0.89973541084243835 2.5000000000000004 1.0000000180025095e-35 0.78571428571428581 1.0000000180025095e-35 0.16032840024074838 2 0.37940952255126048 -0.9159756150367534 2.5000000000000004 0.89973541084243835 0.3860568642766497 0.60355339059327384 0.34615566637453504 5.6428571428571432 0.5443711740545415 0.14592227165098043 1.0714285714285716 2.5000000000000004 3.5000000000000004 0.76863213338811043 0.37940952255126048 4.5000000000000009
decision_type=2 1 1 2 2 2 2 2 2 2 2 2 2 1 2 2 2 2 2 2 2 2 2 2 2 2 2 2 2 2
left_child=2 5 3 18 -5 6 8 -8 9 -2 -11 12 -3 -14 -15 16 -13 -10 20 -20 21 -1 -19 -12 -25 -4 -27 28 29 -28
right_child=1 11 25 4 -6 -7 7 -9 17 10 23 15 13 14 -16 -17 -18 22 19 -21 -22 -23 -24 24 -26 26 27 -29 -30 -31
leaf_value=0.00014758051542016544 0.0018279972124809784 -0.0055028305896854318 5.6332431135708903e-05 -0.00040297325451670821 -0.0066157534714393444 -0.0056386873832899127 -0.01045347009729602 2.2102726614205314e-05 -0.00081894491972888349 0.0042331453429860803 0.00065757600718851627 0.0032740250366160885 -0.0010944661140312587 0.01100860778804263 -0.0025830575688084619 -0.0035891710897648791 -0.0031337360585247751 0.00465176338397243 0.0029603482562109876 -0.0044488717350210163 -0.0068287365217847736 -0.0038075222335719906 -0.002016187975234931 -0.010485020771625312 -0.0032577534625647222 0.0017440417068308246 0.0020839966149315396 -0.0053258828115099873 0.0014451433293361472 -0.001174742073320699
leaf_weight=2652.4566317796707 416.39684474468231 178.51197242736816 15079.002937078476 223.12023496627808 301.97361850738525 161.53760719299316 97.385918140411377 162.96889579296112 326.94274485111237 106.66699516773224 162.8291232585907 346.9344654083252 263.78755688667297 135.3316924571991 62.932074904441833 2417.5975784063339 509.32152318954468 561.37797009944916 949.99522399902344 269.86721563339233 233.32647919654846 399.58627700805664 109.58626925945282 118.51443290710449 373.17736971378326 5330.5371739864349 2433.7443947792053 440.94915974140167 4658.5254198312759 4732.7100827693939
leaf_count=396 143 92 1297 45 37 20 49 55 153 56 54 76 132 60 40 1584 85 170 114 53 32 38 34 56 112 445 192 39 391 445
internal_value=1.83091e-05 -0.00154078 0.000287564 -0.000634739 -0.00397585 -0.000360952 -1.24311e-05 -0.00389629 0.000452375 -0.000966864 -0.00249575 -0.0023168 7.0694e-05 0.00222401 0.00637296 -0.00279102 -0.000537464 0.00212716 -0.000246734 0.00132122 -0.00082892 -0.000370238 0.00356271 -0.00359236 -0.00499977 0.000429613 0.000749734 0.000317627 0.000528072 -6.80669e-05
internal_weight=44217.6 6511.8 37705.8 5030.33 525.094 2597.38 2435.85 260.355 2175.49 1177.58 761.188 3914.42 640.563 462.051 198.264 3273.85 856.256 997.907 4505.23 1219.86 3285.37 3052.04 670.964 654.521 491.692 32675.5 17596.5 12265.9 11825 7166.45
internal_count=6495 2971 3524 715 82 902 882 104 778 421 278 2069 324 232 100 1745 161 357 633 167 466 434 204 222 168 2809 1512 1067 1028 637
cat_boundaries=0 1 2 3
cat_threshold=35 12 780
is_linear=0
shrinkage=0.05


Tree=151
num_leaves=31
num_cat=2
split_feature=6 9 4 9 4 2 7 8 8 1 2 2 4 6 4 4 8 7 4 6 0 0 7 1 4 6 0 1 0 1
split_gain=7.07116 2.28636 1.96032 1.8813 2.50007 1.90508 1.59916 2.49642 2.65972 2.28293 2.10705 2.03487 1.93215 1.87579 1.48313 2.86774 5.56678 2.45441 6.48673 3.30865 4.21193 3.69192 2.46924 2.05777 1.95829 3.6122 2.77078 2.28709 2.60184 1.9544
threshold=0.12940952255126045 0 5.5000000000000009 1 5.5000000000000009 3.6428571428571437 0.91597561503675351 0.3860568642766497 0.33871475787898558 2.5000000000000004 2.0714285714285716 2.6428571428571437 2.5000000000000004 -0.91597561503675329 2.5000000000000004 3.5000000000000004 0.76863213338811043 0.37940952255126048 4.5000000000000009 -0.5 2.5000000000000004 3.5000000000000004 -0.12940952255126037 16.500000000000004 4.5000000000000009 -0.60355339059327362 6.5000000000000009 5.5000000000000009 2.5000000000000004 8.5000000000000018
decision_type=2 1 2 1 2 2 2 2 2 2 2 2 2 2 2 2 2 2 2 2 2 2 2 2 2 2 2 2 2 2
left_child=3 -2 -3 4 6 -6 7 8 9 11 -8 -1 -13 -9 23 -16 17 18 29 20 -20 -22 -23 -5 25 -19 27 28 -26 -17
right_child=1 2 -4 14 5 -7 10 13 -10 -11 -12 12 -14 -15 15 16 -18 24 19 -21 21 22 -24 -25 26 -27 -28 -29 -30 -31
leaf_value=-0.001807557305206319 -0.0029233583874556019 -0.00050801269365416109 -0.0037770530663408276 -4.2091135658179257e-05 -0.00039312816268061835 -0.0064948580609314162 -0.00051582811182149474 0.0050272602938147906 -0.0055342246631028902 -0.0011148546182069396 -0.009639671082295756 0.0068028406806949094 0.00052122828829306584 0.00063554791050186876 0.0016977371328709735 0.0030444108505335316 -0.0052217330022304373 0.0018050862223819278 -0.0070026453907432191 0.00034168216869505012 0.0033180711401189344 -0.0052716279386070758 -0.0012237580691764971 0.0035711133962286028 0.0020501006057463272 -0.0038163479901816167 0.00070270280540151819 0.0022821766353446249 0.0094470908404035037 5.6952141283406083e-05
leaf_weight=223.70190644264221 1971.1228533983231 4012.9512213468552 517.76031482219696 14674.928228020668 223.03034019470215 299.98242378234863 166.5745564699173 353.35658836364746 264.31662321090698 2121.073169708252 102.04354333877563 268.71432590484619 224.8476939201355 779.50699901580811 5339.8419625759125 1609.0450358390808 438.60695958137512 756.54178905487061 406.69515872001648 2085.7379488945007 341.06246471405029 518.97884273529053 1374.6792116165161 404.92418003082275 202.75776159763336 459.24132490158081 1856.4961423873901 1102.8553972244263 287.37010133266449 829.77656078338623
leaf_count=48 1171 1577 223 1281 45 37 72 36 34 251 20 36 32 104 445 148 39 49 73 166 44 69 93 16 63 71 108 75 25 44
internal_value=1.77889e-05 -0.00150508 -0.00087965 0.00028031 -0.000619477 -0.00389287 -0.00024075 -3.49013e-06 -0.000736986 -0.000290249 -0.00398182 0.00214825 0.00394118 0.00200539 0.000418745 0.000730531 0.000309602 0.00051466 -6.6411e-05 -0.00114694 -0.0023224 -0.00147064 -0.00233312 5.49306e-05 0.0014072 -0.000318315 0.00201537 0.00354517 0.00638708 0.00202797
internal_weight=44218.5 6501.83 4530.71 37716.7 5027.15 523.013 4504.14 4235.52 3102.65 2838.34 268.618 717.264 493.562 1132.86 32689.5 17609.7 12269.8 11831.2 7165.98 4727.15 2641.42 2234.72 1893.66 15079.9 4665.26 1215.78 3449.48 1592.98 490.128 2438.82
internal_count=6495 2971 1800 3524 715 82 633 541 401 367 92 116 68 140 2809 1512 1067 1028 637 445 279 206 162 1297 391 120 271 163 88 192
cat_boundaries=0 1 2
cat_threshold=156 12
is_linear=0
shrinkage=0.05


Tree=152
num_leaves=31
num_cat=2
split_feature=6 4 7 8 9 2 7 8 8 4 9 3 4 3 7 8 8 3 3 2 6 3 3 8 3 4 4 8 2 6
split_gain=6.73323 2.23183 2.69179 2.62205 2.33796 2.85953 3.15978 3.09837 5.62921 2.40477 1.79936 2.65921 3.21008 2.9859 1.75721 1.73514 1.70855 1.81227 1.69464 2.79513 3.13894 1.95446 1.79986 1.67894 1.74962 1.64469 3.18512 6.02589 2.34656 3.25787
threshold=0.12940952255126045 1.0000000180025095e-35 -0.70710678118654757 0.1485407985270232 0 0.78571428571428581 -0.37940952255126015 0.17678381033220336 0.28357341322961088 1.5000000000000002 1 3.1471831698777746 5.5000000000000009 2.3042346054814726 0.37940952255126048 0.17805266688795099 0.50141566553635952 1.1126972805283757 2.2038661803717079 5.7857142857142865 -0.91597561503675329 1.6256701746404121 2.0470322187799894 0.44908987642340409 2.3042346054814726 2.5000000000000004 3.5000000000000004 0.7551087644715927 5.9285714285714297 -0.91597561503675329
decision_type=2 2 2 2 1 2 2 2 2 2 1 2 2 2 2 2 2 2 2 2 2 2 2 2 2 2 2 2 2 2
left_child=10 16 3 -3 5 6 -4 -8 -9 -7 11 12 18 14 -14 -5 17 -2 19 20 21 -1 -22 24 -20 -12 28 -28 -27 -30
right_child=1 2 4 15 -6 9 7 8 -10 -11 25 -13 13 -15 -16 -17 -18 -19 23 -21 22 -23 -24 -25 -26 26 27 -29 29 -31
leaf_value=-0.0004160984559204533 0.001784522747500435 0.0027513636779882408 -0.0049571226046809941 -0.0060831609788399741 -0.0040381093963072186 -0.0073774521803730278 -0.0028392505425912833 0.016207342242440005 0.0012150288864312996 -0.0016640185713025083 4.8158419082331618e-05 -0.0039156886359913009 -0.0030957278970820791 -0.0072195443458130939 0.0031348091036653945 -0.00083060427945320372 0.007106897275035111 -0.002565755722889672 0.0036780543464759183 -0.0048807777134197046 -0.00034347337763376585 0.0051231969931961165 -0.0042016367345780676 0.0039666820525690602 1.509464346782016e-05 0.0033813447085503595 0.00055739519635286065 -0.005514936491919884 0.0030367722220987284 -0.00021042084008486971
leaf_weight=260.10554265975952 582.40488290786743 491.28684139251709 130.8364200592041 178.70379567146301 1709.3990076780319 226.33751595020294 113.68796455860138 102.34764134883881 161.2637300491333 988.54980373382568 13799.660509824753 504.45699167251587 308.27931714057922 289.61276960372925 178.80084109306335 1308.4063386917114 92.371774673461914 406.49476218223572 387.61974668502808 333.35860538482666 2256.4105906486511 410.65071678161621 349.0464243888855 435.82521772384644 2050.767276763916 1664.2674552202225 10840.33883202076 424.5552716255188 1275.746506690979 1957.8498191833496
leaf_count=33 320 116 74 44 1219 101 61 55 90 438 1134 54 52 38 31 303 38 112 46 32 421 43 45 50 226 200 896 35 65 123
internal_value=1.72713e-05 -0.00147007 -0.00188449 -0.00041556 -0.00273117 -0.00140298 0.00173844 0.00406026 0.00703582 -0.00272845 0.000273212 -0.00040484 -0.000161465 -0.0031991 -0.000808578 -0.0014618 0.000603757 -3.69249e-06 0.000202413 -0.000518903 -7.5077e-05 0.00297517 -0.000860342 0.00110828 0.000597379 0.000448918 0.000791362 0.000328539 0.00185584 0.00107069
internal_weight=44219.4 6492.09 5410.82 1978.4 3432.42 1723.02 508.136 377.299 263.611 1214.89 37727.4 7764.93 7260.48 776.693 487.08 1487.11 1081.27 988.9 6483.78 3609.57 3276.21 670.756 2605.46 2874.21 2438.39 29962.4 16162.8 11264.9 4897.86 3233.6
internal_count=6495 2971 2501 463 2038 819 280 206 145 539 3524 1071 1017 121 83 347 470 432 896 574 542 76 466 322 272 2453 1319 931 388 188
cat_boundaries=0 1 2
cat_threshold=291 28
is_linear=0
shrinkage=0.05


Tree=153
num_leaves=31
num_cat=2
split_feature=2 4 3 9 8 4 2 8 8 7 8 9 3 4 3 4 4 8 4 7 7 2 3 3 2 2 4 7 3 0
split_gain=5.43489 3.35015 2.17658 2.08693 2.56982 2.84522 2.25301 1.96029 4.27526 1.88024 1.62181 1.51689 2.49223 2.4802 3.27596 1.89071 4.4607 5.56055 2.58486 4.67524 3.03668 2.57007 2.82581 4.19208 2.50055 2.26475 2.74091 2.15124 2.05244 1.9122
threshold=1.2142857142857146 1.0000000180025095e-35 0.75592894601845539 0 0.19467479419302222 3.5000000000000004 0.50000000000000011 0.13247736233059138 0.20868183832290296 -0.5 0.23696604867241247 1 3.1471831698777746 5.5000000000000009 2.2782376895703389 2.5000000000000004 3.5000000000000004 0.7551087644715927 4.5000000000000009 0.37940952255126048 0.78656609248549303 5.9285714285714297 1.7043362064926948 2.7945525240230897 2.9285714285714293 5.6428571428571432 1.0000000180025095e-35 -0.78656609248549325 2.6992062325273145 2.5000000000000004
decision_type=2 2 2 1 2 2 2 2 2 2 2 1 2 2 2 2 2 2 2 2 2 2 2 2 2 2 2 2 2 2
left_child=1 2 7 4 5 -3 -7 -1 -9 -6 -11 12 13 -2 -15 25 21 18 20 24 -18 22 -17 -24 -20 26 28 -26 29 -13
right_child=11 3 -4 -5 9 6 -8 8 -10 10 -12 15 -14 14 -16 16 17 -19 19 -21 -22 -23 23 -25 27 -27 -28 -29 -30 -31
leaf_value=-0.0096384539649741439 0.00012147646576651349 -0.0056947815335830852 0.0039126666402254564 -0.0017416099516979111 -0.0015048748918405318 -0.0025261812428001881 0.011622357867223458 0.011189308297014783 -0.0039013016067531978 -0.019345764196281645 -0.0080947383174971074 0.0020945130184978483 -0.0038336369389524506 -0.00031895027348750383 -0.0068845892081793141 0.0060424214817267107 0.0020132394583840751 -0.0051986770698799287 -0.0046267231664182317 0.0013715218331337988 -0.0027168346421390654 0.0010429414428849261 0.00019222653405071859 0.0061775446768085841 0.00040909676001532808 0.00037675055176682502 -0.0017455406905794815 -0.00180336859179637 0.0045525499501528543 -0.0016417755923241524
leaf_weight=62.537805557250977 6657.1167402267456 146.33266639709473 389.67457151412964 2709.9943933486938 98.609222054481506 53.804218411445618 58.982284069061279 65.244116425514221 167.24035263061523 36.47304892539978 262.92945158481598 590.55604720115662 502.48556184768677 499.78958165645599 306.49759578704834 646.22319555282593 3177.7958493232727 463.5622718334198 452.91330111026764 3206.010560631752 379.87682950496674 3237.0644512176514 951.18229722976685 422.48783588409424 2143.5622510910034 9785.3624467849731 3387.6682314872742 2253.9838824272156 289.29458379745483 815.09470748901367
leaf_count=38 892 106 204 1580 57 43 41 42 104 30 220 120 54 82 40 125 275 44 125 241 50 188 109 39 179 614 510 210 31 102
internal_value=1.67614e-05 -0.00172855 0.00145974 -0.00237688 -0.00489571 -0.00109501 0.00487287 -0.00178016 0.000333706 -0.00749309 -0.00946533 0.000192812 -0.000424678 -0.000195733 -0.00281478 0.000345583 0.000700508 0.000171346 0.000385682 -0.000110002 0.00150818 0.00191624 0.00331579 0.00203308 -0.00108925 -6.79931e-05 -0.000924241 -0.000724913 0.000717281 -7.20487e-05
internal_weight=44220.4 4051.82 684.697 3367.13 657.131 259.119 112.787 295.022 232.484 398.012 299.403 40168.5 7965.89 7463.4 806.287 32202.6 17334.7 12077.7 11614.1 8056.47 3557.67 5256.96 2019.89 1373.67 4850.46 14868 5082.61 4397.55 1694.95 1405.65
internal_count=6495 2465 388 2077 497 190 84 184 146 307 250 4030 1068 1014 122 2962 1585 1124 1080 755 325 461 273 148 514 1377 763 389 253 222
cat_boundaries=0 1 2
cat_threshold=12 28
is_linear=0
shrinkage=0.05


Tree=154
num_leaves=31
num_cat=3
split_feature=6 9 2 3 3 8 8 2 9 7 2 8 8 2 7 8 8 8 2 8 6 7 0 2 9 8 8 7 1 3
split_gain=6.19973 2.12714 1.84776 2.4533 2.09924 2.31943 3.08771 2.03779 1.64723 1.67827 2.80563 1.97125 2.77098 2.09918 2.08501 1.71875 2.16081 2.44235 1.51523 1.48795 1.57322 1.41802 2.547 3.3188 1.36192 1.74964 2.20691 2.11051 1.39228 1.3451
threshold=0.12940952255126045 0 0.78571428571428581 0.8997354108424368 0.89973541084243835 0.18051317204359715 0.37617467293837392 4.5000000000000009 1 0.91597561503675351 2.0714285714285716 0.3860568642766497 0.34888272206319215 5.6428571428571432 0.1294095225512602 0.30349495182658909 0.15326417906987261 0.10445667651198602 1.2142857142857146 0.56188006585198114 -0.78656609248549303 -0.9159756150367534 2.5000000000000004 2.5000000000000004 2 0.12407412323927694 0.25693388058582795 -0.70710678118654757 3.5000000000000004 2.4299715851758257
decision_type=2 1 2 2 2 2 2 2 1 2 2 2 2 2 2 2 2 2 2 2 2 2 2 2 1 2 2 2 2 2
left_child=8 2 4 -4 5 -2 -7 24 9 11 18 12 13 14 15 16 17 -1 -11 20 -13 22 23 -3 -5 27 28 -26 -27 -16
right_child=1 21 3 7 -6 6 -8 -9 -10 10 -12 19 -14 -15 29 -17 -18 -19 -20 -21 -22 -23 -24 -25 25 26 -28 -29 -30 -31
leaf_value=0.00015707184188350288 -0.0048987945283659566 0.0056964316413457283 -0.004582145188423173 0.0021706113440731214 0.011437754406609104 0.0093221228837298605 -0.0026320213678541625 -0.0054949444074695085 0.00039081991586411994 -0.0060893986734841359 -0.010056803807425147 0.005417960720115393 -0.0060287677248544082 -0.0037661799314841699 0.0033309895409819414 -0.0053427738841666378 0.00098627057056233525 -0.0060878979248898133 0.0030837582855644183 -0.00072633055579843936 0.00075541227911168256 -0.0027209604757291836 -0.0030474699427426961 -0.0024709369359286965 0.0083910190548960734 -0.0073579872498785327 0.00027280623324711016 -0.0014336721549555744 -0.00020229198387296439 -0.00044113693531435511
leaf_weight=332.18154311180115 102.85758221149445 273.54002857208252 367.95356631278992 652.90275955200195 60.661174297332764 125.90996289253235 94.606341242790222 160.33663702011108 32725.745687603951 72.038934230804443 121.84834718704224 322.34360980987549 249.99338293075562 441.53075408935547 582.38109874725342 207.8362877368927 958.72502017021179 296.13634347915649 120.0156626701355 504.08799839019775 412.3561851978302 2879.0086294412613 505.00887989997864 228.1029200553894 103.85221171379089 214.63799285888672 491.99127018451691 115.40635049343109 99.484415531158447 397.73449993133545
leaf_count=47 54 62 163 199 30 64 51 20 2809 55 23 37 32 43 77 30 137 46 27 66 53 1880 89 38 20 82 155 46 18 42
internal_value=1.6275e-05 -0.00141298 -0.000297124 -0.000855353 0.00290258 0.00130148 0.00419353 -0.000109526 0.000261505 -0.000581262 -0.00412223 -0.00034627 -0.000958056 -0.000563952 -5.44439e-05 -0.00106722 -0.000507301 -0.00278628 -0.000357057 0.0013657 0.00280107 -0.00215062 -0.000540828 0.00198263 0.000404978 -0.000733301 -0.00181762 0.00321981 -0.00509174 0.00180025
internal_weight=44221.2 6476.26 2590.6 2206.57 384.035 323.374 220.516 1838.61 37745 5019.21 313.903 4705.31 3466.52 3216.53 2774.99 1794.88 1587.04 628.318 192.055 1238.79 734.7 3885.66 1006.65 501.643 1678.28 1025.37 806.114 219.259 314.122 980.116
internal_count=6495 2971 902 703 199 169 115 540 3524 715 105 610 454 422 379 260 230 93 82 156 90 2069 189 100 520 321 255 66 100 119
cat_boundaries=0 1 2 3
cat_threshold=35 12 32
is_linear=0
shrinkage=0.05


Tree=155
num_leaves=31
num_cat=3
split_feature=3 7 2 7 4 7 3 1 3 3 9 4 7 0 1 9 3 3 2 6 3 7 6 9 4 3 2 0 2 1
split_gain=6.75066 1.89864 3.33796 2.24513 5.11328 5.58392 3.05063 2.45297 2.14268 2.95418 2.5052 1.88913 5.21386 2.73244 3.0121 2.36594 2.15941 1.82691 1.77559 1.72208 2.57034 1.70779 1.60984 2.8462 2.77702 2.69511 2.68018 2.89065 2.78622 1.83435
threshold=1.414213562373096 0.91597561503675351 6.0714285714285721 0.1294095225512602 4.5000000000000009 -0.78656609248549325 1.9518001458970644 3.5000000000000004 2.0986834707579756 2.5166114784235849 0 4.5000000000000009 0.37940952255126048 5.5000000000000009 5.5000000000000009 1 3.6903993847614438 2.9277002188456005 4.3571428571428585 -0.78656609248549303 2.6276913640612212 0.60355339059327384 -1.0000000180025095e-35 2 1.0000000180025095e-35 0.89973541084243769 4.9285714285714297 3.5000000000000004 1.642857142857143 3.5000000000000004
decision_type=2 2 2 2 2 2 2 2 2 2 1 2 2 2 2 1 2 2 2 2 2 2 2 1 2 2 2 2 2 2
left_child=22 3 -3 4 8 6 -6 18 10 -10 -2 12 -5 14 -13 21 -17 -8 -7 20 -15 -14 25 -24 -25 -1 27 28 -27 -30
right_child=1 2 -4 11 5 7 17 -9 9 -11 -12 13 15 19 -16 16 -18 -19 -20 -21 -22 -23 23 24 -26 26 -28 -29 29 -31
leaf_value=0.0054373189703929266 -0.0016204529020006225 -0.0002608842370806668 -0.0055305100745930797 0.0021456495807425178 0.0034750777165153549 -0.0037982510940464081 -0.002071625979428332 -0.0056812412599474517 0.0020523072138229448 0.00027145888824564086 0.00070749104576470375 0.0071224733261248388 -4.0317129922975428e-05 -0.0029774288347601419 0.0018628165394165013 0.00087388129583091149 -0.002486827014243919 0.0011503593401619714 0.00080049028652161107 0.002323505681236369 0.0012731723676343799 -0.0025101267754202711 -0.0054307123159114861 0.0011443931580440618 -0.0019522860535271368 0.0047090467992160741 -0.0039241807309199142 0.0034609421849912596 -0.003746449413886516 0.00077085511452501705
leaf_weight=193.28246521949768 2301.5483895540237 1752.2522175312042 362.71769428253174 3306.7759759426117 501.68979501724243 501.64009606838226 1217.1737036705017 830.37289214134216 3392.6586835384369 7426.0805926322937 2304.2443083524704 431.90138006210327 1286.8638038635254 535.42411041259766 736.17337894439697 3948.9328769445419 543.80814933776855 689.0014853477478 360.90862989425659 1252.1742343902588 1059.2880363464355 1534.5574388504028 479.63923990726471 872.03734111785889 4264.111943602562 174.34984087944031 502.27015495300293 491.33609366416931 635.58872580528259 347.65461349487305
leaf_count=32 280 227 31 200 67 101 114 86 331 512 278 56 88 38 55 340 38 48 42 76 60 165 311 418 2191 41 39 64 120 53
internal_value=-1.97896e-07 0.00028914 -0.00116463 0.000379145 2.82037e-05 -0.00154105 6.01431e-06 -0.00374146 0.000445408 0.000829917 -0.000457782 0.000847326 0.000498064 0.00177124 0.0038076 -0.000246819 0.000466059 -0.000907015 -0.00187404 0.000935725 -0.000153966 -0.00137875 -0.00131876 -0.00177818 -0.00142375 -0.000218284 -0.000726432 0.000247614 -0.00111627 -0.00214922
internal_weight=44236.5 36276.2 2114.97 34161.2 19525.3 4100.79 2407.86 1692.92 15424.5 10818.7 4605.79 14635.9 10620.9 4014.96 1168.07 7314.16 4492.74 1906.18 862.549 2846.89 1594.71 2821.42 7960.27 5615.79 5136.15 2344.48 2151.2 1648.93 1157.59 983.243
internal_count=6502 3233 258 2975 1859 458 229 229 1401 843 558 1116 831 285 111 631 378 162 143 174 98 253 3269 2920 2609 349 317 278 214 173
cat_boundaries=0 1 2 3
cat_threshold=283 533 8
is_linear=0
shrinkage=0.05


Tree=156
num_leaves=31
num_cat=3
split_feature=3 7 7 4 7 8 1 3 7 4 4 8 1 3 8 9 8 9 3 3 3 3 4 7 8 3 0 1 9 3
split_gain=6.42789 1.80644 2.13232 4.86824 5.33869 2.9791 3.19567 2.89341 2.38417 2.93968 2.68021 2.40529 2.35952 2.3039 2.1495 1.93437 3.04547 1.86523 2.69408 4.63793 2.19786 1.98064 1.79065 4.94616 3.31506 3.1959 2.58117 2.82727 2.25258 2.05595
threshold=1.414213562373096 0.91597561503675351 0.1294095225512602 4.5000000000000009 -0.78656609248549325 0.082164511394234779 5.5000000000000009 1.9518001458970644 -0.78656609248549325 2.5000000000000004 3.5000000000000004 0.55312065292426993 3.5000000000000004 2.9560022436496336 0.27237879481339522 0 0.37036312300335844 1 2.1436434530208168 1.7043362064926932 2.7817135724978912 2.4784787961282118 4.5000000000000009 0.37940952255126048 0.20349355764208901 3.6482205472324205 5.5000000000000009 5.5000000000000009 2 3.6903993847614438
decision_type=2 2 2 2 2 2 2 2 2 2 2 2 2 2 2 1 2 1 2 2 2 2 2 2 2 2 2 2 1 2
left_child=-1 2 3 5 7 6 -2 -5 17 15 -11 14 -6 -8 -12 16 -10 20 19 -19 -7 -20 23 24 -4 -26 27 -24 -25 -30
right_child=1 -3 22 4 12 8 13 -9 9 10 11 -13 -14 -15 -16 -17 -18 18 21 -21 -22 -23 26 28 25 -27 -28 -29 29 -31
leaf_value=-0.0012879671095282776 0.0059569901809151194 -0.0011370961360590772 0.00035799289507894234 0.0033768886982046679 -0.0018310402233559211 0.0024112979806933639 -0.0012830466617042636 -0.0008853359555431573 -0.0045492467978988918 0.0022116447657677999 -0.0015941111238781912 -0.0048099393178751091 -0.0055721471007067307 0.0035776065358997448 0.0035876017972097697 -0.00061532566466718664 0.0012637861212061261 0.0029492868138451364 0.0033199264883740152 -0.0037586521458896197 -3.7386120678706016e-06 7.6747708620963925e-05 0.0068957063712192235 -0.0013464110981611069 0.0021718080455422869 0.0067837824801956093 0.00091157895596418587 0.0018131403316075938 0.00085142957575094758 -0.0024311961045547876
leaf_weight=7949.8589843511581 474.23760688304901 2112.5123555660248 1508.699348449707 503.4362370967865 860.93601083755493 2597.2297086715698 528.74732542037964 1904.4493327140808 897.4350848197937 1442.2591550350189 533.67410397529602 307.20315277576447 825.66872191429138 452.3553352355957 320.23234534263611 2476.1007261276245 300.84637880325317 358.190016746521 651.88372945785522 918.34062480926514 1478.3170828819275 1694.3699512481689 434.98857080936432 2817.5222609043121 1272.1716527938843 533.0077657699585 2849.5568957328796 737.54601860046387 3952.3852870464325 542.45747947692871
leaf_count=3269 55 258 91 67 143 255 43 162 103 130 53 32 86 28 29 223 33 48 58 89 94 128 56 253 85 24 174 55 340 38
internal_value=-2.8823e-07 0.000281822 0.000369534 2.74475e-05 -0.00150524 0.000434122 0.002587 5.80205e-06 0.000209941 -0.000513232 0.000772179 -0.00101584 -0.00366248 0.000958046 0.000349137 -0.00142397 -0.00306423 0.000799666 -2.78224e-05 -0.00187643 0.00153154 0.000977833 0.000825527 0.000485418 0.00208783 0.00353357 0.00172408 0.00369868 -0.000240777 0.000454257
internal_weight=44236.6 36286.8 34174.2 19525.9 4094.49 15431.4 1455.34 2407.89 13976.1 6277.75 2603.37 1161.11 1686.6 981.103 853.906 3674.38 1198.28 7698.33 3622.78 1276.53 4075.55 2346.25 14648.3 10626.2 3313.88 1805.18 4022.09 1172.53 7312.37 4494.84
internal_count=6502 3233 2975 1859 458 1401 126 229 1275 603 244 114 229 71 82 359 136 672 323 137 349 186 1116 831 200 109 285 111 631 378
cat_boundaries=0 1 2 3
cat_threshold=904 614 533
is_linear=0
shrinkage=0.05


Tree=157
num_leaves=31
num_cat=5
split_feature=3 6 9 4 2 8 8 8 9 3 8 9 8 2 8 1 3 3 3 8 8 1 9 8 9 8 3 3 8 8
split_gain=6.11829 1.53821 2.73902 2.6502 2.55565 1.78279 1.7149 2.10893 1.7042 2.06407 1.69252 1.6272 2.12715 1.60874 2.28102 2.66271 1.55188 1.49313 1.47668 2.20098 3.04325 1.83652 1.4563 1.45161 1.43035 1.96146 1.81691 2.01955 2.53272 3.37206
threshold=1.414213562373096 -1.0000000180025095e-35 0 1.0000000180025095e-35 4.9285714285714297 0.096899986645323982 0.17522266917538817 0.18051317204359715 1 1.1547005383792521 0.1424479740619076 2 0.06642855116524797 3.6428571428571437 0.49025286837766885 1.5000000000000002 1.0690449676496989 0.48795003647426594 0.75592894601845539 0.1485407985270232 0.25693388058582795 1.0000000180025095e-35 3 0.46148625683949612 4 0.032694878688488534 1.7043362064926932 2.2307312692782699 0.2296828188065729 0.29612947281771734
decision_type=2 2 1 2 2 2 2 2 1 2 2 1 2 2 2 2 2 2 2 2 2 2 1 2 1 2 2 2 2 2
left_child=1 4 -3 18 8 11 10 -8 9 -1 -7 12 -5 14 15 -10 -17 -9 19 -4 -21 -22 -19 -20 25 -2 -27 28 -28 -30
right_child=24 2 3 5 -6 6 7 17 13 -11 -12 -13 -14 -15 -16 16 -18 22 23 20 21 -23 -24 -25 -26 26 27 -29 29 -31
leaf_value=0.0069598901600132178 -0.0025159374636340927 -0.0053026293098580556 -0.0097560882670045691 -0.0011602185080205048 -0.0032989775774584806 -0.0022826321207494327 0.0072960290633833046 0.0048763018068650812 0.004918108370291191 0.0007695949162427418 -0.0068427409997580445 -0.0017200920291454093 0.0081383385879436818 0.0039316926998893267 -0.0065479675884653008 0.0021283419652575459 -0.0031357877306973864 -0.0037611097972583296 0.0015831943119745757 0.0092205247633564656 -0.010069611681316143 0.0010572451673182017 -0.0012751824366869415 0.0087096363442523937 -0.00013772680846319449 0.0024227431422932212 -0.0020605970880325261 0.00070947125970045421 0.0036101550572120189 -0.0006400793595528455
leaf_weight=206.04510998725891 522.10948204994202 476.42749917507172 66.343015074729919 114.07303595542908 513.23048496246338 465.70146226882935 63.812645196914673 79.109750866889954 201.69847965240479 388.68918204307556 361.38166177272797 290.67249000072479 133.46435558795929 184.27759027481079 164.10213732719421 196.6049861907959 486.32129263877869 879.88771486282349 495.97804152965546 70.485016107559204 60.977041482925415 94.643888354301453 1862.214386343956 83.485143303871155 13316.35850250721 1267.7964683771133 1622.844161272049 17193.489629507065 638.19866013526917 1736.3130996227264
leaf_count=31 33 311 42 54 40 238 35 54 43 57 185 155 59 23 30 37 88 447 213 43 36 49 964 35 1458 211 173 1122 64 172
internal_value=-3.53993e-07 -0.00125763 -0.00170765 -0.00136027 -0.000181355 -0.00187804 -0.00226796 -0.00169255 0.000694076 0.00286603 -0.0042751 0.00081129 0.00370365 -0.000373768 -0.00113387 -0.000129527 -0.00162032 -0.00189586 0.00114812 -0.00174831 0.000601291 -0.0033026 -0.00209124 0.00260992 0.000274662 0.00051346 0.000584115 0.000474114 -0.000538208 0.000502258
internal_weight=44236.7 7939.63 5598.66 5122.23 2340.97 4250.32 3712.11 2885.02 1827.74 594.734 827.083 538.21 247.537 1233 1048.73 884.625 682.926 2821.21 871.912 292.449 226.106 155.621 2742.1 579.463 36297.1 22980.8 22458.6 21190.8 3997.36 2374.51
internal_count=6502 3269 2920 2609 349 2191 1923 1500 309 88 423 268 113 221 198 168 125 1465 418 170 128 85 1411 248 3233 1775 1742 1531 409 236
cat_boundaries=0 1 2 3 4 5
cat_threshold=8 658 897 517 355
is_linear=0
shrinkage=0.05


Tree=158
num_leaves=31
num_cat=2
split_feature=3 7 7 4 7 8 1 3 1 7 9 8 4 3 3 1 9 3 3 3 3 3 3 8 8 4 7 8 3 0
split_gain=5.82823 1.7217 2.02918 4.63954 5.10697 2.85111 3.0147 2.73774 2.27215 2.26027 2.80106 2.4678 2.40069 2.16679 2.0426 3.45074 1.75357 2.53756 4.39302 2.08491 1.87764 1.73353 1.7262 1.72105 1.8214 1.70313 4.68701 3.1183 2.98407 2.44981
threshold=1.414213562373096 0.91597561503675351 0.1294095225512602 4.5000000000000009 -0.78656609248549325 0.082164511394234779 5.5000000000000009 1.9518001458970644 3.5000000000000004 -0.78656609248549325 0 0.37036312300335844 2.5000000000000004 2.9560022436496336 2.2038661803717079 6.5000000000000009 1 2.1436434530208168 1.7043362064926932 2.7817135724978912 2.4784787961282118 2.9277002188456005 2.882621507231915 0.12741864878956169 0.16825635345475606 4.5000000000000009 0.37940952255126048 0.20349355764208901 3.6482205472324205 5.5000000000000009
decision_type=2 2 2 2 2 2 2 2 2 2 1 2 2 2 2 2 1 2 2 2 2 2 2 2 2 2 2 2 2 2
left_child=-1 2 3 5 7 6 -2 -5 -6 16 11 -11 -12 -8 -14 -16 19 18 -18 23 -19 -9 -22 -7 -25 26 27 -4 -29 -27
right_child=1 -3 25 4 8 9 13 21 -10 10 12 -13 14 -15 15 -17 17 20 -20 -21 22 -23 -24 24 -26 29 -28 28 -30 -31
leaf_value=-0.001228491474337871 0.0057806765411633184 -0.0011180983365899854 0.00034494383436149879 0.0032696235300868123 -0.0017958584007469376 -0.0014651084787155402 -0.0012430783857983706 -0.0020077092205888982 -0.0054732295884959512 -0.003748100806065155 -0.0008850152170401742 0.0010671592989593348 -0.00090385323071967062 0.0034676545058788181 0.0061176483438661507 0.00075223705295670738 0.0028542243360633289 0.0032172146572239137 -0.0036700191295535554 -1.6665564581380047e-05 -0.0021138908290556564 0.0011317269533863462 0.0012328041072431971 0.0064845184596016283 0.0022443855746693948 0.0035925573943709193 -0.00024137334351810786 0.002105089573110874 0.0065482559994432775 0.00088134636066629433
leaf_weight=7929.8247706890106 476.96921837329865 2110.8197747468948 1509.4813895225525 505.35806322097778 859.62098717689514 267.50376915931702 527.85132575035095 1213.7647438049316 821.4492027759552 1026.9831179380417 2837.8420680761337 359.12293577194214 670.8348400592804 454.11303234100342 439.46224331855774 942.0869779586792 359.42000937461853 654.27105665206909 914.49383163452148 1479.0872583389282 592.10998106002808 689.49598979949951 1103.1357398033142 289.01010799407959 2048.1168386936188 1176.9125612974167 7312.5423312187195 1275.3229253292084 537.00864124298096 2852.9076361656189
leaf_count=3269 55 258 91 67 143 29 43 114 86 117 261 42 83 28 41 59 48 58 89 94 54 48 74 32 194 111 631 85 24 174
internal_value=-4.58933e-07 0.000267755 0.000353299 1.95691e-05 -0.00147786 0.00041614 0.00251948 -1.75821e-06 -0.00359279 0.000196693 -0.000507735 -0.00248262 5.6993e-05 0.000935417 0.00135979 0.00245894 0.000770345 -3.22339e-05 -0.00182928 0.00147892 0.000941992 -0.000870383 6.38812e-05 0.00233389 0.00276872 0.000797815 0.000466109 0.00202354 0.00342164 0.00167316
internal_weight=44236.9 36307.1 34196.3 19532.1 4089.69 15442.4 1458.93 2408.62 1681.07 13983.5 6276.33 1386.11 4890.23 981.964 2052.38 1381.55 7707.15 3623.43 1273.91 4083.72 2349.52 1903.26 1695.25 2604.63 2337.13 14664.2 10634.4 3321.81 1812.33 4029.82
internal_count=6502 3233 2975 1859 458 1401 126 229 229 1275 603 159 444 71 183 100 672 323 137 349 186 162 128 255 226 1116 831 200 109 285
cat_boundaries=0 1 2
cat_threshold=648 614
is_linear=0
shrinkage=0.05


Tree=159
num_leaves=31
num_cat=2
split_feature=3 7 7 4 7 8 1 3 7 4 4 8 3 8 3 9 8 9 3 3 3 3 3 8 8 4 7 8 3 0
split_gain=5.54737 1.63796 1.92768 4.41674 4.91334 2.70252 2.84008 2.47691 2.14839 2.68553 2.55157 2.28841 2.05391 2.02267 1.9272 1.80155 2.84147 1.66392 2.41549 4.18876 1.97494 1.77792 1.64292 1.63063 1.71186 1.6148 4.4467 2.94785 2.803 2.31512
threshold=1.414213562373096 0.91597561503675351 0.1294095225512602 4.5000000000000009 -0.70710678118654757 0.082164511394234779 5.5000000000000009 1.9518001458970644 -0.78656609248549325 2.5000000000000004 3.5000000000000004 0.55312065292426993 2.9560022436496336 0.27237879481339522 2.9277002188456005 0 0.37036312300335844 1 2.1436434530208168 1.7043362064926932 2.7817135724978912 2.4784787961282118 2.882621507231915 0.12741864878956169 0.16825635345475606 4.5000000000000009 0.37940952255126048 0.20349355764208901 3.6482205472324205 5.5000000000000009
decision_type=2 2 2 2 2 2 2 2 2 2 2 2 2 2 2 1 2 1 2 2 2 2 2 2 2 2 2 2 2 2
left_child=-1 2 3 5 7 6 -2 -5 17 15 -11 13 -8 -12 -9 16 -10 20 19 -19 23 -20 -23 -7 -25 26 27 -4 -29 -27
right_child=1 -3 25 4 -6 8 12 14 9 10 11 -13 -14 -15 -16 -17 -18 18 21 -21 -22 22 -24 24 -26 29 -28 28 -30 -31
leaf_value=-0.0011994802973308062 0.0056042409170662492 -0.0010915721390138647 0.00033626165339655862 0.0025634016041590616 -0.0039107205009006416 -0.0014308523604052701 -0.0012137406347805704 -0.0021091375546882399 -0.0044003690157013806 0.0021324198591298102 -0.0015761790418418837 -0.0047259273422644923 0.00336970047919066 0.0034430641984765048 0.0010865061458073589 -0.00058821123734375744 0.001215909541288753 0.0027753220694475629 0.0031271280447308794 -0.0035922216043934446 -1.6252026262804519e-05 -0.0020658221804193246 0.0012006944913880843 0.0062821203714860706 0.0021836899569954733 0.0034906335668973714 -0.00023543775167513944 0.0020484500132353506 0.0063434592541419636 0.00085869642856887
leaf_weight=7920.0890264511108 479.73440766334534 2108.4609949588776 1510.0021619796753 616.95343804359436 1350.4763549566269 267.11213445663452 527.19557547569275 1406.2421092987061 890.89492976665497 1446.4971305131912 533.26255011558533 305.91934669017792 455.69047069549561 321.86948156356812 709.99237060546875 2473.3199425935745 301.39939987659454 360.44733810424805 656.3793773651123 911.14377355575562 1479.0626130104065 590.85965061187744 1104.4965262413025 290.89029240608215 2052.7187671661377 1181.1482907533646 7310.7774848937988 1278.010409116745 540.53664970397949 2855.4231448173523
leaf_count=3269 55 258 91 86 179 29 43 143 103 130 53 32 28 29 50 223 33 48 58 89 94 54 74 32 194 111 631 85 24 174
internal_value=-5.05381e-07 0.00026097 0.000344335 1.89908e-05 -0.00144341 0.000405551 0.00245054 -0.000224298 0.000191696 -0.000495447 0.000731141 -0.00101464 0.000911257 0.000313051 -0.00103701 -0.00136799 -0.00295584 0.000750558 -3.15244e-05 -0.00178727 0.00144 0.000917677 6.22594e-05 0.00227053 0.00269239 0.000777345 0.00045429 0.0019692 0.00332508 0.00162883
internal_weight=44237 36316.9 34208.5 19532.6 4083.66 15448.9 1462.62 2733.19 13986.3 6273.16 2607.55 1161.05 982.886 855.132 2116.23 3665.61 1192.29 7713.11 3623.33 1271.59 4089.78 2351.74 1695.36 2610.72 2343.61 14675.9 10639.3 3328.55 1818.55 4036.57
internal_count=6502 3233 2975 1859 458 1401 126 279 1275 603 244 114 71 82 193 359 136 672 323 137 349 186 128 255 226 1116 831 200 109 285
cat_boundaries=0 1 2
cat_threshold=904 614
is_linear=0
shrinkage=0.05


Tree=160
num_leaves=31
num_cat=3
split_feature=6 9 8 8 8 4 3 2 2 0 7 8 0 3 9 3 8 8 3 3 6 3 0 9 7 4 6 3 3 4
split_gain=5.13445 3.10356 1.98984 2.45815 2.0279 2.01834 2.86911 1.99572 2.14677 1.9366 3.05427 2.33599 2.1309 1.89184 1.9063 2.71304 1.90184 1.87661 2.52573 3.30341 1.87558 1.85136 1.84565 1.83632 1.73264 4.10141 3.82598 2.02499 2.05699 2.97707
threshold=-1.0000000180025095e-35 0 0.87021264752693173 0.56188006585198114 0.039003568642009108 3.5000000000000004 3.1547394428670268 2.0714285714285716 1.642857142857143 8.5000000000000018 -0.9159756150367534 0.12407412323927694 1.5000000000000002 1.3801311186847098 1 2.0470322187799894 0.29778539724004321 0.051348954286976979 0.8997354108424368 1.0000000000000009 -0.70710678118654735 2.9880688672665054 1.0000000180025095e-35 2 -0.12940952255126037 4.5000000000000009 -0.5 3.5856796796815096 1.4960264830861918 2.5000000000000004
decision_type=2 1 2 2 2 2 2 2 2 2 2 2 2 2 1 2 2 2 2 2 2 2 2 1 2 2 2 2 2 2
left_child=2 -2 3 4 -1 -5 -7 8 -6 10 12 17 -3 -14 -15 16 -16 -12 -19 -20 -10 -17 -13 -9 25 -25 -27 28 -26 -30
right_child=1 9 -4 5 7 6 -8 23 20 -11 11 22 13 14 15 21 -18 18 19 -21 -22 -23 -24 24 27 26 -28 -29 29 -31
leaf_value=-0.0018166658184170506 -0.0024779624873527131 0.0049435199346066945 0.0031279484943352569 -4.9726543840973846e-05 0.0075774684294698516 -0.0042679538172546777 0.00094721363014297071 -0.00017798476384231306 -0.0025909127453025895 -0.0033954142991271686 -0.0036001274424317825 -0.00027533501499791527 -0.0033383423887804204 -0.00065824444265537069 0.0076141922575617129 -0.0015588030560566069 0.001724444021344043 -0.0010754119497111299 0.013933141743149791 0.0025802527039374976 0.004399529678277456 0.0031381411323085349 -0.0027495732765358541 0.00071984484642470894 -0.0016769698463576295 -0.0048394298739438124 -0.00012373159626257658 0.00010411824277240009 0.00059385999843594142 0.0025401317510975858
leaf_weight=1003.7979493141174 2549.058566570282 300.61010313034058 615.22583103179932 1882.6016321182251 199.0327091217041 851.11302709579468 382.13132762908936 9131.4437336921692 177.6210720539093 522.53792285919189 155.44672727584839 1250.3090046644211 286.16733121871948 1051.1174855232239 297.44055533409119 500.63466262817383 254.20177412033081 269.42997086048126 85.134032011032104 259.03410696983337 208.69830703735352 361.13466882705688 1897.6714078187943 6015.8651347160339 485.91294479370117 715.36357545852661 1078.7057003974915 3904.4039149284363 3540.0840640068054 4415.5156440734863
leaf_count=87 1080 46 51 166 45 84 23 938 38 36 80 740 40 121 37 51 29 165 39 109 44 25 950 498 40 105 80 220 279 305
internal_value=2.09811e-05 -0.000974513 0.000309782 0.000258776 0.000393846 -0.0010797 -0.00265199 0.000468125 0.0033589 -0.000458986 -0.000239449 -0.00116335 0.000946578 0.000509772 0.000956593 0.00214697 0.00490014 0.00130705 0.00255022 0.00538852 0.00118548 0.000409507 -0.00176686 0.000410348 0.000676641 9.41196e-05 -0.00200406 0.00104569 0.00148119 0.00167408
internal_weight=44647.4 10039.9 34607.5 33992.3 30876.4 3115.85 1233.24 29872.6 585.352 7490.87 6968.33 3917.03 3051.31 2750.7 2464.53 1413.41 551.642 769.045 613.598 344.168 386.319 861.769 3147.98 29287.3 20155.9 7809.93 1794.07 12345.9 8441.51 7955.6
internal_count=6551 3548 3003 2952 2679 273 107 2592 127 2468 2432 2083 349 303 263 142 66 393 313 148 82 76 1690 2465 1527 683 185 844 624 584
cat_boundaries=0 1 2 3
cat_threshold=200 274 588
is_linear=0
shrinkage=0.05


Tree=161
num_leaves=31
num_cat=4
split_feature=6 9 8 8 8 4 3 2 2 0 3 3 6 0 3 9 6 9 9 4 8 3 8 8 8 8 8 8 8 8
split_gain=4.88698 2.9634 1.88515 2.3387 1.93031 1.92686 2.74498 1.88936 2.01652 1.84917 2.07018 2.99282 2.42558 2.07194 1.98626 2.0083 1.7782 1.74457 1.73325 1.72967 1.70443 1.69258 2.64132 3.42576 1.91113 2.46524 1.6382 2.42697 2.53913 2.32762
threshold=-1.0000000180025095e-35 0 0.87021264752693173 0.56188006585198114 0.039003568642009108 3.5000000000000004 3.1547394428670268 2.0714285714285716 1.642857142857143 8.5000000000000018 1.3451854182691001 1.2909944487358065 0.60355339059327384 1.0000000180025095e-35 1.5118578920369108 1 -0.70710678118654735 2 3 2.5000000000000004 0.1369807493025226 0.8997354108424368 0.31923074266732071 0.15000104428701702 0.36766256502743938 0.15484019594773454 0.5678959486837819 0.24697507763300156 0.20134354015322745 0.27933612258163404
decision_type=2 1 2 2 2 2 2 2 2 2 2 2 2 2 2 1 2 1 1 2 2 2 2 2 2 2 2 2 2 2
left_child=2 -2 3 4 -1 -5 -7 8 -6 10 11 13 14 18 -12 -16 -10 -9 21 -14 -17 22 23 -3 25 -23 27 28 -20 -29
right_child=1 9 -4 5 7 6 -8 17 16 -11 12 -13 19 -15 15 20 -18 -19 26 -21 -22 24 -24 -25 -26 -27 -28 29 -30 -31
leaf_value=-0.0017748216458563317 -0.0024227253645872785 -0.0038864183166029218 0.0030406364184356843 -4.8494310337953564e-05 0.007332835260568115 -0.0041800114800414397 0.00092280929190627576 -0.00017360162519227467 -0.0025332204860816377 -0.0033225137059250767 0.0042790615783800763 -0.0086111649861642537 -0.0072971137204026473 -0.0017603813417605076 -0.001141292246056238 0.0044081949007980228 0.0042712192096632318 0.00065936161710470535 -0.00027669501654694467 0.00019883860634792137 0.00070004286562105325 0.0094469608545680542 -0.0057402718300961142 0.011689241659539261 0.013223228438612436 -0.0021292155427746046 -0.0070199606798011837 0.012504768010642493 -0.0091463466682379039 0.0014290369572591659
leaf_weight=1001.9760417938232 2542.7499159574509 64.461150765419006 617.153235912323 1882.5080184936523 200.54660296440125 847.48825645446777 382.49345779418945 9129.8186099529266 177.16146683692932 520.76670598983765 424.27722001075745 126.40198111534119 154.00277614593506 2139.2452397346497 1013.6541818380356 427.53371572494507 209.61850261688232 20169.521483421326 346.19593596458435 153.82707512378693 1126.1566438674927 87.524221301078796 107.39172899723053 78.042621493339539 67.012690663337708 96.916088581085205 89.840677857398987 56.248945236206055 105.21000874042511 302.76138687133789
leaf_count=87 1080 32 51 166 45 84 23 938 38 36 97 41 64 1036 126 42 44 1527 229 61 126 38 56 38 30 45 62 37 71 201
internal_value=2.03901e-05 -0.000951426 0.000301962 0.000252252 0.000383885 -0.00105409 -0.00259316 0.000456258 0.00326413 -0.000447938 -0.000233704 -0.00105125 0.000674973 -0.000781372 0.00110984 0.0005861 0.0011545 0.000399972 0.000712873 -0.00355128 0.00170942 0.00303489 0.000181189 0.00464364 0.0059916 0.00336414 -0.000607212 9.61966e-05 -0.00234396 0.00316436
internal_weight=44648.5 10030.2 34618.3 34001.1 30888.6 3112.49 1229.98 29886.7 587.327 7487.47 6966.7 3667.25 3299.45 3540.85 2991.62 2567.34 386.78 29299.3 1401.61 307.83 1553.69 501.349 249.896 142.504 251.453 184.44 900.257 810.416 451.406 359.01
internal_count=6551 3548 3003 2952 2679 273 107 2592 127 2468 2432 1916 516 1875 391 294 82 2465 839 125 168 239 126 70 113 83 600 538 300 238
cat_boundaries=0 1 2 3 4
cat_threshold=200 274 588 545
is_linear=0
shrinkage=0.05


Tree=162
num_leaves=31
num_cat=3
split_feature=6 0 9 3 4 0 1 3 1 9 2 2 4 4 2 4 3 2 7 6 4 3 3 9 7 0 4 4 3 3
split_gain=4.67705 1.73549 2.75992 2.54824 2.41697 2.65505 2.36415 2.15854 3.99744 2.25738 1.8747 3.66891 1.91385 2.73321 2.09855 1.95652 1.91903 3.62568 1.65804 1.65579 1.62273 1.57908 3.33926 1.39324 1.73314 2.02973 1.98595 1.93001 1.44481 3.13517
threshold=0.37940952255126054 1.0000000180025095e-35 0 0.96354490207993748 1.5000000000000002 1.5000000000000002 1.0000000180025095e-35 1.1547005383792521 1.5000000000000002 1 0.6428571428571429 0.78571428571428581 2.5000000000000004 4.5000000000000009 1.642857142857143 1.0000000180025095e-35 0.89973541084243769 1.3571428571428574 1.0000000180025095e-35 0.60355339059327384 2.5000000000000004 0.48795003647426699 0.75592894601845539 2 0.91597561503675351 4.5000000000000009 5.5000000000000009 5.5000000000000009 1.6329931618554532 1.9518001458970675
decision_type=2 2 1 2 2 2 2 2 2 1 2 2 2 2 2 2 2 2 2 2 2 2 2 1 2 2 2 2 2 2
left_child=23 7 10 4 5 -4 -5 8 9 21 -3 -12 15 14 -14 18 -15 -18 -13 -6 -9 -2 -23 24 25 28 -26 -27 -1 -30
right_child=1 2 3 6 19 -7 -8 20 -10 -11 11 12 13 16 -16 -17 17 -19 -20 -21 -22 22 -24 -25 26 27 -28 -29 29 -31
leaf_value=-0.00065659957865414284 0.0091594919580723234 -0.0058991310471387167 -0.0016716113698444033 -0.0031734165665446203 0.0010564322545057467 0.011429407379224514 -0.012356669953812549 -0.007947199054856087 0.0062813410066393585 -0.0020165435011236074 0.007746572707321985 -0.0046705161434182031 0.0010044551268321017 -0.0086736449036266625 0.0093308882011695037 -0.0054513516641811754 0.0075888126318792411 -0.0054720731921837629 0.0047284780564987479 -0.0068188016148461872 -0.0002658669157371406 -0.0056039705747523462 0.0052300197455549848 0.00034473273216849374 -0.0038846082913591806 -0.00052251471211374836 0.0033267475620818946 -0.0037467666290600743 0.0047511073176340068 0.00046527702698715757
leaf_weight=1418.9581182003021 73.553734421730042 182.24910521507263 159.77438902854919 120.05994594097137 84.989017248153687 51.022275567054749 168.36912858486176 151.04786276817322 239.46817290782928 954.29934787750244 122.79039573669434 81.850316166877747 259.350954413414 99.036741733551025 106.84963655471802 389.61883175373077 87.913910984992981 134.31700170040131 109.9542670249939 310.93036329746246 126.20403587818146 117.03331637382507 181.30837118625641 31321.864530682564 596.81092274188995 3673.8765285015106 113.65245592594147 531.24633312225342 532.44765663146973 2148.6848602294922
leaf_count=263 46 120 108 73 50 33 98 75 135 645 69 29 117 49 34 171 40 49 47 226 60 72 99 2884 221 334 34 52 72 246
internal_value=1.98192e-05 -0.00154536 -0.00241197 -0.0046134 -0.00282556 0.00149942 -0.0085341 -0.000384294 0.000335794 -0.000737781 -0.0011235 -0.000506181 -0.0013048 0.000480995 0.00343393 -0.0034163 -0.00288495 -0.000305224 0.000717569 -0.00512828 -0.00445069 0.00252978 0.000980068 0.000187133 -0.000360375 -0.000158015 -0.00273101 -0.000929845 0.000633587 0.0013164
internal_weight=44649.5 4311.99 2469.08 895.145 606.716 210.797 288.429 1842.91 1565.66 1326.19 1573.93 1391.68 1268.89 687.468 366.201 581.423 321.268 222.231 191.805 395.919 277.252 371.895 298.342 40337.5 9015.68 8305.21 710.463 4205.12 4100.09 2681.13
internal_count=6551 2445 1313 588 417 141 171 1132 997 862 725 605 536 289 151 247 138 89 76 276 135 217 171 4106 1222 967 255 386 581 318
cat_boundaries=0 1 2 3
cat_threshold=307 672 76
is_linear=0
shrinkage=0.05


Tree=163
num_leaves=31
num_cat=2
split_feature=6 9 0 7 8 0 3 2 4 4 8 8 8 4 3 2 2 8 3 3 3 2 6 2 9 7 4 6 2 6
split_gain=4.50904 2.78183 1.78685 2.71276 2.22139 1.99231 2.40869 1.78042 3.10073 4.2239 1.77918 2.22622 1.84119 1.83739 2.62167 1.81378 1.90263 1.76774 2.31137 2.97917 1.75955 1.75342 1.70196 1.61081 1.61048 1.64303 3.90132 3.66056 1.95982 2.32901
threshold=-1.0000000180025095e-35 0 8.5000000000000018 -0.9159756150367534 0.12407412323927694 1.5000000000000002 1.3451854182691001 1.3571428571428574 2.5000000000000004 4.5000000000000009 0.87021264752693173 0.56188006585198114 0.039003568642009108 3.5000000000000004 3.1547394428670268 2.0714285714285716 1.642857142857143 0.051348954286976979 0.8997354108424368 1.0000000000000009 1.8644544714716087 1.642857142857143 -0.70710678118654735 4.2142857142857153 1 -0.12940952255126037 4.5000000000000009 -0.5 5.2142857142857153 -0.78656609248549303
decision_type=2 1 2 2 2 2 2 2 2 2 2 2 2 2 2 2 2 2 2 2 2 2 2 2 1 2 2 2 2 2
left_child=10 -2 3 5 17 -3 -7 -6 -9 21 11 12 -1 -13 -15 16 -14 -5 -19 -20 23 -10 -18 -8 -17 26 -26 -28 29 -27
right_child=1 2 -4 4 7 6 20 8 9 -11 -12 13 15 14 -16 24 22 18 19 -21 -22 -23 -24 -25 25 28 27 -29 -30 -31
leaf_value=-0.0017405152637195297 -0.0023436375524101718 0.0047495105102990784 -0.0032577966408568679 -0.0034633034551296987 -0.0010606526401019457 -0.0040382672999284561 0.00084947991267957709 -0.0079016386160012508 -0.001718037734866218 -0.0072423787090508188 0.0029454228204033091 -5.2943125294310976e-05 0.0071226062098394939 -0.0040963068588079458 0.00089164779639427829 -0.00016647345790648664 -0.0024816569426776933 -0.00096368655259993895 0.013246360692523213 0.0025391532740559448 9.7298655466046405e-05 0.0072453602897399119 0.0041744255808481385 0.0055411913197018639 0.0006758376645308521 0.0063340531469781892 -0.0047626150009593216 -0.00014547182667494591 0.00073708142862599472 0.0016656127223754391
leaf_weight=1000.4872546195984 2533.7712314128876 302.58182644844055 519.20433139801025 154.45127356052399 2467.5399045944214 266.94245219230652 397.21567630767822 286.51388251781464 95.191828012466431 159.20953452587128 619.26888012886047 1882.8460483551025 201.86611127853394 844.06671118736267 382.95685482025146 9127.1769664287567 176.75269508361816 268.16864991188049 86.66961944103241 259.42310130596161 1751.1438891887665 127.82690167427063 210.3180615901947 339.14537906646729 6026.2450494766235 328.91234254837036 712.62516689300537 1079.6557726860046 10619.428878307343 1422.9165391921997
leaf_count=87 1080 46 36 80 1440 38 63 106 41 63 51 166 45 84 23 938 38 165 39 109 171 40 44 31 498 29 105 80 648 167
internal_value=1.9268e-05 -0.000915135 -0.00042762 -0.000217169 -0.00109044 0.000898327 0.000475266 -0.00168084 -0.00396921 -0.0010215 0.000289454 0.000241102 0.000369412 -0.00103406 -0.00253955 0.000439998 0.00318732 0.00131835 0.00252066 0.00522049 0.000959628 0.00341948 0.00113498 0.00301034 0.000384808 0.000633794 6.67318e-05 -0.00198128 0.000992685 0.00254213
internal_weight=44650.5 10015 7481.23 6962.02 3904.99 3057.03 2754.45 3136.28 668.742 382.228 34635.5 34016.3 30906.4 3109.87 1227.02 29905.9 588.937 768.713 614.261 346.093 2487.5 223.019 387.071 736.361 29317 20189.8 7818.53 1792.28 12371.3 1751.83
internal_count=6551 3548 2468 2432 2083 349 303 1690 250 144 3003 2952 2679 273 107 2592 127 393 313 148 265 81 82 94 2465 1527 683 185 844 196
cat_boundaries=0 1 2
cat_threshold=200 588
is_linear=0
shrinkage=0.05


Tree=164
num_leaves=31
num_cat=2
split_feature=6 9 7 3 4 8 0 7 0 1 8 3 9 4 8 1 6 1 2 8 4 7 6 8 7 2 4 6 6 4
split_gain=4.29157 2.66058 1.92585 2.64594 3.02466 2.35294 1.90969 2.37432 2.39458 2.78979 2.61675 3.54089 2.27716 2.97001 2.28037 2.15287 2.07084 2.05576 1.96359 1.82256 1.79515 1.78346 1.73926 3.1436 2.72364 4.02436 2.75627 3.22804 2.46009 3.92865
threshold=-1.0000000180025095e-35 0 -0.37940952255126015 0.97590007294853398 1.5000000000000002 0.27394533849557229 8.5000000000000018 -0.9159756150367534 1.0000000180025095e-35 2.5000000000000004 0.12407412323927694 0.69006555934235525 1 2.5000000000000004 0.5443711740545415 3.5000000000000004 0.91597561503675362 1.5000000000000002 0.92857142857142871 0.056014870277357263 1.0000000180025095e-35 0.25881904510252057 -0.25881904510252113 0.039003568642009108 -0.37940952255126015 2.9285714285714293 4.5000000000000009 -0.60355339059327362 -0.70710678118654735 4.5000000000000009
decision_type=2 1 2 2 2 2 2 2 2 2 2 2 1 2 2 2 2 2 2 2 2 2 2 2 2 2 2 2 2 2
left_child=22 2 3 4 -2 -6 7 15 9 20 11 -10 13 14 21 -3 -15 -18 -14 -13 -9 -12 23 -1 28 26 27 -26 29 -25
right_child=1 6 -4 -5 5 -7 -8 8 10 -11 12 19 18 16 -16 -17 17 -19 -20 -21 -22 -23 -24 24 25 -27 -28 -29 -30 -31
leaf_value=-0.0027633507251247631 0.012454950552741616 0.0023642612813699147 -0.0049258525275475713 -0.0027768701963421238 0.0047041486837638216 -0.0081005716792475427 -0.0034271039592821948 0.0042087698559603575 -0.0072603257528377433 -0.0072976632141245517 -0.0085713303384108569 -0.0036867836204162716 -0.0035473154590436682 -0.0010573500230680035 0.0033957870847561599 -0.00025559568840492194 0.0091057800439026237 -0.0019843989288226269 -0.0094380619631329599 0.0049438868788546711 9.8321744268570252e-06 -0.0028586625661204245 0.0012487084578711703 -0.0010705120651107887 0.0077146920772922763 0.00037422924776932032 0.0083914555654439772 -0.00087976911254576326 -0.00011270435510718938 -0.007126563794919643
leaf_weight=897.31155347824097 65.711454033851624 1184.1053462028503 630.5451340675354 748.21805417537689 89.728875517845154 59.777531623840332 534.99269962310791 311.66020596027374 99.607605934143066 114.07970595359802 246.03370928764343 75.677019476890564 458.13471496105194 580.51696252822876 85.030843257904053 2321.5905911922455 114.92544031143188 65.660265564918518 204.66236102581024 319.0794175863266 1388.9393587112427 307.22871434688568 4103.0795378684998 1237.4386787414551 162.85665512084961 22405.623220443726 249.84406852722168 331.94852900505066 4915.7324426174164 341.75574994087219
leaf_count=80 33 174 450 149 49 30 38 170 63 56 100 33 333 251 40 230 54 29 128 150 848 140 283 184 25 1728 37 69 528 69
internal_value=1.87262e-05 -0.000893402 -0.00276024 -0.00137156 0.00351411 -0.000415596 -0.000535734 -0.000340036 -0.00111744 0.000271589 -0.00210339 0.00116373 -0.00288661 -0.0017 -0.00422745 0.000629303 0.000397292 0.00507343 -0.00528653 0.00328934 0.00077935 -0.00539906 0.000282156 0.000152309 0.000240561 0.000494411 0.00411053 0.00194895 -0.000664251 -0.00238111
internal_weight=44651.5 10005.9 1593.98 963.436 215.218 149.506 8411.92 7876.93 4371.24 1814.68 2556.56 494.364 2062.19 1399.4 638.293 3505.7 761.103 180.586 662.797 394.756 1700.6 553.262 34645.6 30542.5 29645.2 23150.3 744.649 494.805 6494.93 1579.19
internal_count=6551 3548 711 261 112 79 2837 2799 2395 1074 1321 246 1075 614 280 404 334 83 461 183 1018 240 3003 2720 2640 1859 131 94 781 253
cat_boundaries=0 1 2
cat_threshold=72 291
is_linear=0
shrinkage=0.05


Tree=165
num_leaves=31
num_cat=3
split_feature=2 7 9 1 3 7 5 5 9 1 0 7 3 7 2 6 1 1 6 3 9 2 1 2 3 3 8 8 3 1
split_gain=4.40183 1.87843 2.46443 1.74337 3.05841 1.74335 7.48197 5.14209 4.24825 2.60314 2.27964 2.59731 2.30666 2.03281 3.3838 2.05788 2.72454 3.21396 3.12933 2.94188 2.05355 1.9804 1.92072 1.91702 2.57851 1.80018 3.32426 2.29001 1.74863 1.67732
threshold=1.5000000000000002 -0.9159756150367534 0 2.5000000000000004 1.1547005383792521 0.60355339059327384 1.0000000180025095e-35 1.0000000180025095e-35 1 11.500000000000002 2.5000000000000004 -0.9159756150367534 2.1157009420498185 -0.12940952255126037 4.6428571428571432 -0.5 5.5000000000000009 8.5000000000000018 -0.91597561503675329 2.5071326821120374 2 2.3571428571428572 1.5000000000000002 5.9285714285714297 3.0472470011002217 2.1766547773222116 0.2870790591817155 0.29988145735451305 2.0470322187799894 2.5000000000000004
decision_type=2 2 1 2 2 2 2 2 1 2 2 2 2 2 2 2 2 2 2 2 1 2 2 2 2 2 2 2 2 2
left_child=1 -1 -3 -4 -5 7 8 13 22 -8 11 -9 -13 15 -15 16 18 -18 28 20 -20 -22 -7 24 25 26 -10 -27 -2 -17
right_child=5 2 3 4 -6 6 9 10 23 -11 -12 12 -14 14 -16 29 17 -19 19 -21 21 -23 -24 -25 -26 27 -28 -29 -30 -31
leaf_value=0.0063363029104829037 0.00061929633506298352 -0.0050408785114839094 -0.00085537825856065461 -0.00024313408389962295 -0.012030038096068032 -0.00068915502995973391 0.0024907325554514074 0.0010092714708172864 -0.0022312913812480482 -0.0013910102102265207 -0.00039106231891265341 -0.002229847505219657 -0.0081193834493701999 0.0051373614893938544 0.0011186753138869175 0.0025764853976195097 -0.0035321173645309423 0.0011212789787219174 -0.0019761079236481566 -0.006675838574459453 0.0051912449424754538 0.00020299145962901908 -0.0056356647292548729 -0.0016333535620229834 0.0036475054800698147 -0.00033539059519199104 0.0042864901926104107 -0.006129181287302163 0.004695725840071858 0.00058939511606507719
leaf_weight=78.612396001815796 520.65811204910278 427.03879368305206 4094.0378305912018 126.08734560012817 97.662145972251892 265.11892056465149 2271.2300599813461 284.45883512496948 382.77767992019653 533.3161563873291 5933.3331799507141 400.45279681682587 284.26293516159058 555.61809706687927 9151.0152893066406 1220.5467599630356 1152.736515045166 547.19468927383423 834.4475474357605 184.53816223144531 251.49472951889038 952.77067041397095 755.46013689041138 2685.8181247711182 470.55897092819214 498.08371114730835 400.1270055770874 259.35712862014771 531.75291347503662 8175.0964634418488
leaf_count=24 58 318 2368 68 51 49 189 43 65 28 537 97 44 81 556 202 112 35 144 22 46 123 121 199 55 62 60 30 54 694
internal_value=9.64753e-05 -0.00132943 -0.00145644 -0.00108774 -0.00538788 0.000270586 -0.000362741 0.000444797 -0.00140038 0.00175258 -0.000758303 -0.00300657 -0.00467492 0.000789695 0.00134871 0.000412126 -0.000410067 -0.00203423 0.000432803 -0.000630469 -8.32606e-05 0.00123447 -0.00430848 -0.000757676 0.000408134 -0.000581459 0.00109982 -0.00231926 0.002679 0.000847529
internal_weight=44325.7 4823.44 4744.83 4317.79 223.749 39502.2 8521.85 30980.4 5717.3 2804.55 6902.51 969.175 684.716 24077.9 9706.63 14371.2 4975.59 1699.93 3275.66 2223.25 2038.71 1204.27 1020.58 4696.72 2010.9 1540.35 782.905 757.441 1052.41 9395.64
internal_count=6535 2829 2805 2487 119 3706 858 2848 641 217 721 184 141 2127 637 1490 594 147 447 335 313 169 170 471 272 217 125 92 112 896
cat_boundaries=0 1 2 3
cat_threshold=8 28 332
is_linear=0
shrinkage=0.05


Tree=166
num_leaves=31
num_cat=4
split_feature=6 4 4 4 6 9 8 6 9 8 0 3 8 0 6 9 8 0 2 1 0 8 0 9 1 4 1 3 8 8
split_gain=4.24742 2.19024 4.27422 3.37296 3.22764 3.91734 3.72377 2.99469 2.86879 2.84092 2.66095 2.34719 2.29514 2.87988 2.82909 2.22976 3.82277 3.01718 2.79786 2.82458 2.08265 2.07435 3.21566 2.03021 2.87298 1.87845 2.79399 3.60882 2.94542 1.95093
threshold=0.12940952255126045 1.5000000000000002 2.5000000000000004 3.5000000000000004 -0.91597561503675329 0 0.35799645255269569 -0.60355339059327362 1 0.53686100325651953 2.5000000000000004 3.1997023671109224 0.073222357743145686 2.5000000000000004 -0.60355339059327362 2 0.43145210309338916 3.5000000000000004 11.357142857142859 7.5000000000000009 1.0000000180025095e-35 0.14048500878141076 10.500000000000002 3 4.5000000000000009 1.0000000180025095e-35 2.5000000000000004 0.75592894601845539 0.46148625683949612 0.096899986645323982
decision_type=2 2 2 2 2 1 2 2 1 2 2 2 2 2 2 1 2 2 2 2 2 2 2 1 2 2 2 2 2 2
left_child=1 10 8 4 11 6 -6 -8 21 12 20 -4 14 23 -5 16 18 -17 19 -12 -1 -3 -23 -14 -25 26 27 -2 -29 -27
right_child=25 2 3 9 5 -7 7 -9 -10 -11 15 -13 13 -15 -16 17 -18 -19 -20 -21 -22 22 -24 24 -26 29 -28 28 -30 -31
leaf_value=-0.0018806299241597613 -0.0023235031093785394 0.0019674435549581946 0.0046426084201456452 -0.0044440161745712753 0.0036117827289746753 -0.00095400366349056819 0.0029942480275706109 -0.0032856623996365603 -0.0022691327801446274 -0.0020179224745685911 0.0015343227351085297 0.0011606371784070517 -0.0038730854993936758 0.00069019106041297643 0.0010948407507692542 -0.0036752781793310376 0.0042011518192151629 0.00023407668457179213 0.0045929510076980875 -0.0012694563320393391 0.0032942276744861321 0.00039300615555091384 -0.003824040948359492 -0.0020273979505878023 0.0048746974248277605 0.0010311301586929985 -0.0038980114563096808 0.0031181197324729607 0.013786849430166082 -0.0018456199084869391
leaf_weight=222.23543787002563 288.81492519378662 888.1687730550766 1051.8503336906433 556.77514457702637 1404.6599168777466 2102.9943478107452 323.46741771697998 459.53316605091095 2879.978283405304 1613.2325283288956 1873.7965428829193 896.50201940536499 610.26060712337494 10227.490633964539 393.45619177818298 555.45084524154663 923.1696492433548 4428.7789115905762 401.0574836730957 1725.3959989547729 1553.8610435724258 1461.0103644132614 654.59905910491943 502.15186011791229 215.45946741104126 674.77700328826904 243.65478098392487 466.94887685775757 75.098182201385498 4655.4843127727509
leaf_count=69 180 62 82 49 133 217 31 45 336 160 182 46 115 831 40 67 70 342 16 107 230 129 32 117 24 309 60 199 28 2227
internal_value=9.39732e-05 0.0002951 4.156e-05 0.000384616 0.00135279 0.000586436 0.00206219 -0.000691352 -0.00114542 -4.32108e-05 0.000864549 0.00304044 0.000211529 0.000405772 -0.00215058 0.000545068 0.00129831 -0.000201185 0.000631643 0.000190235 0.00264672 -6.02585e-05 -0.000911807 -0.00178487 4.43067e-05 -0.00109698 0.000810167 0.00219087 0.00459622 -0.00148144
internal_weight=44330.1 37925.3 26241.6 20357.8 6239.01 4290.65 2187.66 783.001 5883.76 14118.8 11683.7 1948.35 12505.6 11555.4 950.231 9907.65 4923.42 4984.23 4000.25 3599.19 1776.1 3003.78 2115.61 1327.87 717.611 6404.78 1074.52 830.862 542.047 5330.26
internal_count=6535 3532 2449 1890 554 426 209 76 559 1336 1083 128 1176 1087 89 784 375 409 305 289 299 223 161 256 141 3003 467 407 227 2536
cat_boundaries=0 1 2 3 4
cat_threshold=230 547 310 327
is_linear=0
shrinkage=0.05


Tree=167
num_leaves=31
num_cat=4
split_feature=6 4 4 4 7 9 8 7 4 0 6 9 7 9 8 0 2 1 2 6 8 0 0 8 0 8 9 4 8 4
split_gain=4.04182 2.08065 4.06773 3.20191 3.3819 2.73808 2.70645 3.05201 3.12668 2.52002 2.41182 2.20285 2.63177 2.11675 3.6127 2.87994 2.64598 2.68482 2.03762 2.25967 2.54523 1.97771 1.97242 1.97067 3.07153 1.90729 1.82383 1.96722 2.48898 2.31923
threshold=0.12940952255126045 1.5000000000000002 2.5000000000000004 3.5000000000000004 0.60355339059327384 0 0.53686100325651953 0.37940952255126048 4.5000000000000009 2.5000000000000004 -0.5 1 0.1294095225512602 2 0.43145210309338916 3.5000000000000004 11.357142857142859 7.5000000000000009 3.0714285714285716 -0.91597561503675329 0.3132335323496222 3.5000000000000004 1.0000000180025095e-35 0.14048500878141076 10.500000000000002 0.34075771548964923 3 1.0000000180025095e-35 0.20695870608825012 1.5000000000000002
decision_type=2 2 2 2 2 1 2 2 2 2 2 1 2 1 2 2 2 2 2 2 2 2 2 2 2 2 1 2 2 2
left_child=1 9 5 4 18 23 7 8 25 22 11 12 -10 14 16 -15 17 -11 -4 -20 -21 -13 -1 -3 -25 -5 -2 28 -28 -29
right_child=26 2 3 6 -6 -7 -8 -9 10 13 -12 21 -14 15 -16 -17 -18 -19 19 20 -22 -23 -24 24 -26 -27 27 29 -30 -31
leaf_value=-0.001837431383287834 -0.0031282849865365281 0.0019147743313149023 0.0055311226980558417 0.00042512806456926832 -0.00091960992438953502 -0.0022180604529485858 -0.0019718444991664425 0.0011763797821926737 -0.0052021078314623565 0.0014939035120530592 0.00010370205683148937 0.0021570108960308931 -0.00039270441392155953 -0.0035973883431488179 0.004079446462482113 0.0002282106224006964 0.0044581260164353789 -0.0012395291802091033 0.0029580300251763167 0.0020549534153202821 -0.0010609365507225149 -0.0018404697937870189 0.0032017349355811294 0.00038309560141249204 -0.0037435622399450276 0.0041367381127424101 -0.0017437402285162093 -0.0035496434233436903 0.003521756887928692 -0.00061967592378760422
leaf_weight=221.81788694858551 913.84272336959839 889.91792285442352 362.31421113014221 1942.2363209724426 1330.0066225528717 2873.4506312608719 1609.9804241657257 4918.16297352314 866.1468231678009 1876.6737644672394 2306.1835927963257 415.02577066421509 423.54568767547607 553.41315579414368 927.05618274211884 4429.8157110214233 402.90375709533691 1723.2070741653442 1889.3526563644409 1504.6001758575439 1161.2091207504272 1215.809684753418 1558.988258600235 1461.5846732854843 652.10062217712402 421.18340730667114 379.02538454532623 824.73270308971405 550.24471342563629 3729.926971912384
leaf_count=69 605 62 58 163 173 336 160 447 131 182 199 64 30 67 70 342 16 107 119 117 87 107 230 129 32 35 159 375 214 1650
internal_value=9.15303e-05 0.000287583 4.04026e-05 0.000374806 0.00131727 -0.00111841 -4.22421e-05 0.000206123 -0.000422573 0.000842292 -0.00110498 -0.00205941 -0.00359479 0.000531194 0.00126435 -0.000196248 0.000615521 0.000185452 0.00192226 0.00163522 0.000697692 -0.000818148 0.00257405 -5.88202e-05 -0.000890034 0.00108657 -0.001071 -0.00072115 0.0013741 -0.00115022
internal_weight=44334.5 37936.7 26242.8 20365.8 6247.48 5877.05 14118.3 12508.3 7590.13 11693.9 5226.71 2920.53 1289.69 9913.07 4929.84 4983.23 4002.78 3599.88 4917.48 4555.16 2665.81 1630.84 1780.81 3003.6 2113.69 2363.42 6397.77 5483.93 929.27 4554.66
internal_count=6535 3532 2449 1890 554 559 1336 1176 729 1083 531 332 161 784 375 409 305 289 381 323 204 171 299 223 161 198 3003 2398 373 2025
cat_boundaries=0 1 2 3 4
cat_threshold=547 31 310 12
is_linear=0
shrinkage=0.05


Tree=168
num_leaves=31
num_cat=3
split_feature=2 4 9 1 8 3 2 8 9 3 2 0 3 8 3 3 2 0 4 8 0 1 4 6 3 4 2 9 8 8
split_gain=3.87313 1.9303 1.98142 2.56484 2.26691 2.18718 1.73397 1.61145 1.81948 1.87518 1.99238 1.62854 1.82676 2.39407 1.3732 2.93335 2.61039 2.8047 2.13475 1.78494 1.7676 1.63193 3.00607 1.7304 2.15357 1.36554 1.29369 3.42367 2.66628 2.59126
threshold=1.5000000000000002 1.0000000180025095e-35 0 1.0000000180025095e-35 0.19467479419302222 0.75592894601845539 1.0714285714285716 0.026858616576383988 1 3.0783421635988559 6.9285714285714297 12.500000000000002 3.0237157840738198 0.17101855769051411 1.7043362064926932 2.2360679774997938 6.9285714285714297 5.5000000000000009 1.0000000180025095e-35 0.19040576627046796 3.5000000000000004 1.5000000000000002 1.5000000000000002 0.12940952255126045 1.2724180205607065 4.5000000000000009 0.78571428571428581 2 0.35799645255269569 0.40403193569354273
decision_type=2 2 1 2 2 2 2 2 1 2 2 2 2 2 2 2 2 2 2 2 2 2 2 2 2 2 2 1 2 2
left_child=1 2 3 -1 -4 -6 -7 -2 9 -9 -11 14 -13 -14 16 18 17 20 19 -16 21 22 -10 24 -23 -24 27 -3 -29 -30
right_child=7 26 4 -5 5 6 -8 8 11 10 -12 12 13 -15 15 -17 -18 -19 -20 -21 -22 23 25 -25 -26 -27 -28 28 29 -31
leaf_value=0.0028084341761029168 -0.0021619641269175604 -0.0028970833767992588 -0.0016354456474963757 -0.0076820404750587313 0.00010691421155285301 0.011136693181257607 0.0016835267199473019 5.2731862817087238e-06 -0.002810436197028691 -0.0034383578258748572 0.00036402645656460252 -0.0026549760412330078 0.0024319098768961307 -0.00091946830163132257 -0.0012918207838584503 0.00083064491906371723 0.0049428652772792788 -0.0019339830519706587 -0.001012765755778122 0.0036539085854849843 0.0035048817290299857 0.0054639378497368003 0.011179064277021191 -0.0025052109434642892 -0.00092354611810212283 0.0035030263225345735 -0.0025983049123802122 0.0029787640367896187 -0.011082546586904427 -0.00019771865642601548
leaf_weight=106.73826253414154 679.3927481174469 981.615553855896 200.4844434261322 128.3006443977356 140.35831010341644 150.14197397232056 71.663520693778992 9798.8533713817596 120.35154104232788 867.19089317321777 571.58072757720947 775.67311954498291 773.99451732635498 1710.5958709716797 288.90137362480164 15954.84932923317 493.75035762786865 633.31824970245361 4167.279080748558 495.02910470962524 931.7379515171051 217.87065505981445 104.14257121086121 481.5433543920517 334.64795446395874 130.59303617477417 1999.4637887477875 697.64023315906525 69.107401013374329 261.8593190908432
leaf_count=62 57 772 113 68 86 77 29 1204 35 87 39 37 37 83 29 1138 31 57 425 50 116 34 34 133 45 35 1025 396 42 159
internal_value=8.91642e-05 -0.0012509 0.000995395 -0.00279892 0.00258423 0.0049915 0.00808245 0.000252129 0.000294343 -0.000242004 -0.00192778 0.000512512 -0.00053675 0.000124546 0.000653187 0.000500712 0.00157769 0.00101525 -0.000562468 0.00183126 0.00182003 0.000689953 0.00361446 -0.000314293 0.00159518 0.00690857 -0.00169778 -0.000802074 0.00121359 -0.00247052
internal_weight=44338.7 4807.37 797.687 235.039 562.648 362.164 221.805 39531.3 38851.9 11237.6 1438.77 27614.3 3260.26 2484.59 24354 20906.1 3447.96 2954.21 4951.21 783.93 2320.89 1389.15 355.087 1034.06 552.519 234.736 4009.69 2010.22 1028.61 330.967
internal_count=6535 2829 435 130 305 192 106 3706 3649 1330 126 2319 157 120 2162 1642 520 489 504 79 432 316 104 212 79 69 2394 1369 597 201
cat_boundaries=0 1 2 3
cat_threshold=137 540 156
is_linear=0
shrinkage=0.05


Tree=169
num_leaves=31
num_cat=5
split_feature=6 7 4 9 6 2 9 4 7 4 4 2 2 8 9 1 2 6 1 9 1 7 4 2 6 9 8 0 2 0
split_gain=3.72909 2.50637 3.7362 4.69054 4.65773 2.93585 2.50378 2.26068 3.4787 3.33279 4.44677 3.35828 4.3325 3.21933 3.0525 4.42988 5.77888 4.73222 3.00481 2.53237 3.09465 2.52482 4.98917 5.27734 2.47923 3.62631 2.32066 2.28208 2.23235 2.04489
threshold=0.78656609248549325 0.78656609248549303 4.5000000000000009 0 -1.0000000180025095e-35 5.9285714285714297 1 3.5000000000000004 0.37940952255126048 2.5000000000000004 1.5000000000000002 2.3571428571428572 2.0714285714285716 0.27394533849557229 2 5.5000000000000009 7.9285714285714297 -0.70710678118654735 4.5000000000000009 3 9.5000000000000018 -0.78656609248549325 5.5000000000000009 7.0714285714285721 -0.91597561503675329 4 0.35446138386908693 2.5000000000000004 7.5000000000000009 1.5000000000000002
decision_type=2 2 2 1 2 2 1 2 2 2 2 2 2 2 1 2 2 2 2 1 2 2 2 2 2 1 2 2 2 2
left_child=1 7 3 -3 -4 -5 -2 9 19 10 14 12 13 -11 15 17 -17 -1 27 29 21 -21 23 -23 -13 26 28 -10 -26 -9
right_child=6 2 4 5 -6 -7 -8 8 18 11 -12 24 -14 -15 -16 16 -18 -19 -20 20 -22 22 -24 -25 25 -27 -28 -29 -30 -31
leaf_value=0.0079686823513522558 -0.0041773741265710481 -0.005805143343515143 0.0019961264557798709 -2.9960592222691681e-05 -0.0042213681348282411 -0.0031963915449623203 -0.00065749354865126829 -0.0038396505627482781 0.00074943360817703497 0.0085190481258671461 -0.00084517086425323323 0.0027622223688672249 0.016109859812339918 -0.00076550555526655971 0.00028014762424802313 -0.0025783775414959867 0.0024775324906281156 0.0017451986966743674 0.00052640129887166485 0.00014735913907122102 -0.0060474319458354211 -0.0023112686206853226 -0.0066773468126807263 0.006084642625158696 0.0056041123740360257 -0.00090022204686385221 -0.00019673640974151452 0.0071188015958874905 0.00083402016424250858 0.00026706237146275063
leaf_weight=544.24137449264526 776.77021098136902 562.86705553531647 1806.1246070861816 2582.733712553978 361.51189863681793 1021.5933599472046 1448.241999745369 321.58761084079742 238.47968375682831 172.42251408100128 5703.7800908088684 1942.6281328201294 83.050138473510742 203.62570476531982 7532.9200291633606 835.92170643806458 1744.9867477416992 696.15703499317169 2583.2489976882935 1795.6790109872818 359.3898401260376 1079.1368511915207 512.34254360198975 226.43529987335205 625.95747137069702 1964.5165891647339 590.68234729766846 342.74374341964722 403.29988670349121 5279.6569318771362
leaf_count=55 553 197 140 719 216 88 812 93 105 69 608 125 15 84 821 72 83 146 160 253 24 178 94 15 55 179 47 37 21 471
internal_value=8.68805e-05 0.000192269 -0.000724438 -0.00160021 0.000959191 -0.000924873 -0.00190804 0.000354558 -0.000179969 0.000650042 0.000293834 0.00166508 0.0057742 0.00349157 0.000866011 0.00201492 0.000839991 0.00447584 0.00125723 -0.000654993 -0.00161845 -0.00118245 -0.00249598 -0.000855102 0.00132376 0.000544179 0.00228725 0.00450541 0.00373502 3.12255e-05
internal_weight=44342.7 42117.7 6334.83 4167.19 2167.64 3604.33 2225.01 35782.9 12738.7 23044.2 17058 5986.18 459.098 376.048 11354.2 3821.31 2580.91 1240.4 3164.47 9574.23 3972.98 3613.59 1817.91 1305.57 5527.08 3584.46 1619.94 581.223 1029.26 5601.24
internal_count=6535 5170 1360 1004 356 807 1365 3810 1430 2380 1785 595 168 153 1177 356 155 201 302 1128 564 540 287 193 427 302 123 142 76 564
cat_boundaries=0 1 2 3 4 5
cat_threshold=24 270 304 737 226
is_linear=0
shrinkage=0.05


Tree=170
num_leaves=31
num_cat=1
split_feature=9 6 3 3 8 8 3 0 2 0 3 6 7 8 0 3 3 2 3 4 6 7 8 2 8 6 3 4 7 0
split_gain=3.41788 2.57069 1.64432 2.51457 2.46329 3.11246 2.59089 2.4992 1.99382 2.33608 1.81392 2.82919 1.75309 2.30866 5.1029 1.90996 2.25007 2.24588 2.16104 1.68767 1.66312 2.78034 2.63776 1.86252 2.1171 1.99528 1.87534 1.57373 1.572 1.65795
threshold=0 0.37940952255126054 2.5166114784235849 2.5773699400920056 0.12741864878956169 0.33409508886752209 2.8990705651295676 5.5000000000000009 5.7857142857142865 4.5000000000000009 3.1471831698777746 -0.91597561503675329 0.60355339059327384 0.15725125208412136 5.5000000000000009 1.7728105208558382 1.7182493859684496 5.7857142857142865 2.0701966780270653 2.5000000000000004 -0.25881904510252113 -0.12940952255126037 0.41052171521746922 1.642857142857143 0.1424479740619076 -0.70710678118654735 1.3451854182691001 3.5000000000000004 0.1294095225512602 4.5000000000000009
decision_type=1 2 2 2 2 2 2 2 2 2 2 2 2 2 2 2 2 2 2 2 2 2 2 2 2 2 2 2 2 2
left_child=-1 2 12 -4 -5 6 7 -6 9 -7 -8 -12 15 14 19 16 20 28 -19 -14 21 23 -22 -2 -25 26 -26 -20 29 -17
right_child=1 -3 3 4 5 8 10 -9 -10 -11 11 -13 13 -15 -16 17 -18 18 27 -21 22 -23 -24 24 25 -27 -28 -29 -30 -31
leaf_value=0.00035380262327268705 0.0028350979720999574 -0.0023240214950418885 -0.0049849037981458018 -0.0029216670653169022 0.0012457999575258712 -0.0069963919155205355 0.0042055043567381352 -0.0036875722666622778 -0.00052204320486228428 -0.00082145752660158422 0.0039314672557758147 -0.0015379300972735478 0.00059521467997188061 -0.0020415408480566779 -0.0071732121918191534 0.0025463916139239987 -0.005167747912887973 0.0017898577500328697 -0.00032195535532849749 0.0060603970361458436 0.0030361792434924228 0.0025423970424031752 -0.0026508641178257159 -0.0058726235248046732 -0.0081074277947483266 0.00046467098718435036 -0.0012854607669360305 -0.0043458988204282808 0.0050118387991981827 0.00011771884599054318
leaf_weight=26549.444530487061 175.31580018997192 1812.9108289480209 375.42150402069092 1043.0171227455139 536.91140985488892 336.45727729797363 625.11258840560913 491.91897773742676 931.82182502746582 281.15853309631348 406.80465984344482 564.58764362335205 271.39198160171509 1851.8742574453354 141.59449815750122 1506.8131649494171 244.13171863555908 648.03036785125732 618.18290519714355 294.5969398021698 737.47253751754761 427.44937992095947 281.8057062625885 369.26372194290161 170.43581581115723 577.21344017982483 246.3493127822876 400.32482147216797 340.13486766815186 1316.7924380302429
leaf_count=3259 40 1233 36 90 57 42 52 42 66 29 28 50 77 395 15 192 26 46 44 67 117 35 39 61 34 93 41 31 31 144
internal_value=-6.91097e-06 -0.000538103 -0.000338729 -0.00103256 -0.000748189 -0.000205171 0.000843646 -0.00111301 -0.00198227 -0.00418536 0.00210457 0.000752572 2.67178e-05 -0.0011133 0.00131606 0.000388745 -0.000552591 0.00101811 -0.000467386 0.00343984 -0.000175174 -0.00102492 0.00146385 -0.00201599 -0.00263984 -0.00143889 -0.00407517 -0.00190357 0.00180061 0.00141378
internal_weight=44574.7 18025.3 16212.4 5593.21 5217.79 4174.77 2625.34 1028.83 1549.44 617.616 1596.5 971.392 10619.2 2559.46 707.583 8059.72 3229.44 4830.28 1666.54 565.989 2985.31 1966.03 1019.28 1538.58 1363.26 993.999 416.785 1018.51 3163.74 2823.61
internal_count=6512 3253 2020 492 456 366 229 99 137 71 130 78 1528 554 159 974 486 488 121 144 460 304 156 269 229 168 75 75 367 336
cat_boundaries=0 1
cat_threshold=929
is_linear=0
shrinkage=0.05


Tree=171
num_leaves=31
num_cat=3
split_feature=9 6 7 8 8 2 8 8 1 2 4 0 2 7 6 2 9 8 0 8 2 8 6 8 2 2 9 6 2 6
split_gain=3.26137 2.65756 1.50304 2.18938 4.23818 3.82484 4.00074 3.15638 2.00632 1.95669 1.6783 1.66609 2.05506 1.65685 2.03767 2.87607 2.64797 2.2737 2.00625 1.80125 1.7154 3.48995 3.26599 2.49899 1.63559 1.54646 2.50806 1.94576 1.52177 1.48816
threshold=0 0.37940952255126054 0.78656609248549303 0.56188006585198114 0.23826765303948647 3.3571428571428572 0.10229139348815881 0.29213378895491837 2.5000000000000004 7.5000000000000009 4.5000000000000009 1.5000000000000002 3.6428571428571437 -0.12940952255126037 -0.25881904510252113 5.6428571428571432 1 0.14592227165098043 2.5000000000000004 0.58508074714003988 4.9285714285714297 0.30349495182658909 1.0000000180025095e-35 0.17386899198227998 2.2142857142857149 4.2142857142857153 2 -0.78656609248549303 6.0714285714285721 -0.98296291314453399
decision_type=1 2 2 2 2 2 2 2 2 2 2 2 2 2 2 2 1 2 2 2 2 2 2 2 2 2 1 2 2 2
left_child=-1 2 9 4 5 6 -4 8 -6 13 11 -9 -13 14 15 16 -2 18 -18 -19 22 23 -16 -22 -24 -15 -27 28 29 -28
right_child=1 -3 3 -5 7 -7 -8 10 -10 -11 -12 12 -14 25 20 -17 17 19 -20 -21 21 -23 24 -25 -26 26 27 -29 -30 -31
leaf_value=0.00041509853507201851 0.00057370833822239066 -0.0021036927322896802 0.0055784684257442737 -0.0053244960987802554 0.0017242312734247157 -0.0052916798923630173 -0.0029710292693248264 0.0024407317321676232 0.0097685103422878138 -0.0013802575338364624 0.0023624394924773146 -0.0076275103305810613 -0.00038679932187048833 0.0032713792595112875 0.0069735053855785756 -0.0047366419012839257 -0.0019053444133450251 -0.00032521307121122374 -0.0086411803055906535 -0.0053407278769391888 -0.0012973480146214109 -0.0031118820729476998 0.004806872767559295 0.0028711761483904488 0.00016641431540314396 0.0016085007452799152 -0.0013036503787120857 -0.0039933617770618107 -0.0024834279794847592 0.0017587008250753778
leaf_weight=22587.055667996407 2253.4473299980164 2164.9619665145874 215.40572738647461 305.05359792709351 160.05425155162811 714.0083966255188 375.14463996887207 154.01541829109192 150.29868066310883 2473.4522161483765 376.95319676399231 180.21417129039764 214.79011058807373 569.38196182250977 249.97822189331055 465.34491062164307 233.38067173957825 1291.6231117248535 210.03102040290833 207.81447005271912 641.68167495727539 775.87616634368896 221.0139524936676 817.67650365829468 1348.2329978942871 2635.7716903686523 616.34945917129517 359.95559740066528 492.26170539855957 1113.2856073379517
leaf_count=2614 281 1474 72 79 51 86 142 73 17 158 56 42 25 70 27 40 44 216 33 34 57 69 56 67 188 192 61 40 45 103
internal_value=-6.78541e-06 -0.000440163 -0.000258698 -0.00132208 -0.000841556 -0.00282949 0.000147436 0.00125609 0.00561994 -8.0434e-05 -0.000206514 -0.00197034 -0.00369025 0.000141246 -0.000294212 -0.00100718 -0.000593609 -0.00194051 -0.00509591 -0.00102034 0.000525532 -0.000402296 0.00166553 0.00103827 0.00081998 0.000797112 0.000527104 -0.000580858 -3.06335e-05 0.000667443
internal_weight=44574.5 21987.5 19822.5 2845.94 2540.88 1304.56 590.55 1236.33 310.353 16976.6 925.973 549.02 395.004 14503.1 8716.1 4661.64 4196.3 1942.85 443.412 1499.44 4054.46 2235.23 1819.23 1459.36 1569.25 5787.01 5217.62 2581.85 2221.9 1729.64
internal_count=6512 3898 2424 643 564 300 214 264 68 1781 196 140 67 1623 1112 648 608 327 77 250 464 193 271 124 244 511 441 249 209 164
cat_boundaries=0 1 2 3
cat_threshold=801 194 194
is_linear=0
shrinkage=0.05


Tree=172
num_leaves=31
num_cat=0
split_feature=3 8 8 2 3 4 8 8 2 3 6 6 0 8 8 3 4 8 3 4 8 7 3 7 7 2 4 4 7 8
split_gain=1.9513 1.76647 3.21856 1.67184 1.3754 1.44113 2.60599 2.30262 1.63341 2.16653 1.83568 1.52249 1.97332 2.30613 4.519 2.11298 1.8642 1.58523 1.77187 1.52198 1.48804 1.36556 3.53363 2.98841 3.52246 1.91091 1.70259 2.50225 3.97247 3.81702
threshold=0.75592894601845539 0.52128887582834527 0.43530903479281757 0.6428571428571429 0.37796447300922742 4.5000000000000009 0.077377270831187575 0.096899986645323982 0.35714285714285715 0.53452248382484968 0.78656609248549325 0.12940952255126045 1.0000000180025095e-35 0.27394533849557229 0.32119446645651567 0.48795003647426732 1.5000000000000002 0.2944248289310793 0.69006555934235525 1.5000000000000002 0.13847868258732229 -0.9159756150367534 1.8644544714716103 -0.37940952255126015 -0.70710678118654757 4.5000000000000009 2.5000000000000004 3.5000000000000004 0.25881904510252057 0.76863213338811043
decision_type=2 2 2 2 2 2 2 2 2 2 2 2 2 2 2 2 2 2 2 2 2 2 2 2 2 2 2 2 2 2
left_child=1 2 4 -4 -1 6 -6 -7 -9 10 -10 -8 15 20 -15 -13 -16 18 19 -17 -14 22 -2 24 -23 -26 -25 28 -28 -29
right_child=21 -3 3 -5 5 7 11 8 9 -11 -12 12 13 14 16 17 -18 -19 -20 -21 -22 23 -24 26 25 -27 27 29 -30 -31
leaf_value=-0.006514594745712747 0.002317403041162147 -0.0052158903882725512 0.0017915506503080937 0.012983462559404699 -0.0067874117769170655 0.0056146471661913631 0.0056096124862735361 0.0022292408328540856 -0.016647954813878606 -0.0029573765785764258 -0.0046924453787993989 0.0079933666599220424 0.00017514530151928833 0.014728823459656976 0.003500676203575877 4.5040535383220405e-05 -0.009000857829529656 -0.0057719927729857241 -0.0038046803708457334 0.011776156248846528 -0.0078056705763718389 -0.00026236396926698134 2.6422851824311563e-05 -0.0002613895361002246 -0.0021851465098410429 -0.0075310274332070909 0.0032227355441937378 0.00031405118871445984 0.00010009838380453851 -0.0049026387783613979
leaf_weight=128.31243669986725 2276.5224611759186 277.87160789966583 80.763865947723389 56.859161734580994 130.25269377231598 59.125120759010315 137.9814338684082 64.67467212677002 73.337886333465576 180.59711527824402 57.109316468238831 121.86713218688965 85.984831213951111 50.558559536933899 56.477349996566772 50.25265896320343 63.177549958229065 81.333779215812683 66.588711023330688 61.466304779052734 182.10020041465759 5472.8106994628906 6457.2744786739349 11958.705935120583 2038.0567964315414 182.09947347640991 1951.7324417829514 9676.5277917385101 2130.0182790756226 363.83479487895966
leaf_count=92 292 176 59 33 81 37 55 51 44 92 41 88 55 31 34 33 39 56 40 40 114 741 519 1447 548 18 172 1132 306 46
internal_value=-6.652e-06 -0.00150697 -0.00093084 0.00641551 -0.00154314 -0.00112426 -0.000151891 -0.00355727 -0.00500062 -0.0065039 -0.0114139 0.000750495 -6.73419e-05 -0.002356 0.00219562 0.00256199 -0.00310011 1.26847e-05 0.00265132 0.00649935 -0.00524593 6.62928e-05 0.000623582 -7.78205e-05 -0.000943812 -0.00262362 0.000177618 0.000549373 0.00159322 0.000125013
internal_weight=44574.3 2066.69 1788.82 137.623 1651.2 1522.89 1088.04 434.844 375.719 311.044 130.447 957.789 819.807 438.298 170.213 381.509 119.655 259.641 178.308 111.719 268.085 42507.6 8733.8 33773.8 7692.97 2220.16 26080.8 14122.1 4081.75 10040.4
internal_count=6512 1291 1115 92 1023 931 666 265 228 177 85 585 530 273 104 257 73 169 113 73 169 5221 811 4410 1307 566 3103 1656 478 1178
is_linear=0
shrinkage=0.05


Tree=173
num_leaves=31
num_cat=1
split_feature=9 6 3 6 3 7 0 3 7 0 8 8 4 8 8 8 3 8 8 8 7 4 0 8 6 7 4 0 8 4
split_gain=3.11818 2.45796 1.6965 2.10855 3.15504 2.54194 3.33858 2.14396 2.0244 1.89963 1.88846 1.88542 2.3774 1.81404 1.98028 1.7764 2.27368 1.67123 2.55953 2.55041 2.68898 3.1126 2.42412 2.70902 2.36512 2.02586 2.72326 3.48367 1.51702 2.91192
threshold=0 0.37940952255126054 2.5166114784235849 -0.91597561503675329 2.3042346054814726 -0.9159756150367534 8.5000000000000018 2.4201334816206521 0.1294095225512602 9.5000000000000018 0.16032840024074838 0.12884021846175253 2.5000000000000004 0.33871475787898558 0.23826765303948647 0.53686100325651953 1.3451854182691001 0.29988145735451305 0.17101855769051411 0.14592227165098043 0.37940952255126048 2.5000000000000004 3.5000000000000004 0.15725125208412136 -0.78656609248549303 0.60355339059327384 4.5000000000000009 1.5000000000000002 0.22449473088201047 1.5000000000000002
decision_type=1 2 2 2 2 2 2 2 2 2 2 2 2 2 2 2 2 2 2 2 2 2 2 2 2 2 2 2 2 2
left_child=-1 2 3 4 10 7 15 -5 9 -4 -2 -10 -13 14 -14 17 -17 18 19 20 -7 -22 23 -21 -20 -19 27 -27 29 -26
right_child=1 -3 8 5 -6 6 -8 -9 11 -11 -12 12 13 -15 -16 16 -18 25 24 22 21 -23 -24 -25 28 26 -28 -29 -30 -31
leaf_value=0.00040582843190570619 -0.00019994339645293247 -0.0020330182755758566 -0.0022821764431253428 0.00049858933262429336 -0.0015902874237848864 -0.002838050799739381 -0.0054418922248442485 0.0049924481648203692 -0.0023928909139149168 0.0013079582473558772 0.0032078498883810168 -0.001121491629388166 0.00094773433307747477 -0.00059215769537072221 0.0051583556829353757 -0.0074834835679052532 -0.001217347362217502 0.002664749054790853 -0.0053285138551154906 0.01148234051091108 -0.0017319738930722597 0.0043416349574010487 -0.00023829657795678858 0.0016493835737213373 0.0020907660568619019 0.003585549752661558 0.0027356207854329771 -0.0056332760637319915 0.0004199394026433879 -0.0051653430098638252
leaf_weight=22595.356686234474 556.24755001068115 2158.2500039339066 2783.0643968582153 2941.4256176948547 701.40778589248657 732.11054563522339 366.21774387359619 291.73374176025391 724.27031946182251 424.68167877197266 1510.4977765083313 1351.8772611618042 616.82896995544434 577.62668800354004 510.21053171157837 193.1305296421051 578.09789454936981 923.83745098114014 448.70066237449646 140.45096325874329 422.12742245197296 421.65308225154877 243.99201250076294 139.73522746562958 200.59412097930908 142.53128170967102 341.01356422901154 364.65951228141785 726.75556433200836 444.97735416889191
leaf_count=2614 53 1474 259 351 67 116 27 28 66 31 148 122 51 51 41 68 77 127 60 31 93 78 26 32 34 66 51 60 131 79
internal_value=-6.53417e-06 -0.000430455 -0.000256169 8.52108e-05 0.00130729 -0.000250938 -0.000797648 0.000904078 -0.000882987 -0.00180687 0.00229067 -9.91394e-05 0.000444382 0.00168619 0.00285388 -0.000534544 -0.00278651 -0.000229478 -0.000805376 0.000384189 -0.000620739 0.00130312 0.00340541 0.00657842 -0.00217722 0.00104484 -0.000719509 -0.00304259 -0.00114686 -0.0029107
internal_weight=44574.1 21978.7 19820.5 12831.9 2768.15 10063.7 6830.58 3233.16 6988.56 3207.75 2066.75 3780.81 3056.54 1704.67 1127.04 6464.37 771.228 5693.14 3921.1 2100.07 1575.89 843.781 524.178 280.186 1821.03 1772.04 848.204 507.191 1372.33 645.571
internal_count=6512 3898 2424 1803 268 1535 1156 379 621 290 201 331 265 143 92 1129 145 984 680 376 287 171 89 63 304 304 177 126 244 113
cat_boundaries=0 1
cat_threshold=801
is_linear=0
shrinkage=0.05


Tree=174
num_leaves=31
num_cat=0
split_feature=3 8 8 2 3 4 8 8 2 3 6 6 0 8 8 3 4 8 3 8 4 7 3 7 7 2 8 8 8 3
split_gain=1.80356 1.68454 3.04622 1.55192 1.31487 1.37704 2.49386 2.19293 1.57175 2.10248 1.80688 1.41822 1.88486 2.20611 4.25095 1.99438 1.78988 1.51207 1.67979 1.4364 1.42518 1.26783 3.33074 2.79753 3.33844 1.85398 1.62009 2.00967 1.58225 4.42082
threshold=0.75592894601845539 0.52128887582834527 0.43530903479281757 0.6428571428571429 0.37796447300922742 4.5000000000000009 0.077377270831187575 0.096899986645323982 0.35714285714285715 0.53452248382484968 0.78656609248549325 0.12940952255126045 1.0000000180025095e-35 0.27394533849557229 0.32119446645651567 0.48795003647426732 1.5000000000000002 0.2944248289310793 0.69006555934235525 0.13847868258732229 1.5000000000000002 -0.9159756150367534 1.8644544714716103 -0.37940952255126015 -0.70710678118654757 4.5000000000000009 0.41052171521746922 0.34615566637453504 0.048750295396440567 2.8702082220799334
decision_type=2 2 2 2 2 2 2 2 2 2 2 2 2 2 2 2 2 2 2 2 2 2 2 2 2 2 2 2 2 2
left_child=1 2 4 -4 -1 6 -6 -7 -9 10 -10 -8 15 19 -15 -13 -16 18 20 -14 -17 22 26 24 -23 -26 27 -2 29 -25
right_child=21 -3 3 -5 5 7 11 8 9 -11 -12 12 13 14 16 17 -18 -19 -20 -21 -22 23 -24 28 25 -27 -28 -29 -30 -31
leaf_value=-0.0063686681289120877 0.0023267593536479571 -0.0050857120256898609 0.0017670468928120049 0.012508203868101451 -0.0066480049093379434 0.0054576385956787475 0.0054240506828536978 0.0022003360268329857 -0.016501174985670383 -0.0028769724670280705 -0.0045737689405014464 0.0077768584749630847 0.00019573143180990845 0.014201638395185581 0.0034208264900983188 6.7267228010444921e-05 -0.0088477839857624089 -0.0056376679066859441 -0.0037058024446045296 -0.0076584357950550191 0.011395406653105155 -0.0002509299473664283 2.0067632503725281e-05 0.00096363456789112529 -0.0021208280400522228 -0.0074047123669923366 -0.00021659155443190937 0.007433882560620316 0.00025745186432784596 -0.0051723536249786567
leaf_weight=127.29815769195557 1544.7769186496735 276.03947365283966 80.83827543258667 57.58290684223175 129.25396728515625 59.431627869606018 138.82775771617889 64.743834137916565 72.045329809188843 179.93564677238464 56.77471399307251 122.67634212970734 85.914097428321838 51.241447687149048 56.636984586715698 50.207795739173889 62.57242226600647 80.764512181282043 66.277012467384338 180.53874671459198 62.112363696098328 5470.2647198438644 6458.9259345531464 703.68202257156372 2032.2842819690704 180.77938890457153 518.02579951286316 220.06532144546509 24879.700229406357 503.63964128494263
leaf_count=92 198 176 59 33 81 37 55 51 44 92 41 88 55 31 34 33 39 56 40 114 40 741 519 87 548 18 64 30 2983 33
internal_value=-6.4193e-06 -0.00145065 -0.000888724 0.00623534 -0.00148737 -0.00107856 -0.000128786 -0.00346328 -0.00488279 -0.00636807 -0.0112444 0.000751003 -4.11766e-05 -0.00228425 0.00215799 0.00252403 -0.00301891 3.94814e-05 0.00260678 -0.00512597 0.00633166 6.36217e-05 0.000600298 -7.53022e-05 -0.000913848 -0.00255245 0.00224194 0.00296359 0.000171672 -0.00159602
internal_weight=44573.9 2061.71 1785.67 138.421 1647.25 1519.95 1087.02 432.931 373.5 308.756 128.82 957.769 818.942 436.904 170.451 382.038 119.209 259.362 178.597 266.453 112.32 42512.1 8741.79 33770.4 7683.33 2213.06 2282.87 1764.84 26087 1207.32
internal_count=6512 1291 1115 92 1023 931 666 265 228 177 85 585 530 273 104 257 73 169 113 169 73 5221 811 4410 1307 566 292 228 3103 120
is_linear=0
shrinkage=0.05


Tree=175
num_leaves=31
num_cat=2
split_feature=6 9 8 8 0 8 1 3 2 8 8 2 0 8 8 1 2 2 6 3 8 4 2 8 8 3 3 9 3 3
split_gain=2.30599 3.02994 2.15278 1.85181 2.7764 2.92362 2.01891 1.79073 1.78467 1.42456 1.37832 1.3131 1.1858 2.35772 1.92055 1.37826 2.02383 1.33559 1.58883 1.1836 1.09292 1.31406 1.16749 1.07344 1.94529 1.06069 1.66711 1.04581 1.98563 2.03709
threshold=0.60355339059327384 0 0.15132977021135838 0.39807457594501033 1.5000000000000002 0.49025286837766885 1.0000000180025095e-35 1.2149857925879128 0.92857142857142871 0.095306067757215937 0.068602661386437155 1.0714285714285716 1.0000000180025095e-35 0.096899986645323982 0.68017882499574511 1.0000000180025095e-35 0.6428571428571429 0.6428571428571429 0.78656609248549325 0.8997354108424368 0.26860109004631538 3.5000000000000004 0.78571428571428581 0.17522266917538817 0.26466697349085722 0.75592894601845539 0.53452248382484968 1 3.0472470011002217 2.9358214555806401
decision_type=2 1 2 2 2 2 2 2 2 2 2 2 2 2 2 2 2 2 2 2 2 2 2 2 2 2 2 1 2 2
left_child=27 2 9 -4 5 -5 -7 12 -8 10 -2 -11 13 -3 17 16 23 -14 19 -19 21 -20 -22 -15 -25 26 -17 -1 29 -29
right_child=1 7 3 4 -6 6 8 -9 -10 11 -12 -13 14 15 -16 25 -18 18 20 -21 22 -23 -24 24 -26 -27 -28 28 -30 -31
leaf_value=0.0002832736824445688 -0.0040855296432526856 0.0064796041526725568 0.0022740274343927098 -0.0056970258823659491 -0.0084550419263287654 0.010513667706862073 -0.0062544941111014399 -0.0094860093604127449 0.0058127513605320813 -0.0026880940569418647 0.0039971240060318169 -0.010691176143969272 -0.0080930963064238352 -0.0090052885039507338 0.005990443115257555 -0.00073842505199938301 -0.012966614352123427 0.0080825737376425937 -0.012995547978003714 -0.0026592380362234149 0.0041953485423043488 -0.0022004220524217996 -0.006121372420697737 0.0056683964590359594 -0.0045694333435876934 -0.0029209870662052486 0.01067151806104087 -0.00014102382462893655 -0.0012512917626629387 0.0022256160089987212
leaf_weight=16756.456573963165 110.87684845924377 86.237543702125549 885.50126779079437 114.98915314674377 112.98245775699615 79.223758578300476 56.528287053108215 104.28034400939941 66.901602268218994 121.94476926326752 100.60226356983185 88.413647413253784 221.07807493209839 53.715953707695007 42.180801749229431 91.321016073226929 59.008733749389648 45.576304912567139 71.828657627105713 58.6377272605896 46.512247323989868 46.400957584381104 66.816718101501465 70.497208118438721 135.73656594753265 136.93454086780548 49.294687032699585 19545.742161631584 3980.4099440574646 953.61720132827759
leaf_count=1392 58 57 487 65 52 51 35 66 30 74 54 37 164 37 31 66 39 31 49 36 30 32 45 50 103 89 32 2842 324 78
internal_value=-0.000120206 -0.00142994 -2.99608e-05 0.000966127 -0.00172333 0.000671077 0.00428445 -0.00316234 0.000286207 -0.00313845 -0.000240548 -0.00605179 -0.00267254 -0.00124803 -0.00429612 -0.00236522 -0.0046072 -0.00507532 -0.00308836 0.00203852 -0.00539574 -0.00875884 -0.0018872 -0.0027096 -0.00106982 0.000211246 0.00326148 -2.09813e-05 -0.000229267 -3.09292e-05
internal_weight=44360.2 3124.02 1737.96 1316.13 430.625 317.643 202.654 1386.06 123.43 421.838 211.479 210.358 1281.78 682.746 599.031 596.509 318.958 556.851 335.773 104.214 231.559 118.23 113.329 259.95 206.234 277.55 140.616 41236.2 24479.8 20499.4
internal_count=6536 1900 943 720 233 181 116 957 65 223 112 111 891 473 418 416 229 387 223 67 156 81 75 190 153 187 98 4636 3244 2920
cat_boundaries=0 1 2
cat_threshold=241 289
is_linear=0
shrinkage=0.05


Tree=176
num_leaves=31
num_cat=3
split_feature=6 9 8 7 4 6 4 3 3 7 3 3 0 8 8 0 9 8 8 8 8 6 3 9 3 8 8 8 8 8
split_gain=2.1978 2.89527 2.05184 1.86018 3.43772 3.59857 2.18354 2.99412 2.77137 3.72003 2.36156 2.86216 2.17073 2.07601 3.15337 2.89011 3.57131 2.10242 2.98288 2.07401 4.18068 2.06523 2.06171 1.96247 2.31483 2.14214 2.77866 2.91514 2.3731 2.30077
threshold=0.60355339059327384 0 0.15132977021135838 0.78656609248549303 4.5000000000000009 -1.0000000180025095e-35 5.5000000000000009 0.89973541084243835 2.1157009420498185 0.1294095225512602 2.2360679774997938 2.3042346054814726 6.5000000000000009 0.13575817621790323 0.39278107739570151 6.5000000000000009 1 0.20477470605459988 0.27394533849557229 0.27933612258163404 0.16825635345475606 -0.5 3.2256223142575347 2 2.1491969707422411 0.69541055724776146 0.26225795032134486 0.28357341322961088 0.058375208739703498 0.30786618385940601
decision_type=2 1 2 2 2 2 2 2 2 2 2 2 2 2 2 2 1 2 2 2 2 2 2 1 2 2 2 2 2 2
left_child=3 2 -2 6 -5 22 7 19 -8 21 12 -12 23 -13 15 16 -15 -17 -19 20 -1 -10 -6 -9 25 26 28 -28 -25 -29
right_child=1 -3 -4 4 5 -7 8 10 9 -11 11 13 -14 14 -16 17 -18 18 -20 -21 -22 -23 -24 24 -26 -27 27 29 -30 -31
leaf_value=0.00075873469317559652 -0.0030705325067689596 -0.0030941787368557842 0.00094093976435541014 -0.0016689423201788041 0.0026486664611116368 -0.003840610150686838 0.0010031172457657545 0.00090234041870694006 -0.0059537252264026804 4.0081839058864466e-05 0.0032245304945748656 0.0013651136593140398 -0.0015432617103200818 -0.001326988386045681 0.001227276252689596 -0.00239603926580154 0.0019090436220939398 0.00096789187171924238 -0.0017689359745221792 6.9694855573606388e-05 0.012339405711208158 -0.0020765392824063432 -0.0012995957998677551 0.0027634305515578227 -0.0044580288038937139 -0.0037457516958888447 0.0073374487971745381 -0.0038380034026449048 -0.0018505293777897496 0.0015817810813931856
leaf_weight=154.36923658847809 420.52081704139709 1381.680347442627 1317.4128831624985 4082.4128733873367 1372.0101084709167 350.18918263912201 1223.2708373069763 3674.1188273429871 572.1690673828125 1338.9977645874023 942.83141708374023 4260.4560470581055 2933.0924162864685 1347.2426609992981 4313.6960496902466 2003.7243046760559 2290.0068120956421 1976.9620432853699 2005.6088256835938 198.80348193645477 157.39061546325684 859.23769760131836 435.62022686004639 327.98535060882568 365.71172714233398 412.64469659328461 191.19142889976501 228.66657757759094 1853.8878893852234 1363.0660353899002
leaf_count=43 223 957 720 992 114 211 189 499 70 83 78 297 219 125 300 120 190 121 130 53 33 71 27 39 40 58 29 31 273 201
internal_value=-0.00011727 -0.00139688 -2.95301e-05 -2.04628e-05 -0.000815736 0.000798457 0.000121348 0.000263104 -0.000979054 -0.00185428 0.00019952 0.000538373 -0.000371902 0.000399202 0.000103934 -0.000399597 0.000712013 -0.00107501 -0.000410365 0.00406039 0.00660519 -0.00362635 0.00169718 3.62716e-05 -0.000635162 -0.000317233 3.95977e-05 0.00150388 -0.00115695 0.000803181
internal_weight=44355 3119.61 1737.93 41235.4 6240.23 2157.82 34995.1 31001.5 3993.68 2770.4 30490.9 19140.5 11350.4 18197.7 13937.2 9623.54 3637.25 5986.3 3982.57 510.563 311.76 1431.41 1807.63 8417.27 4743.15 4377.44 3964.8 1782.92 2181.87 1591.73
internal_count=6536 1900 943 4636 1344 352 3292 2879 413 224 2750 1361 1389 1283 986 686 315 371 251 129 76 141 141 1170 671 631 573 261 312 232
cat_boundaries=0 1 2 3
cat_threshold=241 646 180
is_linear=0
shrinkage=0.05


Tree=177
num_leaves=31
num_cat=3
split_feature=6 9 8 7 5 6 1 9 8 8 8 3 5 6 7 3 8 1 3 6 6 8 8 0 9 6 8 0 8 1
split_gain=2.09405 2.76684 1.95554 1.77026 3.2745 3.42685 2.45603 2.30849 2.08968 3.49142 2.78499 1.95457 1.76585 4.72213 6.03065 3.10054 3.67588 2.58342 2.83604 1.94803 1.81139 1.78611 2.51537 1.77405 2.91079 2.6742 1.75726 2.6631 2.77946 1.88901
threshold=0.60355339059327384 0 0.15132977021135838 0.78656609248549303 1.0000000180025095e-35 -1.0000000180025095e-35 6.5000000000000009 1 0.4569830018801791 0.70885705491653817 0.28538855570809757 3.2256223142575347 1.0000000180025095e-35 -0.78656609248549303 0.1294095225512602 0.89973541084243835 0.27933612258163404 5.5000000000000009 2.6726124191242469 -0.70710678118654735 -0.91597561503675329 0.086564335419831454 0.056014870277357263 11.500000000000002 2 -0.25881904510252113 0.39807457594501033 1.5000000000000002 0.49025286837766885 1.0000000180025095e-35
decision_type=2 1 2 2 2 2 2 1 2 2 2 2 2 2 2 2 2 2 2 2 2 2 2 2 1 2 2 2 2 2
left_child=3 2 -2 12 6 11 7 -5 10 -10 -9 -6 15 14 -14 16 -1 -16 -19 -15 21 22 -17 24 25 -22 -4 28 -28 -30
right_child=1 -3 26 4 5 -7 -8 8 9 -11 -12 -13 13 19 17 20 -18 18 -20 -21 23 -23 -24 -25 -26 -27 27 -29 29 -31
leaf_value=0.0082882932018235565 -0.0030036189382584089 -0.0030273078136070358 0.0021870312165959247 -0.0040764752251889165 0.0025759828186131878 -0.0037598457955126067 -0.004888479309057941 -0.0011826521645939146 -0.0061241225305384509 0.0016372923969371457 0.002404894525392861 -0.0012689968355972952 -0.0042502786199273002 0.0024433935201423167 0.0029780843012673234 0.00013147098821392135 -0.00094590261812339458 -0.0038079346471614562 0.00061606624336589771 -2.6199758650504164e-05 0.00053882195770196654 0.00055440686800715781 0.00479670672229784 -0.0014929328426428116 -0.00012361669522967711 0.0043781994230100004 -0.0056058145937821924 -0.0083315409086812554 0.010111138128982311 0.00025495252593329878
leaf_weight=259.68098032474518 419.23157501220703 1377.4117881059647 888.35270631313324 563.33460772037506 1375.6489248275757 348.8468245267868 506.49960041046143 1560.4771782159805 384.92088401317596 232.36871755123138 828.00425207614899 435.05446529388428 1537.9766068458557 1043.1692905426025 510.65636157989502 532.8368444442749 184.22866356372833 599.39117336273193 915.68860626220703 3404.8210790157318 1243.6885657310486 7410.2753782272339 631.20291948318481 1887.6145267486572 14124.350397467613 713.85860872268677 114.44355309009552 112.13667905330658 80.136453151702881 123.58368051052094
leaf_count=61 223 957 487 198 114 211 44 394 100 56 200 27 208 66 43 36 47 41 49 422 80 522 36 100 1521 60 65 52 51 65
internal_value=-0.000114436 -0.0013644 -2.88341e-05 -2.00003e-05 -0.000796184 0.000777919 -0.00163026 -0.00116788 -0.00060717 -0.00320246 6.10267e-05 0.00165216 0.000118277 -0.000533557 -0.00188971 0.000311783 0.00445597 -9.75151e-05 -0.00113414 0.000552984 0.000242477 0.000840423 0.0026612 -4.28382e-05 0.000127367 0.00192907 0.000916703 -0.00170588 0.000629328 0.00413203
internal_weight=44349.9 3115.3 1737.88 41234.6 6235.16 2159.55 4075.61 3569.11 3005.77 617.29 2388.48 1810.7 34999.4 8011.7 3563.71 26987.7 443.91 2025.74 1515.08 4447.99 26543.8 8574.32 1164.04 17969.5 16081.9 1957.55 1318.65 430.3 318.164 203.72
internal_count=6536 1900 943 4636 1344 352 992 948 750 156 594 141 3292 829 341 2463 108 133 90 488 2355 594 72 1761 1661 140 720 233 181 116
cat_boundaries=0 1 2 3
cat_threshold=241 24 32
is_linear=0
shrinkage=0.05


Tree=178
num_leaves=31
num_cat=2
split_feature=6 9 8 3 7 7 4 6 1 9 4 3 3 7 3 1 3 8 8 8 4 2 8 3 1 6 8 8 8 8
split_gain=1.99531 2.64355 1.86347 1.7401 1.98965 1.68551 3.11979 3.26327 2.35349 2.2104 2.02071 2.68472 2.65859 3.45643 2.21275 2.99133 2.75224 1.99498 3.34621 2.64493 2.36738 3.04639 2.22195 1.96601 1.91653 1.91234 1.843 5.48878 1.81863 2.60138
threshold=0.60355339059327384 0 0.15132977021135838 1.2149857925879128 0.60355339059327384 0.78656609248549303 4.5000000000000009 -1.0000000180025095e-35 6.5000000000000009 1 5.5000000000000009 0.89973541084243835 2.1157009420498185 0.1294095225512602 2.2360679774997938 9.5000000000000018 2.3704530408864106 0.4569830018801791 0.70885705491653817 0.28538855570809757 2.5000000000000004 4.0714285714285721 0.35799645255269569 2.581988897471613 4.5000000000000009 -0.5 0.23826765303948647 0.16825635345475606 0.13575817621790323 0.11224064369766358
decision_type=2 1 2 2 2 2 2 2 2 1 2 2 2 2 2 2 2 2 2 2 2 2 2 2 2 2 2 2 2 2
left_child=5 2 -2 4 -3 10 8 24 9 -7 11 26 -12 25 15 -13 -16 19 -19 -11 21 22 -21 -22 -8 -14 27 -1 29 -18
right_child=1 3 -4 -5 -6 6 7 -9 -10 17 12 14 13 -15 16 -17 28 18 -20 20 23 -23 -24 -25 -26 -27 -28 -29 -30 -31
leaf_value=0.00057118690069191331 -0.0029379645106063397 -0.0032052077552519411 0.0008928909159836737 -0.0092446610495131518 0.0029010308067079073 -0.0039931888623730922 0.0045604123056116417 -0.0036804790567651195 -0.0047907606515701371 -0.0011546699514424594 0.00099624503993560646 -0.0001579817561330665 -0.0057718989319772455 1.9541863010335559e-05 0.0023000769875403328 -0.0035887379281295123 0.00049639391363363004 -0.0060092186100002805 0.0015939943412989499 0.00016315241617496402 0.0098489209546519831 0.0039711615046691979 -0.0094165250197378817 0.0018178550647771732 0.00071350925709174457 -0.0020286458493392156 0.00069255203754297256 0.01500641197699934 3.1897606581996901e-05 0.0033919822182245443
leaf_weight=155.50904178619385 417.97425103187561 1119.1239244937897 1319.87380194664 102.66542363166809 151.45889556407928 561.04286122322083 421.91684532165527 347.53767478466034 504.02962875366211 1558.6327652931213 1223.59634578228 10670.300176382065 566.7099986076355 1340.1045732498169 1948.0752463340759 675.5952844619751 3006.8319191932678 382.57078289985657 232.74948501586914 152.04611456394196 152.83383142948151 272.56540775299072 100.56615316867828 151.98640489578247 1391.783031463623 857.43284797668457 244.88851761817932 114.21922206878662 13155.056454181671 1045.3116960525513
leaf_count=43 223 787 720 66 104 198 45 211 44 394 189 1350 70 83 166 39 204 100 56 58 52 30 44 16 96 71 63 23 917 74
internal_value=-0.000111703 -0.00133272 -2.83149e-05 -0.00296168 -0.00247732 -1.95773e-05 -0.000777303 0.000757927 -0.00159273 -0.00114058 0.00011529 0.00025151 -0.000944177 -0.00180311 0.000191086 -0.000362267 0.000518843 -0.000592543 -0.00313325 5.94715e-05 0.00233948 0.000305086 -0.00365056 0.00584455 0.00160841 -0.0035182 0.00383284 0.00668393 0.000317185 0.00124335
internal_weight=44345 3111.1 1737.85 1373.25 1270.58 41233.9 6230.26 2161.24 4069.02 3564.99 35003.6 31015.8 3987.84 2764.25 30501.2 11345.9 19155.3 3003.95 615.32 2388.63 829.998 525.178 252.612 304.82 1813.7 1424.14 514.617 269.728 17207.2 4052.14
internal_count=6536 1900 943 957 891 4636 1344 352 992 948 3292 2879 413 224 2750 1389 1361 750 156 594 200 132 102 68 141 141 129 66 1195 278
cat_boundaries=0 1 2
cat_threshold=241 24
is_linear=0
shrinkage=0.05


Tree=179
num_leaves=31
num_cat=4
split_feature=6 9 1 6 7 4 6 2 4 2 2 8 8 6 9 8 8 1 8 2 3 9 4 8 8 3 1 8 9 3
split_gain=1.92292 2.28616 2.94685 1.89113 2.54818 3.2636 3.57581 2.55966 4.28406 2.96582 2.46543 2.24827 2.93953 2.61895 4.27093 4.32172 3.81884 3.69486 2.16125 2.06979 3.00198 2.01888 1.88402 2.65605 1.81261 1.7807 1.77742 3.65866 2.0554 1.74892
threshold=-1.0000000180025095e-35 0 1.5000000000000002 -0.25881904510252113 -0.12940952255126037 4.5000000000000009 -0.70710678118654735 2.9285714285714293 4.5000000000000009 2.6428571428571437 5.2142857142857153 0.048750295396440567 0.12073838889817511 -0.60355339059327362 1 0.43530903479281757 0.29037203835462116 5.5000000000000009 0.11356586079241014 5.6428571428571432 2.0586634591635558 2 4.5000000000000009 0.086564335419831454 0.21582625554784737 2.7342623276105904 6.5000000000000009 0.41704724549973154 3 2.0470322187799894
decision_type=2 1 2 2 2 2 2 2 2 2 2 2 2 2 1 2 2 2 2 2 2 1 2 2 2 2 2 2 1 2
left_child=3 2 -2 4 5 26 -7 8 9 -6 -5 25 18 19 -15 16 -16 -18 22 20 -14 -12 23 -13 -22 -9 28 -28 -1 -21
right_child=1 -3 -4 10 7 6 -8 11 -10 -11 21 12 13 14 15 -17 17 -19 -20 29 24 -23 -24 -25 -26 -27 27 -29 -30 -31
leaf_value=0.0016407671710412205 -0.0063289391059900297 -0.0005103178526144371 0.00029681286813851168 0.0045643043870332049 -0.0040979446367884502 -0.0050429386735249861 -0.00076338825652157096 0.00025396918046510759 0.0087829133686835297 0.0046073572660857882 0.0018503674085002559 0.0034419132430977824 0.0042523042344476342 -0.0037536853933747487 -0.00084079213824288235 -0.0041266480475728477 0.007224048803613714 0.00051723057734184244 0.0046780202987652337 -0.0019020120353515299 0.0025391143958881464 -0.00052207070564187568 -0.0010367519763542473 -0.00036018018248685097 -0.00081204869760361691 -0.0039843186837487101 -0.0022944869552189544 0.0019419741631831302 -0.00049455996979070748 0.00024573196237352501
leaf_weight=1814.6404805183411 397.29029536247253 9346.8315020799637 290.53479814529419 452.4799222946167 197.76839447021484 831.3822181224823 1182.1717534065247 436.54657173156738 232.05874395370483 193.63634538650513 1755.3276338577271 1151.3492465019226 758.21217393875122 1112.0707964897156 1144.2995948791504 512.01255512237549 382.17577219009399 443.84833812713623 499.87654209136963 1062.054835319519 654.0394492149353 1818.6064562797546 746.03300333023071 764.22964143753052 1053.4109973907471 573.28043174743652 2105.634204864502 672.36334323883057 2940.4484210014343 8815.5543413162231
leaf_count=209 289 3186 67 47 45 143 147 36 31 34 110 79 67 132 112 49 40 31 36 75 65 124 51 60 108 37 161 50 395 520
internal_value=-0.000109017 -0.000717827 -0.00347966 6.90659e-05 -6.63084e-05 -0.000742258 -0.00253038 0.000244945 0.00340013 0.000208755 0.0010871 0.000147121 0.000268688 -7.58297e-06 -0.00119533 -3.39382e-05 0.00102943 0.00362027 0.00166142 0.000338292 0.00163421 0.000646862 0.00109488 0.00192505 0.000471615 -0.00215211 -0.000264301 -0.00126913 0.000322736 1.48034e-05
internal_weight=44340.2 10034.7 687.825 34305.5 30279.1 9546.64 2013.55 20732.5 623.463 391.405 4026.41 20109 19099.2 15937.7 3594.41 2482.34 1970.32 826.024 3161.49 12343.3 2465.66 3573.93 2661.61 1915.58 1707.45 1009.83 7533.09 2778 4755.09 9877.61
internal_count=6536 3542 356 2994 2713 1105 290 1608 110 79 281 1498 1425 1199 364 232 183 71 226 835 240 234 190 139 173 73 815 211 604 595
cat_boundaries=0 1 2 3 4
cat_threshold=8 340 736 177
is_linear=0
shrinkage=0.05


Tree=180
num_leaves=31
num_cat=3
split_feature=9 8 2 8 7 3 7 2 8 1 8 8 2 3 8 8 9 2 7 7 9 7 6 8 3 4 8 8 8 3
split_gain=2.83808 2.01524 2.94188 2.88506 4.52502 3.04217 2.21364 2.34166 2.06295 1.86856 2.45916 1.61006 1.61154 1.52023 2.84019 3.67468 3.72594 2.97898 2.01256 1.96389 3.31383 1.81144 1.77009 1.6293 1.92794 1.56662 2.55754 3.18134 3.24782 2.84265
threshold=0 0.18382851788433854 5.6428571428571432 0.15326417906987261 0.37940952255126048 1.6329931618554532 0.60355339059327384 2.0714285714285716 0.10659506793040412 3.5000000000000004 0.21208920454428073 0.3860568642766497 4.7857142857142865 0.75592894601845539 0.24037403943294891 0.21383974548520426 1 0.2142857142857143 0.78656609248549303 -0.37940952255126015 2 -0.5 0.60355339059327384 0.55312065292426993 0.53452248382484968 2.5000000000000004 0.077377270831187575 0.24697507763300156 0.23826765303948647 0.96354490207993748
decision_type=1 2 2 2 2 2 2 2 2 2 2 2 2 2 2 2 1 2 2 2 1 2 2 2 2 2 2 2 2 2
left_child=1 2 3 4 8 -5 7 -3 -1 10 -8 -9 -13 14 15 16 21 -16 -18 23 22 -2 -21 24 -19 26 -15 28 29 -28
right_child=13 6 -4 5 -6 -7 9 11 -10 -11 -12 12 -14 25 17 -17 18 19 -20 20 -22 -23 -24 -25 -26 -27 27 -29 -30 -31
leaf_value=-0.00027743369707916641 0.0098103417812995218 -0.0039087182182133556 -0.0051671073162195633 -0.00023989779000961384 0.0033721419036463127 0.0074452710069794334 -0.011398036407835885 -0.0014916424546193418 -0.0052050324084960548 -0.0075931118329902614 -0.0011890125195686766 0.0026499511513360129 -0.0015424258634363229 0.0016459350201225823 0.011686532086259702 -0.014440715208309741 -0.0080277930884954628 -0.0067425806587797414 0.00044382885601966092 0.0012002164816631031 -0.0016153988679996996 -0.00012729229963937588 0.010485929560388395 -0.010325682785871234 0.0042611599286971101 0.00054318868917387791 0.0043222745961204647 0.00034863657059003316 -0.0064344815132801733 -0.0010878574892309108
leaf_weight=456.17777991294861 60.624243497848511 583.15874826908112 226.32307195663452 231.80750906467438 512.38578033447266 289.70207118988037 67.008017897605896 1356.1792557239532 397.46776938438416 252.37649810314178 492.80353343486786 642.30361390113831 356.42449522018433 1837.5687345266342 56.140086054801941 72.194868803024292 267.83367466926575 80.169474840164185 94.962650656700134 90.282243371009827 353.93302726745605 188.24407243728638 118.92897760868073 72.395906805992126 79.063814997673035 19197.985431313515 252.13076364994049 8086.456205368042 274.53434932231903 6560.2681171894073
leaf_count=105 19 331 22 81 130 35 26 169 84 36 185 81 34 197 38 48 167 45 59 48 226 108 71 33 32 2251 117 993 33 682
internal_value=9.16132e-06 -0.00101322 0.00021965 0.000865542 -0.000342272 0.00402927 -0.00171083 -0.00107214 -0.00257178 -0.00402128 -0.00241101 -0.000369704 0.00115378 0.000168228 -0.00137303 -0.00377231 -0.00251312 0.000555218 -0.00565447 -0.00023106 0.00136296 0.00220491 0.00618326 -0.00410649 -0.00127891 0.000233604 -0.000115784 -0.000329136 -0.0011025 -0.000887625
internal_weight=43607.8 5864.12 2113.86 1887.54 1366.03 521.51 3750.25 2938.07 853.646 812.188 559.812 2354.91 998.728 37743.7 1534.77 683.86 611.665 850.914 362.796 794.773 563.144 248.868 209.211 231.629 159.233 36208.9 17011 15173.4 7086.93 6812.4
internal_count=6486 1319 457 435 319 116 862 615 189 247 211 284 115 5167 894 401 353 493 226 455 345 127 119 110 77 4273 2022 1825 832 799
cat_boundaries=0 1 2 3
cat_threshold=12 577 131
is_linear=0
shrinkage=0.05


Tree=181
num_leaves=31
num_cat=3
split_feature=9 8 2 8 7 3 7 2 8 8 2 8 2 4 8 2 7 0 8 8 0 3 8 8 9 2 7 7 9 7
split_gain=2.70171 1.92103 2.80916 2.73079 4.30117 2.86012 2.11985 2.23895 1.97791 1.6142 1.69703 1.53213 1.52901 1.50743 1.50705 1.50487 2.66793 2.12083 1.86189 1.46938 1.53779 1.44859 2.71292 3.56881 3.56441 2.7987 1.94003 1.87286 3.1331 1.70166
threshold=0 0.18382851788433854 5.6428571428571432 0.15326417906987261 0.37940952255126048 1.6329931618554532 0.60355339059327384 2.0714285714285716 0.10659506793040412 0.21208920454428073 3.6428571428571437 0.3860568642766497 4.7857142857142865 2.5000000000000004 0.30349495182658909 0.35714285714285715 -0.37940952255126015 1.5000000000000002 0.31138311413112374 0.2944248289310793 3.5000000000000004 0.75592894601845539 0.24037403943294891 0.21383974548520426 1 0.2142857142857143 0.78656609248549303 -0.37940952255126015 2 -0.5
decision_type=1 2 2 2 2 2 2 2 2 2 2 2 2 2 2 2 2 2 2 2 2 2 2 2 1 2 2 2 1 2
left_child=1 2 3 4 8 -5 7 15 13 -8 19 14 -13 -1 -9 18 17 -17 -3 -11 -21 22 23 24 29 -24 -26 -27 -29 -2
right_child=21 6 -4 5 -6 -7 9 11 -10 10 -12 12 -14 -15 -16 16 -18 -19 -20 20 -22 -23 25 -25 26 27 -28 28 -30 -31
leaf_value=-0.003412824158745901 0.0094721768343018382 0.011224426165430356 -0.0050652477420161848 -0.00023399816563140675 0.0032772028551376628 0.0072058706722136967 -0.009697484304561587 -0.00031463752266915128 -0.0051026213176472582 0.0030637730068235215 -0.0070159961554458923 0.002577228937826157 -0.0015064799699201243 0.0023592110068249381 -0.0038927563556736631 0.00046406205546047113 -0.01130868314526599 -0.0071697247968466049 -0.0037271791647955107 -0.0048635679963009619 0.0027092139632539508 0.00022773785538632584 0.011262273092349158 -0.014289608734926998 -0.0078923715083927329 -0.0040216159948229238 0.00043261449413865919 0.0059917501818343571 -0.0015789018565299459 -0.00012414757483769279
leaf_weight=207.78428995609283 61.221915483474731 34.67051374912262 225.15665483474731 231.75190532207489 514.11653769016266 291.86703324317932 105.73771798610687 921.89856624603271 395.40431129932404 129.0644633769989 196.48274850845337 644.0079460144043 355.87516355514526 248.26694822311401 432.25927138328552 213.49504280090332 122.03616684675217 158.55452167987823 52.127548515796661 290.49824726581573 87.150782108306885 36217.419834852219 56.800017476081848 71.159814476966858 265.69216775894165 230.68439769744873 95.004806995391846 210.57328569889069 353.36174702644348 188.22011172771454
leaf_count=47 19 30 22 81 130 35 32 115 84 54 25 81 34 58 54 104 99 51 47 121 15 4273 38 48 167 110 59 119 226 108
internal_value=8.87101e-06 -0.000989222 0.00021392 0.000843099 -0.000334037 0.00391301 -0.00167134 -0.00104671 -0.00251454 -0.00393757 -0.00307147 -0.000360702 0.00112377 -0.000270621 -0.0014568 -0.00382679 -0.00489345 -0.00278919 0.00224507 -0.00154194 -0.00311598 0.000163977 -0.00134158 -0.00369317 -0.00245731 0.000540134 -0.00554588 -0.000226293 0.00132623 0.00214513
internal_weight=43608.3 5858.21 2114.35 1889.19 1365.57 523.619 3743.86 2934.92 851.456 808.934 703.196 2354.04 999.883 456.051 1354.16 580.884 494.086 372.05 86.7981 506.713 377.649 37750.1 1532.72 681.299 610.139 851.419 360.697 794.619 563.935 249.442
internal_count=6486 1319 457 435 319 116 862 615 189 247 215 284 115 105 169 331 254 155 77 190 136 5167 894 401 353 493 226 455 345 127
cat_boundaries=0 1 2 3
cat_threshold=12 577 131
is_linear=0
shrinkage=0.05


Tree=182
num_leaves=31
num_cat=3
split_feature=9 8 2 8 3 8 8 0 6 2 3 8 8 9 2 6 3 4 9 2 4 3 2 4 8 8 8 0 0 3
split_gain=2.5724 1.83126 2.68221 2.58516 2.68991 2.64485 1.97639 1.62412 3.5494 1.43529 1.37839 2.5935 3.465 3.40955 2.6295 1.77982 2.21049 1.66567 1.57711 1.73702 2.42085 2.41731 1.75493 1.48855 2.42861 3.02808 3.11451 2.7854 3.69973 2.69608
threshold=0 0.18382851788433854 5.6428571428571432 0.15326417906987261 1.6329931618554532 0.10047048724398872 0.19791439460306623 1.5000000000000002 -0.70710678118654735 1.9285714285714288 0.75592894601845539 0.24037403943294891 0.21383974548520426 1 0.2142857142857143 0.60355339059327384 0.53452248382484968 1.5000000000000002 2 0.6428571428571429 2.5000000000000004 0.57735026918962606 0.78571428571428581 2.5000000000000004 0.077377270831187575 0.24697507763300156 0.23826765303948647 3.5000000000000004 9.5000000000000018 0.96354490207993748
decision_type=1 2 2 2 2 2 2 2 2 2 2 2 2 1 2 2 2 2 1 2 2 2 2 2 2 2 2 2 2 2
left_child=1 2 3 5 9 -1 -3 8 -7 -5 11 12 13 17 -13 -15 -17 -2 -16 20 -20 -21 -23 24 27 26 29 -12 -29 -26
right_child=10 6 -4 4 -6 7 -8 -9 -10 -11 23 14 -14 15 18 16 -18 -19 19 21 -22 22 -24 -25 25 -27 -28 28 -30 -31
leaf_value=0.0017250548568643399 0.0079077758919396703 -0.0067844925519702911 -0.0049648841805441692 0.0043866055711160356 0.0069758592521137258 0.0089599750527495324 -0.0013761799413009191 -0.0044789462015857916 -0.0042999020534303873 -0.0035840674412089429 0.0050304255648297973 0.01085808030370118 -0.014137919888546992 -0.0011108846234324646 -0.0021722144495899785 -0.004694906874749525 -0.015163377535560183 -0.00073267901106072858 -0.010560119134697505 0.01327793966164699 0.0034643691362839183 0.0060123286856227321 -0.0046615445844583481 0.00052363593947989508 0.0041899359733562624 0.00033412885798657095 -0.0063199547888351032 -0.0013087167824874899 0.0041738402152909264 -0.001067428273555452
leaf_weight=730.57792174816132 84.002705335617065 177.33667552471161 224.01906299591064 97.549719214439392 293.97778534889221 82.866614818572998 3560.2991676926613 422.59779703617096 129.08339929580688 134.14796447753906 447.09103310108185 57.443330645561218 70.15019965171814 137.02453351020813 444.52926528453827 144.03240215778351 77.592462778091431 165.99861800670624 52.560958623886108 62.980216145515442 74.22164249420166 95.650050282478333 64.459440946578979 19212.791391015053 253.28057503700256 8091.1183819770813 272.83566391468048 935.35233879089355 458.57158470153809 6554.6279164552689
leaf_count=167 37 49 22 59 35 14 813 66 72 22 97 38 48 72 254 102 52 90 31 34 47 54 35 2251 117 993 33 77 23 682
internal_value=8.62819e-06 -0.000965838 0.000208324 0.000821237 0.00380057 -0.000326028 -0.00163278 -0.00268751 0.000884344 -0.000228242 0.00015989 -0.00130978 -0.00361539 -0.00240261 0.000527463 -0.00543877 -0.00835999 0.00208711 -0.000219546 0.00225893 -0.00234984 0.00497937 0.00171507 0.000222032 -0.000118572 -0.00032667 -0.00108176 0.00159638 0.000494929 -0.000871834
internal_weight=43608.8 5852.46 2114.82 1890.8 525.675 1365.13 3737.64 634.548 211.95 231.698 37756.3 1530.65 678.801 608.651 851.845 358.649 221.625 250.001 794.402 349.872 126.783 223.09 160.109 36225.7 17012.9 15171.9 7080.74 1841.01 1393.92 6807.91
internal_count=6486 1319 457 435 116 319 862 152 86 81 5167 894 401 353 493 226 154 127 455 201 78 123 89 4273 2022 1825 832 197 100 799
cat_boundaries=0 1 2 3
cat_threshold=12 577 624
is_linear=0
shrinkage=0.05


Tree=183
num_leaves=31
num_cat=0
split_feature=3 4 8 4 6 1 8 4 3 6 6 7 8 1 4 8 3 2 7 6 3 7 1 4 0 1 3 8 7 3
split_gain=2.17057 1.9876 2.45207 2.91817 3.66412 3.49439 3.45691 3.29501 3.01152 2.77948 2.27832 2.01728 2.4318 1.96498 1.7162 3.75014 2.51334 2.36816 5.59223 3.25329 3.02989 2.34545 3.64948 2.40171 3.14085 3.17469 2.3115 2.31508 2.12117 1.89738
threshold=0.75592894601845539 2.5000000000000004 0.82211238466424408 1.0000000180025095e-35 0.37940952255126054 2.5000000000000004 0.2944248289310793 1.5000000000000002 1.7320508075688779 -0.70710678118654735 0.37940952255126054 0.91597561503675351 0.37965993601554388 17.500000000000004 3.5000000000000004 0.57595111223328155 3.1547394428670268 2.5000000000000004 -0.5 -0.91597561503675329 3.8637497247020094 0.37940952255126048 9.5000000000000018 4.5000000000000009 1.5000000000000002 4.5000000000000009 1.3451854182691001 0.17805266688795099 -0.98296291314453399 3.2513733362117274
decision_type=2 2 2 2 2 2 2 2 2 2 2 2 2 2 2 2 2 2 2 2 2 2 2 2 2 2 2 2 2 2
left_child=-1 2 3 5 11 6 8 -6 10 -4 -2 -5 -13 14 17 21 -17 18 -3 -19 -21 22 28 -23 -25 -26 27 -20 -16 -30
right_child=1 13 9 4 7 -7 -8 -9 -10 -11 -12 12 -14 -15 15 16 -18 19 26 20 -22 23 -24 24 25 -27 -28 -29 29 -31
leaf_value=-0.0015642937420956003 -0.0052640873479522909 0.0083256410708185749 -0.0003902191736276411 -0.00044523084128692946 -0.0075790909060042561 -6.0934632172945078e-05 0.0066819724499051205 -0.0010252579879701307 0.0047973401061948808 0.0064927492250031419 0.0019575927399297696 -0.0017107615453643152 -0.0088984603586791233 -0.0038866311539173903 0.0027555069361062611 -0.0034837102960898407 0.0014377588009542985 0.0024923428510792325 0.0055639270977383935 0.00040030251054521933 -0.0045284262581000217 -0.00059847403291231121 -0.0025253985663460984 -0.0024005545112659858 0.0055281348747662192 0.0016473369733491984 0.0067843419797955669 -0.0042788341854512581 -0.00031597963031505702 0.0020703885104729754
leaf_weight=2088.9774125814438 222.33378553390503 357.413165807724 306.88595819473267 10510.976014375687 371.0107427239418 5731.1089067459106 404.6175571680069 396.99198293685913 298.7179913520813 280.95255410671234 214.65750169754028 581.78506016731262 147.51294910907745 262.62217140197754 815.66742563247681 1068.1380829811096 342.63493156433105 1905.0855240821838 77.319946646690369 3775.3322286605835 339.88743305206299 1273.1734538078308 1297.9812164306641 378.97853791713715 653.87681090831757 2715.6052403450012 94.895846486091614 262.76821064949036 5448.0660873651505 983.28403520584106
leaf_count=1309 61 103 22 943 203 503 122 210 40 41 108 143 37 11 77 171 23 125 41 342 23 173 71 139 107 172 31 147 919 69
internal_value=8.35027e-06 8.74735e-05 -0.000280723 -0.00037974 -0.000849971 0.000442018 0.00296978 -0.00419132 0.000928192 0.00289944 -0.00171668 -0.00062167 -0.0031646 0.000412507 0.000464322 0.00016505 -0.00228843 0.00112226 0.00369179 0.000784054 -6.7749e-06 0.000420184 -8.37965e-05 0.00127777 0.00191505 0.00240044 -0.000115713 -0.00204106 0.000353508 4.88703e-05
internal_weight=43609.3 41520.3 19467.6 18879.7 12008.3 6871.44 1140.33 768.003 735.709 587.839 436.991 11240.3 729.298 22052.7 21790.1 14977.4 1410.77 6812.7 792.397 6020.31 4115.22 13566.6 8545 5021.63 3748.46 3369.48 434.984 340.088 7247.02 6431.35
internal_count=6486 5177 2433 2370 1536 834 331 413 209 63 169 1123 180 2744 2733 1921 194 812 322 490 365 1727 1136 591 418 279 219 188 1065 988
is_linear=0
shrinkage=0.05


Tree=184
num_leaves=31
num_cat=2
split_feature=9 8 2 8 7 6 7 2 4 1 8 8 6 0 1 2 7 0 8 1 0 8 8 6 0 2 0 9 4 7
split_gain=2.47902 1.7556 2.55834 2.437 4.07673 2.48157 2.03479 2.12175 1.81651 1.78006 2.29958 1.68526 1.64468 1.50522 1.84998 1.45555 2.5666 2.15711 1.76366 1.35275 1.25082 1.22613 1.10812 1.10805 3.21238 2.0885 1.77457 1.35341 2.2806 1.19548
threshold=0 0.18382851788433854 5.6428571428571432 0.15326417906987261 0.37940952255126048 -0.70710678118654735 0.60355339059327384 2.0714285714285716 2.5000000000000004 3.5000000000000004 0.21208920454428073 0.09870620435439105 -0.25881904510252113 7.5000000000000009 3.5000000000000004 0.35714285714285715 -0.5 1.5000000000000002 0.31691440260749054 4.5000000000000009 1.0000000180025095e-35 0.3860568642766497 0.31923074266732071 -1.0000000180025095e-35 10.500000000000002 2.3571428571428572 2.5000000000000004 1 4.5000000000000009 -0.5
decision_type=1 2 2 2 2 2 2 2 2 2 2 2 2 2 2 2 2 2 2 2 2 2 2 2 2 2 2 1 2 2
left_child=1 2 3 4 8 -5 7 15 -1 10 -8 -10 -7 14 -9 18 17 20 -3 -16 -17 -21 -12 25 27 26 -2 28 -25 -30
right_child=23 6 -4 5 -6 12 9 13 11 -11 22 -13 -14 -15 19 16 -18 -19 -20 21 -22 -23 -24 24 -26 -27 -28 -29 29 -31
leaf_value=-0.0048790599587180631 0.001371401053215622 0.010248202969926073 -0.0048662581518794873 0.0075598596206982839 0.0031871281107920036 -0.0029989233651759495 -0.011064590170378382 0.0021276656020821614 0.0026415513278417648 -0.0073447350992096455 0.0022059815410717105 -0.0035212337072331673 0.0044528658419029773 -0.003959042484307145 -0.0038796475491500882 -0.0031145072236680484 -0.010345242015182804 -0.0068536598089733031 -0.0041027673672575727 -0.0016010219737947159 0.0049470538307370502 0.00185849353623871 -0.0027996406644641013 0.00010841357592894944 -0.0053789030530934992 0.00024795429038625507 0.0078427250711816353 -0.00044194880953628507 0.0076940829589818155 0.0016295456436552374
leaf_weight=403.50462365150452 305.33574795722961 38.486244201660156 222.9123101234436 231.55920362472534 515.76945853233337 151.16575050354004 65.384761691093445 740.06941628456116 236.61473751068115 248.7913590669632 168.29881632328033 208.84144127368927 145.13970756530762 253.95033311843872 310.26819372177124 92.103260040283203 144.98733860254288 152.98511326313019 48.247418522834778 598.40944337844849 100.75120556354523 447.77083444595337 322.29328191280365 974.42910861968994 305.90690040588379 28874.812099456787 162.2184624671936 6811.0987300872803 178.33342313766479 149.28864479064941
leaf_count=90 59 33 22 28 130 25 26 109 55 36 65 44 63 26 39 44 122 47 44 65 41 45 120 246 20 2269 29 2455 26 63
internal_value=8.08341e-06 -0.000948926 0.000200193 0.000796926 -0.000318927 0.00368183 -0.00160271 -0.000990702 -0.00244896 -0.00382943 -0.00225638 -0.000247723 0.000651197 -0.000323509 0.000116861 -0.00370594 -0.00476109 -0.00242003 0.00226517 -0.000980221 0.00109702 -0.000120331 -0.00108245 0.00015651 -0.000349088 0.000301632 0.00361663 -0.000159439 0.00131171 0.00493063
internal_weight=43609.7 5848.3 2115.51 1892.59 1364.73 527.865 3732.8 2928.03 848.961 804.768 555.977 445.456 296.305 2350.47 2096.52 577.561 490.827 345.84 86.7337 1356.45 192.854 1046.18 490.592 37761.4 8419.06 29342.4 467.554 8113.15 1302.05 327.622
internal_count=6486 1319 457 435 319 116 862 615 189 247 211 99 88 284 258 331 254 132 77 149 85 110 185 5167 2810 2357 88 2790 335 89
cat_boundaries=0 1 2
cat_threshold=12 1
is_linear=0
shrinkage=0.05


Tree=185
num_leaves=31
num_cat=3
split_feature=6 9 2 9 4 4 8 3 3 7 8 3 0 2 6 9 0 2 8 4 3 7 2 7 3 3 3 2 7 8
split_gain=2.62571 1.91056 1.85148 1.70349 1.72948 2.44394 3.30488 2.36046 2.82888 1.76755 2.13789 3.20857 1.72692 2.11545 1.71977 1.7183 2.43943 1.68706 1.6091 1.50394 2.14247 1.7059 1.70225 1.71188 1.69359 1.47822 2.25117 1.42358 2.24725 2.33169
threshold=0.12940952255126045 0 4.5000000000000009 1 1.5000000000000002 1.0000000180025095e-35 0.46148625683949612 0.75592894601845539 0.53452248382484968 -0.9159756150367534 0.13575817621790323 0.48795003647426655 2.5000000000000004 3.5000000000000004 0.60355339059327384 2 1.0000000180025095e-35 2.0714285714285716 0.043195256184603174 5.5000000000000009 2.1157009420498185 0.78656609248549303 4.6428571428571432 0.37940952255126048 1.4638501094227998 0.8997354108424368 1.1338934190276835 5.6428571428571432 0.1294095225512602 0.21711361408645521
decision_type=2 1 2 1 2 2 2 2 2 2 2 2 2 2 2 1 2 2 2 2 2 2 2 2 2 2 2 2 2 2
left_child=1 -1 3 -2 5 6 -5 8 -7 12 18 -12 -6 -14 -9 16 -13 -17 -11 21 24 27 -22 -24 -21 -20 -27 28 -3 -30
right_child=2 19 -4 4 9 7 -8 14 -10 10 11 15 13 -15 -16 17 -18 -19 25 20 22 -23 23 -25 -26 26 -28 -29 29 -31
leaf_value=0.00046273331061903993 -0.0020452030200017886 0.00013921104748705916 -0.0067676776866206698 -0.0011775422871059234 0.005915282763690014 -0.0044756048715845235 0.0084984557610694855 -0.0030482470023170832 0.0098026964011328835 -0.0045678846582125274 0.0098669892374609082 -0.00013158681954676454 -0.0027715753839518496 0.0040877053728809445 -0.0090352532611502698 -0.0004456309395025976 -0.011138415284812103 -0.0068606390186211801 0.00026268339565048182 -0.0036308719953027689 -0.0062768943460279076 -0.0013816373714814318 -0.003697683818440252 0.00062043366118202264 0.0012499593684041788 0.011641670140922917 0.0021256389210146764 -0.00042587448780499222 0.0042893948108904244 0.00048284978598126904
leaf_weight=18942.566879630089 2039.6034615039825 6354.0121018886566 135.64699220657349 598.26508224010468 250.45090842247009 81.066499471664429 103.5174286365509 270.87806284427643 60.637628316879272 69.096969127655029 63.407420635223389 93.126162528991699 219.87796831130981 229.9687647819519 215.27145576477051 1293.9006404876709 109.56222879886627 111.30511546134949 187.31108176708221 226.43225741386414 282.98270225524902 2198.5166432857513 537.11077213287354 400.7905969619751 826.32825398445129 106.93446624279022 148.39600253105164 6691.6930508613586 741.79237651824951 879.02571678161621
leaf_count=1392 1196 792 17 245 38 54 39 78 33 33 42 56 37 30 114 674 71 34 111 57 40 431 52 29 92 48 55 494 73 90
internal_value=-5.04707e-05 0.00010689 -0.000988524 -0.000863148 -0.000285355 -0.00177785 0.00024973 -0.00404417 0.00163433 0.00040191 -0.000299253 -0.00116507 0.00258765 0.000734997 -0.00569935 -0.00160012 -0.00579535 -0.000947019 0.00252846 -0.00024542 -0.0014527 -8.28073e-05 -0.00287796 -0.00185244 0.000200169 0.00363621 0.00611103 0.000111888 0.000563125 0.00222497
internal_weight=44469.5 38081.3 6388.22 6252.58 4212.97 1329.64 701.783 627.854 141.704 2883.34 2183.04 1671.3 700.298 449.847 486.15 1607.89 202.688 1405.21 511.739 19138.7 2273.64 16865 1220.88 937.901 1052.76 442.642 255.33 14666.5 7974.83 1620.82
internal_count=6547 3542 3005 2988 1792 563 284 279 87 1229 1124 877 105 67 192 835 127 708 247 2150 270 1880 121 81 149 214 103 1449 955 163
cat_boundaries=0 1 2 3
cat_threshold=801 204 512
is_linear=0
shrinkage=0.05


Tree=186
num_leaves=31
num_cat=0
split_feature=6 2 7 7 8 4 3 3 2 6 8 1 3 8 1 2 3 6 3 7 8 3 4 8 3 6 1 8 1 4
split_gain=2.50053 1.7761 1.38052 2.4753 1.66402 1.82716 1.68561 2.90972 1.95583 1.62973 3.11062 2.09585 3.11879 2.07302 1.82883 5.91804 2.04536 1.72225 2.5448 1.71677 2.02892 1.90204 1.53523 1.53428 1.3873 1.33641 2.25264 2.75093 2.21062 2.17476
threshold=0.12940952255126045 4.5000000000000009 -0.9159756150367534 -0.37940952255126015 0.28357341322961088 1.5000000000000002 1.8898223650461372 2.2038661803717079 7.5000000000000009 -0.37940952255126059 0.65477639379969677 2.5000000000000004 2.0701966780270653 0.26466697349085722 1.0000000180025095e-35 0.50000000000000011 1.0000000000000009 -1.0000000180025095e-35 0.69006555934235525 -0.12940952255126037 0.17101855769051411 2.4201334816206521 1.5000000000000002 0.048750295396440567 2.9560022436496336 -0.5 2.5000000000000004 0.27933612258163404 5.5000000000000009 2.5000000000000004
decision_type=2 2 2 2 2 2 2 2 2 2 2 2 2 2 2 2 2 2 2 2 2 2 2 2 2 2 2 2 2 2
left_child=2 -2 4 25 6 -6 -1 -8 -9 11 14 12 13 -5 15 -11 -17 -16 -19 20 -13 22 -22 -21 -10 28 -27 -28 -4 -29
right_child=1 -3 3 9 5 -7 7 8 24 10 -12 19 -14 -15 17 16 -18 18 -20 23 21 -23 -24 -25 -26 26 27 29 -30 -31
leaf_value=0.0034819040309005257 -0.00084271565201904765 -0.0066450284199486625 -0.00097100955602768451 0.002126088759338915 0.0015833242317071395 -0.0011202956737455716 -0.0023720838290198706 0.0029030726351214082 -0.0016405032839797351 -0.009437286265857936 -0.0077137274460900261 0.0011802900967106894 0.00062501981769423837 0.0087716925809285303 -0.0005152583245455147 0.013249931081788461 0.0031830368482898479 0.0035981655828827975 -0.0078897528842437597 -0.0016436354112561611 0.0022448502645722175 -0.0039110080130562701 -0.0021865723108403438 0.0004757806973503781 0.0014793732067425237 0.003568788263743493 -0.0021499280941509021 0.0031075358756661791 -0.0042270448714547409 -0.00083887996419931311
leaf_weight=768.24803018569946 6247.2511749267578 134.73207569122314 2944.4734382629395 230.0099663734436 942.73225355148315 1853.7288165092468 569.97357749938965 1373.8473920822144 573.55369853973389 68.217348456382751 160.67271912097931 680.51913547515869 1064.6537528038025 239.57650303840637 1978.2835614681244 89.287598729133606 116.02045369148254 65.077988505363464 185.95576560497284 899.26390218734741 325.03370237350464 748.15028095245361 490.2243766784668 16931.40577173233 940.75563907623291 362.7009162902832 1441.8410801887512 640.73191499710083 633.42687606811523 766.97392511367798
leaf_count=70 2988 17 471 36 68 153 49 118 33 45 38 61 125 34 230 47 38 42 101 61 32 64 56 1175 50 43 120 51 68 63
internal_value=-4.92715e-05 -0.00096521 0.000104213 -3.89239e-05 0.000737317 -0.000208862 0.00136337 0.000892727 0.00153703 0.000197151 -0.00096982 0.000340992 0.00212219 0.00551658 -0.000536888 0.00332169 0.00756109 -0.00101031 -0.00491162 0.000204861 -0.00109855 -0.00209048 -0.000419817 0.000368891 0.000297701 -0.000882807 -0.000142503 -0.000614889 -0.00154745 0.000957372
internal_weight=44467.3 6381.98 38085.3 31062.5 7022.84 2796.46 4226.38 3458.13 2888.16 24272.4 2663.52 21608.8 1534.24 469.586 2502.84 273.525 205.308 2229.32 251.034 20074.6 2243.93 1563.41 815.258 17830.7 1514.31 6790.15 3212.25 2849.55 3577.9 1407.71
internal_count=6547 3005 3542 3001 541 221 320 250 201 2185 541 1644 195 70 503 130 85 373 143 1449 213 152 88 1236 83 816 277 234 539 114
is_linear=0
shrinkage=0.05


Tree=187
num_leaves=31
num_cat=1
split_feature=9 6 8 4 3 8 4 8 6 3 8 8 2 3 8 8 0 0 4 2 1 2 3 6 3 8 3 8 2 4
split_gain=2.50415 1.61991 1.57638 1.55905 2.01995 1.56595 1.79688 1.59815 1.48827 1.99305 2.05946 2.25315 1.97017 1.74429 1.88292 2.52926 2.05764 1.71105 1.61784 1.78021 1.8286 1.63157 1.59892 2.14868 1.62154 1.61622 1.95559 1.58075 2.15935 1.78334
threshold=0 0.12940952255126045 0.13247736233059138 1.0000000180025095e-35 2.9880688672665054 0.06642855116524797 2.5000000000000004 0.075118102705988996 0.12940952255126045 1.6035674514745477 0.20134354015322745 0.23826765303948647 4.5000000000000009 2.2886885410853197 0.29612947281771734 0.19791439460306623 6.5000000000000009 12.500000000000002 2.5000000000000004 0.78571428571428581 1.0000000180025095e-35 0.6428571428571429 2.8242118737533741 -0.70710678118654735 2.6992062325273145 0.41995218212365443 3.8110064932637404 0.30349495182658909 3.6428571428571437 2.5000000000000004
decision_type=1 2 2 2 2 2 2 2 2 2 2 2 2 2 2 2 2 2 2 2 2 2 2 2 2 2 2 2 2 2
left_child=2 -2 3 4 -1 6 -5 -7 9 10 -4 -12 18 14 15 -11 -17 22 19 21 -21 -10 24 25 -15 26 -24 -13 29 -29
right_child=1 -3 8 5 -6 7 -8 -9 12 13 11 27 -14 17 -16 16 -18 -19 -20 20 -22 -23 23 -25 -26 -27 -28 28 -30 -31
leaf_value=0.0053594016548876569 -0.00024662901132039319 -0.0014584549708032992 -0.0019989591002364093 0.0015217561155460883 0.00049861482697501134 0.0041872844768130867 -0.0024138974681719469 0.00085452899117254152 -0.0011674716354996685 -0.0030121528702036376 0.010578697748579577 -0.00088539521843702571 -0.0077971010056325776 0.0010428067394160617 -0.0024744653467760592 -0.00070584474532680761 0.0045588438613850752 -0.00083960017659829146 0.00049043558749748762 -0.0072961340595196107 -0.0018802104092941062 0.0081425590755754961 -0.00063950531077574331 -0.00072675794290088809 0.0039414829994640424 0.0028586259305465843 0.0023673238453736107 -0.0043661457949307819 0.0066525638507523594 0.0050236781788696181
leaf_weight=450.50018537044525 19139.525829434395 3221.9678912758827 214.62699460983276 489.54459428787231 406.66648721694946 420.44971287250519 711.56539797782898 2489.8969185352325 133.12600433826447 368.97642278671265 98.847823143005371 231.79210460186005 102.74678087234497 2069.7994360923767 1214.5042705535889 354.4273509979248 389.61336278915405 2255.1377668380737 1285.5602148771286 196.77032792568207 749.48620915412903 72.789421439170837 1523.3718810081482 2922.9324250221252 629.11120271682739 962.51461982727051 838.34042501449585 107.51049029827118 317.64355182647705 95.467973589897156
leaf_count=60 2150 1801 35 53 24 44 83 280 76 33 15 35 13 154 106 43 25 107 508 85 250 39 89 209 42 52 45 33 25 33
internal_value=-4.80958e-05 -0.000421047 0.000329247 0.00111353 0.00305329 0.000709129 -0.000809816 0.001336 0.00010202 0.000296435 0.00237807 0.00348164 -0.00101486 0.000132429 -0.00111305 0.000372503 0.00205098 0.000391229 -0.000728997 -0.0020896 -0.00300643 0.00212355 0.000701499 0.000262139 0.00171848 0.00113166 0.000427833 0.00254927 0.00407846 5.02216e-05
internal_weight=44465.2 22361.5 22103.7 4968.62 857.167 4111.46 1201.11 2910.35 17135.1 14594.6 1065.89 851.262 2540.48 13528.7 2327.52 1113.02 744.041 11201.2 2437.73 1152.17 946.257 205.915 8946.07 6247.16 2698.91 3324.23 2361.71 752.414 520.622 202.978
internal_count=6547 3951 2596 544 84 460 136 324 2052 1081 176 141 971 905 207 101 68 698 958 450 335 115 591 395 196 186 134 126 91 66
cat_boundaries=0 1
cat_threshold=801
is_linear=0
shrinkage=0.05


Tree=188
num_leaves=31
num_cat=3
split_feature=9 6 4 3 3 3 7 0 3 2 7 6 3 9 6 6 1 0 1 2 2 3 0 4 6 2 9 4 3 1
split_gain=2.38123 1.54382 1.42608 2.05522 1.67586 1.61165 1.60957 1.3979 1.39871 1.36003 2.10926 1.99827 1.77905 1.48052 1.38455 2.43127 5.31601 2.24434 2.07922 2.01767 1.63596 1.37934 1.36162 1.35489 1.26811 1.25701 2.18861 3.18911 2.90418 1.40897
threshold=0 0.12940952255126045 5.5000000000000009 2.1157009420498185 2.4446199625772569 1.4638501094227998 0.78656609248549303 4.5000000000000009 2.0586634591635558 5.6428571428571432 0.1294095225512602 -0.78656609248549303 3.1395995518346349 1 -0.5 -0.91597561503675329 2.5000000000000004 3.5000000000000004 3.5000000000000004 5.3571428571428585 2.0714285714285716 2.5541579094840166 6.5000000000000009 1.5000000000000002 -0.98296291314453399 4.7857142857142865 2 1.5000000000000002 2.2886885410853197 1.5000000000000002
decision_type=1 2 2 2 2 2 2 2 2 2 2 2 2 1 2 2 2 2 2 2 2 2 2 2 2 2 1 2 2 2
left_child=-1 2 6 5 -5 -4 9 8 -3 10 12 21 14 -11 15 16 -2 -18 -16 23 -17 -12 24 -20 -19 26 27 -8 -29 -28
right_child=1 7 3 4 -6 -7 25 -9 -10 13 11 -13 -14 -15 18 20 17 22 19 -21 -22 -23 -24 -25 -26 -27 29 28 -30 -31
leaf_value=0.00032089179454388209 0.0065599499209090381 -0.0013969856716304968 -0.0035459441793245813 -0.005704265205314204 -0.0016245162605325828 0.0012222851146202081 0.0071881400674143926 -0.0065350670116924971 0.0049014804985531785 0.00064532755395854755 0.0054026787092631631 0.00015102785827881708 -0.0038245447354337339 -0.00093715959060213622 0.0032590565991163106 0.0010408438401378407 -0.0029553054733949826 0.004697196710151101 0.0013734992092503508 0.0037603721948792851 -0.0026463976803709718 0.0015028436342810975 -0.0015478193963161166 -0.0018537819102108725 0.00040026681389095586 -0.0037778258096001897 0.00066125732475840816 -0.0056611165188805166 0.0034705469287712614 -0.003031450672139841
leaf_weight=22111.06640958786 339.28850793838501 2998.0011051893234 225.52871346473694 355.55555844306946 861.89253997802734 827.20604991912842 187.39807283878326 128.45602595806122 90.815078258514404 2192.1271629333496 516.01048374176025 704.55539226531982 271.36757278442383 4497.6936469078064 829.52624225616455 398.14289140701294 539.4542236328125 306.50472211837769 524.75379657745361 323.54380226135254 1230.6794843673706 404.44918966293335 345.76890134811401 855.25948143005371 390.41548633575439 427.52421236038208 368.76450991630554 166.94361305236816 181.98000717163086 862.47178769111633
leaf_count=2596 45 1765 57 37 84 92 41 22 14 151 45 81 27 343 97 86 63 29 55 29 195 37 33 92 41 45 129 45 21 150
internal_value=-4.69425e-05 -0.00041077 -0.000240565 -0.00141705 -0.00281601 0.000200781 -8.21958e-05 -0.00142434 -0.0012118 0.000106757 0.000547565 0.0021551 0.000136488 -0.000419045 0.000313183 -0.000323978 0.000880728 -0.000337173 0.0012062 0.000206585 -0.0017451 0.00368909 0.00101737 -0.0006266 0.00229005 -0.00134495 -0.000756505 0.00189179 -0.000898526 -0.00190994
internal_weight=44463.1 22352.1 19134.8 2270.18 1217.45 1052.73 16864.6 3217.27 3088.82 14669.5 7979.72 1625.02 6354.71 6689.82 6083.34 3550.25 1921.43 1582.14 2533.08 1703.56 1628.82 920.46 1042.69 1380.01 696.92 2195.08 1767.56 536.322 348.924 1231.24
internal_count=6547 3951 2150 270 121 149 1880 1801 1779 1449 955 163 792 494 765 492 211 166 273 176 281 82 103 147 70 431 386 107 66 279
cat_boundaries=0 1 2 3
cat_threshold=801 64 130
is_linear=0
shrinkage=0.05


Tree=189
num_leaves=31
num_cat=2
split_feature=9 8 4 3 8 3 1 4 8 0 8 7 4 3 2 3 8 8 9 8 8 8 8 2 3 8 3 2 4 1
split_gain=2.26528 1.49629 1.47471 1.90294 1.49907 1.30263 2.12272 1.66886 4.72463 2.22342 1.61091 1.25345 1.82499 2.45384 2.68062 1.83672 1.79574 2.48751 2.30506 2.58852 2.3114 2.21195 1.87147 1.78742 1.74152 1.72714 2.26936 3.56165 2.26887 1.39073
threshold=0 0.13247736233059138 1.0000000180025095e-35 2.9880688672665054 0.051348954286976979 3.412161334152628 10.500000000000002 3.5000000000000004 0.084050720700235768 2.5000000000000004 0.11356586079241014 0.78656609248549303 5.5000000000000009 2.1157009420498185 6.9285714285714297 2.0586634591635558 0.55312065292426993 0.25693388058582795 1 0.2944248289310793 0.45307889399710349 0.10874656931452278 0.090288993483479338 5.5000000000000009 1.8898223650461372 0.13247736233059138 2.8990705651295676 3.9285714285714293 1.0000000180025095e-35 5.5000000000000009
decision_type=1 2 2 2 2 2 2 2 2 2 2 2 2 2 2 2 2 2 1 2 2 2 2 2 2 2 2 2 2 2
left_child=1 2 3 -1 -4 6 7 8 -6 -9 -10 12 -2 14 15 23 17 21 29 -20 -21 22 24 -14 -13 -23 27 28 -27 -19
right_child=11 -3 4 -5 5 -7 -8 9 10 -11 -12 16 13 -15 -16 -17 -18 18 19 20 -22 25 -24 -25 -26 26 -28 -29 -30 -31
leaf_value=0.0051884072585924737 -7.848421843596455e-05 9.140434426286719e-05 -0.0013168104211616662 0.00047786690849479369 0.0045137088147605238 0.0026449231288663989 -0.0027734860744640915 -0.0018292187552222134 -0.0047827708909678312 0.004246698898517717 -5.8336686041075787e-05 0.0021485383273463603 -0.00082421899026257598 -0.0033664884681027275 0.0069899530483168038 0.0049113326803110124 -0.004795042548521259 0.0048402892899389377 0.005171728209553892 -0.0044627391755393759 0.0030364120967444792 -0.0080932695011966746 0.0059197175143280911 -0.0078452227809356519 -0.0054284076610303404 0.0048771300732381659 0.0023387217973929297 -0.010620414159563942 -0.0035267340314693967 -0.00034654782879822103
leaf_weight=453.06643903255463 17104.510776996613 17142.396576166153 763.42517840862274 406.99989128112793 366.35686731338501 1004.5792722702026 410.3233003616333 195.65177893638611 366.64764654636383 653.46070623397827 355.25515305995941 163.09704351425171 754.00813126564026 1041.3377687931061 122.5674352645874 121.04665851593018 334.42774736881256 379.17657279968262 128.32908475399017 434.53655242919922 134.57415640354156 173.27920472621918 123.58132445812225 103.03789567947388 141.74631261825562 97.622076630592346 182.1997332572937 154.8330659866333 452.99781215190887 196.05666828155518
leaf_count=60 2747 2052 84 24 51 57 20 76 57 62 53 67 248 108 8 14 96 95 37 128 37 51 33 10 18 37 19 17 166 15
internal_value=-4.58189e-05 0.000312826 0.00107629 0.00295929 0.000682799 0.00113818 0.00049344 0.00118535 -0.0001109 0.00284669 -0.00245783 -0.000400816 -0.000250781 -0.00162663 1.94592e-05 -0.000854032 -0.00133467 -0.000915691 0.000707537 -0.00122543 -0.00268946 -0.00230276 0.000729486 -0.00166832 -0.0013746 -0.00352724 -0.0026359 -0.00392071 -0.00203677 0.00301996
internal_weight=44461.1 22118.2 4975.77 860.066 4115.7 3352.27 2347.7 1937.37 1088.26 849.112 721.903 22343 19246.5 2142 1100.66 978.093 3096.46 2762.03 1272.67 697.44 569.111 1489.36 428.425 857.046 304.843 1060.93 887.653 705.453 550.62 575.233
internal_count=6547 2596 544 84 460 376 319 299 161 138 110 3951 3135 388 280 272 816 720 312 202 165 408 118 258 85 290 239 220 203 110
cat_boundaries=0 1 2
cat_threshold=801 130
is_linear=0
shrinkage=0.05


Tree=190
num_leaves=31
num_cat=3
split_feature=3 3 7 9 1 6 8 6 3 4 3 8 8 2 3 4 7 7 8 9 8 1 9 8 8 4 8 2 3 7
split_gain=2.22063 1.88326 2.07271 1.65109 2.06824 1.99411 1.65083 3.11941 2.22503 2.40956 2.38895 1.98795 2.81826 1.83529 1.99894 1.59326 2.83302 1.9139 2.45746 1.66212 1.88001 1.5858 1.56391 2.81941 3.18523 2.7085 2.00416 1.93698 1.66279 1.49908
threshold=1.3451854182691001 1.2724180205607065 -0.98296291314453399 0 13.500000000000002 -0.91597561503675329 0.11052988660247588 -0.91597561503675329 0.97590007294853398 2.5000000000000004 0.48795003647426655 0.17522266917538817 0.17941389589969606 0.78571428571428581 0.75592894601845539 3.5000000000000004 -0.78656609248549325 0.37940952255126048 0.14048500878141076 1 0.1485407985270232 1.5000000000000002 2 0.37036312300335844 0.44908987642340409 4.5000000000000009 0.5678959486837819 0.78571428571428581 0.69006555934235525 -0.9159756150367534
decision_type=2 2 2 1 2 2 2 2 2 2 2 2 2 2 2 2 2 2 2 1 2 2 1 2 2 2 2 2 2 2
left_child=1 2 -1 4 29 -6 8 -8 10 -10 -4 15 -13 -12 -15 19 -17 -18 -19 20 -9 -11 25 -24 -25 -14 27 28 -26 -2
right_child=3 -3 6 -5 5 -7 7 11 9 21 13 12 22 14 -16 16 17 18 -20 -21 -22 -23 23 24 26 -27 -28 -29 -30 -31
leaf_value=0.0040428295634174164 0.0019483206652473077 -0.0039170918802678536 -0.010992900366731 -3.8441100879699674e-05 0.00074126694492588469 -0.0030003032320775162 0.0049221528809308551 -0.0023419058827464936 -0.00019574017032497585 0.011607166185712099 0.0026520589723503692 0.0089177496434921632 0.0013504791797519088 0.0028420219038415577 -0.0074237606205249775 -0.014879907733512525 -0.00022985879430568128 -0.00038965439722201084 -0.013028868276767672 -0.0037342388117406148 0.006717159217426702 0.0034768773563321684 -0.00031159625408523758 -0.0078656655440373854 -0.0002793890799298517 -0.0038124239918850889 -0.0042117455225990502 -0.0024637984688097533 0.010702034086691868 0.00057563157658842919
leaf_weight=235.5215311050415 2567.4457898139954 447.10800230503082 54.204988718032837 24888.256331920624 709.80142021179199 714.64690494537354 206.71283483505249 128.96133983135223 211.09443306922913 108.40798246860504 285.6485356092453 72.599014163017273 1182.2116973400116 75.890940427780151 126.39679443836212 70.356300830841064 174.80096578598022 65.467490911483765 93.217204093933105 366.78514939546585 103.02276957035065 134.2464804649353 1339.8500504493713 327.17112737894058 65.173445045948029 323.55005025863647 404.99537056684494 167.66920375823975 73.174920797348022 8827.0384339094162
leaf_count=23 221 95 37 2336 30 32 24 70 66 47 189 32 600 34 50 22 93 39 43 181 47 32 665 172 48 179 201 64 46 792
internal_value=4.87255e-05 -0.000779841 -0.000560572 0.000199119 0.000659862 -0.00113588 -0.000736533 -0.00109588 0.00112741 0.00371075 -0.00103473 -0.00134674 -0.000842782 7.15276e-05 -0.00357242 -0.00333539 -0.0057624 -0.00383886 -0.00781439 -0.00169849 0.0016117 0.00710915 -0.00102523 -0.00181942 -0.0037829 0.000239511 -0.00190423 0.00114964 0.00552888 0.000884931
internal_weight=44551.4 6844.24 6397.13 37707.2 12818.9 1424.45 6161.61 5165.72 995.89 453.749 542.141 4959.01 3956.39 487.936 202.288 1002.61 403.842 333.486 158.685 598.769 231.984 242.654 3883.8 2378.03 1038.18 1505.76 711.013 306.018 138.348 11394.5
internal_count=6510 3099 3004 3411 1075 62 2981 2526 455 145 310 2502 2007 273 84 495 197 175 82 298 117 79 1975 1196 531 779 359 158 94 1013
cat_boundaries=0 1 2 3
cat_threshold=38 54 240
is_linear=0
shrinkage=0.05


Tree=191
num_leaves=31
num_cat=5
split_feature=7 7 8 8 8 6 1 9 2 9 8 1 8 9 9 8 2 8 8 8 8 7 9 8 1 6 0 2 2 8
split_gain=2.12144 4.50964 2.90766 1.96834 2.17293 1.85028 2.42914 2.94348 2.25629 2.18204 2.03201 1.97083 1.91585 1.90132 1.79704 2.03028 3.16439 1.86163 2.4567 2.40011 1.77604 2.27333 1.84219 2.3765 3.0729 2.36463 2.46622 1.66116 2.79667 2.13829
threshold=-0.78656609248549325 -0.37940952255126015 0.015466880664157861 0.50736915055398313 0.82211238466424408 -0.37940952255126059 7.5000000000000009 0 6.9285714285714297 1 0.16250887409566075 1.5000000000000002 0.37965993601554388 2 3 0.36766256502743938 4.0714285714285721 0.19467479419302222 0.11768189401819969 0.22270393355649223 0.32940676372845168 0.1294095225512602 4 0.25297822189684127 5.5000000000000009 -0.78656609248549303 4.5000000000000009 0.92857142857142871 0.6428571428571429 0.26225795032134486
decision_type=2 2 2 2 2 2 2 1 2 1 2 2 2 1 1 2 2 2 2 2 2 2 1 2 2 2 2 2 2 2
left_child=-1 3 -3 14 -5 6 12 -8 9 11 -9 27 20 -14 17 -16 -17 18 -2 -19 22 -22 23 25 -25 26 -4 28 -7 -29
right_child=1 2 5 4 -6 8 7 10 -10 -11 -12 -13 13 -15 15 16 -18 19 -20 -21 21 -23 -24 24 -26 -27 -28 29 -30 -31
leaf_value=0.0005953966135345001 -0.0042764156148004757 -0.0059574580347185333 0.0028848768912242296 -0.0055474658446741021 0.0016470307647129545 -0.00044019850018074767 -0.0017939461007645805 0.0014281434875265909 -0.0093505795798854516 -5.299172134127343e-05 -0.00029804971657480117 -0.0054802714173829191 0.00047180016131737285 0.0030107619511026322 -0.0010239332683687266 0.0061958109166466635 -0.0033878034733625072 -0.011209588346914668 0.0023599795079486435 -0.0031921295227514074 0.0010452564720669821 -0.0038372503494830848 0.0014146418361576443 0.0041232660854116712 -0.0014791359660334094 -0.0033903074036130999 -0.0014218188314242537 -0.0019157121020237972 -0.0080721092101237301 0.0090555867225085105
leaf_weight=12649.135801315308 250.57352733612061 198.70911204814911 506.96139097213745 539.36874949932098 130.3052362203598 498.17404288053513 2318.958083152771 2443.1199865341187 74.295716285705566 4342.8859513998032 5641.7913813591003 374.69648492336273 1323.8684425354004 1696.1151690483093 2089.8679375052452 253.02113676071167 130.58811283111572 110.13477075099945 314.46257889270782 612.37310969829559 442.52025556564331 516.86320042610168 4032.7780890464783 595.80282640457153 415.41525745391846 748.63713693618774 965.50472497940063 96.013046264648438 158.14139401912689 82.632793664932251
leaf_count=1366 72 22 48 129 35 402 161 127 7 1697 297 118 123 145 473 71 12 28 78 186 42 47 378 59 32 81 81 38 118 37
internal_value=4.7448e-05 -0.000169796 6.89249e-05 -0.00165006 -0.00414756 0.000112829 0.000322783 -0.000227842 -0.000694935 -0.000579118 0.0002233 -0.00244734 0.000832246 0.00190929 -0.00120536 -0.000408549 0.00293336 -0.00271187 -0.000583027 -0.00441426 0.000436761 -0.00158517 0.000703765 -0.000186954 0.00182176 -0.00110232 6.09511e-05 -0.00111559 -0.00227913 0.00315907
internal_weight=44553.7 31904.6 27473.9 4430.7 669.674 27275.2 21648.3 10403.9 5626.84 5552.54 8084.91 1209.66 11244.5 3019.98 3761.02 2473.48 383.609 1287.54 565.036 722.508 8224.48 959.383 7265.1 3232.32 1011.22 2221.1 1472.47 834.961 656.315 178.646
internal_count=6510 5144 4060 1084 164 4038 1621 585 2417 2410 424 713 1036 268 920 556 83 364 150 214 768 89 679 301 91 210 129 595 520 75
cat_boundaries=0 1 2 3 4 5
cat_threshold=792 76 534 278 720
is_linear=0
shrinkage=0.05


Tree=192
num_leaves=31
num_cat=3
split_feature=3 0 9 0 1 6 8 2 0 3 8 8 3 2 3 4 8 1 3 8 2 8 8 8 9 6 3 6 9 4
split_gain=2.03482 3.21874 1.55073 2.99444 1.96351 1.90974 1.50139 1.409 1.32308 4.52772 1.51092 1.24103 1.77888 1.54437 1.32286 1.99244 2.48852 1.23477 1.58907 2.41895 1.69839 1.49367 1.23768 1.15587 1.14799 2.62919 2.07015 1.80025 2.31222 1.45848
threshold=1.3451854182691001 6.5000000000000009 0 12.500000000000002 13.500000000000002 -0.91597561503675329 0.2422060768080754 11.357142857142859 3.5000000000000004 1.2149857925879128 0.29988145735451305 0.096899986645323982 0.97590007294853398 0.92857142857142871 0.75592894601845539 3.5000000000000004 0.061249134815463561 3.5000000000000004 2.3042346054814726 0.28357341322961088 4.6428571428571432 0.18875845997418905 0.12407412323927694 0.068602661386437155 1 -0.70710678118654735 1.1547005383792521 0.91597561503675362 2 3.5000000000000004
decision_type=2 2 1 2 2 2 2 2 2 2 2 2 2 2 2 2 2 2 2 2 2 2 2 2 1 2 2 2 1 2
left_child=1 8 4 7 17 -6 -5 -4 11 10 -10 12 13 14 15 16 -1 18 19 21 -20 22 -2 -14 -13 -26 27 -27 -29 -30
right_child=2 -3 3 6 5 -7 -8 -9 9 -11 -12 24 23 -15 -16 -17 -18 -19 20 -21 -22 -23 -24 -25 25 26 -28 28 29 -31
leaf_value=-0.0124233006506657 0.00035371718397951693 -0.0082122925250342534 4.3781486482376016e-05 -0.0033743139407756864 0.00072031297845288368 -0.0029428931155545957 -0.00052742138333156585 0.0022530052011369766 0.0063228839602236069 -0.0034962801144837194 0.0011089311069612754 -0.0024893153852955565 0.0011784515648983612 -0.0058292965261013876 0.0057491358220465895 0.0053460444679936936 0.00068903080384917752 0.00060278735204690359 -0.0027441790308991975 0.0052994718849723975 0.0019526608489121259 -0.0021618141067912488 0.0053651856998542585 0.0074869918731918523 0.0049418805435893602 -0.0012168288144266738 -0.0039508121728732198 0.0063640761131619735 -0.0019318756399136509 0.0031758223580391574
leaf_weight=60.454790949821472 272.00908493995667 141.42166805267334 22291.197687268257 941.50761604309082 710.38354587554932 712.77231121063232 911.4534740447998 745.87542724609375 303.34985840320587 323.44278216362 256.37866044044495 1198.5207384228706 157.64551877975464 118.42124605178833 96.473323583602905 76.221255660057068 90.131410241127014 9232.4439513683319 307.90008640289307 614.03171288967133 513.40594148635864 242.63865971565247 225.2069433927536 134.60717272758484 194.81950902938843 2392.8068747520447 517.27970373630524 179.08819591999054 369.03769946098328 224.9591246843338
leaf_count=43 50 11 2210 50 30 32 45 31 33 47 29 635 54 49 58 51 58 678 45 106 49 50 35 52 32 1291 189 93 230 144
internal_value=4.62361e-05 -0.000747544 0.00019007 -4.02112e-05 0.00063632 -0.00111436 -0.00197396 0.00011531 -0.00058983 0.00121325 0.00393468 -0.000863892 0.00105789 -0.000944385 0.000845011 -0.00124098 -0.00457509 0.000855284 0.00192699 0.00297957 0.000191859 0.0010542 0.00262359 0.00408407 -0.00114174 -0.000716995 -0.00101826 -0.000539112 0.00155852 2.47564e-06
internal_weight=44555.9 6835.06 37720.8 24890 12830.8 1423.16 1852.96 23037.1 6693.64 883.171 559.729 5810.47 733.955 441.702 323.281 226.807 150.586 11407.6 2175.19 1353.89 821.306 739.855 497.216 292.253 5076.51 3877.99 3683.17 3165.89 773.085 593.997
internal_count=6510 3099 3411 2336 1075 62 95 2241 3088 109 62 2979 365 259 210 152 101 1013 335 241 94 135 85 106 2614 1979 1947 1758 467 374
cat_boundaries=0 1 2 3
cat_threshold=38 12 96
is_linear=0
shrinkage=0.05


Tree=193
num_leaves=31
num_cat=0
split_feature=7 7 8 8 8 6 1 2 8 8 8 7 0 8 3 3 2 8 3 8 4 7 4 0 2 1 8 8 1 6
split_gain=2.00553 4.29165 2.78289 1.87982 2.07609 1.73495 2.29801 2.17692 1.81976 1.70628 1.69095 2.16869 1.36223 2.96944 1.55353 2.10292 1.67506 1.70055 1.34855 1.95465 1.35744 1.96293 1.47493 2.39828 3.02004 2.63276 2.34469 1.57417 1.34818 2.16911
threshold=-0.78656609248549325 -0.37940952255126015 0.015466880664157861 0.50736915055398313 0.82211238466424408 -0.37940952255126059 7.5000000000000009 6.9285714285714297 0.37965993601554388 0.60462907580231506 0.32940676372845168 0.1294095225512602 6.5000000000000009 0.62801887433740056 2.5773699400920056 1.7994708216848754 8.071428571428573 0.17101855769051411 0.37796447300922742 0.24365271348143322 2.5000000000000004 1.0000000180025095e-35 1.0000000180025095e-35 5.5000000000000009 4.0714285714285721 2.5000000000000004 0.33630792830600625 0.43145210309338916 8.5000000000000018 0.25881904510252091
decision_type=2 2 2 2 2 2 2 2 2 2 2 2 2 2 2 2 2 2 2 2 2 2 2 2 2 2 2 2 2 2
left_child=12 3 -3 -2 -5 6 8 18 10 -8 -4 -12 28 14 15 -14 -16 -18 19 -7 21 -20 26 24 25 -24 -23 -28 29 -1
right_child=1 2 5 4 -6 7 9 -9 -10 -11 11 -13 13 -15 16 -17 17 -19 20 -21 -22 22 23 -25 -26 -27 27 -29 -30 -31
leaf_value=0.0019474856358136087 -0.0011773898121642994 -0.0058466219645430181 0.0006822049888963093 -0.0054348232012837103 0.001596082369368825 -0.011245240464016244 -2.9918470016548536e-05 -0.0092134318562504935 0.0018560122840853321 -0.0023437265277597994 0.0010120656502998039 -0.0037591912214237767 0.0019915053967842992 0.0039841717145110761 0.0019419169080778294 -0.002000615359059342 0.0014598019420074165 -0.0018243829647295762 0.0033694776217693592 0.001325215233571538 0.00026721245980591986 -0.0016413723299012074 -0.0023500649362111453 -0.010979442318039006 0.0035114502359316182 -0.0099708831778004357 0.0092467968712582997 0.00051419473328141003 -0.0008922321085233012 -1.0381749776301106e-06
leaf_weight=4160.3255214691162 3756.5731539130211 197.54888522624969 7271.2391257286072 536.23610591888428 130.55646646022797 69.935090780258179 9532.5091519355774 73.64320182800293 3026.0131287574768 869.44770240783691 443.08863592147827 514.94835686683655 398.94454193115234 428.61947059631348 1118.7402892112732 1905.5003361701965 640.95085144042969 1023.6957387924194 203.90979897975922 55.439832329750061 3008.390303850174 599.45075881481171 996.47673338651657 83.033552646636963 195.83133029937744 127.87394773960114 95.374870538711548 112.45504832267761 806.28204154968262 2174.9438701868057
leaf_count=413 920 22 679 129 35 52 538 7 268 47 42 47 29 26 89 142 31 53 126 42 1215 242 569 10 25 43 34 52 58 525
internal_value=4.50683e-05 -0.000166237 6.64557e-05 -0.00161165 -0.00405819 0.000109277 0.000312436 -0.000673363 0.00080757 -0.000223318 0.000422045 -0.0015525 0.000577587 -1.25861e-05 -0.000349289 -0.0013095 0.000445698 -0.00055985 -0.000560007 -0.00568668 -0.000441479 -0.00132452 -0.00175752 -0.00273715 -0.00221875 -0.00321679 -5.47344e-05 0.00452166 0.00103346 0.00127854
internal_weight=44558 31900 27476.6 4423.37 666.793 27279.1 21657.2 5621.81 11255.3 10402 8229.28 958.037 12658 5516.45 5087.83 2304.44 2783.39 1664.65 5548.17 125.375 5422.8 2414.41 2210.5 1403.22 1320.18 1124.35 807.281 207.83 7141.55 6335.27
internal_count=6510 5144 4060 1084 164 4038 1621 2417 1036 585 768 89 1366 370 344 171 173 84 2410 94 2316 1101 975 647 637 612 328 86 996 938
is_linear=0
shrinkage=0.05


Tree=194
num_leaves=31
num_cat=2
split_feature=7 7 8 8 9 3 8 7 8 8 8 3 3 9 4 1 4 6 2 8 8 2 2 7 8 3 8 7 8 3
split_gain=1.90632 4.08826 1.80025 1.99013 1.7087 2.45358 2.88091 2.25374 1.78342 2.34006 2.32505 1.57102 2.57769 2.39224 2.53599 2.83769 2.59072 2.4017 2.42957 2.1651 1.60041 1.68238 1.55668 2.17819 2.00154 2.03769 1.61278 1.53671 1.82205 1.48982
threshold=-0.78656609248549325 -0.37940952255126015 0.50736915055398313 0.82211238466424408 0 1.2535663410560189 0.35163479594397334 -0.70710678118654757 0.19467479419302222 0.11768189401819969 0.22270393355649223 3.8668308667927249 4.1604706010168844 1 2.5000000000000004 10.500000000000002 1.5000000000000002 -1.0000000180025095e-35 2.9285714285714293 0.16520920928741792 0.090288993483479338 5.3571428571428585 11.785714285714286 1.0000000180025095e-35 0.3147983283507379 2.8702082220799334 0.40403193569354273 1.0000000180025095e-35 0.31923074266732071 1.414213562373096
decision_type=2 2 2 2 1 2 2 2 2 2 2 2 2 1 2 2 2 2 2 2 2 2 2 2 2 2 2 2 2 2
left_child=-1 2 4 -4 8 -6 7 -7 9 -2 -10 13 -13 22 16 17 -15 18 -16 20 -18 -22 23 24 25 -3 -26 -21 -29 -25
right_child=1 11 3 -5 5 6 -8 -9 10 -11 -12 12 -14 14 15 -17 19 -19 -20 27 21 -23 -24 29 26 -27 -28 28 -30 -31
leaf_value=0.00056287903765639142 -0.0041586969961137287 0.0063890512580564926 -0.0053291309459269518 0.0015539388013254224 0.0020706521481801878 -0.00042637826804320719 0.0025320914526181398 -0.0044737694254847124 -0.011031082177382082 0.0023268009573150224 -0.0030935522074784613 -0.0026913636385391352 2.4987189856876931e-05 -0.00020912041178707325 0.0047331063379187511 -0.0027074399220136333 -0.0015535007193413662 -0.0014723790926119587 0.00081363937603444935 0.0016688790338365131 -0.0098594255145092111 -0.0035311777671739823 -0.00088112981142620002 -0.00088541227426776532 -0.0025341398162700736 0.0020136451212820965 0.0027853081247123674 -0.00033216711500818995 -0.0043980829773363362 0.001106968683005911
leaf_weight=12665.334483146667 249.14651429653168 494.90176916122437 533.32965934276581 130.76501131057739 724.90929126739502 690.4920768737793 369.13374316692352 685.31860840320587 108.70996451377869 314.84677958488464 609.59583055973053 1289.6434617042542 2705.7744102478027 4650.6631497740746 422.83482003211975 662.24192237854004 259.92701494693756 1085.3330280184746 6089.403769493103 349.08105134963989 200.40294861793518 220.67708873748779 1075.2402820587158 1184.0199730396271 260.14655303955078 575.57097387313843 315.0510401725769 622.52271521091461 494.34242004156113 4520.7026075124741
leaf_count=1366 72 79 129 35 300 87 50 119 28 78 186 80 144 865 69 41 48 791 550 57 63 18 45 512 25 37 41 131 113 351
internal_value=4.39043e-05 -0.00016218 -0.00157423 -0.00397381 -0.00114953 -0.000372866 -0.00139012 -0.00244246 -0.00262211 -0.000538196 -0.00429484 6.47601e-05 -0.000851798 0.000220704 -0.000156956 0.000431596 -0.000872338 0.000705209 0.00106813 -0.00230898 -0.00463858 -0.00654296 0.000894742 0.00115574 0.00275828 0.00403649 0.000379463 -0.00122676 -0.00213181 0.000693448
internal_weight=44560.1 31894.7 4416.25 664.095 3752.15 2469.85 1744.94 1375.81 1282.3 563.993 718.306 27478.5 3995.42 23483.1 15057.4 8259.81 6797.62 7597.57 6512.24 2146.95 681.007 421.08 8425.63 7350.39 1645.67 1070.47 575.198 1465.95 1116.87 5704.72
internal_count=6510 5144 1084 164 920 556 256 206 364 150 214 4060 224 3836 2746 1451 1295 1410 619 430 129 81 1090 1045 182 116 66 301 244 863
cat_boundaries=0 1 2
cat_threshold=278 35
is_linear=0
shrinkage=0.05


Tree=195
num_leaves=31
num_cat=3
split_feature=9 3 1 3 3 3 8 0 3 8 7 4 1 0 4 9 9 1 7 3 3 6 3 0 8 1 1 3 8 6
split_gain=2.37296 1.50423 1.6661 1.93574 3.27499 1.883 1.75564 1.42128 2.10613 2.09199 1.6858 1.34682 2.82801 2.45034 3.95102 2.13399 2.11804 2.86438 2.00059 1.94273 1.81152 1.76551 3.06149 2.53479 1.98246 1.82442 1.70311 2.93507 1.65092 1.62271
threshold=0 2.609506430251479 3.5000000000000004 1.2149857925879128 1.5735915849388891 1.9023794624226849 0.21059862830058115 12.500000000000002 3.0237157840738198 0.015466880664157861 0.37940952255126048 1.0000000180025095e-35 4.5000000000000009 2.5000000000000004 5.5000000000000009 1 2 1.0000000180025095e-35 0.91597561503675351 1.7320508075688779 2.2360679774997938 -1.0000000180025095e-35 1.2149857925879128 6.5000000000000009 0.2870790591817155 3.5000000000000004 4.5000000000000009 2.0586634591635558 0.30186166507344808 -0.60355339059327362
decision_type=1 2 2 2 2 2 2 2 2 2 2 2 2 2 2 1 1 2 2 2 2 2 2 2 2 2 2 2 2 2
left_child=1 2 3 -1 -5 -6 -4 9 -9 -2 -10 12 18 14 -13 19 -16 -18 -11 29 -21 22 -17 24 26 -26 27 -23 -20 -15
right_child=7 -3 6 4 5 -7 -8 8 10 11 -12 13 -14 15 16 21 17 -19 28 20 -22 23 -24 -25 25 -27 -28 -29 -30 -31
leaf_value=-0.0031213485508880629 -0.0048323577827505178 0.001079617534773027 -0.0070205039196598847 0.0055044417304613361 -0.0048694697742028654 0.001044078337942847 -0.0021620179877313065 -0.0033442845823065965 0.0004858499473084641 0.0029587500922257305 -0.0022301373441128663 -0.00026082803235514754 8.5598947173079433e-05 0.00065732189083082381 -0.0002717704388694807 0.0042054997742480603 0.00051318261608868251 -0.0070171666060245058 -0.0036839868572404407 -0.0014298693896221003 0.0010821505070936273 0.00052617906639744819 6.3425656572193285e-05 -0.0046390477497694057 -0.0054787599714451445 -0.00032647337378842071 -0.0015487855663921309 0.0086321297058813504 0.0043133459204622703 0.0059749077783334027
leaf_weight=578.1300967335701 207.53208744525909 484.38985681533813 275.14547157287598 243.95303916931152 232.96831727027893 318.86099243164062 573.51472353935242 693.50771999359131 2050.1585683822632 1851.5176258087158 792.06596565246582 5960.9001185894012 3955.4700925350189 245.22702789306641 338.09302318096161 459.79363036155701 165.72984623908997 530.53827512264252 222.27184557914734 816.26038789749146 5943.3263640403748 378.6169114112854 14984.318159580231 460.61911010742188 286.81421649456024 428.52259790897369 354.37414169311523 158.39148187637329 90.932140946388245 345.73237800598145
leaf_count=328 25 54 35 56 39 44 71 33 99 491 42 2207 289 24 136 57 96 171 69 72 344 87 1317 45 73 44 35 18 35 71
internal_value=-8.02552e-06 -0.0014398 -0.00199537 -0.000919445 0.000680222 -0.00145247 -0.0037372 8.51971e-05 -0.000873831 0.00017402 -0.000271036 0.000201378 0.000880714 7.08693e-05 -0.000755826 0.000303471 -0.00360844 -0.00515077 0.00233358 0.00101777 0.000778809 3.05667e-06 0.000186741 -0.00136915 -0.000431725 -0.00239228 0.00114163 0.00291704 -0.00136213 0.0037683
internal_weight=44427.7 2706.96 2222.57 1373.91 795.782 551.829 848.66 41720.7 3535.73 38185 2842.22 37977.4 6120.19 31857.3 6995.26 24862 1034.36 696.268 2164.72 7350.55 6759.59 17511.5 15444.1 2067.34 1606.72 715.337 891.383 537.008 313.204 590.959
internal_count=6507 627 573 467 139 83 106 5880 174 5706 141 5681 884 4797 2610 2187 403 267 595 511 416 1676 1374 302 257 117 140 105 104 95
cat_boundaries=0 1 2 3
cat_threshold=8 33 530
is_linear=0
shrinkage=0.05


Tree=196
num_leaves=31
num_cat=4
split_feature=9 3 2 1 0 2 0 0 3 8 7 4 1 0 4 9 1 9 7 2 4 7 7 2 8 3 0 9 3 0
split_gain=2.26002 1.43401 1.76731 2.99548 2.89076 2.10353 2.52835 1.35242 2.01201 1.99849 1.60643 1.27927 2.68015 2.33118 3.7755 2.03268 2.7565 2.02661 1.89509 1.84997 2.22007 1.65588 2.37831 2.33732 1.57109 1.55055 2.14078 2.0492 4.21644 1.59175
threshold=0 2.609506430251479 4.2142857142857153 5.5000000000000009 3.5000000000000004 2.785714285714286 2.5000000000000004 12.500000000000002 3.0237157840738198 0.015466880664157861 0.37940952255126048 1.0000000180025095e-35 4.5000000000000009 2.5000000000000004 5.5000000000000009 1 1.0000000180025095e-35 2 0.91597561503675351 4.5000000000000009 2.5000000000000004 -0.12940952255126037 -0.78656609248549325 8.7857142857142865 0.30186166507344808 2.6947885345327536 2.5000000000000004 3 0.89973541084243769 4.5000000000000009
decision_type=1 2 2 2 2 2 2 2 2 2 2 2 2 2 2 1 2 1 2 2 2 2 2 2 2 2 2 1 2 2
left_child=1 2 3 4 5 6 -1 9 -9 -2 -10 12 18 14 -13 -16 -17 19 25 20 -15 22 23 -21 -20 26 27 28 -11 -28
right_child=7 -3 -4 -5 -6 -7 -8 8 10 11 -12 13 -14 17 15 16 -18 -19 24 21 -22 -23 -24 -25 -26 -27 29 -29 -30 -31
leaf_value=-0.0018988081528761207 -0.0047354915722899764 0.0010516609800782176 -0.0043399907101648654 -0.0081663637817955565 0.0035896921549126355 0.0017036683484999071 -0.0099139225402524456 -0.0032723124100163363 0.0004735535696370883 -0.00049811735557069015 -0.0021796819634175165 -0.0002544190628491054 8.3466329111919727e-05 -0.00078274187294023398 -0.00026528725624461207 0.00050018073758710904 -0.0068917366475378106 2.9527610820503383e-06 -0.0036059442770320534 0.0033358922550850816 0.0057903416828074938 0.0014901027967585798 -0.0019335661396137783 -0.00025616214941565741 0.0041879143180641376 0.0070051741481026511 -0.0022634569217268707 0.0020174466143186728 0.010829378497826404 0.0028586295739584013
leaf_weight=719.56699150800705 206.5316413640976 484.91309499740601 573.47076320648193 138.03118324279785 339.56207001209259 333.54773759841919 113.97659480571747 691.19231033325195 2051.1548719406128 125.35372507572174 790.30151462554932 5959.3455576896667 3955.8086912631989 189.21654200553894 338.00115430355072 165.81491780281067 526.82842838764191 17511.523583054543 221.45450448989868 678.14284563064575 400.07045269012451 3611.4089078903198 1115.9301118850708 1363.2791891098022 91.325209856033325 202.61076259613037 339.00846135616302 677.17140293121338 238.37137722969055 274.48818612098694
leaf_count=361 25 54 60 18 52 52 30 33 99 68 42 2207 289 34 136 96 171 1676 69 48 78 191 92 68 35 19 56 261 59 28
internal_value=-7.87275e-06 -0.00140623 -0.00194989 -0.00111651 -0.000470644 -0.00165199 -0.00299477 8.30356e-05 -0.000852921 0.000169631 -0.000264398 0.000196301 0.000858047 6.90686e-05 -0.000737672 -0.00353191 -0.00504925 0.000295816 0.00227021 0.000991453 0.00367976 0.000758874 -7.75123e-05 0.000937087 -0.0013303 0.00287665 0.00237104 0.00375187 0.00674018 2.82463e-05
internal_weight=44427.4 2703.07 2218.16 1644.68 1506.65 1167.09 833.544 41724.3 3532.65 38191.7 2841.46 37985.2 6125.59 31859.6 6989.99 1030.64 692.643 24869.6 2169.78 7358.05 589.287 6768.76 3157.35 2041.42 312.78 1857 1654.39 1040.9 363.725 613.497
internal_count=6507 627 573 513 495 443 391 5880 174 5706 141 5681 884 4797 2610 403 267 2187 595 511 112 399 208 116 104 491 472 388 127 84
cat_boundaries=0 1 2 3 4
cat_threshold=8 530 33 304
is_linear=0
shrinkage=0.05


Tree=197
num_leaves=31
num_cat=3
split_feature=9 3 1 3 3 3 8 0 3 8 7 4 1 0 4 9 1 9 7 3 3 6 3 0 8 1 1 3 3 8
split_gain=2.1525 1.36702 1.54367 1.80196 3.10582 1.79465 1.68399 1.2869 1.9219 1.909 1.53073 1.21519 2.54042 2.21784 3.6074 1.95039 2.65209 1.92451 1.79543 1.78517 1.71044 1.6813 2.89808 2.42616 1.88837 1.74947 1.61533 2.75694 1.50677 1.49515
threshold=0 2.609506430251479 3.5000000000000004 1.2149857925879128 1.5735915849388891 1.9023794624226849 0.21059862830058115 12.500000000000002 3.0237157840738198 0.015466880664157861 0.37940952255126048 1.0000000180025095e-35 4.5000000000000009 2.5000000000000004 5.5000000000000009 1 1.0000000180025095e-35 2 0.91597561503675351 1.7320508075688779 2.2360679774997938 -1.0000000180025095e-35 1.2149857925879128 6.5000000000000009 0.2870790591817155 3.5000000000000004 4.5000000000000009 2.0586634591635558 1.9880595947760111 0.30186166507344808
decision_type=1 2 2 2 2 2 2 2 2 2 2 2 2 2 2 1 2 1 2 2 2 2 2 2 2 2 2 2 2 2
left_child=1 2 3 -1 -5 -6 -4 9 -9 -2 -10 12 18 14 -13 -16 -17 19 -11 -15 28 22 -19 24 26 -26 27 -23 -21 -20
right_child=7 -3 6 4 5 -7 -8 8 10 11 -12 13 -14 17 15 16 -18 21 29 20 -22 23 -24 -25 25 -27 -28 -29 -30 -31
leaf_value=-0.003003114684975129 -0.0046401119453355118 0.0010244572608194688 -0.0068256283317434489 0.0053514792593002758 -0.0047625273245905618 0.0010183441509692293 -0.0020458107107975063 -0.0032016558338165469 0.00046157416276838706 0.0027971490784662796 -0.0021302592223030759 -0.00024816595443804168 8.1387044304547971e-05 0.0035939204211037322 -0.0002589572509512945 0.00048751453862668902 -0.0067676889847886768 0.0040835651472842334 -0.0035292760605415059 0.00039659870161599752 0.0010305564948909435 0.00051276618282156724 6.1773385353293471e-05 -0.0045452266659093384 -0.0053725097231706728 -0.00031854494685834952 -0.0015127700777970486 0.0083444317676967441 -0.0039661130896682401 0.0040666470381424116
leaf_weight=574.99832683801651 205.55592489242554 485.42332553863525 272.16723108291626 245.18944507837296 231.72675371170044 319.17845439910889 570.58950626850128 688.93420791625977 2052.1264352798462 1862.3480929136276 788.58078861236572 5957.8295744657516 3956.1388766765594 594.5850076675415 337.91149687767029 165.89787566661835 523.21015024185181 461.73272681236267 220.65738952159882 477.68433499336243 5955.184136390686 378.817302942276 14985.312840461731 458.48857975006104 285.24796915054321 428.38398563861847 353.82676267623901 159.76513051986694 337.91633939743042 91.708473443984985
leaf_count=328 25 54 35 56 39 44 71 33 99 491 42 2207 289 95 136 96 171 57 69 44 344 87 1317 45 73 44 35 18 28 35
internal_value=-7.71333e-06 -0.00137342 -0.0019054 -0.000870277 0.000670215 -0.00141326 -0.00358945 8.09406e-05 -0.000832493 0.000165366 -0.000257919 0.000191366 0.000836006 6.7324e-05 -0.00071994 -0.00345674 -0.00494923 0.000288369 0.00220877 0.00096582 0.000736456 2.87948e-06 0.00018199 -0.00133723 -0.000421422 -0.00233868 0.00111175 0.00283595 -0.00141094 -0.00129917
internal_weight=44427.1 2699.27 2213.85 1371.09 796.095 550.905 842.757 41727.8 3529.64 38198.2 2840.71 37992.6 6130.85 31861.8 6984.85 1027.02 689.108 24876.9 2174.71 7365.37 6770.78 17511.6 15447 2064.53 1606.04 713.632 892.409 538.582 815.601 312.366
internal_count=6507 627 573 467 139 83 106 5880 174 5706 141 5681 884 4797 2610 403 267 2187 595 511 416 1676 1374 302 257 117 140 105 72 104
cat_boundaries=0 1 2 3
cat_threshold=8 530 33
is_linear=0
shrinkage=0.05


Tree=198
num_leaves=31
num_cat=3
split_feature=9 3 3 1 8 3 3 8 0 3 8 7 8 9 6 2 2 6 2 3 3 8 8 3 9 7 8 1 0 1
split_gain=2.04992 1.30608 2.22325 1.6145 1.81941 1.72129 2.94485 1.9877 1.22452 1.83565 1.82336 1.45853 1.07925 1.00988 1.41392 2.50937 1.99758 2.0565 2.54764 1.57598 1.92675 1.55354 1.48515 3.0321 3.0854 3.11658 1.42522 1.58235 1.37473 1.58795
threshold=0 2.5071326821120374 2.8702082220799334 3.5000000000000004 0.21059862830058115 1.2149857925879128 1.5735915849388891 0.33871475787898558 12.500000000000002 3.0237157840738198 0.015466880664157861 0.37940952255126048 0.17101855769051411 1 -1.0000000180025095e-35 6.0714285714285721 2.0714285714285716 -0.25881904510252113 5.6428571428571432 2.3654202091473704 2.0177004891982162 0.039003568642009108 0.096899986645323982 2.0470322187799894 2 1.0000000180025095e-35 0.11356586079241014 1.5000000000000002 1.0000000180025095e-35 1.0000000180025095e-35
decision_type=1 2 2 2 2 2 2 2 2 2 2 2 2 1 2 2 2 2 2 2 2 2 2 2 1 2 2 2 2 2
left_child=1 3 -3 5 -5 -1 -7 -8 10 -10 -2 12 -11 -12 16 21 -15 -18 -19 20 -20 -16 23 24 25 -23 27 -24 29 -26
right_child=8 2 -4 4 -6 6 7 -9 9 11 13 -13 -14 14 15 -17 17 18 19 -21 -22 22 26 -25 28 -27 -28 -29 -30 -31
leaf_value=-0.0029374697840435834 -0.0045462143800066961 0.0040448914644827094 -0.0022816997561164519 -0.0072047774996974612 -0.0020564649361176144 0.0051903990237459393 0.00080891820840667402 -0.0056110731620094062 -0.0031323006069480493 0.0020310913201624214 0.000602488217187901 -0.0020818529818590536 -0.00038123504265948999 0.0037080517920454951 -0.0054997377747069255 -0.0046740377557279132 -2.4487059345095608e-05 0.0047126003849326942 0.0014269652288873809 0.0021104606281228976 -0.0031590592430607981 0.00037738468445238765 -0.0092202602601616414 0.011465703078931981 -0.0040369082816441781 0.0122558353771155 -0.00033347409012788275 -0.0011861225885872123 -0.0056912955997852942 0.0082451813481573179
leaf_weight=573.27413219213486 204.60433113574982 271.86941337585449 283.84439182281494 252.4896092414856 535.72682452201843 246.50509041547775 347.13847684860229 184.72081136703491 686.73201274871826 707.36217021942139 10533.838176131248 786.90269470214844 1345.7116918563843 402.98112154006958 144.85610163211823 362.18891429901123 18446.042820453644 499.29142093658447 474.17317390441895 959.549485206604 443.00455665588379 138.85224759578705 96.098375082015991 75.768078327178955 57.713514566421509 91.681024193763733 4886.5537536740303 169.182248711586 169.81947803497314 48.375715374946594
leaf_count=328 25 32 31 33 67 56 53 27 33 32 1168 42 67 85 44 30 1779 46 35 66 33 47 55 9 38 53 2051 38 76 28
internal_value=-7.56494e-06 -0.0013413 0.000813431 -0.00190715 -0.00370563 -0.000858359 0.00067293 -0.00142082 7.88884e-05 -0.000812537 0.000161198 -0.000251598 0.000449903 0.000186544 2.67914e-05 -0.000634771 0.000221332 0.000153852 0.00153837 0.00069389 -0.000788123 -0.000385919 -0.000256732 0.00213695 0.000741285 0.00488925 -0.000527242 -0.0040965 -0.00280023 0.00156361
internal_weight=44426.9 2695.57 555.714 2139.85 788.216 1351.64 778.364 531.859 41731.3 3526.71 38204.6 2839.98 2053.07 38000 27466.1 6241.09 21225 20822.1 2376.02 1876.73 917.178 5878.9 5734.04 582.21 506.442 230.533 5151.83 265.281 275.909 106.089
internal_count=6507 627 63 564 100 464 136 80 5880 174 5706 141 99 5681 4513 2469 2044 1959 180 134 68 2439 2395 251 242 100 2144 93 142 66
cat_boundaries=0 1 2 3
cat_threshold=8 33 896
is_linear=0
shrinkage=0.05


Tree=199
num_leaves=31
num_cat=4
split_feature=9 1 1 2 4 3 3 4 8 8 8 2 6 8 8 3 9 8 8 9 6 4 8 3 8 1 8 8 9 3
split_gain=1.95229 1.29107 1.71788 3.58821 3.80625 2.9579 2.26998 3.14138 1.08374 2.31573 1.08085 1.23975 1.67652 1.02678 0.967555 2.36641 2.51034 1.68233 1.78413 1.58231 3.31865 2.63992 1.94327 1.77366 1.51999 2.10156 2.40549 1.77227 1.98896 2.19743
threshold=0 1.0000000180025095e-35 2.5000000000000004 2.5000000000000004 1.0000000180025095e-35 2.6412440555234498 1.5275252316519483 3.5000000000000004 0.15132977021135838 0.26033105384034122 0.16651979087605603 1.9285714285714288 0.25881904510252091 0.28357341322961088 0.051348954286976979 3.1320159337914957 1 0.13575817621790323 0.13388879531729142 2 -0.70710678118654735 2.5000000000000004 0.1301771252226023 2.3704530408864106 0.25833650015791426 11.500000000000002 0.18704446636225655 0.29213378895491837 3 3.8668308667927249
decision_type=1 2 2 2 2 2 2 2 2 2 2 2 2 2 2 2 1 2 2 1 2 2 2 2 2 2 2 2 1 2
left_child=1 8 3 4 -3 6 -4 -8 -1 -10 -6 12 -12 -14 15 16 -2 18 19 20 23 -22 -21 -16 25 -19 -27 28 29 -26
right_child=14 2 5 -5 10 -7 7 -9 9 -11 11 -13 13 -15 17 -17 -18 24 -20 22 21 -23 -24 -25 27 26 -28 -29 -30 -31
leaf_value=0.0011312186772916442 0.0019785993221742289 -0.012852060379993417 0.00028203527269699311 0.0044218861965605724 0.0051990679068271801 0.001960403057175117 -0.0022536043568896279 -0.0085044332770698467 -0.013865674293910944 -0.0026374558544952839 0.0054935588782038455 -0.0073642786016548086 0.0010664090940942018 -0.0094983288457642385 0.0040720186468388127 -0.0045056875474777242 -0.0020906631881911128 -0.00021277220968039524 0.005289487452833262 0.0012319355855162847 -0.0059475973263409063 -2.1786164203944381e-05 -0.0029753813516804834 -0.00065815178453795136 0.0031308829107519094 2.6153435201436444e-05 -0.0038523835396905058 3.6269355408477586e-05 -0.00021667386632628807 -0.0015644096753225083
leaf_weight=63.558137893676758 722.93016815185547 70.968144774436951 364.3777813911438 384.60024690628052 74.92923378944397 386.34296751022339 584.70049381256104 306.28186571598053 68.408243596553802 139.69117730855942 87.392916083335876 68.708898782730103 46.339786171913147 45.659310579299927 361.57563447952271 388.71108961105347 774.93359434604645 10612.803397536278 214.15229606628418 5721.1485168933868 397.21066963672638 356.74725031852722 288.27827823162079 438.53999900817871 1559.362269282341 714.12999153137207 908.14260387420654 16736.016650974751 1243.3541140556335 296.58469390869141
leaf_count=40 102 30 65 53 27 41 71 40 47 101 31 15 31 35 32 25 121 1619 25 780 81 87 39 29 230 34 46 2440 176 14
internal_value=-7.41327e-06 -0.00130993 -0.000947944 0.00098635 -0.00236724 -0.00186531 -0.00304269 -0.00440237 -0.00458319 -0.00632849 -6.37747e-05 -0.00165321 0.000534183 -0.00417689 7.68967e-05 -0.00102952 -0.000127419 0.000129298 0.000789004 0.000661578 -0.000758599 -0.0031437 0.0010284 0.00147943 -3.06922e-05 -0.000468975 -0.00214504 0.000239655 0.00133792 0.00236781
internal_weight=44426.6 2691.96 2420.3 778.599 393.998 1641.7 1255.36 890.982 271.658 208.099 323.03 248.101 179.392 91.9991 41734.6 1886.57 1497.86 39848 7777.65 7563.5 1554.07 753.958 6009.43 800.116 32070.4 12235.1 1622.27 19835.3 3099.3 1855.95
internal_count=6507 627 439 222 169 217 176 111 188 148 139 112 97 66 5880 248 223 5632 1073 1048 229 168 819 61 4559 1699 80 2860 420 244
cat_boundaries=0 1 2 3 4
cat_threshold=8 549 66 595
is_linear=0
shrinkage=0.05


Tree=200
num_leaves=31
num_cat=2
split_feature=6 0 3 6 3 2 4 7 2 4 8 6 9 6 2 9 1 3 7 2 6 8 8 1 4 3 3 2 3 6
split_gain=2.05724 2.32986 1.66555 2.84087 3.0409 3.8236 2.97524 2.22569 3.03368 4.94457 2.18134 1.93171 1.83527 2.37408 2.49034 2.46148 1.75053 2.78247 2.67259 1.66953 1.6631 2.96877 2.87329 3.00099 2.44673 2.44304 1.91335 1.64945 1.6483 1.62653
threshold=-1.0000000180025095e-35 11.500000000000002 3.6482205472324205 -0.25881904510252113 2.3953857604565458 5.6428571428571432 1.5000000000000002 -0.37940952255126015 2.9285714285714293 4.5000000000000009 0.29612947281771734 -0.60355339059327362 0 -0.60355339059327362 8.6428571428571441 1 2.5000000000000004 2.3042346054814726 -0.12940952255126037 10.642857142857144 -0.5 0.50141566553635952 0.29778539724004321 8.5000000000000018 1.5000000000000002 1.414213562373096 2.5541579094840166 4.2142857142857153 1.9518001458970675 -0.37940952255126059
decision_type=2 2 2 2 2 2 2 2 2 2 2 2 1 2 2 1 2 2 2 2 2 2 2 2 2 2 2 2 2 2
left_child=2 -2 3 7 5 -5 -6 20 9 11 -7 -9 19 14 16 27 17 -14 -18 -10 21 25 23 -22 -24 -1 -26 28 -15 -4
right_child=1 -3 29 4 6 10 -8 8 12 -11 -12 -13 13 15 -16 -17 18 -19 -20 -21 22 -23 24 -25 26 -27 -28 -29 -30 -31
leaf_value=0.0014535058388648202 -0.00055585794374622731 -0.0059251249788293513 -0.00023612335999258265 0.0041819475980067952 0.0065043322376964648 0.00045027851234424442 0.0017968554212977402 0.0047435719496716593 0.0012545656059640515 0.0097383221354739886 -0.0038345025497035809 -0.0014734076280989437 0.0068801469149546218 0.0049410098534949333 -0.0038422463107085705 -0.0039212519213086437 -0.0023483574203519908 0.00025875362232464513 0.00052590196289891669 -0.00036808038369099126 0.00013878799950768782 -0.004760902799038921 0.0046809725176702585 -0.0045244560838459446 0.002309529657477495 -0.0016655641394357349 -0.0024033808740497385 -0.0021511661870991599 -0.00088643711385556702 -0.0024247868790726159
leaf_weight=878.9027636051178 9778.1904953122139 206.30401420593262 4903.8061556816101 454.99648952484131 494.67668056488037 789.17563819885254 1044.0875148773193 201.19814538955688 6047.8079705238342 224.19846439361572 476.30926513671875 329.68175101280212 258.59829902648926 233.45434331893921 366.89346027374268 779.08944606781006 934.12597942352295 410.55453634262085 6026.3850474357605 2148.3014965057373 1225.5661153793335 550.61792254447937 501.5208683013916 480.18180847167969 506.65477752685547 2197.4036016464233 374.56717014312744 513.7114896774292 252.68527460098267 1026.5804786682129
leaf_count=160 3579 13 273 46 32 56 70 30 439 31 36 70 32 30 22 110 102 49 503 95 121 85 41 30 45 309 31 57 36 67
internal_value=-3.4475e-05 -0.0006668 0.000147827 0.000305444 0.00169528 0.000250925 0.0033102 0.0001274 0.000407448 0.00351216 -0.00116245 0.000882765 0.000277003 -0.000185829 0.000181498 -0.00183805 0.000374991 0.00281763 0.000140166 0.00082824 -0.000653544 -0.00137964 0.000199141 -0.00117395 0.00189299 -0.000774444 0.000306287 -0.000173856 0.00191202 -0.000614992
internal_weight=44616.2 9984.49 34631.7 28701.3 3259.25 1720.48 1538.76 25442.1 18726.7 755.078 1265.48 530.88 17971.6 9775.5 7996.56 1778.94 7629.66 669.153 6960.51 8196.11 6715.42 3626.92 3088.49 1705.75 1382.74 3076.31 881.222 999.851 486.14 5930.39
internal_count=6600 3592 3008 2668 240 138 102 2428 1606 131 92 100 1475 941 708 233 686 81 605 534 822 554 268 151 117 469 76 123 66 340
cat_boundaries=0 1 2
cat_threshold=291 648
is_linear=0
shrinkage=0.05


Tree=201
num_leaves=31
num_cat=2
split_feature=6 0 9 3 0 7 3 3 6 3 2 4 7 2 4 6 9 6 1 2 7 2 6 1 4 6 1 1 3 4
split_gain=1.95705 2.23466 1.99157 3.31965 2.44198 1.9159 1.98106 1.5838 2.69562 2.87643 3.62401 2.79604 2.1167 2.87215 4.63489 1.82921 1.76505 3.67095 2.28105 2.08281 2.76335 1.74016 1.7334 2.20147 1.72065 1.58437 2.50608 2.46601 2.57526 1.67375
threshold=-1.0000000180025095e-35 8.5000000000000018 0 2.8242118737533741 7.5000000000000009 0.91597561503675351 2.5071326821120374 3.6482205472324205 -0.25881904510252113 2.3953857604565458 5.6428571428571432 1.5000000000000002 -0.37940952255126015 2.9285714285714293 4.5000000000000009 -0.60355339059327362 1 -0.60355339059327362 4.5000000000000009 6.7857142857142865 0.1294095225512602 4.2142857142857153 -0.78656609248549303 6.5000000000000009 3.5000000000000004 -0.5 5.5000000000000009 2.5000000000000004 2.5541579094840166 2.5000000000000004
decision_type=2 2 1 2 2 2 2 2 2 2 2 2 2 2 2 2 1 2 2 2 2 2 2 2 2 2 2 2 2 2
left_child=7 2 3 5 -4 6 -2 8 12 10 -10 -11 25 14 15 -14 17 19 -19 20 24 -18 23 -22 -15 26 -1 -27 -29 -30
right_child=1 -3 4 -5 -6 -7 -8 -9 9 11 -12 -13 13 16 -16 -17 21 18 -20 -21 22 -23 -24 -25 -26 27 -28 28 29 -31
leaf_value=-0.0007421844415639511 0.0010440625659729559 -0.0036598784907956525 -0.00076501248995796659 0.0055964924591632983 -0.0072583392825776548 -0.0037979821130530371 -0.0055438064961360152 -0.00060010440342354789 0.0040608775963092763 0.0063011895046911461 -0.001134971456416666 0.001749055113428084 0.004603623197628511 7.3917610170965407e-05 0.0094033254954419138 -0.0014389695584141574 0.0028880077442325811 -0.0017360735272074865 -0.0072246467850331335 -0.0016909807699250349 0.0039907922249009685 0.00045606597846452421 -0.00023044067096081975 -0.00019808984836393307 -0.0037251358133022711 0.0041923092138761745 -0.0042058650915752643 0.0010276618917268293 -8.5710930438704006e-05 -0.0038507097927535337
leaf_weight=2989.154256105423 1797.217599272728 581.02769899368286 6740.2882653474808 308.94875621795654 147.97171306610107 280.5344762802124 121.85346698760986 5926.7426257133484 456.90324401855469 497.90470600128174 1264.0174136161804 1045.9652719497681 202.15481090545654 1060.1054563522339 226.39244651794434 329.19635057449341 786.51316213607788 634.38611078262329 269.81556177139282 1229.5639352798462 1065.2303552627563 11356.386762619019 715.48134231567383 444.55856800079346 414.6108021736145 342.84838819503784 632.77636051177979 1562.4439787864685 561.76246738433838 622.06381034851074
leaf_count=485 559 42 2832 21 15 111 12 340 46 32 92 70 30 105 31 70 96 96 34 86 97 781 82 41 57 41 69 142 40 45
internal_value=-3.36929e-05 -0.00065069 -0.000464625 0.000740282 -0.000903189 6.15613e-05 0.000625759 0.000144045 0.000297662 0.00165023 0.000244523 0.00321714 0.00012412 0.000397062 0.00341248 0.000859961 0.000269958 -0.000444539 -0.00337387 9.18713e-05 0.000684341 0.000613081 0.00179671 0.00275737 -0.000994172 -0.000637817 -0.00134731 0.000194053 -0.000305095 -0.0020641
internal_weight=44614.8 9977.84 9396.81 2508.55 6888.26 2199.61 1919.07 34637 28710.2 3264.79 1720.92 1543.87 25445.4 18734.4 757.744 531.351 17976.7 5833.75 904.202 4929.55 3699.99 12142.9 2225.27 1509.79 1474.72 6711.05 3621.93 3089.12 2746.27 1183.83
internal_count=6600 3592 3550 703 2847 682 571 3008 2668 240 138 102 2428 1606 131 100 1475 598 130 468 382 877 220 138 162 822 554 268 227 85
cat_boundaries=0 1 2
cat_threshold=33 92
is_linear=0
shrinkage=0.05


Tree=202
num_leaves=31
num_cat=2
split_feature=6 0 9 0 3 8 8 8 4 0 3 2 3 6 3 2 4 8 6 9 8 2 6 1 6 6 8 6 3 3
split_gain=1.86207 2.17726 1.54874 1.93845 1.69449 2.37726 2.71775 1.98556 1.93403 1.85205 1.62182 1.52587 1.50617 2.55786 2.72118 3.43512 2.62855 2.08636 1.55287 1.48151 2.00622 1.49484 2.37202 1.49114 2.00749 2.291 2.42005 1.8042 1.5794 1.51268
threshold=-1.0000000180025095e-35 11.500000000000002 0 7.5000000000000009 0.97590007294853398 0.29612947281771734 0.21711361408645521 0.43145210309338916 2.5000000000000004 8.5000000000000018 2.8702082220799334 1.0714285714285716 3.6482205472324205 -0.25881904510252113 2.3953857604565458 5.6428571428571432 1.5000000000000002 0.29612947281771734 -0.37940952255126059 1 0.046299006310413914 10.642857142857144 -0.98296291314453399 2.5000000000000004 -0.91597561503675329 -0.5 0.11617398296320354 -0.70710678118654735 3.2586880211286928 2.5541579094840166
decision_type=2 2 1 2 2 2 2 2 2 2 2 2 2 2 2 2 2 2 2 1 2 2 2 2 2 2 2 2 2 2
left_child=12 2 4 -4 5 6 -2 9 -7 10 -6 -10 13 19 15 -15 -16 -17 -14 20 -1 22 -22 24 -21 26 -26 28 -25 -29
right_child=1 -3 3 -5 7 8 -8 -9 11 -11 -12 -13 18 14 16 17 -18 -19 -20 23 21 -23 -24 27 25 -27 -28 29 -30 -31
leaf_value=-0.0025759035214949302 -0.0013836719381441645 -0.0057430576297632695 -0.00074659600917598157 -0.0048670667893571168 0.0018818007446899454 -0.0024101344661494098 -0.01019788731987863 -0.0019441695422481823 0.00043121177570785562 -0.0023903758687854396 0.0063357954615225563 0.0098809965581052039 -0.00021554925481887793 0.0039437960508319622 0.0061056472918943235 0.00046759323554987505 0.0017026087849748189 -0.0037299099568629869 -0.0023569131249376839 0.0039409174446125095 0.0031768839520061307 -0.00062621560020719369 0.00058768348928977035 -0.0003967063933973894 0.0031159853023874969 0.0027239058626505105 -0.0020244473242109931 -0.0010653880992634028 0.0024976544385392984 -0.0039779323900704369
leaf_weight=523.51641035079956 283.63539183139801 204.33603668212891 6735.1338257193565 298.06336116790771 1147.4645055532455 156.11666798591614 126.44058585166931 393.2690589427948 83.133821606636047 207.2295036315918 248.67591667175293 87.870268106460571 4899.70716381073 458.76244974136353 501.05200862884521 788.63547325134277 1047.7963228225708 473.94812917709351 1023.4798760414124 418.83641004562378 965.85931587219238 2167.0822811126709 10508.735865116119 5891.7283828258514 288.06326150894165 598.84214210510254 1115.9922482967377 1872.5900661945343 512.31533908843994 585.09449005126953
leaf_count=39 120 13 2832 30 296 64 51 84 36 13 17 36 273 46 32 56 70 36 67 55 64 96 915 554 50 99 197 256 40 63
internal_value=-3.29072e-05 -0.000634994 -0.000528129 -0.000919912 0.000481395 -0.00156546 -0.0041014 0.00123954 0.00161357 0.00202043 0.00267513 0.00528697 0.000140398 0.000290125 0.00160647 0.000238326 0.00312699 -0.00110806 -0.00058556 0.000120972 0.000461274 0.000578167 0.000805626 -0.000306379 0.000792871 0.000134567 -0.00096981 -0.000607128 -0.000165161 -0.00175877
internal_weight=44613.4 9971.37 9767.03 7033.2 2733.84 737.197 410.076 1996.64 327.121 1603.37 1396.14 171.004 34642 28718.9 3270.19 1721.35 1548.85 1262.58 5923.19 25448.7 14165.2 13641.7 11474.6 11283.5 2421.73 2002.9 1404.06 8861.73 6404.04 2457.68
internal_count=6600 3592 3579 2862 717 307 171 410 136 326 313 72 3008 2668 240 138 102 92 340 2428 1114 1075 979 1314 401 346 247 913 594 319
cat_boundaries=0 1 2
cat_threshold=33 419
is_linear=0
shrinkage=0.05


Tree=203
num_leaves=31
num_cat=0
split_feature=6 0 3 6 3 2 4 8 7 2 4 6 6 1 3 6 8 8 1 3 3 4 3 8 8 3 3 3 1 6
split_gain=1.77186 2.0851 1.43244 2.42713 2.57475 3.25647 2.47193 1.99289 1.98732 2.69224 4.37121 1.72332 1.67263 1.77972 2.3371 1.51321 2.83971 2.71566 2.81044 2.33784 4.75262 2.27816 1.74223 1.50236 1.7991 1.66121 2.11151 2.08489 1.62837 1.48148
threshold=-1.0000000180025095e-35 11.500000000000002 3.6482205472324205 -0.25881904510252113 2.3953857604565458 5.6428571428571432 1.5000000000000002 0.29612947281771734 -0.37940952255126015 2.9285714285714293 4.5000000000000009 -0.60355339059327362 -0.60355339059327362 2.5000000000000004 2.3042346054814726 -0.5 0.50141566553635952 0.29778539724004321 8.5000000000000018 1.2535663410560189 1.1126972805283757 1.5000000000000002 2.5541579094840166 0.12407412323927694 0.18051317204359715 1.9518001458970662 2.3042346054814726 1.7320508075688779 3.5000000000000004 -0.37940952255126059
decision_type=2 2 2 2 2 2 2 2 2 2 2 2 2 2 2 2 2 2 2 2 2 2 2 2 2 2 2 2 2 2
left_child=2 -2 3 8 5 -5 -6 -7 15 10 11 -10 13 14 -11 16 19 18 -17 20 -1 -19 -23 -21 -25 27 -27 28 -26 -4
right_child=1 -3 29 4 6 7 -8 -9 9 12 -12 -13 -14 -15 -16 17 -18 21 -20 23 -22 22 -24 24 25 26 -28 -29 -30 -31
leaf_value=-0.00084167677459501093 -0.00051535096339041955 -0.0056331289800554962 -0.00021024323855468429 0.0038305444405103209 0.0059173451440869022 0.00045576733451184687 0.0016574738333723481 -0.0036510643649479745 0.0044306660885194034 0.0063188271823931804 0.0090790471544100956 -0.0014244234495478635 -0.0007141442581678236 0.00036208301119333318 0.00074940846095963203 0.00012183068857130627 -0.0046333724804181525 0.0045156694552359981 -0.0044004070966735592 -0.0034530745265341856 0.0096727650973134471 0.0022051638696448952 -0.0022946470771114565 0.0020980890781841783 -0.0044619117969900727 -0.0056771244172537033 -0.00052650729153355972 0.0043330853545296075 0.001488722980128911 -0.0023038853310039832
leaf_weight=350.18109726905823 9761.9000229239464 203.16588878631592 4898.6511397361755 460.57528448104858 504.12060737609863 789.00432300567627 1049.5818314552307 472.18363809585571 203.34976243972778 295.36319160461426 228.55752754211426 328.9917573928833 3545.4933061599731 13623.724981784821 519.96441173553467 1226.3990325927734 547.14095330238342 504.34598636627197 477.26602840423584 631.54376578330994 155.06333923339844 508.61070775985718 372.75981044769287 456.78457069396973 238.12617611885071 388.9904637336731 407.3611752986908 219.46104788780212 222.28142833709717 1021.0704598426819
leaf_count=68 3579 13 273 46 32 56 70 36 30 36 31 70 389 989 61 121 85 41 30 95 29 45 31 65 45 55 49 31 32 67
internal_value=-3.2133e-05 -0.000619691 0.000136859 0.000282801 0.00156393 0.000232252 0.00303965 -0.00108181 0.000117929 0.000382193 0.00329536 0.000812169 0.000258941 0.000497881 0.002767 -0.000620741 -0.00131487 0.000191924 -0.00114503 -0.000723406 0.00238528 0.00183564 0.00030205 -0.00133585 -0.000644122 -0.00149264 -0.00304241 0.000322652 -0.00158899 -0.000571368
internal_weight=44612 9965.07 34646.9 28727.2 3275.47 1721.76 1553.7 1261.19 25451.8 18745.4 760.899 532.342 17984.5 14439.1 815.328 6706.32 3616.93 3089.38 1703.67 3069.79 505.244 1385.72 881.371 2564.55 1933 1476.22 796.352 679.869 460.408 5919.72
internal_count=6600 3592 3008 2668 240 138 102 92 2428 1606 131 100 1475 1086 97 822 554 268 151 469 97 117 76 372 277 212 104 108 77 340
is_linear=0
shrinkage=0.05


Tree=204
num_leaves=31
num_cat=2
split_feature=6 0 9 0 3 8 8 8 4 0 3 2 2 6 4 4 1 8 3 4 3 6 3 2 4 8 9 8 2 6
split_gain=1.68562 1.99662 1.47466 1.85669 1.61229 2.27106 2.62739 1.88661 1.83161 1.75804 1.52602 1.42891 1.3995 1.67709 1.59639 4.44409 2.32566 2.0024 2.4717 1.56404 1.36222 2.30334 2.43654 3.0874 2.3254 1.90344 1.45213 1.89798 1.4241 2.22176
threshold=-1.0000000180025095e-35 11.500000000000002 0 7.5000000000000009 0.97590007294853398 0.29612947281771734 0.21711361408645521 0.43145210309338916 2.5000000000000004 8.5000000000000018 2.8702082220799334 1.0714285714285716 6.0714285714285721 0.12940952255126045 1.5000000000000002 2.5000000000000004 4.5000000000000009 0.36337846166411325 2.2038661803717079 4.5000000000000009 3.6482205472324205 -0.25881904510252113 2.3953857604565458 5.6428571428571432 1.5000000000000002 0.29612947281771734 1 0.046299006310413914 10.642857142857144 -0.98296291314453399
decision_type=2 2 1 2 2 2 2 2 2 2 2 2 2 2 2 2 2 2 2 2 2 2 2 2 2 2 1 2 2 2
left_child=20 2 4 12 5 6 -2 9 -7 10 -6 -10 13 14 16 -16 -4 18 19 -17 21 26 23 -23 -24 -25 27 -1 29 -29
right_child=1 -3 3 -5 7 8 -8 -9 11 -11 -12 -13 -14 -15 15 17 -18 -19 -20 -21 -22 22 24 25 -26 -27 -28 28 -30 -31
leaf_value=-0.0025071191608540795 -0.0013391058973215436 -0.0055246895519095555 0.0054156703763553714 -0.0047593322106453811 0.0018453263215915028 -0.0023444516912745007 -0.010040295249284854 -0.0018878139219962132 0.00043333707136166343 -0.0023250797085029784 0.0061549277835531652 0.0095574300113340244 -0.004245495538731831 -0.0011167527480304576 -0.0065195054291522329 0.0032498840664508194 -0.00029649726318357346 -0.002023071825356135 0.0069329499117655978 -0.0023679295198512432 -0.00055751112770935037 0.0037209718114558999 0.0057359440334910916 0.00044424589125461938 0.0016136091683816715 -0.0035736000302979982 -0.00030817271648219497 0.0030775813797048845 -0.00061081935003174206 0.00057585145129005085
leaf_weight=521.90322494506836 283.09727168083191 202.02464389801025 352.12506985664368 296.46336936950684 1149.0335304737091 155.66061854362488 125.09322810173035 392.30299592018127 83.126827836036682 206.62823104858398 250.12754154205322 88.697095632553101 269.62991333007812 4415.3904087543488 243.03978097438812 258.19870436191559 360.74201059341431 370.5133889913559 218.81345319747925 238.18708395957947 5916.3420820236206 462.34292221069336 507.11251163482666 789.36400985717773 1051.3229284286499 470.46281051635742 11284.288493394852 969.2961893081665 2165.7046298980713 10513.630129337311
leaf_count=39 120 13 97 30 296 64 51 84 36 13 17 36 22 2418 52 55 34 74 23 57 340 46 32 56 70 36 1314 64 96 915
internal_value=-3.13834e-05 -0.00060469 -0.000502818 -0.000885596 0.000482026 -0.00151734 -0.00400565 0.00122058 0.0015842 0.00197998 0.00261575 0.00514328 -0.000716186 -0.00056881 0.000616221 -0.000407861 0.00252506 0.000960248 0.00250577 0.000554217 0.000133385 0.000275633 0.00152258 0.000226337 0.00295501 -0.00105616 0.000114927 0.000451749 0.000565223 0.000787027
internal_weight=44610.7 9958.9 9756.87 7023.1 2733.77 735.675 408.19 1998.09 327.485 1605.79 1399.16 171.824 6726.64 6457.01 2041.62 1328.75 712.867 1085.71 715.199 496.386 34651.8 28735.4 3280.61 1722.17 1558.44 1259.83 25454.8 14170.5 13648.6 11482.9
internal_count=6600 3592 3579 2862 717 307 171 410 136 326 313 72 2832 2810 392 261 131 209 135 112 3008 2668 240 138 102 92 2428 1114 1075 979
cat_boundaries=0 1 2
cat_threshold=33 419
is_linear=0
shrinkage=0.05


Tree=205
num_leaves=31
num_cat=3
split_feature=9 0 1 3 4 8 8 8 1 9 3 8 8 4 0 8 1 8 2 8 0 2 8 3 7 1 3 3 8 9
split_gain=2.5617 1.45778 3.01297 2.32308 1.88755 2.31561 2.80924 3.48539 1.77004 2.06867 2.37433 3.49321 3.27782 1.88581 1.76359 1.56669 1.54754 2.99426 2.38215 2.2095 2.38197 4.99393 3.0772 2.66945 1.87899 1.67048 2.83944 2.90354 2.38623 1.95879
threshold=0 6.5000000000000009 2.5000000000000004 3.5989416433697499 1.5000000000000002 0.31138311413112374 0.22778604954446521 0.15725125208412136 1.0000000180025095e-35 1 0.75592894601845539 0.2944248289310793 0.16032840024074838 1.0000000180025095e-35 8.5000000000000018 0.19189064008869036 5.5000000000000009 0.49025286837766885 6.2142857142857153 0.18382851788433854 1.0000000180025095e-35 1.7857142857142858 0.075118102705988996 0.96354490207993748 -0.98296291314453399 3.5000000000000004 1.7320508075688779 2.6276913640612212 0.35557861696539855 2
decision_type=1 2 2 2 2 2 2 2 2 1 2 2 2 2 2 2 2 2 2 2 2 2 2 2 2 2 2 2 2 1
left_child=-1 8 -3 4 14 6 7 -6 9 10 11 15 -12 -11 -4 -2 18 -18 19 20 23 22 -22 -10 -23 26 29 28 -28 -21
right_child=1 2 3 -5 5 -7 -8 -9 16 13 12 -13 -14 -15 -16 -17 17 -19 -20 25 21 24 -24 -25 -26 -27 27 -29 -30 -31
leaf_value=0.0003679065572662976 -0.0014628012547119394 -0.0051344523170988978 -0.00052156609561033649 -0.0037421816448683707 0.00041312108886982374 -0.0026574427937766064 0.0025604527853277672 -0.0044410290026733199 0.009483243429418052 0.002524698076770299 -0.0041006590423675734 -0.00961087006798024 0.0081094230207365888 -0.0037038930308286979 0.0028287157464341362 0.0095655113804814351 -0.0012080594256403392 0.0023534918990793866 0.0035306775887815321 -0.002914056974380466 -0.013999900591979784 0.0051519742290113326 -0.0024188275506669332 0.00090271298438993671 0.0010139085253037681 -0.0015435430183407392 0.0011984225272770473 -0.0016878770944714111 0.0058312692904562442 0.00024854635528762282
leaf_weight=21805.872767806053 87.732572913169861 418.89202213287354 847.46811819076538 583.29545021057129 1111.2261581420898 1380.1301264762878 706.46948862075806 554.24117565155029 176.32053911685944 138.91953945159912 79.600141644477844 101.85042452812195 177.60270166397095 970.39710557460785 732.15756273269653 50.879818677902222 4085.3121891021729 689.77550363540649 574.75433540344238 781.60976016521454 73.873217105865479 313.52939987182617 256.57687211036682 186.53832149505615 2194.00297498703 2009.8152769804001 649.30854225158691 419.16240906715393 485.96674251556396 1285.8982720971107
leaf_count=2616 64 50 71 41 81 107 55 45 114 83 46 77 103 595 53 37 368 57 43 282 42 33 133 59 307 248 93 53 66 513
internal_value=-1.66005e-05 -0.000395578 -0.00103658 -0.000746376 -0.000418631 -0.00102905 -8.15571e-05 -0.00120226 -0.000138692 -0.0017114 0.000971756 -0.0025805 0.0043306 -0.00289777 0.00103129 0.00258531 3.95086e-05 -0.000693583 0.000411619 0.000208656 0.00125763 0.000769906 -0.00500781 0.00507217 0.00153131 -0.000387532 0.000253938 0.00186849 0.00318156 -0.00095995
internal_weight=43929.2 22123.3 6333.88 5914.99 5331.69 3752.07 2371.94 1665.47 15789.4 1606.98 497.666 240.463 257.203 1109.32 1579.63 138.612 14182.4 4775.09 9407.36 8832.6 3200.84 2837.98 330.45 362.859 2507.53 5631.76 3621.95 1554.44 1135.28 2067.51
internal_count=6535 3919 503 453 412 288 181 126 3416 1005 327 178 149 678 124 101 2411 425 1986 1943 688 515 175 173 340 1255 1007 212 159 795
cat_boundaries=0 1 2 3
cat_threshold=417 68 68
is_linear=0
shrinkage=0.05


Tree=206
num_leaves=31
num_cat=2
split_feature=9 0 1 3 4 8 8 8 6 1 8 8 2 0 0 3 1 7 8 8 3 9 4 7 1 8 8 6 1 7
split_gain=2.43705 1.38832 2.88541 2.22016 1.79579 2.21037 2.66807 3.33218 1.70521 2.16001 2.32643 1.98905 2.03251 1.67141 1.59893 2.55735 2.77776 1.88083 2.39269 2.76302 2.666 1.87369 5.74497 2.70528 1.91358 1.7488 1.53962 1.48725 1.48514 4.31359
threshold=0 6.5000000000000009 2.5000000000000004 3.5989416433697499 1.5000000000000002 0.31138311413112374 0.22778604954446521 0.15725125208412136 0.12940952255126045 5.5000000000000009 0.49025286837766885 0.080099934150200183 6.2142857142857153 8.5000000000000018 1.0000000180025095e-35 1.1547005383792521 1.0000000180025095e-35 0.37940952255126048 0.23134914452951175 0.32367821786423551 0.69006555934235525 1 1.5000000000000002 0.25881904510252057 1.5000000000000002 0.27394533849557229 0.084050720700235768 0.78656609248549325 3.5000000000000004 -0.78656609248549325
decision_type=1 2 2 2 2 2 2 2 2 2 2 2 2 2 2 2 2 2 2 2 2 1 2 2 2 2 2 2 2 2
left_child=-1 8 -3 4 13 6 7 26 9 11 -11 -2 28 -4 15 16 17 -10 -19 -20 -21 22 -18 24 -23 -24 -6 -25 29 -13
right_child=1 2 3 -5 5 -7 -8 -9 14 10 -12 12 -14 -15 -16 -17 21 18 19 20 -22 23 25 27 -26 -27 -28 -29 -30 -31
leaf_value=0.00035864230418705911 0.0032627120299114389 -0.0050330701663941569 -0.00050888466198556318 -0.0036631220366133764 -0.0020120988813534134 -0.002598444068614618 0.0024904124178839688 -0.0043502828424926004 -0.0037254601218311418 -0.0011714198833844905 0.0019973396750156513 0.0039546090984027187 0.0034001410944342089 0.0027505897523163914 -0.0020260850744178252 -0.0053365833887033002 0.012136526551030848 -0.0037308014432038601 0.017550375660845254 -0.0061887945427012703 0.011242452655935965 0.0070373186739971401 -0.0013185437732982103 0.0051778283648736189 0.018563361072196857 -0.013178571071814728 0.0018365043348812608 -0.0044506023300473277 -0.00077678978585126335 -7.6287169702901495e-05
leaf_weight=21813.896753668785 662.1107462644577 416.74675512313843 847.02621936798096 581.11673355102539 414.16186141967773 1376.4673719406128 708.28068733215332 551.78523635864258 331.69373762607574 4026.1485624313354 676.56716918945312 837.2743616104126 522.50478839874268 734.23156356811523 2012.8771372437477 176.98949998617172 60.867085337638855 97.163472056388855 40.113600850105286 48.282043099403381 40.197697520256042 131.79950559139252 70.180746912956238 101.6426328420639 49.547588706016541 55.790665745735168 697.52346611022949 66.245759248733521 2577.6972579956055 3201.6349667310715
leaf_count=2616 99 50 71 41 30 107 55 45 249 360 55 98 39 53 957 92 41 69 30 41 29 85 48 69 29 41 51 48 299 638
internal_value=-1.62538e-05 -0.000386039 -0.00101199 -0.000728469 -0.00040848 -0.00100461 -7.96207e-05 -0.0011739 -0.000135411 0.000130872 -0.000715539 0.000641103 0.000397964 0.0010046 -0.00114948 0.000239328 0.0011418 -0.00132942 0.00219096 0.00666537 0.00173049 0.00371157 -0.000452466 0.00578656 0.0101865 -0.00657115 0.000402695 0.00137862 0.000160886 0.000759326
internal_weight=43928.6 22114.7 6327.34 5910.59 5329.48 3748.22 2371.75 1663.47 15787.3 12503.9 4702.72 7801.22 7139.11 1581.26 3283.39 1270.51 1093.52 557.451 225.757 128.593 88.4797 536.074 186.838 349.235 181.347 125.971 1111.69 167.888 6616.61 4038.91
internal_count=6535 3919 503 453 412 288 181 126 3416 1588 415 1173 1074 124 1828 871 779 418 169 100 70 361 130 231 114 89 81 117 1035 736
cat_boundaries=0 1 2
cat_threshold=417 68
is_linear=0
shrinkage=0.05


Tree=207
num_leaves=31
num_cat=0
split_feature=6 3 0 3 6 3 4 3 0 2 8 7 4 6 4 6 3 8 1 1 3 8 3 8 3 3 4 1 8 8
split_gain=1.8217 2.55536 2.85253 1.56717 1.34865 2.53413 1.72628 1.71025 2.16503 1.5048 1.72399 1.47755 3.45983 3.14496 1.88062 3.8091 1.9346 2.05622 1.9125 1.57411 1.53474 1.69836 1.95762 2.5682 1.51097 2.08058 1.46457 1.76067 1.66482 3.34396
threshold=-1.0000000180025095e-35 4.3094580368566744 8.5000000000000018 2.9113897843110057 -0.25881904510252113 3.6482205472324205 3.5000000000000004 4.8941169737125181 16.500000000000004 2.3571428571428572 0.16364832090657863 0.1294095225512602 4.5000000000000009 -0.70710678118654735 4.5000000000000009 -0.78656609248549303 1.8898223650461372 0.25693388058582795 4.5000000000000009 4.5000000000000009 2.0470322187799894 0.32940676372845168 3.1997023671109224 0.12884021846175253 2.1766547773222116 3.2513733362117274 1.5000000000000002 3.5000000000000004 0.41704724549973154 0.20349355764208901
decision_type=2 2 2 2 2 2 2 2 2 2 2 2 2 2 2 2 2 2 2 2 2 2 2 2 2 2 2 2 2 2
left_child=4 2 3 -2 7 6 -6 8 9 10 -1 12 -11 24 15 16 17 -13 26 -16 -21 22 23 -22 -14 -26 27 -17 29 -28
right_child=1 -3 -4 -5 5 -7 -8 -9 -10 11 -12 14 13 -15 19 18 -18 -19 -20 20 21 -23 -24 -25 25 -27 28 -29 -30 -31
leaf_value=0.0052569095270884421 -0.00066533428486270716 0.0077513187356172955 -0.0045386946560706069 0.0020068107780461344 0.0023954609952171447 -0.0020664782056469414 -5.3574860464660935e-05 0.0025439600260117184 -0.0038991993004181672 -4.4673035902419469e-05 0.0006587956077205656 0.00062574137787081751 -0.0014151739072746821 -0.00010789213640509518 0.0032237641891511171 3.8400446428285572e-05 0.00041542927052918817 0.005542107198634464 -0.0019803000651757211 -0.0014990172925637114 0.0045858709451450982 0.0029572618912988178 -0.0014623609595844508 0.00015289690793820909 -0.0069438354642951897 -0.0017486834497419683 -0.0035392509981211858 0.00455140179691406 -0.0045687323154489359 0.0020804606044385627
leaf_weight=280.85989880561829 8835.4829767346382 90.54472541809082 458.34098196029663 585.03337574005127 2165.3110284805298 557.92817306518555 1077.669264793396 670.36309432983398 353.55837440490723 9816.5827560424805 743.48535823822021 443.92053031921387 416.41590452194214 987.00019812583923 748.58225774765015 733.88472509384155 5329.8327741622925 408.27921390533447 2726.6005153656006 649.37158727645874 472.5458345413208 941.10357570648193 858.05119132995605 1058.7554359436035 542.34089088439941 298.9526047706604 450.9156231880188 306.32388114929199 278.86729168891907 641.03217077255249
leaf_count=56 3496 6 35 46 147 30 85 35 16 883 155 31 66 117 67 107 325 29 237 50 29 57 51 69 74 25 60 33 36 82
internal_value=-1.58982e-05 -0.00061016 -0.000686797 -0.000499389 0.000158562 0.00104613 0.00158163 4.66984e-05 -1.00743e-05 3.7123e-05 0.00191953 -3.14745e-05 -0.000449622 -0.00222055 0.000282794 -6.70302e-05 0.000769112 0.00298112 -0.00107315 0.00112026 0.000724605 0.00115817 0.00044955 0.00152087 -0.00387848 -0.00509774 -4.72608e-05 0.0013674 -0.00112074 -0.000240178
internal_weight=43927.9 9969.4 9878.86 9420.52 33958.5 3800.91 3242.98 30157.6 29487.3 29133.7 1024.35 28109.4 12061.3 2244.71 16048.1 11319.7 6182.03 852.2 5137.62 4728.41 3979.83 3330.46 2389.35 1531.3 1257.71 841.293 2411.02 1040.21 1370.82 1091.95
internal_count=6535 3583 3577 3542 2952 262 232 2690 2655 2639 211 2428 1165 282 1263 940 385 60 555 323 256 206 149 98 165 99 318 140 178 142
is_linear=0
shrinkage=0.05


end of trees

feature_importances:
rain_forecast_prob=866
rolling_7day_mean=845
hour_cos=794
hour_sin=766
day_of_week=757
rolling_7day_std=745
restaurant_zone=678
lag_7day=424
lag_1day=331
is_weekend=34

parameters:
[boosting: gbdt]
[objective: poisson]
[metric: l1]
[tree_learner: serial]
[device_type: cpu]
[data_sample_strategy: bagging]
[data: ]
[valid: ]
[num_iterations: 1000]
[learning_rate: 0.05]
[num_leaves: 31]
[num_threads: 0]
[seed: 42]
[deterministic: 0]
[force_col_wise: 0]
[force_row_wise: 0]
[histogram_pool_size: -1]
[max_depth: -1]
[min_data_in_leaf: 30]
[min_sum_hessian_in_leaf: 0.001]
[bagging_fraction: 0.85]
[pos_bagging_fraction: 1]
[neg_bagging_fraction: 1]
[bagging_freq: 5]
[bagging_seed: 400]
[bagging_by_query: 0]
[feature_fraction: 0.85]
[feature_fraction_bynode: 1]
[feature_fraction_seed: 30056]
[extra_trees: 0]
[extra_seed: 12879]
[early_stopping_round: 0]
[early_stopping_min_delta: 0]
[first_metric_only: 0]
[max_delta_step: 0]
[lambda_l1: 0]
[lambda_l2: 0]
[linear_lambda: 0]
[min_gain_to_split: 0]
[drop_rate: 0.1]
[max_drop: 50]
[skip_drop: 0.5]
[xgboost_dart_mode: 0]
[uniform_drop: 0]
[drop_seed: 17869]
[top_rate: 0.2]
[other_rate: 0.1]
[min_data_per_group: 100]
[max_cat_threshold: 32]
[cat_l2: 10]
[cat_smooth: 10]
[max_cat_to_onehot: 4]
[top_k: 20]
[monotone_constraints: ]
[monotone_constraints_method: basic]
[monotone_penalty: 0]
[feature_contri: ]
[forcedsplits_filename: ]
[refit_decay_rate: 0.9]
[cegb_tradeoff: 1]
[cegb_penalty_split: 0]
[cegb_penalty_feature_lazy: ]
[cegb_penalty_feature_coupled: ]
[path_smooth: 0]
[interaction_constraints: ]
[verbosity: -1]
[saved_feature_importance_type: 0]
[use_quantized_grad: 0]
[num_grad_quant_bins: 4]
[quant_train_renew_leaf: 0]
[stochastic_rounding: 1]
[linear_tree: 0]
[max_bin: 255]
[max_bin_by_feature: ]
[min_data_in_bin: 3]
[bin_construct_sample_cnt: 200000]
[data_random_seed: 175]
[is_enable_sparse: 1]
[enable_bundle: 1]
[use_missing: 1]
[zero_as_missing: 0]
[feature_pre_filter: 1]
[pre_partition: 0]
[two_round: 0]
[header: 0]
[label_column: ]
[weight_column: ]
[group_column: ]
[ignore_column: ]
[categorical_feature: 9]
[forcedbins_filename: ]
[precise_float_parser: 0]
[parser_config_file: ]
[objective_seed: 16083]
[num_class: 1]
[is_unbalance: 0]
[scale_pos_weight: 1]
[sigmoid: 1]
[boost_from_average: 1]
[reg_sqrt: 0]
[alpha: 0.9]
[fair_c: 1]
[poisson_max_delta_step: 0.7]
[tweedie_variance_power: 1.5]
[lambdarank_truncation_level: 30]
[lambdarank_norm: 1]
[label_gain: ]
[lambdarank_position_bias_regularization: 0]
[eval_at: ]
[multi_error_top_k: 1]
[auc_mu_weights: ]
[num_machines: 1]
[local_listen_port: 12400]
[time_out: 120]
[machine_list_filename: ]
[machines: ]
[gpu_platform_id: -1]
[gpu_device_id: -1]
[gpu_device_id_list: ]
[gpu_use_dp: 0]
[num_gpu: 1]

end of parameters

pandas_categorical:[["Ajah", "Apapa", "Gbagada", "Ikeja", "Ikoyi", "Lekki", "Ojota", "Surulere", "Victoria Island", "Yaba"]]
